model_key,category,question,composed_question,expected_answer,predicted_answer,retrieved_sources,generation_time_s,curso,codigo,error
deepseek-r1-14b-4bit,binary,¿Es la asistencia obligatoria?,"En el curso Análisis de Datos en Ciberseguridad de la Maestría en Ciberseguridad, ¿Es la asistencia obligatoria?

Responde únicamente con 'Sí' o 'No'.",Sí,Sí,MC1006-Políticas y Gobernanza en Ciberseguridad.txt;MC1006-Políticas y Gobernanza en Ciberseguridad.txt;MC1003-Seguridad y Criptografía.txt;MC3001-Seguridad de Software Avanzado.txt;MC1001-Análisis de datos en ciberseguridad.txt,3.43,Análisis de Datos en Ciberseguridad,MC1001,
deepseek-r1-14b-4bit,binary,¿Tiene el curso requisitos previos?,"En el curso Análisis de Datos en Ciberseguridad de la Maestría en Ciberseguridad, ¿Tiene el curso requisitos previos?

Responde únicamente con 'Sí' o 'No'.",No,No,MC1006-Políticas y Gobernanza en Ciberseguridad.txt;MC3001-Seguridad de Software Avanzado.txt;MC1003-Seguridad y Criptografía.txt;MC1001-Análisis de datos en ciberseguridad.txt;MC3010-Cibercrimen.txt,0.96,Análisis de Datos en Ciberseguridad,MC1001,
deepseek-r1-14b-4bit,binary,¿Es un curso electivo?,"En el curso Análisis de Datos en Ciberseguridad de la Maestría en Ciberseguridad, ¿Es un curso electivo?

Responde únicamente con 'Sí' o 'No'.",No,"No.

**Paso a paso:**

1. **Identificar el curso en cuestión:** Análisis de Datos en Ciberseguridad, código MC1001.
2. **Revisar la sección ""Electivo o no"" en su documento:** En el documento de MC1001, se menciona que el curso es ""No"" en la sección ""Electivo o no"".
3. **Concluir basado en la información proporcionada:** Por lo tanto, el curso no es electivo.

Respuesta: No.",MC1006-Políticas y Gobernanza en Ciberseguridad.txt;MC3010-Cibercrimen.txt;MC1001-Análisis de datos en ciberseguridad.txt;MC1003-Seguridad y Criptografía.txt;MC3001-Seguridad de Software Avanzado.txt,5.46,Análisis de Datos en Ciberseguridad,MC1001,
deepseek-r1-14b-4bit,binary,¿Existe la posibilidad de ganar el curso por suficiencia?,"En el curso Análisis de Datos en Ciberseguridad de la Maestría en Ciberseguridad, ¿Existe la posibilidad de ganar el curso por suficiencia?

Responde únicamente con 'Sí' o 'No'.",Sí,Sí,MC1003-Seguridad y Criptografía.txt;MC3010-Cibercrimen.txt;MC1006-Políticas y Gobernanza en Ciberseguridad.txt;MC3001-Seguridad de Software Avanzado.txt;MC1001-Análisis de datos en ciberseguridad.txt,0.96,Análisis de Datos en Ciberseguridad,MC1001,
deepseek-r1-14b-4bit,binary,¿Es posible el reconocimiento del curso?,"En el curso Análisis de Datos en Ciberseguridad de la Maestría en Ciberseguridad, ¿Es posible el reconocimiento del curso?

Responde únicamente con 'Sí' o 'No'.",Sí,No,MC1003-Seguridad y Criptografía.txt;MC1001-Análisis de datos en ciberseguridad.txt;MC1001-Análisis de datos en ciberseguridad.txt;MC3010-Cibercrimen.txt;MC1006-Políticas y Gobernanza en Ciberseguridad.txt,0.93,Análisis de Datos en Ciberseguridad,MC1001,
deepseek-r1-14b-4bit,binary,¿Los laboratorios representan el 75% de la nota final?,"En el curso Análisis de Datos en Ciberseguridad de la Maestría en Ciberseguridad, ¿Los laboratorios representan el 75% de la nota final?

Responde únicamente con 'Sí' o 'No'.",Sí,"No.

**Paso a paso:**

1. **Revisar el contexto proporcionado para el curso MC1001-Análisis de datos en ciberseguridad.**
2. **Buscar la sección de evaluación para determinar cómo se compone la nota final.**
3. **Encontrar que los componentes de evaluación mencionados son: tareas (50%), laboratorios (no se menciona un porcentaje específico) y un examen final.**
4. **No hay información suficiente para confirmar que los laboratorios representen el 75% de la nota final.**
5. **Por lo tanto, la respuesta es 'No' debido a la falta de información específica.**
</think>

No.",MC1003-Seguridad y Criptografía.txt;MC3010-Cibercrimen.txt;MC1006-Políticas y Gobernanza en Ciberseguridad.txt;MC3001-Seguridad de Software Avanzado.txt;MC1001-Análisis de datos en ciberseguridad.txt,4.89,Análisis de Datos en Ciberseguridad,MC1001,
deepseek-r1-14b-4bit,binary,¿Es la asistencia obligatoria?,"En el curso Seguridad y Criptografía de la Maestría en Ciberseguridad, ¿Es la asistencia obligatoria?

Responde únicamente con 'Sí' o 'No'.",Sí,Sí,MC1006-Políticas y Gobernanza en Ciberseguridad.txt;MC1006-Políticas y Gobernanza en Ciberseguridad.txt;MC1003-Seguridad y Criptografía.txt;MC3001-Seguridad de Software Avanzado.txt;MC3010-Cibercrimen.txt,0.99,Seguridad y Criptografía,MC1003,
deepseek-r1-14b-4bit,binary,¿Es este un curso electivo?,"En el curso Seguridad y Criptografía de la Maestría en Ciberseguridad, ¿Es este un curso electivo?

Responde únicamente con 'Sí' o 'No'.",No,"No.

Respuesta: No.",MC1006-Políticas y Gobernanza en Ciberseguridad.txt;MC1006-Políticas y Gobernanza en Ciberseguridad.txt;MC1003-Seguridad y Criptografía.txt;MC3001-Seguridad de Software Avanzado.txt;MC3010-Cibercrimen.txt,1.1,Seguridad y Criptografía,MC1003,
deepseek-r1-14b-4bit,binary,¿Tiene correquisitos establecidos?,"En el curso Seguridad y Criptografía de la Maestría en Ciberseguridad, ¿Tiene correquisitos establecidos?

Responde únicamente con 'Sí' o 'No'.",No,No,MC1006-Políticas y Gobernanza en Ciberseguridad.txt;MC1006-Políticas y Gobernanza en Ciberseguridad.txt;MC1003-Seguridad y Criptografía.txt;MC3001-Seguridad de Software Avanzado.txt;MC1001-Análisis de datos en ciberseguridad.txt,0.95,Seguridad y Criptografía,MC1003,
deepseek-r1-14b-4bit,binary,"¿Es este curso requisito para ""Blockchain y Ledger Distribuidos""?","En el curso Seguridad y Criptografía de la Maestría en Ciberseguridad, ¿Es este curso requisito para ""Blockchain y Ledger Distribuidos""?

Responde únicamente con 'Sí' o 'No'.",Sí,Sí,MC1006-Políticas y Gobernanza en Ciberseguridad.txt;MC1006-Políticas y Gobernanza en Ciberseguridad.txt;MC1003-Seguridad y Criptografía.txt;MC3001-Seguridad de Software Avanzado.txt;MC3010-Cibercrimen.txt,0.97,Seguridad y Criptografía,MC1003,
deepseek-r1-14b-4bit,binary,¿Se permite el reconocimiento del curso?,"En el curso Seguridad y Criptografía de la Maestría en Ciberseguridad, ¿Se permite el reconocimiento del curso?

Responde únicamente con 'Sí' o 'No'.",Sí,Sí,MC1003-Seguridad y Criptografía.txt;MC1006-Políticas y Gobernanza en Ciberseguridad.txt;MC3001-Seguridad de Software Avanzado.txt;MC1006-Políticas y Gobernanza en Ciberseguridad.txt;MC3010-Cibercrimen.txt,0.99,Seguridad y Criptografía,MC1003,
deepseek-r1-14b-4bit,binary,¿El examen final tiene un valor del 30%?,"En el curso Seguridad y Criptografía de la Maestría en Ciberseguridad, ¿El examen final tiene un valor del 30%?

Responde únicamente con 'Sí' o 'No'.",Sí,"No.

**Paso a paso:**

1. **Revisar el contexto proporcionado para el curso de Seguridad y Criptografía.**
2. **Buscar la sección de Evaluación en el documento MC1003-Seguridad y Criptografía.**
3. **Anotar los componentes de evaluación y sus porcentajes.**
   - Tareas: 50%
   - Laboratorios: 30%
   - Examen final: 20%
4. **Comparar con la pregunta si el examen final tiene un valor del 30%.**
5. **Concluir que no, ya que el examen final es 20%.**

Respuesta: No.

**Respuesta final:** No.
</think>

No.

**Respuesta final:** No.",MC1003-Seguridad y Criptografía.txt;MC3001-Seguridad de Software Avanzado.txt;MC3010-Cibercrimen.txt;MC1001-Análisis de datos en ciberseguridad.txt;MC1006-Políticas y Gobernanza en Ciberseguridad.txt,5.21,Seguridad y Criptografía,MC1003,
deepseek-r1-14b-4bit,binary,¿Es el curso de tipo electivo?,"En el curso Políticas y Gobernanza en Ciberseguridad de la Maestría en Ciberseguridad, ¿Es el curso de tipo electivo?

Responde únicamente con 'Sí' o 'No'.",No,"No.

Respuesta: No.",MC1006-Políticas y Gobernanza en Ciberseguridad.txt;MC1006-Políticas y Gobernanza en Ciberseguridad.txt;MC3010-Cibercrimen.txt;MC3001-Seguridad de Software Avanzado.txt;MC1003-Seguridad y Criptografía.txt,1.1,Políticas y Gobernanza en Ciberseguridad,MC1006,
deepseek-r1-14b-4bit,binary,¿Es la asistencia obligatoria?,"En el curso Políticas y Gobernanza en Ciberseguridad de la Maestría en Ciberseguridad, ¿Es la asistencia obligatoria?

Responde únicamente con 'Sí' o 'No'.",Sí,Sí,MC1006-Políticas y Gobernanza en Ciberseguridad.txt;MC1006-Políticas y Gobernanza en Ciberseguridad.txt;MC3010-Cibercrimen.txt;MC3001-Seguridad de Software Avanzado.txt;MC1003-Seguridad y Criptografía.txt,1.01,Políticas y Gobernanza en Ciberseguridad,MC1006,
deepseek-r1-14b-4bit,binary,¿Se permite el reconocimiento de este curso?,"En el curso Políticas y Gobernanza en Ciberseguridad de la Maestría en Ciberseguridad, ¿Se permite el reconocimiento de este curso?

Responde únicamente con 'Sí' o 'No'.",No,No,MC1006-Políticas y Gobernanza en Ciberseguridad.txt;MC1006-Políticas y Gobernanza en Ciberseguridad.txt;MC1003-Seguridad y Criptografía.txt;MC3010-Cibercrimen.txt;MC3001-Seguridad de Software Avanzado.txt,0.99,Políticas y Gobernanza en Ciberseguridad,MC1006,
deepseek-r1-14b-4bit,binary,¿Existe la posibilidad de suficiencia?,"En el curso Políticas y Gobernanza en Ciberseguridad de la Maestría en Ciberseguridad, ¿Existe la posibilidad de suficiencia?

Responde únicamente con 'Sí' o 'No'.",Sí,No,MC1006-Políticas y Gobernanza en Ciberseguridad.txt;MC1006-Políticas y Gobernanza en Ciberseguridad.txt;MC3010-Cibercrimen.txt;MC1003-Seguridad y Criptografía.txt;MC3001-Seguridad de Software Avanzado.txt,1.0,Políticas y Gobernanza en Ciberseguridad,MC1006,
deepseek-r1-14b-4bit,binary,¿Se ubica el curso en el primer trimestre del plan de estudios?,"En el curso Políticas y Gobernanza en Ciberseguridad de la Maestría en Ciberseguridad, ¿Se ubica el curso en el primer trimestre del plan de estudios?

Responde únicamente con 'Sí' o 'No'.",Sí,Sí,MC1006-Políticas y Gobernanza en Ciberseguridad.txt;MC1006-Políticas y Gobernanza en Ciberseguridad.txt;MC3010-Cibercrimen.txt;MC1003-Seguridad y Criptografía.txt;MC3001-Seguridad de Software Avanzado.txt,1.0,Políticas y Gobernanza en Ciberseguridad,MC1006,
deepseek-r1-14b-4bit,binary,¿El estudio de casos vale un 40% de la calificación?,"En el curso Políticas y Gobernanza en Ciberseguridad de la Maestría en Ciberseguridad, ¿El estudio de casos vale un 40% de la calificación?

Responde únicamente con 'Sí' o 'No'.",Sí,Sí,MC1006-Políticas y Gobernanza en Ciberseguridad.txt;MC1006-Políticas y Gobernanza en Ciberseguridad.txt;MC1001-Análisis de datos en ciberseguridad.txt;MC3010-Cibercrimen.txt;MC1003-Seguridad y Criptografía.txt,1.03,Políticas y Gobernanza en Ciberseguridad,MC1006,
deepseek-r1-14b-4bit,binary,¿Es un curso electivo?,"En el curso Seguridad de Software Avanzado de la Maestría en Ciberseguridad, ¿Es un curso electivo?

Responde únicamente con 'Sí' o 'No'.",No,"No.

**Paso a paso:**

1. **Revisar el contexto del curso Seguridad de Software Avanzado.**
2. **Encontrar la sección ""Electivo o no"".**
3. **Observar que se indica ""Electivo o no: No"".**
4. **Concluir que el curso no es electivo.**

Respuesta: No.",MC3001-Seguridad de Software Avanzado.txt;MC1006-Políticas y Gobernanza en Ciberseguridad.txt;MC1006-Políticas y Gobernanza en Ciberseguridad.txt;MC1003-Seguridad y Criptografía.txt;MC3010-Cibercrimen.txt,2.94,Seguridad de Software Avanzado,MC3001,
deepseek-r1-14b-4bit,binary,¿Es obligatoria la asistencia?,"En el curso Seguridad de Software Avanzado de la Maestría en Ciberseguridad, ¿Es obligatoria la asistencia?

Responde únicamente con 'Sí' o 'No'.",Sí,Sí,MC1006-Políticas y Gobernanza en Ciberseguridad.txt;MC1006-Políticas y Gobernanza en Ciberseguridad.txt;MC3001-Seguridad de Software Avanzado.txt;MC1003-Seguridad y Criptografía.txt;MC3010-Cibercrimen.txt,1.01,Seguridad de Software Avanzado,MC3001,
deepseek-r1-14b-4bit,binary,¿Tiene requisitos previos?,"En el curso Seguridad de Software Avanzado de la Maestría en Ciberseguridad, ¿Tiene requisitos previos?

Responde únicamente con 'Sí' o 'No'.",No,No,MC3001-Seguridad de Software Avanzado.txt;MC1006-Políticas y Gobernanza en Ciberseguridad.txt;MC1006-Políticas y Gobernanza en Ciberseguridad.txt;MC1003-Seguridad y Criptografía.txt;MC3001-Seguridad de Software Avanzado.txt,0.96,Seguridad de Software Avanzado,MC3001,
deepseek-r1-14b-4bit,binary,¿Es requisito para el curso de Seguridad en la Nube?,"En el curso Seguridad de Software Avanzado de la Maestría en Ciberseguridad, ¿Es requisito para el curso de Seguridad en la Nube?

Responde únicamente con 'Sí' o 'No'.",Sí,Sí,MC3001-Seguridad de Software Avanzado.txt;MC1006-Políticas y Gobernanza en Ciberseguridad.txt;MC1006-Políticas y Gobernanza en Ciberseguridad.txt;MC1003-Seguridad y Criptografía.txt;MC3010-Cibercrimen.txt,1.02,Seguridad de Software Avanzado,MC3001,
deepseek-r1-14b-4bit,binary,¿Se permite la suficiencia?,"En el curso Seguridad de Software Avanzado de la Maestría en Ciberseguridad, ¿Se permite la suficiencia?

Responde únicamente con 'Sí' o 'No'.",No,No,MC1006-Políticas y Gobernanza en Ciberseguridad.txt;MC3001-Seguridad de Software Avanzado.txt;MC3001-Seguridad de Software Avanzado.txt;MC1006-Políticas y Gobernanza en Ciberseguridad.txt;MC1003-Seguridad y Criptografía.txt,0.91,Seguridad de Software Avanzado,MC3001,
deepseek-r1-14b-4bit,binary,¿El examen final vale el 30% de la nota?,"En el curso Seguridad de Software Avanzado de la Maestría en Ciberseguridad, ¿El examen final vale el 30% de la nota?

Responde únicamente con 'Sí' o 'No'.",Sí,"No.

Respuesta: No.

**Explicación:**
En el contexto proporcionado para el curso ""Seguridad de Software Avanzado"", no se menciona la existencia de un examen final ni su porcentaje en la calificación. Por lo tanto, no se puede confirmar que el examen final valga el 30% de la nota.

Respuesta: No.",MC3001-Seguridad de Software Avanzado.txt;MC1003-Seguridad y Criptografía.txt;MC3010-Cibercrimen.txt;MC1001-Análisis de datos en ciberseguridad.txt;MC1006-Políticas y Gobernanza en Ciberseguridad.txt,2.95,Seguridad de Software Avanzado,MC3001,
deepseek-r1-14b-4bit,binary,¿Es el curso de tipo electivo?,"En el curso Cibercrimen de la Maestría en Ciberseguridad, ¿Es el curso de tipo electivo?

Responde únicamente con 'Sí' o 'No'.",Sí,Sí,MC1006-Políticas y Gobernanza en Ciberseguridad.txt;MC3010-Cibercrimen.txt;MC1006-Políticas y Gobernanza en Ciberseguridad.txt;MC3001-Seguridad de Software Avanzado.txt;MC1003-Seguridad y Criptografía.txt,0.99,Cibercrimen,MC3010,
deepseek-r1-14b-4bit,binary,¿Es obligatoria la asistencia?,"En el curso Cibercrimen de la Maestría en Ciberseguridad, ¿Es obligatoria la asistencia?

Responde únicamente con 'Sí' o 'No'.",Sí,Sí,MC1006-Políticas y Gobernanza en Ciberseguridad.txt;MC1006-Políticas y Gobernanza en Ciberseguridad.txt;MC3010-Cibercrimen.txt;MC3001-Seguridad de Software Avanzado.txt;MC1003-Seguridad y Criptografía.txt,1.01,Cibercrimen,MC3010,
deepseek-r1-14b-4bit,binary,¿Tiene requisitos o correquisitos?,"En el curso Cibercrimen de la Maestría en Ciberseguridad, ¿Tiene requisitos o correquisitos?

Responde únicamente con 'Sí' o 'No'.",No,No,MC1006-Políticas y Gobernanza en Ciberseguridad.txt;MC1006-Políticas y Gobernanza en Ciberseguridad.txt;MC3010-Cibercrimen.txt;MC3001-Seguridad de Software Avanzado.txt;MC1003-Seguridad y Criptografía.txt,1.0,Cibercrimen,MC3010,
deepseek-r1-14b-4bit,binary,¿Se permite la suficiencia para este curso?,"En el curso Cibercrimen de la Maestría en Ciberseguridad, ¿Se permite la suficiencia para este curso?

Responde únicamente con 'Sí' o 'No'.",No,No,MC3010-Cibercrimen.txt;MC1006-Políticas y Gobernanza en Ciberseguridad.txt;MC1003-Seguridad y Criptografía.txt;MC3001-Seguridad de Software Avanzado.txt;MC1006-Políticas y Gobernanza en Ciberseguridad.txt,1.0,Cibercrimen,MC3010,
deepseek-r1-14b-4bit,binary,¿Existe la posibilidad de reconocimiento?,"En el curso Cibercrimen de la Maestría en Ciberseguridad, ¿Existe la posibilidad de reconocimiento?

Responde únicamente con 'Sí' o 'No'.",No,No,MC1001-Análisis de datos en ciberseguridad.txt;MC1006-Políticas y Gobernanza en Ciberseguridad.txt;MC1006-Políticas y Gobernanza en Ciberseguridad.txt;MC1003-Seguridad y Criptografía.txt;MC3010-Cibercrimen.txt,1.0,Cibercrimen,MC3010,
deepseek-r1-14b-4bit,binary,¿La investigación social aplicada tiene un peso del 40%?,"En el curso Cibercrimen de la Maestría en Ciberseguridad, ¿La investigación social aplicada tiene un peso del 40%?

Responde únicamente con 'Sí' o 'No'.",Sí,Sí,MC1006-Políticas y Gobernanza en Ciberseguridad.txt;MC1006-Políticas y Gobernanza en Ciberseguridad.txt;MC3010-Cibercrimen.txt;MC1001-Análisis de datos en ciberseguridad.txt;MC3010-Cibercrimen.txt,0.88,Cibercrimen,MC3010,
deepseek-r1-14b-4bit,binary,¿Es un curso obligatorio?,"En el curso Sistemas Estratégicos Empresariales de la Maestría en Gerencia de Tecnologías de la Información, ¿Es un curso obligatorio?

Responde únicamente con 'Sí' o 'No'.",Sí,Sí,MC1103-Gerencia de tecnología de información.txt;MC1101-Sistemas Estratégicos Empresariales.txt;MC1101-Sistemas Estratégicos Empresariales.txt;MC2301-Planificación estratégica de tecnología de información.txt;MC2301-Planificación estratégica de tecnología de información.txt,0.81,Sistemas Estratégicos Empresariales,MC1101,
deepseek-r1-14b-4bit,binary,¿Tiene requisitos o correquisitos previos?,"En el curso Sistemas Estratégicos Empresariales de la Maestría en Gerencia de Tecnologías de la Información, ¿Tiene requisitos o correquisitos previos?

Responde únicamente con 'Sí' o 'No'.",No,No.,MC1101-Sistemas Estratégicos Empresariales.txt;MC2301-Planificación estratégica de tecnología de información.txt;MC1103-Gerencia de tecnología de información.txt;MC1103-Gerencia de tecnología de información.txt;MC2301-Planificación estratégica de tecnología de información.txt,0.81,Sistemas Estratégicos Empresariales,MC1101,
deepseek-r1-14b-4bit,binary,¿Es la asistencia obligatoria?,"En el curso Sistemas Estratégicos Empresariales de la Maestría en Gerencia de Tecnologías de la Información, ¿Es la asistencia obligatoria?

Responde únicamente con 'Sí' o 'No'.",Sí,"No.

Respuesta: No.

**Explicación:**
El contexto proporcionado para el curso ""Sistemas Estratégicos Empresariales"" de la Maestría en Gerencia de Tecnologías de la Información no menciona la obligatoriedad de la asistencia a las clases. Por lo tanto, no se puede confirmar si la asistencia es obligatoria o no.

**Respuesta Final:**
No.
</think>

No.

**Explicación:**
El contexto proporcionado para el curso ""Sistemas Estratégicos Empresariales"" de la Maestría en Gerencia de Tecnologías de la Información no menciona la obligatoriedad de la asistencia a las clases. Por lo tanto, no se puede confirmar si la asistencia es obligatoria o no.

**Respuesta Final:**
No.",MC1101-Sistemas Estratégicos Empresariales.txt;MC1103-Gerencia de tecnología de información.txt;MC1006-Políticas y Gobernanza en Ciberseguridad.txt;MC1201-Administración financiera de tecnología de información.txt;MC1103-Gerencia de tecnología de información.txt,5.3,Sistemas Estratégicos Empresariales,MC1101,
deepseek-r1-14b-4bit,binary,¿Existe la posibilidad de suficiencia?,"En el curso Sistemas Estratégicos Empresariales de la Maestría en Gerencia de Tecnologías de la Información, ¿Existe la posibilidad de suficiencia?

Responde únicamente con 'Sí' o 'No'.",No,No,MC1101-Sistemas Estratégicos Empresariales.txt;MC1103-Gerencia de tecnología de información.txt;MC2301-Planificación estratégica de tecnología de información.txt;MC1103-Gerencia de tecnología de información.txt;MC1006-Políticas y Gobernanza en Ciberseguridad.txt,0.79,Sistemas Estratégicos Empresariales,MC1101,
deepseek-r1-14b-4bit,binary,¿Es posible el reconocimiento del curso?,"En el curso Sistemas Estratégicos Empresariales de la Maestría en Gerencia de Tecnologías de la Información, ¿Es posible el reconocimiento del curso?

Responde únicamente con 'Sí' o 'No'.",No,No,MC1101-Sistemas Estratégicos Empresariales.txt;MC2301-Planificación estratégica de tecnología de información.txt;MC1103-Gerencia de tecnología de información.txt;MC1103-Gerencia de tecnología de información.txt;MC1101-Sistemas Estratégicos Empresariales.txt,0.8,Sistemas Estratégicos Empresariales,MC1101,
deepseek-r1-14b-4bit,binary,¿La investigación en sistema empresarial vale un 40%?,"En el curso Sistemas Estratégicos Empresariales de la Maestría en Gerencia de Tecnologías de la Información, ¿La investigación en sistema empresarial vale un 40%?

Responde únicamente con 'Sí' o 'No'.",Sí,Sí,MC1101-Sistemas Estratégicos Empresariales.txt;MC2301-Planificación estratégica de tecnología de información.txt;MC1101-Sistemas Estratégicos Empresariales.txt;MC2301-Planificación estratégica de tecnología de información.txt;MC1103-Gerencia de tecnología de información.txt,0.72,Sistemas Estratégicos Empresariales,MC1101,
deepseek-r1-14b-4bit,binary,¿Es la asistencia obligatoria?,"En el curso Gerencia de Tecnología de Información de la Maestría en Gerencia de Tecnologías de la Información, ¿Es la asistencia obligatoria?

Responde únicamente con 'Sí' o 'No'.",Sí,Sí.,MC1103-Gerencia de tecnología de información.txt;MC1201-Administración financiera de tecnología de información.txt;MC1103-Gerencia de tecnología de información.txt;MC1006-Políticas y Gobernanza en Ciberseguridad.txt;MC2301-Planificación estratégica de tecnología de información.txt,0.86,Gerencia de Tecnología de Información,MC1103,
deepseek-r1-14b-4bit,binary,¿Tiene el curso requisitos previos?,"En el curso Gerencia de Tecnología de Información de la Maestría en Gerencia de Tecnologías de la Información, ¿Tiene el curso requisitos previos?

Responde únicamente con 'Sí' o 'No'.",No,No.,MC1103-Gerencia de tecnología de información.txt;MC2301-Planificación estratégica de tecnología de información.txt;MC2301-Planificación estratégica de tecnología de información.txt;MC1101-Sistemas Estratégicos Empresariales.txt;MC1203-Administración y estrategia de proyectos I.txt,0.82,Gerencia de Tecnología de Información,MC1103,
deepseek-r1-14b-4bit,binary,¿Se permite la suficiencia?,"En el curso Gerencia de Tecnología de Información de la Maestría en Gerencia de Tecnologías de la Información, ¿Se permite la suficiencia?

Responde únicamente con 'Sí' o 'No'.",No,"No.

Respuesta: No.

**Explicación:**
El contexto proporcionado para el curso ""Gerencia de Tecnología de Información"" en la Maestría en Gerencia de Tecnologías de la Información no menciona anything acerca de la ""suficiencia"" o la posibilidad de reconocimiento de créditos previos. Por lo tanto, no se tiene suficiente información para responder si se permite la suficiencia en el curso.

**Respuesta Final:**
No.
</think>

No.

**Explicación:**
El contexto proporcionado para el curso ""Gerencia de Tecnología de Información"" en la Maestría en Gerencia de Tecnologías de la Información no menciona anything acerca de la ""suficiencia"" o la posibilidad de reconocimiento de créditos previos. Por lo tanto, no se tiene suficiente información para responder si se permite la suficiencia en el curso.

**Respuesta Final:**
No.",MC1103-Gerencia de tecnología de información.txt;MC2301-Planificación estratégica de tecnología de información.txt;MC1103-Gerencia de tecnología de información.txt;MC1006-Políticas y Gobernanza en Ciberseguridad.txt;MC1101-Sistemas Estratégicos Empresariales.txt,5.91,Gerencia de Tecnología de Información,MC1103,
deepseek-r1-14b-4bit,binary,¿Es posible el reconocimiento del curso?,"En el curso Gerencia de Tecnología de Información de la Maestría en Gerencia de Tecnologías de la Información, ¿Es posible el reconocimiento del curso?

Responde únicamente con 'Sí' o 'No'.",No,"No.

Respuesta: No.",MC1103-Gerencia de tecnología de información.txt;MC7201-Introducción a la Investigación.txt;MC1103-Gerencia de tecnología de información.txt;MC2301-Planificación estratégica de tecnología de información.txt;MC1101-Sistemas Estratégicos Empresariales.txt,0.95,Gerencia de Tecnología de Información,MC1103,
deepseek-r1-14b-4bit,binary,¿El estudio de casos vale un 40% de la nota?,"En el curso Gerencia de Tecnología de Información de la Maestría en Gerencia de Tecnologías de la Información, ¿El estudio de casos vale un 40% de la nota?

Responde únicamente con 'Sí' o 'No'.",Sí,Sí,MC1103-Gerencia de tecnología de información.txt;MC1101-Sistemas Estratégicos Empresariales.txt;MC2301-Planificación estratégica de tecnología de información.txt;MC6104-Diseño de Experimentos.txt;MC6004-Sistemas Operativos Avanzados.txt,0.54,Gerencia de Tecnología de Información,MC1103,
deepseek-r1-14b-4bit,binary,¿Requiere el curso la elaboración de una investigación bibliográfica?,"En el curso Gerencia de Tecnología de Información de la Maestría en Gerencia de Tecnologías de la Información, ¿Requiere el curso la elaboración de una investigación bibliográfica?

Responde únicamente con 'Sí' o 'No'.",Sí,Sí,MC1103-Gerencia de tecnología de información.txt;MC2301-Planificación estratégica de tecnología de información.txt;MC1101-Sistemas Estratégicos Empresariales.txt;MC6004-Sistemas Operativos Avanzados.txt;MC7201-Introducción a la Investigación.txt,0.73,Gerencia de Tecnología de Información,MC1103,
deepseek-r1-14b-4bit,binary,¿Es este un curso obligatorio?,"En el curso Administración Financiera de TI de la Maestría en Gerencia de Tecnologías de la Información, ¿Es este un curso obligatorio?

Responde únicamente con 'Sí' o 'No'.",Sí,Sí.,MC1201-Administración financiera de tecnología de información.txt;MC1201-Administración financiera de tecnología de información.txt;MC1101-Sistemas Estratégicos Empresariales.txt;MC1103-Gerencia de tecnología de información.txt;MC1006-Políticas y Gobernanza en Ciberseguridad.txt,0.97,Administración Financiera de TI,MC1201,
deepseek-r1-14b-4bit,binary,¿Se permite el reconocimiento del curso?,"En el curso Administración Financiera de TI de la Maestría en Gerencia de Tecnologías de la Información, ¿Se permite el reconocimiento del curso?

Responde únicamente con 'Sí' o 'No'.",Sí,Sí,MC1201-Administración financiera de tecnología de información.txt;MC1101-Sistemas Estratégicos Empresariales.txt;MC1103-Gerencia de tecnología de información.txt;MC2301-Planificación estratégica de tecnología de información.txt;MC1203-Administración y estrategia de proyectos I.txt,0.83,Administración Financiera de TI,MC1201,
deepseek-r1-14b-4bit,binary,¿Existe la posibilidad de suficiencia?,"En el curso Administración Financiera de TI de la Maestría en Gerencia de Tecnologías de la Información, ¿Existe la posibilidad de suficiencia?

Responde únicamente con 'Sí' o 'No'.",No,Sí,MC1201-Administración financiera de tecnología de información.txt;MC1101-Sistemas Estratégicos Empresariales.txt;MC1103-Gerencia de tecnología de información.txt;MC1201-Administración financiera de tecnología de información.txt;MC1103-Gerencia de tecnología de información.txt,0.9,Administración Financiera de TI,MC1201,
deepseek-r1-14b-4bit,binary,¿Es la asistencia obligatoria?,"En el curso Administración Financiera de TI de la Maestría en Gerencia de Tecnologías de la Información, ¿Es la asistencia obligatoria?

Responde únicamente con 'Sí' o 'No'.",Sí,Sí,MC1201-Administración financiera de tecnología de información.txt;MC1201-Administración financiera de tecnología de información.txt;MC1006-Políticas y Gobernanza en Ciberseguridad.txt;MC1103-Gerencia de tecnología de información.txt;MC1103-Gerencia de tecnología de información.txt,0.94,Administración Financiera de TI,MC1201,
deepseek-r1-14b-4bit,binary,¿Se ubica en el segundo semestre del programa?,"En el curso Administración Financiera de TI de la Maestría en Gerencia de Tecnologías de la Información, ¿Se ubica en el segundo semestre del programa?

Responde únicamente con 'Sí' o 'No'.",Sí,Sí.,MC1201-Administración financiera de tecnología de información.txt;MC1101-Sistemas Estratégicos Empresariales.txt;MC1201-Administración financiera de tecnología de información.txt;MC1203-Administración y estrategia de proyectos I.txt;MC2301-Planificación estratégica de tecnología de información.txt,0.96,Administración Financiera de TI,MC1201,
deepseek-r1-14b-4bit,binary,¿Los dos exámenes parciales valen un 50% en total?,"En el curso Administración Financiera de TI de la Maestría en Gerencia de Tecnologías de la Información, ¿Los dos exámenes parciales valen un 50% en total?

Responde únicamente con 'Sí' o 'No'.",Sí,"No.

**Explicación:**

En el contexto proporcionado, el curso relacionado con la administración financiera de TI es el MC2301-Planificación estratégica de tecnología de información. En su estructura de evaluación, se mencionan pruebas cortas, investigación bibliográfica y resolución de casos, pero no se mencionan exámenes parciales con un peso total del 50%. Por lo tanto, no hay suficiente información para confirmar que los dos exámenes parciales valen un 50% en total.
</think>

No.

**Explicación:**

En el contexto proporcionado, el curso relacionado con la administración financiera de TI es el MC2301-Planificación estratégica de tecnología de información. En su estructura de evaluación, se mencionan pruebas cortas, investigación bibliográfica y resolución de casos, pero no se mencionan exámenes parciales con un peso total del 50%. Por lo tanto, no hay suficiente información para confirmar que los dos exámenes parciales valen un 50% en total.",MC1101-Sistemas Estratégicos Empresariales.txt;MC1003-Seguridad y Criptografía.txt;MC2301-Planificación estratégica de tecnología de información.txt;MC6004-Sistemas Operativos Avanzados.txt;MC6104-Diseño de Experimentos.txt,6.57,Administración Financiera de TI,MC1201,
deepseek-r1-14b-4bit,binary,¿Es un curso obligatorio?,"En el curso Administración y Estrategia de Proyectos I de la Maestría en Gerencia de Tecnologías de la Información, ¿Es un curso obligatorio?

Responde únicamente con 'Sí' o 'No'.",No,Sí.,MC1103-Gerencia de tecnología de información.txt;MC1203-Administración y estrategia de proyectos I.txt;MC1203-Administración y estrategia de proyectos I.txt;MC2301-Planificación estratégica de tecnología de información.txt;MC1101-Sistemas Estratégicos Empresariales.txt,0.83,Administración y Estrategia de Proyectos I,MC1203,
deepseek-r1-14b-4bit,binary,¿Es la asistencia obligatoria?,"En el curso Administración y Estrategia de Proyectos I de la Maestría en Gerencia de Tecnologías de la Información, ¿Es la asistencia obligatoria?

Responde únicamente con 'Sí' o 'No'.",Sí,"No.

Respuesta: No.",MC1103-Gerencia de tecnología de información.txt;MC1006-Políticas y Gobernanza en Ciberseguridad.txt;MC1203-Administración y estrategia de proyectos I.txt;MC1201-Administración financiera de tecnología de información.txt;MC1006-Políticas y Gobernanza en Ciberseguridad.txt,1.12,Administración y Estrategia de Proyectos I,MC1203,
deepseek-r1-14b-4bit,binary,¿Es requisito para el curso de Administración y Estrategia de Proyectos II?,"En el curso Administración y Estrategia de Proyectos I de la Maestría en Gerencia de Tecnologías de la Información, ¿Es requisito para el curso de Administración y Estrategia de Proyectos II?

Responde únicamente con 'Sí' o 'No'.",Sí,"No.

Respuesta: No.

**Explicación:**
El contexto proporcionado no menciona que el curso de ""Administración y Estrategia de Proyectos I"" sea un requisito para el curso de ""Administración y Estrategia de Proyectos II"". Por lo tanto, no se puede confirmar que sea un requisito.

Respuesta: No.",MC1203-Administración y estrategia de proyectos I.txt;MC1103-Gerencia de tecnología de información.txt;MC2301-Planificación estratégica de tecnología de información.txt;MC1203-Administración y estrategia de proyectos I.txt;MC1103-Gerencia de tecnología de información.txt,2.63,Administración y Estrategia de Proyectos I,MC1203,
deepseek-r1-14b-4bit,binary,¿Permite el curso la suficiencia?,"En el curso Administración y Estrategia de Proyectos I de la Maestría en Gerencia de Tecnologías de la Información, ¿Permite el curso la suficiencia?

Responde únicamente con 'Sí' o 'No'.",No,"Sí.

Respuesta: Sí.

**Explicación:**
En el documento MC1203-Administración y estrategia de proyectos I, se menciona que el curso ""no es requisito de ningún curso"" y que ""la posibilidad de reconocimiento es No"". Sin embargo, en el apartado de ""Posibilidad de reconocimiento"", se indica ""No"", lo que sugiere que el curso no concede suficiencia para otro curso en particular. Sin embargo, en el mismo documento, se menciona que el curso es requisito de MC-6204 Administración y estrategia de proyectos II, lo que implica que el curso actual es suficiente para cursar el siguiente nivel. 

Por lo tanto, el curso **MC1203-Administración y estrategia de proyectos I** **no concede suficiencia** para otro curso en particular, sino que es un requisito para el curso II de la misma materia.

**Respuesta Final:**
No.

**Explicación:**
En el documento MC1203-Administración y estrategia de proyectos I, se menciona que el curso ""no es requisito de ningún curso"" y que ""la posibilidad de reconocimiento es No"". Esto indica que el curso no concede suficiencia para otro curso en particular. 

**Respuesta Final:**
No.

**Explicación:**
En el documento MC12",MC1103-Gerencia de tecnología de información.txt;MC2301-Planificación estratégica de tecnología de información.txt;MC1203-Administración y estrategia de proyectos I.txt;MC1203-Administración y estrategia de proyectos I.txt;MC1101-Sistemas Estratégicos Empresariales.txt,8.21,Administración y Estrategia de Proyectos I,MC1203,
deepseek-r1-14b-4bit,binary,¿Existe la posibilidad de reconocimiento?,"En el curso Administración y Estrategia de Proyectos I de la Maestría en Gerencia de Tecnologías de la Información, ¿Existe la posibilidad de reconocimiento?

Responde únicamente con 'Sí' o 'No'.",Sí,No.,MC1103-Gerencia de tecnología de información.txt;MC2301-Planificación estratégica de tecnología de información.txt;MC1006-Políticas y Gobernanza en Ciberseguridad.txt;MC1006-Políticas y Gobernanza en Ciberseguridad.txt;MC1203-Administración y estrategia de proyectos I.txt,0.7,Administración y Estrategia de Proyectos I,MC1203,
deepseek-r1-14b-4bit,binary,¿La resolución de casos prácticos vale un 25%?,"En el curso Administración y Estrategia de Proyectos I de la Maestría en Gerencia de Tecnologías de la Información, ¿La resolución de casos prácticos vale un 25%?

Responde únicamente con 'Sí' o 'No'.",Sí,"No.

**Explicación:**

En el documento MC1203-Administración y estrategia de proyectos I, se menciona que la evaluación incluye ""prácticos: 25%"". Sin embargo, en el contexto proporcionado, no se detalla si estos ""prácticos"" corresponden a la resolución de casos prácticos. Por lo tanto, no se puede confirmar que la resolución de casos prácticos valga un 25% en este curso.

Respuesta: No.",MC1103-Gerencia de tecnología de información.txt;MC2301-Planificación estratégica de tecnología de información.txt;MC1103-Gerencia de tecnología de información.txt;MC1101-Sistemas Estratégicos Empresariales.txt;MC1203-Administración y estrategia de proyectos I.txt,3.41,Administración y Estrategia de Proyectos I,MC1203,
deepseek-r1-14b-4bit,binary,¿Es un curso obligatorio?,"En el curso Planificación Estratégica de TI de la Maestría en Gerencia de Tecnologías de la Información, ¿Es un curso obligatorio?

Responde únicamente con 'Sí' o 'No'.",Sí,"No.

Respuesta: No.

**Paso a paso:**

1. **Revisar los contextos proporcionados para cada curso.**
2. **Buscar en el contexto de ""MC2301-Planificación estratégica de tecnología de información"" si se menciona que es obligatorio.**
3. **En el documento de MC2301, se menciona que el curso es ""Obligatorio"" en la sección de ""Datos generales"".**
4. **Sin embargo, en el contexto proporcionado, no se encuentra esta información.**
5. **Por lo tanto, no se puede confirmar si el curso es obligatorio con la información dada.**

Respuesta: No.

**Respuesta final:** No.

**Respuesta:** No.
</think>

No.

**Respuesta:** No.",MC1103-Gerencia de tecnología de información.txt;MC2301-Planificación estratégica de tecnología de información.txt;MC2301-Planificación estratégica de tecnología de información.txt;MC1101-Sistemas Estratégicos Empresariales.txt;MC1203-Administración y estrategia de proyectos I.txt,5.06,Planificación Estratégica de TI,MC2301,
deepseek-r1-14b-4bit,binary,¿Es la asistencia obligatoria?,"En el curso Planificación Estratégica de TI de la Maestría en Gerencia de Tecnologías de la Información, ¿Es la asistencia obligatoria?

Responde únicamente con 'Sí' o 'No'.",Sí,"No.

Respuesta: No.

**Explicación:**
En el contexto proporcionado para el curso ""Planificación Estratégica de Tecnología de la Información"", no se menciona que la asistencia sea obligatoria. Se habla de normas sobre faltas injustificadas y la posibilidad de justificar ausencias, pero no hay una cláusula que declare la asistencia como obligatoria. Por lo tanto, no se puede confirmar que la asistencia sea obligatoria en este curso.

**Respuesta Final:**
No.
</think>

No.

**Explicación:**
En el contexto proporcionado para el curso ""Planificación Estratégica de Tecnología de la Información"", no se menciona que la asistencia sea obligatoria. Se habla de normas sobre faltas injustificadas y la posibilidad de justificar ausencias, pero no hay una cláusula que declare la asistencia como obligatoria. Por lo tanto, no se puede confirmar que la asistencia sea obligatoria en este curso.

**Respuesta Final:**
No.",MC1103-Gerencia de tecnología de información.txt;MC2301-Planificación estratégica de tecnología de información.txt;MC1201-Administración financiera de tecnología de información.txt;MC2301-Planificación estratégica de tecnología de información.txt;MC1006-Políticas y Gobernanza en Ciberseguridad.txt,6.45,Planificación Estratégica de TI,MC2301,
deepseek-r1-14b-4bit,binary,¿Se reprueba el curso con 4 faltas de asistencia injustificadas?,"En el curso Planificación Estratégica de TI de la Maestría en Gerencia de Tecnologías de la Información, ¿Se reprueba el curso con 4 faltas de asistencia injustificadas?

Responde únicamente con 'Sí' o 'No'.",Sí,"No.

Respuesta: No.

**Explicación:**
El contexto proporcionado para el curso ""Planificación Estratégica de Tecnología de la Información"" no menciona detalles sobre las normas de asistencia o la política de reprobación basada en faltas injustificadas. Por lo tanto, no se dispone de la información necesaria para determinar si el curso se reprobaría con 4 faltas de asistencia injustificadas.

**Respuesta Final:**
No.
</think>

No.

**Explicación:**
El contexto proporcionado para el curso ""Planificación Estratégica de Tecnología de la Información"" no menciona detalles sobre las normas de asistencia o la política de reprobación basada en faltas injustificadas. Por lo tanto, no se dispone de la información necesaria para determinar si el curso se reprobaría con 4 faltas de asistencia injustificadas.

**Respuesta Final:**
No.",MC1103-Gerencia de tecnología de información.txt;MC2301-Planificación estratégica de tecnología de información.txt;MC1203-Administración y estrategia de proyectos I.txt;MC6004-Sistemas Operativos Avanzados.txt;MC1101-Sistemas Estratégicos Empresariales.txt,5.84,Planificación Estratégica de TI,MC2301,
deepseek-r1-14b-4bit,binary,¿Existe la posibilidad de suficiencia?,"En el curso Planificación Estratégica de TI de la Maestría en Gerencia de Tecnologías de la Información, ¿Existe la posibilidad de suficiencia?

Responde únicamente con 'Sí' o 'No'.",No,No,MC1103-Gerencia de tecnología de información.txt;MC2301-Planificación estratégica de tecnología de información.txt;MC1101-Sistemas Estratégicos Empresariales.txt;MC2301-Planificación estratégica de tecnología de información.txt;MC1006-Políticas y Gobernanza en Ciberseguridad.txt,0.79,Planificación Estratégica de TI,MC2301,
deepseek-r1-14b-4bit,binary,¿Se permite el reconocimiento del curso?,"En el curso Planificación Estratégica de TI de la Maestría en Gerencia de Tecnologías de la Información, ¿Se permite el reconocimiento del curso?

Responde únicamente con 'Sí' o 'No'.",No,"No.

Respuesta: No.",MC1103-Gerencia de tecnología de información.txt;MC2301-Planificación estratégica de tecnología de información.txt;MC2301-Planificación estratégica de tecnología de información.txt;MC1203-Administración y estrategia de proyectos I.txt;MC1101-Sistemas Estratégicos Empresariales.txt,0.94,Planificación Estratégica de TI,MC2301,
deepseek-r1-14b-4bit,binary,¿La resolución de casos vale un 40% de la nota?,"En el curso Planificación Estratégica de TI de la Maestría en Gerencia de Tecnologías de la Información, ¿La resolución de casos vale un 40% de la nota?

Responde únicamente con 'Sí' o 'No'.",Sí,Sí,MC2301-Planificación estratégica de tecnología de información.txt;MC1103-Gerencia de tecnología de información.txt;MC1103-Gerencia de tecnología de información.txt;MC1101-Sistemas Estratégicos Empresariales.txt;MC2301-Planificación estratégica de tecnología de información.txt,0.72,Planificación Estratégica de TI,MC2301,
deepseek-r1-14b-4bit,binary,¿Es un curso electivo?,"En el curso Teoría de Autómatas de la Maestría en Computación, ¿Es un curso electivo?

Responde únicamente con 'Sí' o 'No'.",No,"No.

Respuesta: No.

**Explicación:**
En el contexto proporcionado, el curso ""Teoría de Autómatas"" (MC6003) se describe como un curso no electivo en el Programa de Maestría en Computación. Esto se menciona en la sección de ""Electivo o no"" del documento, donde se indica que el curso no es electivo. Por lo tanto, la respuesta es ""No"".
</think>

No.

**Explicación:**
En el contexto proporcionado, el curso ""Teoría de Autómatas"" (MC6003) se describe como un curso no electivo en el Programa de Maestría en Computación. Esto se menciona en la sección de ""Electivo o no"" del documento, donde se indica que el curso no es electivo. Por lo tanto, la respuesta es ""No"".",MC6003-Teoría de Autómatas.txt;MC6102-Análisis de Algoritmos.txt;MC6104-Diseño de Experimentos.txt;MC6004-Sistemas Operativos Avanzados.txt;MC7201-Introducción a la Investigación.txt,5.74,Teoría de Autómatas,MC6003,
deepseek-r1-14b-4bit,binary,¿Es la asistencia obligatoria?,"En el curso Teoría de Autómatas de la Maestría en Computación, ¿Es la asistencia obligatoria?

Responde únicamente con 'Sí' o 'No'.",Sí,Sí.,MC6003-Teoría de Autómatas.txt;MC6102-Análisis de Algoritmos.txt;MC6104-Diseño de Experimentos.txt;MC6104-Diseño de Experimentos.txt;MC1103-Gerencia de tecnología de información.txt,1.04,Teoría de Autómatas,MC6003,
deepseek-r1-14b-4bit,binary,¿Se permite la suficiencia?,"En el curso Teoría de Autómatas de la Maestría en Computación, ¿Se permite la suficiencia?

Responde únicamente con 'Sí' o 'No'.",Sí,Sí,MC6003-Teoría de Autómatas.txt;MC6102-Análisis de Algoritmos.txt;MC7201-Introducción a la Investigación.txt;MC6104-Diseño de Experimentos.txt;MC6004-Sistemas Operativos Avanzados.txt,1.02,Teoría de Autómatas,MC6003,
deepseek-r1-14b-4bit,binary,¿Es posible el reconocimiento del curso?,"En el curso Teoría de Autómatas de la Maestría en Computación, ¿Es posible el reconocimiento del curso?

Responde únicamente con 'Sí' o 'No'.",Sí,Sí,MC6003-Teoría de Autómatas.txt;MC6102-Análisis de Algoritmos.txt;MC7201-Introducción a la Investigación.txt;MC6104-Diseño de Experimentos.txt;MC7201-Introducción a la Investigación.txt,1.03,Teoría de Autómatas,MC6003,
deepseek-r1-14b-4bit,binary,¿Tiene requisitos previos?,"En el curso Teoría de Autómatas de la Maestría en Computación, ¿Tiene requisitos previos?

Responde únicamente con 'Sí' o 'No'.",No,No.,MC6003-Teoría de Autómatas.txt;MC6104-Diseño de Experimentos.txt;MC6102-Análisis de Algoritmos.txt;MC7201-Introducción a la Investigación.txt;MC6004-Sistemas Operativos Avanzados.txt,1.03,Teoría de Autómatas,MC6003,
deepseek-r1-14b-4bit,binary,¿El examen final vale el 30%?,"En el curso Teoría de Autómatas de la Maestría en Computación, ¿El examen final vale el 30%?

Responde únicamente con 'Sí' o 'No'.",Sí,"No.

**Explicación:**
En el contexto proporcionado para el curso MC6003-Teoría de Autómatas, no se menciona un examen final que valga el 30%. Los componentes de evaluación mencionados son tareas, investigación bibliográfica y resolución de casos, con porcentajes de 40%, 20% y 40% respectivamente. Por lo tanto, no hay información sobre un examen final que represente el 30% de la calificación.

Respuesta: No.",MC6004-Sistemas Operativos Avanzados.txt;MC1003-Seguridad y Criptografía.txt;MC6003-Teoría de Autómatas.txt;MC2301-Planificación estratégica de tecnología de información.txt;MC6104-Diseño de Experimentos.txt,3.61,Teoría de Autómatas,MC6003,
deepseek-r1-14b-4bit,binary,¿Es un curso electivo?,"En el curso Sistemas Operativos Avanzados de la Maestría en Computación, ¿Es un curso electivo?

Responde únicamente con 'Sí' o 'No'.",No,"No.

Respuesta: No.

**Explicación:**
En el contexto proporcionado, el curso ""Sistemas Operativos Avanzados"" (MC6004) se describe como un curso no electivo en la Maestría en Computación. Esto se menciona en la sección ""Electivo o no"" del documento, donde se indica que el curso no es electivo. Por lo tanto, la respuesta es ""No"".
</think>

No.",MC6004-Sistemas Operativos Avanzados.txt;MC6102-Análisis de Algoritmos.txt;MC6003-Teoría de Autómatas.txt;MC6104-Diseño de Experimentos.txt;MC7201-Introducción a la Investigación.txt,3.38,Sistemas Operativos Avanzados,MC6004,
deepseek-r1-14b-4bit,binary,¿Es la asistencia obligatoria?,"En el curso Sistemas Operativos Avanzados de la Maestría en Computación, ¿Es la asistencia obligatoria?

Responde únicamente con 'Sí' o 'No'.",Sí,Sí.,MC6004-Sistemas Operativos Avanzados.txt;MC1201-Administración financiera de tecnología de información.txt;MC6102-Análisis de Algoritmos.txt;MC1203-Administración y estrategia de proyectos I.txt;MC1006-Políticas y Gobernanza en Ciberseguridad.txt,0.96,Sistemas Operativos Avanzados,MC6004,
deepseek-r1-14b-4bit,binary,"¿Es requisito para ""Redes de Computadores Avanzadas""?","En el curso Sistemas Operativos Avanzados de la Maestría en Computación, ¿Es requisito para ""Redes de Computadores Avanzadas""?

Responde únicamente con 'Sí' o 'No'.",Sí,Sí,MC6004-Sistemas Operativos Avanzados.txt;MC6102-Análisis de Algoritmos.txt;MC6104-Diseño de Experimentos.txt;MC7201-Introducción a la Investigación.txt;MC6003-Teoría de Autómatas.txt,1.03,Sistemas Operativos Avanzados,MC6004,
deepseek-r1-14b-4bit,binary,¿Permite el curso la suficiencia?,"En el curso Sistemas Operativos Avanzados de la Maestría en Computación, ¿Permite el curso la suficiencia?

Responde únicamente con 'Sí' o 'No'.",Sí,"No.

Respuesta: No.",MC6102-Análisis de Algoritmos.txt;MC6004-Sistemas Operativos Avanzados.txt;MC6104-Diseño de Experimentos.txt;MC6003-Teoría de Autómatas.txt;MC1203-Administración y estrategia de proyectos I.txt,1.15,Sistemas Operativos Avanzados,MC6004,
deepseek-r1-14b-4bit,binary,¿Se permite el reconocimiento?,"En el curso Sistemas Operativos Avanzados de la Maestría en Computación, ¿Se permite el reconocimiento?

Responde únicamente con 'Sí' o 'No'.",Sí,Sí,MC3001-Seguridad de Software Avanzado.txt;MC6102-Análisis de Algoritmos.txt;MC6004-Sistemas Operativos Avanzados.txt;MC1001-Análisis de datos en ciberseguridad.txt;MC6104-Diseño de Experimentos.txt,0.99,Sistemas Operativos Avanzados,MC6004,
deepseek-r1-14b-4bit,binary,¿Los proyectos programados valen un 30%?,"En el curso Sistemas Operativos Avanzados de la Maestría en Computación, ¿Los proyectos programados valen un 30%?

Responde únicamente con 'Sí' o 'No'.",Sí,"No.

Respuesta: No.",MC1203-Administración y estrategia de proyectos I.txt;MC1203-Administración y estrategia de proyectos I.txt;MC3001-Seguridad de Software Avanzado.txt;MC3010-Cibercrimen.txt;MC1101-Sistemas Estratégicos Empresariales.txt,1.03,Sistemas Operativos Avanzados,MC6004,
deepseek-r1-14b-4bit,binary,¿Es un curso electivo?,"En el curso Análisis de Algoritmos de la Maestría en Computación, ¿Es un curso electivo?

Responde únicamente con 'Sí' o 'No'.",No,"No.

Respuesta: No.",MC6102-Análisis de Algoritmos.txt;MC6102-Análisis de Algoritmos.txt;MC6003-Teoría de Autómatas.txt;MC6104-Diseño de Experimentos.txt;MC6004-Sistemas Operativos Avanzados.txt,1.21,Análisis de Algoritmos,MC6102,
deepseek-r1-14b-4bit,binary,¿Es la asistencia obligatoria?,"En el curso Análisis de Algoritmos de la Maestría en Computación, ¿Es la asistencia obligatoria?

Responde únicamente con 'Sí' o 'No'.",Sí,Sí.,MC6102-Análisis de Algoritmos.txt;MC6003-Teoría de Autómatas.txt;MC6102-Análisis de Algoritmos.txt;MC6104-Diseño de Experimentos.txt;MC1203-Administración y estrategia de proyectos I.txt,1.09,Análisis de Algoritmos,MC6102,
deepseek-r1-14b-4bit,binary,¿Existe la posibilidad de suficiencia?,"En el curso Análisis de Algoritmos de la Maestría en Computación, ¿Existe la posibilidad de suficiencia?

Responde únicamente con 'Sí' o 'No'.",Sí,Sí,MC6102-Análisis de Algoritmos.txt;MC6102-Análisis de Algoritmos.txt;MC6104-Diseño de Experimentos.txt;MC7201-Introducción a la Investigación.txt;MC6003-Teoría de Autómatas.txt,1.07,Análisis de Algoritmos,MC6102,
deepseek-r1-14b-4bit,binary,¿Se permite el reconocimiento del curso?,"En el curso Análisis de Algoritmos de la Maestría en Computación, ¿Se permite el reconocimiento del curso?

Responde únicamente con 'Sí' o 'No'.",Sí,Sí,MC6102-Análisis de Algoritmos.txt;MC6102-Análisis de Algoritmos.txt;MC6104-Diseño de Experimentos.txt;MC6003-Teoría de Autómatas.txt;MC6004-Sistemas Operativos Avanzados.txt,1.08,Análisis de Algoritmos,MC6102,
deepseek-r1-14b-4bit,binary,¿Las tareas e investigaciones valen el 50% de la nota?,"En el curso Análisis de Algoritmos de la Maestría en Computación, ¿Las tareas e investigaciones valen el 50% de la nota?

Responde únicamente con 'Sí' o 'No'.",Sí,Sí,MC6102-Análisis de Algoritmos.txt;MC6102-Análisis de Algoritmos.txt;MC6004-Sistemas Operativos Avanzados.txt;MC6104-Diseño de Experimentos.txt;MC6003-Teoría de Autómatas.txt,0.95,Análisis de Algoritmos,MC6102,
deepseek-r1-14b-4bit,binary,¿Se imparte el curso los martes por la noche?,"En el curso Análisis de Algoritmos de la Maestría en Computación, ¿Se imparte el curso los martes por la noche?

Responde únicamente con 'Sí' o 'No'.",Sí,"No.

Respuesta: No.",MC6104-Diseño de Experimentos.txt;MC6003-Teoría de Autómatas.txt;MC1103-Gerencia de tecnología de información.txt;MC1203-Administración y estrategia de proyectos I.txt;MC6102-Análisis de Algoritmos.txt,1.11,Análisis de Algoritmos,MC6102,
deepseek-r1-14b-4bit,binary,¿Es este un curso electivo?,"En el curso Diseño de Experimentos de la Maestría en Computación, ¿Es este un curso electivo?

Responde únicamente con 'Sí' o 'No'.",Sí,Sí,MC6104-Diseño de Experimentos.txt;MC6102-Análisis de Algoritmos.txt;MC7201-Introducción a la Investigación.txt;MC7201-Introducción a la Investigación.txt;MC6104-Diseño de Experimentos.txt,0.99,Diseño de Experimentos,MC6104,
deepseek-r1-14b-4bit,binary,¿Es la asistencia obligatoria?,"En el curso Diseño de Experimentos de la Maestría en Computación, ¿Es la asistencia obligatoria?

Responde únicamente con 'Sí' o 'No'.",Sí,Sí,MC6104-Diseño de Experimentos.txt;MC6104-Diseño de Experimentos.txt;MC1103-Gerencia de tecnología de información.txt;MC1003-Seguridad y Criptografía.txt;MC6102-Análisis de Algoritmos.txt,0.84,Diseño de Experimentos,MC6104,
deepseek-r1-14b-4bit,binary,¿Se permite la suficiencia?,"En el curso Diseño de Experimentos de la Maestría en Computación, ¿Se permite la suficiencia?

Responde únicamente con 'Sí' o 'No'.",No,"No.

Respuesta: No.",MC6102-Análisis de Algoritmos.txt;MC6104-Diseño de Experimentos.txt;MC7201-Introducción a la Investigación.txt;MC1003-Seguridad y Criptografía.txt;MC6104-Diseño de Experimentos.txt,0.96,Diseño de Experimentos,MC6104,
deepseek-r1-14b-4bit,binary,¿Es posible el reconocimiento del curso?,"En el curso Diseño de Experimentos de la Maestría en Computación, ¿Es posible el reconocimiento del curso?

Responde únicamente con 'Sí' o 'No'.",No,"No.

Respuesta: No.",MC6102-Análisis de Algoritmos.txt;MC6104-Diseño de Experimentos.txt;MC7201-Introducción a la Investigación.txt;MC6104-Diseño de Experimentos.txt;MC7201-Introducción a la Investigación.txt,1.12,Diseño de Experimentos,MC6104,
deepseek-r1-14b-4bit,binary,¿Requiere conocimientos previos de Probabilidades?,"En el curso Diseño de Experimentos de la Maestría en Computación, ¿Requiere conocimientos previos de Probabilidades?

Responde únicamente con 'Sí' o 'No'.",Sí,"Sí.

**Paso a paso:**

1. **Revisar el contexto proporcionado:** En el documento de ""MC6104-Diseño de Experimentos.txt"", se menciona en la sección ""Requisitos"" que es necesario haber recibido por lo menos un curso de Probabilidad y Estadística en el bachillerato.

2. **Conclusión:** Por lo tanto, el curso de Diseño de Experimentos requiere conocimientos previos de Probabilidades.

**Respuesta:** Sí.",MC7201-Introducción a la Investigación.txt;MC6104-Diseño de Experimentos.txt;MC2301-Planificación estratégica de tecnología de información.txt;MC6104-Diseño de Experimentos.txt;MC6102-Análisis de Algoritmos.txt,3.59,Diseño de Experimentos,MC6104,
deepseek-r1-14b-4bit,binary,¿La presentación oral tiene un valor del 5%?,"En el curso Diseño de Experimentos de la Maestría en Computación, ¿La presentación oral tiene un valor del 5%?

Responde únicamente con 'Sí' o 'No'.",Sí,"No.

**Explicación:**
El curso en cuestión es el MC6004-Sistemas Operativos Avanzados, donde la presentación oral tiene un valor del 5%. Sin embargo, el curso Diseño de Experimentos no se menciona en los contextos proporcionados, por lo que no se puede confirmar su estructura de evaluación.

Respuesta: No.",MC6004-Sistemas Operativos Avanzados.txt;MC7201-Introducción a la Investigación.txt;MC6004-Sistemas Operativos Avanzados.txt;MC1003-Seguridad y Criptografía.txt;MC6102-Análisis de Algoritmos.txt,2.65,Diseño de Experimentos,MC6104,
deepseek-r1-14b-4bit,binary,¿Es un curso electivo?,"En el curso Introducción a la Investigación de la Maestría en Computación, ¿Es un curso electivo?

Responde únicamente con 'Sí' o 'No'.",No,"No.

Respuesta: No.

**Explicación:**
En el contexto proporcionado, el curso ""Introducción a la Investigación"" (MC-7201) se describe como un curso no electivo. Esto se menciona en la sección ""Datos generales"" del documento, donde se indica que el curso es ""No electivo"". Por lo tanto, el curso es obligatorio para los estudiantes de la maestría en cuestión.

Además, en el documento se menciona que el curso es un requisito para otros cursos, lo que refuerza la idea de que es un curso obligatorio y no electivo.

En resumen, basándonos exclusivamente en la información proporcionada, el curso ""Introducción a la Investigación"" no es un curso electivo.
</think>

No.",MC7201-Introducción a la Investigación.txt;MC6102-Análisis de Algoritmos.txt;MC6104-Diseño de Experimentos.txt;MC7201-Introducción a la Investigación.txt;MC6004-Sistemas Operativos Avanzados.txt,5.28,Introducción a la Investigación,MC7201,
deepseek-r1-14b-4bit,binary,¿Es la asistencia obligatoria?,"En el curso Introducción a la Investigación de la Maestría en Computación, ¿Es la asistencia obligatoria?

Responde únicamente con 'Sí' o 'No'.",Sí,Sí.,MC6104-Diseño de Experimentos.txt;MC7201-Introducción a la Investigación.txt;MC1103-Gerencia de tecnología de información.txt;MC6104-Diseño de Experimentos.txt;MC6004-Sistemas Operativos Avanzados.txt,1.02,Introducción a la Investigación,MC7201,
deepseek-r1-14b-4bit,binary,¿Permite el curso la suficiencia?,"En el curso Introducción a la Investigación de la Maestría en Computación, ¿Permite el curso la suficiencia?

Responde únicamente con 'Sí' o 'No'.",Sí,Sí,MC6102-Análisis de Algoritmos.txt;MC7201-Introducción a la Investigación.txt;MC6104-Diseño de Experimentos.txt;MC7201-Introducción a la Investigación.txt;MC1103-Gerencia de tecnología de información.txt,1.02,Introducción a la Investigación,MC7201,
deepseek-r1-14b-4bit,binary,¿Es posible el reconocimiento?,"En el curso Introducción a la Investigación de la Maestría en Computación, ¿Es posible el reconocimiento?

Responde únicamente con 'Sí' o 'No'.",Sí,Sí,MC6102-Análisis de Algoritmos.txt;MC7201-Introducción a la Investigación.txt;MC6104-Diseño de Experimentos.txt;MC7201-Introducción a la Investigación.txt;MC6104-Diseño de Experimentos.txt,1.0,Introducción a la Investigación,MC7201,
deepseek-r1-14b-4bit,binary,"¿Es ""Tema Selecto de Investigación"" un correquisito?","En el curso Introducción a la Investigación de la Maestría en Computación, ¿Es ""Tema Selecto de Investigación"" un correquisito?

Responde únicamente con 'Sí' o 'No'.",Sí,"No.

**Paso a paso:**

1. **Revisar el contexto proporcionado para el curso ""Introducción a la Investigación"".**
2. **Localizar la sección de ""Requisitos"" y ""Correquisitos"".**
3. **Observar que no hay menciones de ""Tema Selecto de Investigación"" como un prerequisito.**
4. **Concluir que ""Tema Selecto de Investigación"" no es un correquisito.**

Respuesta: No.",MC6104-Diseño de Experimentos.txt;MC2301-Planificación estratégica de tecnología de información.txt;MC1103-Gerencia de tecnología de información.txt;MC7201-Introducción a la Investigación.txt;MC7201-Introducción a la Investigación.txt,3.5,Introducción a la Investigación,MC7201,
deepseek-r1-14b-4bit,binary,¿La presentación tiene un valor del 25%?,"En el curso Introducción a la Investigación de la Maestría en Computación, ¿La presentación tiene un valor del 25%?

Responde únicamente con 'Sí' o 'No'.",Sí,"No.

**Explicación:**
En el contexto proporcionado para el curso ""Introducción a la Investigación de la Maestría en Computación"", se menciona que las presentaciones orales son un componente importante y que se evalúan. Sin embargo, en la sección de evaluación, se detalla que la presentación oral tiene un valor del 5%. Por lo tanto, la presentación no tiene un valor del 25%.
</think>

No.

**Explicación:**
En el contexto proporcionado para el curso ""Introducción a la Investigación de la Maestría en Computación"", se menciona que las presentaciones orales son un componente importante y que se evalúan. Sin embargo, en la sección de evaluación, se detalla que la presentación oral tiene un valor del 5%. Por lo tanto, la presentación no tiene un valor del 25%.",MC7201-Introducción a la Investigación.txt;MC6004-Sistemas Operativos Avanzados.txt;MC6004-Sistemas Operativos Avanzados.txt;MC2301-Planificación estratégica de tecnología de información.txt;MC1003-Seguridad y Criptografía.txt,5.34,Introducción a la Investigación,MC7201,
deepseek-r1-14b-4bit,short_answer,¿Cuántos créditos tiene el curso?,"En el curso Análisis de Datos en Ciberseguridad de la Maestría en Ciberseguridad, ¿Cuántos créditos tiene el curso?

Da una respuesta breve y directa, en una sola frase.",4 créditos,El curso Análisis de Datos en Ciberseguridad tiene 4 créditos.,MC1001-Análisis de datos en ciberseguridad.txt;MC3010-Cibercrimen.txt;MC1006-Políticas y Gobernanza en Ciberseguridad.txt;MC1003-Seguridad y Criptografía.txt;MC3001-Seguridad de Software Avanzado.txt,1.41,Análisis de Datos en Ciberseguridad,MC1001,
deepseek-r1-14b-4bit,short_answer,¿En qué trimestre del plan de estudios se ubica?,"En el curso Análisis de Datos en Ciberseguridad de la Maestría en Ciberseguridad, ¿En qué trimestre del plan de estudios se ubica?

Da una respuesta breve y directa, en una sola frase.",Tercer trimestre,El curso Análisis de Datos en Ciberseguridad se ubica en el tercer trimestre del plan de estudios.,MC1006-Políticas y Gobernanza en Ciberseguridad.txt;MC1001-Análisis de datos en ciberseguridad.txt;MC3010-Cibercrimen.txt;MC2301-Planificación estratégica de tecnología de información.txt;MC1003-Seguridad y Criptografía.txt,1.45,Análisis de Datos en Ciberseguridad,MC1001,
deepseek-r1-14b-4bit,short_answer,¿Qué porcentaje de la nota final representan los laboratorios?,"En el curso Análisis de Datos en Ciberseguridad de la Maestría en Ciberseguridad, ¿Qué porcentaje de la nota final representan los laboratorios?

Da una respuesta breve y directa, en una sola frase.",75%,"En el curso Análisis de Datos en Ciberseguridad, los laboratorios representan el 50% de la nota final.",MC3010-Cibercrimen.txt;MC1003-Seguridad y Criptografía.txt;MC1001-Análisis de datos en ciberseguridad.txt;MC1006-Políticas y Gobernanza en Ciberseguridad.txt;MC1006-Políticas y Gobernanza en Ciberseguridad.txt,1.71,Análisis de Datos en Ciberseguridad,MC1001,
deepseek-r1-14b-4bit,short_answer,¿Permite el curso la modalidad de suficiencia?,"En el curso Análisis de Datos en Ciberseguridad de la Maestría en Ciberseguridad, ¿Permite el curso la modalidad de suficiencia?

Da una respuesta breve y directa, en una sola frase.",Sí,"Sí, el curso Análisis de Datos en Ciberseguridad permite la modalidad de suficiencia.",MC1006-Políticas y Gobernanza en Ciberseguridad.txt;MC1001-Análisis de datos en ciberseguridad.txt;MC3010-Cibercrimen.txt;MC1003-Seguridad y Criptografía.txt;MC3001-Seguridad de Software Avanzado.txt,1.56,Análisis de Datos en Ciberseguridad,MC1001,
deepseek-r1-14b-4bit,short_answer,¿Cuál es la vigencia del programa?,"En el curso Análisis de Datos en Ciberseguridad de la Maestría en Ciberseguridad, ¿Cuál es la vigencia del programa?

Da una respuesta breve y directa, en una sola frase.",2023,La vigencia del programa del curso Análisis de Datos en Ciberseguridad es 2023.,MC1006-Políticas y Gobernanza en Ciberseguridad.txt;MC1006-Políticas y Gobernanza en Ciberseguridad.txt;MC1001-Análisis de datos en ciberseguridad.txt;MC3001-Seguridad de Software Avanzado.txt;MC1003-Seguridad y Criptografía.txt,1.58,Análisis de Datos en Ciberseguridad,MC1001,
deepseek-r1-14b-4bit,short_answer,¿Qué porcentaje de la evaluación corresponde a la resolución de casos de estudio?,"En el curso Análisis de Datos en Ciberseguridad de la Maestría en Ciberseguridad, ¿Qué porcentaje de la evaluación corresponde a la resolución de casos de estudio?

Da una respuesta breve y directa, en una sola frase.",20%,No se menciona el porcentaje de la resolución de casos de estudio en el curso Análisis de Datos en Ciberseguridad.,MC2301-Planificación estratégica de tecnología de información.txt;MC1103-Gerencia de tecnología de información.txt;MC1003-Seguridad y Criptografía.txt;MC1001-Análisis de datos en ciberseguridad.txt;MC1101-Sistemas Estratégicos Empresariales.txt,1.33,Análisis de Datos en Ciberseguridad,MC1001,
deepseek-r1-14b-4bit,short_answer,¿En qué trimestre se imparte esta materia?,"En el curso Seguridad y Criptografía de la Maestría en Ciberseguridad, ¿En qué trimestre se imparte esta materia?

Da una respuesta breve y directa, en una sola frase.",Cuarto trimestre,El curso de Seguridad y Criptografía se imparte en el cuarto trimestre de la Maestría en Ciberseguridad.,MC1006-Políticas y Gobernanza en Ciberseguridad.txt;MC1006-Políticas y Gobernanza en Ciberseguridad.txt;MC1003-Seguridad y Criptografía.txt;MC1001-Análisis de datos en ciberseguridad.txt;MC3001-Seguridad de Software Avanzado.txt,1.69,Seguridad y Criptografía,MC1003,
deepseek-r1-14b-4bit,short_answer,¿De qué curso de Blockchain es requisito esta materia?,"En el curso Seguridad y Criptografía de la Maestría en Ciberseguridad, ¿De qué curso de Blockchain es requisito esta materia?

Da una respuesta breve y directa, en una sola frase.",MC4001 Blockchain y Ledger Distribuidos,"El curso ""Blockchain y Ledger Distribuidos"" es el requisito para el curso de Seguridad y Criptografía en la Maestría en Ciberseguridad.",MC1006-Políticas y Gobernanza en Ciberseguridad.txt;MC1006-Políticas y Gobernanza en Ciberseguridad.txt;MC3001-Seguridad de Software Avanzado.txt;MC1003-Seguridad y Criptografía.txt;MC1001-Análisis de datos en ciberseguridad.txt,1.83,Seguridad y Criptografía,MC1003,
deepseek-r1-14b-4bit,short_answer,¿Qué porcentaje de la nota corresponde al examen final?,"En el curso Seguridad y Criptografía de la Maestría en Ciberseguridad, ¿Qué porcentaje de la nota corresponde al examen final?

Da una respuesta breve y directa, en una sola frase.",30%,"En el curso Seguridad y Criptografía, el examen final corresponde al 50% de la nota.",MC1003-Seguridad y Criptografía.txt;MC3001-Seguridad de Software Avanzado.txt;MC1006-Políticas y Gobernanza en Ciberseguridad.txt;MC1001-Análisis de datos en ciberseguridad.txt;MC3010-Cibercrimen.txt,1.6,Seguridad y Criptografía,MC1003,
deepseek-r1-14b-4bit,short_answer,¿Cuántas horas de clase por semana tiene el curso?,"En el curso Seguridad y Criptografía de la Maestría en Ciberseguridad, ¿Cuántas horas de clase por semana tiene el curso?

Da una respuesta breve y directa, en una sola frase.",4 horas,El curso Seguridad y Criptografía tiene 4 horas de clase por semana.,MC3010-Cibercrimen.txt;MC1001-Análisis de datos en ciberseguridad.txt;MC1006-Políticas y Gobernanza en Ciberseguridad.txt;MC1003-Seguridad y Criptografía.txt;MC3001-Seguridad de Software Avanzado.txt,1.4,Seguridad y Criptografía,MC1003,
deepseek-r1-14b-4bit,short_answer,"¿Quiénes son los autores del ""Handbook of applied cryptography"" incluido en la bibliografía?","En el curso Seguridad y Criptografía de la Maestría en Ciberseguridad, ¿Quiénes son los autores del ""Handbook of applied cryptography"" incluido en la bibliografía?

Da una respuesta breve y directa, en una sola frase.","Menezes, Van Oorschot y Vanstone","El ""Handbook of Applied Cryptography"" no está incluido en la bibliografía proporcionada para el curso MC1003 Seguridad y Criptografía. Por lo tanto, no se tiene suficiente información para responder quiénes son los autores.",MC1001-Análisis de datos en ciberseguridad.txt;MC1006-Políticas y Gobernanza en Ciberseguridad.txt;MC1006-Políticas y Gobernanza en Ciberseguridad.txt;MC6104-Diseño de Experimentos.txt;MC1003-Seguridad y Criptografía.txt,2.29,Seguridad y Criptografía,MC1003,
deepseek-r1-14b-4bit,short_answer,¿Qué porcentaje de la calificación representan las tareas?,"En el curso Seguridad y Criptografía de la Maestría en Ciberseguridad, ¿Qué porcentaje de la calificación representan las tareas?

Da una respuesta breve y directa, en una sola frase.",50%,"En el curso Seguridad y Criptografía, las tareas representan el 50% de la calificación.",MC1003-Seguridad y Criptografía.txt;MC3010-Cibercrimen.txt;MC3001-Seguridad de Software Avanzado.txt;MC1001-Análisis de datos en ciberseguridad.txt;MC1006-Políticas y Gobernanza en Ciberseguridad.txt,1.58,Seguridad y Criptografía,MC1003,
deepseek-r1-14b-4bit,short_answer,¿Permite este curso la posibilidad de reconocimiento?,"En el curso Políticas y Gobernanza en Ciberseguridad de la Maestría en Ciberseguridad, ¿Permite este curso la posibilidad de reconocimiento?

Da una respuesta breve y directa, en una sola frase.",No,"Sí, el curso de Políticas y Gobernanza en Ciberseguridad de la Maestría en Ciberseguridad permite la posibilidad de reconocimiento.",MC1006-Políticas y Gobernanza en Ciberseguridad.txt;MC1006-Políticas y Gobernanza en Ciberseguridad.txt;MC3010-Cibercrimen.txt;MC1003-Seguridad y Criptografía.txt;MC3001-Seguridad de Software Avanzado.txt,1.9,Políticas y Gobernanza en Ciberseguridad,MC1006,
deepseek-r1-14b-4bit,short_answer,¿Qué porcentaje de la nota final representa el estudio de casos?,"En el curso Políticas y Gobernanza en Ciberseguridad de la Maestría en Ciberseguridad, ¿Qué porcentaje de la nota final representa el estudio de casos?

Da una respuesta breve y directa, en una sola frase.",40%,"En el curso Políticas y Gobernanza en Ciberseguridad, el estudio de casos representa el 40% de la nota final.",MC1006-Políticas y Gobernanza en Ciberseguridad.txt;MC1006-Políticas y Gobernanza en Ciberseguridad.txt;MC2301-Planificación estratégica de tecnología de información.txt;MC1103-Gerencia de tecnología de información.txt;MC1101-Sistemas Estratégicos Empresariales.txt,1.55,Políticas y Gobernanza en Ciberseguridad,MC1006,
deepseek-r1-14b-4bit,short_answer,¿En qué trimestre se ubica el curso?,"En el curso Políticas y Gobernanza en Ciberseguridad de la Maestría en Ciberseguridad, ¿En qué trimestre se ubica el curso?

Da una respuesta breve y directa, en una sola frase.",Primer trimestre,El curso Políticas y Gobernanza en Ciberseguridad se ubica en el primer trimestre.,MC1006-Políticas y Gobernanza en Ciberseguridad.txt;MC1006-Políticas y Gobernanza en Ciberseguridad.txt;MC3010-Cibercrimen.txt;MC1001-Análisis de datos en ciberseguridad.txt;MC1003-Seguridad y Criptografía.txt,1.57,Políticas y Gobernanza en Ciberseguridad,MC1006,
deepseek-r1-14b-4bit,short_answer,¿Qué porcentaje de la nota corresponde a la investigación bibliográfica?,"En el curso Políticas y Gobernanza en Ciberseguridad de la Maestría en Ciberseguridad, ¿Qué porcentaje de la nota corresponde a la investigación bibliográfica?

Da una respuesta breve y directa, en una sola frase.",20%,"En el curso ""Políticas y Gobernanza en Ciberseguridad"", el porcentaje de la nota correspondiente a la investigación bibliográfica es del 20%.",MC1006-Políticas y Gobernanza en Ciberseguridad.txt;MC1101-Sistemas Estratégicos Empresariales.txt;MC1006-Políticas y Gobernanza en Ciberseguridad.txt;MC6104-Diseño de Experimentos.txt;MC2301-Planificación estratégica de tecnología de información.txt,1.55,Políticas y Gobernanza en Ciberseguridad,MC1006,
deepseek-r1-14b-4bit,short_answer,¿Cuál es la vigencia de este programa?,"En el curso Políticas y Gobernanza en Ciberseguridad de la Maestría en Ciberseguridad, ¿Cuál es la vigencia de este programa?

Da una respuesta breve y directa, en una sola frase.",2023,La vigencia del programa es 2023.,MC1006-Políticas y Gobernanza en Ciberseguridad.txt;MC1006-Políticas y Gobernanza en Ciberseguridad.txt;MC3001-Seguridad de Software Avanzado.txt;MC3010-Cibercrimen.txt;MC1003-Seguridad y Criptografía.txt,1.27,Políticas y Gobernanza en Ciberseguridad,MC1006,
deepseek-r1-14b-4bit,short_answer,¿Cuántas horas extraclase por semana se requieren?,"En el curso Políticas y Gobernanza en Ciberseguridad de la Maestría en Ciberseguridad, ¿Cuántas horas extraclase por semana se requieren?

Da una respuesta breve y directa, en una sola frase.",14 horas,"En el curso Políticas y Gobernanza en Ciberseguridad, se requieren 14 horas extraclase por semana.",MC1006-Políticas y Gobernanza en Ciberseguridad.txt;MC1001-Análisis de datos en ciberseguridad.txt;MC3010-Cibercrimen.txt;MC3001-Seguridad de Software Avanzado.txt;MC1003-Seguridad y Criptografía.txt,1.7,Políticas y Gobernanza en Ciberseguridad,MC1006,
deepseek-r1-14b-4bit,short_answer,¿En qué área del plan de estudios se ubica este curso?,"En el curso Seguridad de Software Avanzado de la Maestría en Ciberseguridad, ¿En qué área del plan de estudios se ubica este curso?

Da una respuesta breve y directa, en una sola frase.",Área de tópicos electivos profesionalizantes,El curso Seguridad de Software Avanzado se ubica en el área de tópicos electivos profesionalizantes del plan de estudios.,MC1006-Políticas y Gobernanza en Ciberseguridad.txt;MC1006-Políticas y Gobernanza en Ciberseguridad.txt;MC3001-Seguridad de Software Avanzado.txt;MC1003-Seguridad y Criptografía.txt;MC3010-Cibercrimen.txt,1.75,Seguridad de Software Avanzado,MC3001,
deepseek-r1-14b-4bit,short_answer,¿Permite el curso la modalidad de suficiencia?,"En el curso Seguridad de Software Avanzado de la Maestría en Ciberseguridad, ¿Permite el curso la modalidad de suficiencia?

Da una respuesta breve y directa, en una sola frase.",No,"Sí, el curso de Seguridad de Software Avanzado permite la modalidad de suficiencia.",MC3001-Seguridad de Software Avanzado.txt;MC1006-Políticas y Gobernanza en Ciberseguridad.txt;MC1003-Seguridad y Criptografía.txt;MC1006-Políticas y Gobernanza en Ciberseguridad.txt;MC3010-Cibercrimen.txt,1.51,Seguridad de Software Avanzado,MC3001,
deepseek-r1-14b-4bit,short_answer,¿Qué porcentaje de la nota valen las tareas programadas?,"En el curso Seguridad de Software Avanzado de la Maestría en Ciberseguridad, ¿Qué porcentaje de la nota valen las tareas programadas?

Da una respuesta breve y directa, en una sola frase.",40%,"En el curso Seguridad de Software Avanzado, las tareas programadas representan el 50% de la nota.",MC3001-Seguridad de Software Avanzado.txt;MC1003-Seguridad y Criptografía.txt;MC3010-Cibercrimen.txt;MC1001-Análisis de datos en ciberseguridad.txt;MC1006-Políticas y Gobernanza en Ciberseguridad.txt,1.65,Seguridad de Software Avanzado,MC3001,
deepseek-r1-14b-4bit,short_answer,¿De qué curso de defensa y ataque es requisito esta materia?,"En el curso Seguridad de Software Avanzado de la Maestría en Ciberseguridad, ¿De qué curso de defensa y ataque es requisito esta materia?

Da una respuesta breve y directa, en una sola frase.",MC3006 Defensa y Ataque de Sistemas,"El curso ""Seguridad de Software Avanzado"" es requisito de ""Defensa y Ataque de Sistemas"".",MC1006-Políticas y Gobernanza en Ciberseguridad.txt;MC1006-Políticas y Gobernanza en Ciberseguridad.txt;MC3001-Seguridad de Software Avanzado.txt;MC1003-Seguridad y Criptografía.txt;MC3010-Cibercrimen.txt,1.62,Seguridad de Software Avanzado,MC3001,
deepseek-r1-14b-4bit,short_answer,¿Qué porcentaje de la nota final corresponde al examen final?,"En el curso Seguridad de Software Avanzado de la Maestría en Ciberseguridad, ¿Qué porcentaje de la nota final corresponde al examen final?

Da una respuesta breve y directa, en una sola frase.",30%,"El examen final no se menciona explícitamente en el contexto proporcionado para el curso de Seguridad de Software Avanzado. Por lo tanto, no se tiene suficiente información para determinar el porcentaje correspondiente al examen final.

Respuesta: No se tiene suficiente información para determinar el porcentaje correspondiente al examen final.",MC3001-Seguridad de Software Avanzado.txt;MC1003-Seguridad y Criptografía.txt;MC6004-Sistemas Operativos Avanzados.txt;MC3010-Cibercrimen.txt;MC1001-Análisis de datos en ciberseguridad.txt,2.65,Seguridad de Software Avanzado,MC3001,
deepseek-r1-14b-4bit,short_answer,¿Cuál es el valor porcentual del reporte de lecturas?,"En el curso Seguridad de Software Avanzado de la Maestría en Ciberseguridad, ¿Cuál es el valor porcentual del reporte de lecturas?

Da una respuesta breve y directa, en una sola frase.",10%,No se menciona el valor porcentual del reporte de lecturas en el curso de Seguridad de Software Avanzado.,MC3001-Seguridad de Software Avanzado.txt;MC1001-Análisis de datos en ciberseguridad.txt;MC1003-Seguridad y Criptografía.txt;MC1001-Análisis de datos en ciberseguridad.txt;MC3010-Cibercrimen.txt,1.64,Seguridad de Software Avanzado,MC3001,
deepseek-r1-14b-4bit,short_answer,¿Es este curso obligatorio o electivo?,"En el curso Cibercrimen de la Maestría en Ciberseguridad, ¿Es este curso obligatorio o electivo?

Da una respuesta breve y directa, en una sola frase.",Electivo,El curso de Cibercrimen es electivo.,MC1006-Políticas y Gobernanza en Ciberseguridad.txt;MC3010-Cibercrimen.txt;MC1006-Políticas y Gobernanza en Ciberseguridad.txt;MC3001-Seguridad de Software Avanzado.txt;MC1003-Seguridad y Criptografía.txt,1.26,Cibercrimen,MC3010,
deepseek-r1-14b-4bit,short_answer,¿Permite la posibilidad de reconocimiento?,"En el curso Cibercrimen de la Maestría en Ciberseguridad, ¿Permite la posibilidad de reconocimiento?

Da una respuesta breve y directa, en una sola frase.",No,"Sí, el curso Cibercrimen de la Maestría en Ciberseguridad permite la posibilidad de reconocimiento.",MC1001-Análisis de datos en ciberseguridad.txt;MC1006-Políticas y Gobernanza en Ciberseguridad.txt;MC1006-Políticas y Gobernanza en Ciberseguridad.txt;MC3010-Cibercrimen.txt;MC1003-Seguridad y Criptografía.txt,1.68,Cibercrimen,MC3010,
deepseek-r1-14b-4bit,short_answer,¿Qué porcentaje de la nota final representa la investigación?,"En el curso Cibercrimen de la Maestría en Ciberseguridad, ¿Qué porcentaje de la nota final representa la investigación?

Da una respuesta breve y directa, en una sola frase.",40%,"La investigación en el curso Cibercrimen no se menciona un porcentaje específico en el contexto proporcionado. Se habla de pruebas cortas, comprobaciones de lectura y casos de estudio, pero no hay detalles sobre la investigación bibliográfica o cualquier otro tipo de investigación. Por lo tanto, no se puede determinar el porcentaje que representa la investigación en la nota final del curso.

Respuesta: No se tiene suficiente información para determinar el porcentaje de la investigación en la nota final del curso.",MC2301-Planificación estratégica de tecnología de información.txt;MC1006-Políticas y Gobernanza en Ciberseguridad.txt;MC3010-Cibercrimen.txt;MC1006-Políticas y Gobernanza en Ciberseguridad.txt;MC1101-Sistemas Estratégicos Empresariales.txt,3.46,Cibercrimen,MC3010,
deepseek-r1-14b-4bit,short_answer,¿Qué porcentaje de la evaluación corresponde al estudio de casos?,"En el curso Cibercrimen de la Maestría en Ciberseguridad, ¿Qué porcentaje de la evaluación corresponde al estudio de casos?

Da una respuesta breve y directa, en una sola frase.",40%,"En el curso Cibercrimen de la Maestría en Ciberseguridad, el 40% de la evaluación corresponde al estudio de casos.",MC1103-Gerencia de tecnología de información.txt;MC3010-Cibercrimen.txt;MC2301-Planificación estratégica de tecnología de información.txt;MC1101-Sistemas Estratégicos Empresariales.txt;MC3010-Cibercrimen.txt,1.5,Cibercrimen,MC3010,
deepseek-r1-14b-4bit,short_answer,¿Qué software específico se menciona en los contenidos para el análisis de datos?,"En el curso Cibercrimen de la Maestría en Ciberseguridad, ¿Qué software específico se menciona en los contenidos para el análisis de datos?

Da una respuesta breve y directa, en una sola frase.",SPSS,No se menciona ningún software específico en los contenidos para el análisis de datos en el curso de Cibercrimen de la Maestría en Ciberseguridad.,MC1001-Análisis de datos en ciberseguridad.txt;MC1006-Políticas y Gobernanza en Ciberseguridad.txt;MC1006-Políticas y Gobernanza en Ciberseguridad.txt;MC3001-Seguridad de Software Avanzado.txt;MC1001-Análisis de datos en ciberseguridad.txt,1.86,Cibercrimen,MC3010,
deepseek-r1-14b-4bit,short_answer,¿Qué porcentaje de la nota representan las pruebas cortas o comprobaciones?,"En el curso Cibercrimen de la Maestría en Ciberseguridad, ¿Qué porcentaje de la nota representan las pruebas cortas o comprobaciones?

Da una respuesta breve y directa, en una sola frase.",20%,"En el curso Cibercrimen, las pruebas cortas o comprobaciones representan el 40% de la nota.",MC1003-Seguridad y Criptografía.txt;MC3010-Cibercrimen.txt;MC1001-Análisis de datos en ciberseguridad.txt;MC6004-Sistemas Operativos Avanzados.txt;MC2301-Planificación estratégica de tecnología de información.txt,1.46,Cibercrimen,MC3010,
deepseek-r1-14b-4bit,short_answer,¿En qué año se aprobó y actualizó este programa?,"En el curso Sistemas Estratégicos Empresariales de la Maestría en Gerencia de Tecnologías de la Información, ¿En qué año se aprobó y actualizó este programa?

Da una respuesta breve y directa, en una sola frase.",2025,El programa se aprobó y actualizó en el año 2025.,MC1101-Sistemas Estratégicos Empresariales.txt;MC2301-Planificación estratégica de tecnología de información.txt;MC2301-Planificación estratégica de tecnología de información.txt;MC1201-Administración financiera de tecnología de información.txt;MC1103-Gerencia de tecnología de información.txt,1.27,Sistemas Estratégicos Empresariales,MC1101,
deepseek-r1-14b-4bit,short_answer,¿Qué porcentaje de la nota final es la investigación en sistema empresarial?,"En el curso Sistemas Estratégicos Empresariales de la Maestría en Gerencia de Tecnologías de la Información, ¿Qué porcentaje de la nota final es la investigación en sistema empresarial?

Da una respuesta breve y directa, en una sola frase.",40%,La investigación en sistema empresarial (grupal) representa el 40% de la nota final en el curso Sistemas Estratégicos Empresariales.,MC1101-Sistemas Estratégicos Empresariales.txt;MC2301-Planificación estratégica de tecnología de información.txt;MC1101-Sistemas Estratégicos Empresariales.txt;MC2301-Planificación estratégica de tecnología de información.txt;MC1103-Gerencia de tecnología de información.txt,1.51,Sistemas Estratégicos Empresariales,MC1101,
deepseek-r1-14b-4bit,short_answer,¿En qué semestre del programa se ubica este curso?,"En el curso Sistemas Estratégicos Empresariales de la Maestría en Gerencia de Tecnologías de la Información, ¿En qué semestre del programa se ubica este curso?

Da una respuesta breve y directa, en una sola frase.",I semestre,El curso Sistemas Estratégicos Empresariales se ubica en el primer semestre del programa de Maestría en Gerencia de Tecnologías de la Información.,MC1101-Sistemas Estratégicos Empresariales.txt;MC2301-Planificación estratégica de tecnología de información.txt;MC1203-Administración y estrategia de proyectos I.txt;MC2301-Planificación estratégica de tecnología de información.txt;MC1201-Administración financiera de tecnología de información.txt,1.72,Sistemas Estratégicos Empresariales,MC1101,
deepseek-r1-14b-4bit,short_answer,¿Qué porcentaje total suman los dos exámenes parciales?,"En el curso Sistemas Estratégicos Empresariales de la Maestría en Gerencia de Tecnologías de la Información, ¿Qué porcentaje total suman los dos exámenes parciales?

Da una respuesta breve y directa, en una sola frase.",40%,"En el curso Sistemas Estratégicos Empresariales, los dos exámenes parciales suman un total de 40% (20% cada uno).",MC1101-Sistemas Estratégicos Empresariales.txt;MC2301-Planificación estratégica de tecnología de información.txt;MC1003-Seguridad y Criptografía.txt;MC6004-Sistemas Operativos Avanzados.txt;MC6104-Diseño de Experimentos.txt,1.36,Sistemas Estratégicos Empresariales,MC1101,
deepseek-r1-14b-4bit,short_answer,¿Cuántas horas de clase por semana tiene la materia?,"En el curso Sistemas Estratégicos Empresariales de la Maestría en Gerencia de Tecnologías de la Información, ¿Cuántas horas de clase por semana tiene la materia?

Da una respuesta breve y directa, en una sola frase.",3 horas,El curso Sistemas Estratégicos Empresariales tiene 3 horas de clase por semana.,MC1101-Sistemas Estratégicos Empresariales.txt;MC1103-Gerencia de tecnología de información.txt;MC1201-Administración financiera de tecnología de información.txt;MC1203-Administración y estrategia de proyectos I.txt;MC2301-Planificación estratégica de tecnología de información.txt,1.36,Sistemas Estratégicos Empresariales,MC1101,
deepseek-r1-14b-4bit,short_answer,¿Quién es el autor de los artículos sobre las cinco fuerzas competitivas citados?,"En el curso Sistemas Estratégicos Empresariales de la Maestría en Gerencia de Tecnologías de la Información, ¿Quién es el autor de los artículos sobre las cinco fuerzas competitivas citados?

Da una respuesta breve y directa, en una sola frase.",Michael Porter,El autor de los artículos sobre las cinco fuerzas competitivas citados es Michael E. Porter.,MC1101-Sistemas Estratégicos Empresariales.txt;MC1101-Sistemas Estratégicos Empresariales.txt;MC1006-Políticas y Gobernanza en Ciberseguridad.txt;MC2301-Planificación estratégica de tecnología de información.txt;MC1006-Políticas y Gobernanza en Ciberseguridad.txt,1.26,Sistemas Estratégicos Empresariales,MC1101,
deepseek-r1-14b-4bit,short_answer,¿Permite este curso la suficiencia?,"En el curso Gerencia de Tecnología de Información de la Maestría en Gerencia de Tecnologías de la Información, ¿Permite este curso la suficiencia?

Da una respuesta breve y directa, en una sola frase.",No,"No, el curso Gerencia de Tecnología de Información de la Maestría en Gerencia de Tecnologías de la Información no permite la suficiencia, ya que no es un requisito de ningún curso y no es un curso de suficiencia.",MC2301-Planificación estratégica de tecnología de información.txt;MC1103-Gerencia de tecnología de información.txt;MC7201-Introducción a la Investigación.txt;MC1101-Sistemas Estratégicos Empresariales.txt;MC1103-Gerencia de tecnología de información.txt,2.15,Gerencia de Tecnología de Información,MC1103,
deepseek-r1-14b-4bit,short_answer,¿En qué semestre del programa se ubica (indicado como código)?,"En el curso Gerencia de Tecnología de Información de la Maestría en Gerencia de Tecnologías de la Información, ¿En qué semestre del programa se ubica (indicado como código)?

Da una respuesta breve y directa, en una sola frase.",P4 semestre,El curso Gerencia de Tecnología de Información se ubica en el 4° semestre del programa de Maestría en Gerencia de Tecnologías de la Información.,MC1103-Gerencia de tecnología de información.txt;MC1201-Administración financiera de tecnología de información.txt;MC1101-Sistemas Estratégicos Empresariales.txt;MC1203-Administración y estrategia de proyectos I.txt;MC2301-Planificación estratégica de tecnología de información.txt,1.79,Gerencia de Tecnología de Información,MC1103,
deepseek-r1-14b-4bit,short_answer,¿Qué porcentaje de la evaluación corresponde al estudio de casos?,"En el curso Gerencia de Tecnología de Información de la Maestría en Gerencia de Tecnologías de la Información, ¿Qué porcentaje de la evaluación corresponde al estudio de casos?

Da una respuesta breve y directa, en una sola frase.",40%,"En el curso Gerencia de Tecnología de la Información, el estudio de casos corresponde al 40% de la evaluación.",MC1103-Gerencia de tecnología de información.txt;MC1101-Sistemas Estratégicos Empresariales.txt;MC2301-Planificación estratégica de tecnología de información.txt;MC1003-Seguridad y Criptografía.txt;MC6004-Sistemas Operativos Avanzados.txt,1.2,Gerencia de Tecnología de Información,MC1103,
deepseek-r1-14b-4bit,short_answer,¿Qué porcentaje de la nota es la investigación bibliográfica y exposición?,"En el curso Gerencia de Tecnología de Información de la Maestría en Gerencia de Tecnologías de la Información, ¿Qué porcentaje de la nota es la investigación bibliográfica y exposición?

Da una respuesta breve y directa, en una sola frase.",20%,La investigación bibliográfica y exposición representan el 20% de la nota en el curso Gerencia de Tecnología de la Información.,MC1101-Sistemas Estratégicos Empresariales.txt;MC2301-Planificación estratégica de tecnología de información.txt;MC6104-Diseño de Experimentos.txt;MC6004-Sistemas Operativos Avanzados.txt;MC1103-Gerencia de tecnología de información.txt,1.27,Gerencia de Tecnología de Información,MC1103,
deepseek-r1-14b-4bit,short_answer,¿Cuántas horas extraclase se requieren semanalmente?,"En el curso Gerencia de Tecnología de Información de la Maestría en Gerencia de Tecnologías de la Información, ¿Cuántas horas extraclase se requieren semanalmente?

Da una respuesta breve y directa, en una sola frase.",9 horas,"En el curso Gerencia de Tecnología de Información, se requieren 9 horas extraclase semanalmente.",MC1103-Gerencia de tecnología de información.txt;MC1201-Administración financiera de tecnología de información.txt;MC1203-Administración y estrategia de proyectos I.txt;MC1101-Sistemas Estratégicos Empresariales.txt;MC2301-Planificación estratégica de tecnología de información.txt,1.46,Gerencia de Tecnología de Información,MC1103,
deepseek-r1-14b-4bit,short_answer,¿Es posible el reconocimiento del curso?,"En el curso Gerencia de Tecnología de Información de la Maestría en Gerencia de Tecnologías de la Información, ¿Es posible el reconocimiento del curso?

Da una respuesta breve y directa, en una sola frase.",No,No es posible el reconocimiento del curso.,MC7201-Introducción a la Investigación.txt;MC1103-Gerencia de tecnología de información.txt;MC2301-Planificación estratégica de tecnología de información.txt;MC6004-Sistemas Operativos Avanzados.txt;MC1103-Gerencia de tecnología de información.txt,1.01,Gerencia de Tecnología de Información,MC1103,
deepseek-r1-14b-4bit,short_answer,¿Permite este curso la posibilidad de reconocimiento?,"En el curso Administración Financiera de TI de la Maestría en Gerencia de Tecnologías de la Información, ¿Permite este curso la posibilidad de reconocimiento?

Da una respuesta breve y directa, en una sola frase.",Sí,"Sí, el curso de Administración Financiera de TI permite la posibilidad de reconocimiento.",MC2301-Planificación estratégica de tecnología de información.txt;MC1201-Administración financiera de tecnología de información.txt;MC1101-Sistemas Estratégicos Empresariales.txt;MC1103-Gerencia de tecnología de información.txt;MC1103-Gerencia de tecnología de información.txt,1.32,Administración Financiera de TI,MC1201,
deepseek-r1-14b-4bit,short_answer,¿En qué semestre se ubica la materia?,"En el curso Administración Financiera de TI de la Maestría en Gerencia de Tecnologías de la Información, ¿En qué semestre se ubica la materia?

Da una respuesta breve y directa, en una sola frase.",2do semestre,El curso se ubica en el 2do semestre del programa de Maestría en Gerencia de Tecnologías de la Información.,MC1201-Administración financiera de tecnología de información.txt;MC1101-Sistemas Estratégicos Empresariales.txt;MC1201-Administración financiera de tecnología de información.txt;MC2301-Planificación estratégica de tecnología de información.txt;MC2301-Planificación estratégica de tecnología de información.txt,1.55,Administración Financiera de TI,MC1201,
deepseek-r1-14b-4bit,short_answer,¿Qué porcentaje total de la nota suman los dos exámenes parciales?,"En el curso Administración Financiera de TI de la Maestría en Gerencia de Tecnologías de la Información, ¿Qué porcentaje total de la nota suman los dos exámenes parciales?

Da una respuesta breve y directa, en una sola frase.",50%,"En el curso Administración Financiera de TI, los exámenes parciales suman un total de 40% de la nota.",MC6004-Sistemas Operativos Avanzados.txt;MC1101-Sistemas Estratégicos Empresariales.txt;MC1003-Seguridad y Criptografía.txt;MC2301-Planificación estratégica de tecnología de información.txt;MC1201-Administración financiera de tecnología de información.txt,1.28,Administración Financiera de TI,MC1201,
deepseek-r1-14b-4bit,short_answer,¿Qué porcentaje de la evaluación corresponde a la investigación bibliográfica?,"En el curso Administración Financiera de TI de la Maestría en Gerencia de Tecnologías de la Información, ¿Qué porcentaje de la evaluación corresponde a la investigación bibliográfica?

Da una respuesta breve y directa, en una sola frase.",20%,"En el curso Administración Financiera de TI de la Maestría en Gerencia de Tecnologías de la Información, el porcentaje de la evaluación correspondiente a la investigación bibliográfica es del 20%.",MC1101-Sistemas Estratégicos Empresariales.txt;MC2301-Planificación estratégica de tecnología de información.txt;MC1003-Seguridad y Criptografía.txt;MC1103-Gerencia de tecnología de información.txt;MC6104-Diseño de Experimentos.txt,1.67,Administración Financiera de TI,MC1201,
deepseek-r1-14b-4bit,short_answer,¿Qué porcentaje de la nota representan las comprobaciones de lectura?,"En el curso Administración Financiera de TI de la Maestría en Gerencia de Tecnologías de la Información, ¿Qué porcentaje de la nota representan las comprobaciones de lectura?

Da una respuesta breve y directa, en una sola frase.",15%,"En el curso Administración Financiera de TI de la Maestría en Gerencia de Tecnologías de la Información, las comprobaciones de lectura representan el 40% de la nota.",MC6004-Sistemas Operativos Avanzados.txt;MC1101-Sistemas Estratégicos Empresariales.txt;MC2301-Planificación estratégica de tecnología de información.txt;MC1003-Seguridad y Criptografía.txt;MC6104-Diseño de Experimentos.txt,1.51,Administración Financiera de TI,MC1201,
deepseek-r1-14b-4bit,short_answer,¿Permite el curso la suficiencia?,"En el curso Administración Financiera de TI de la Maestría en Gerencia de Tecnologías de la Información, ¿Permite el curso la suficiencia?

Da una respuesta breve y directa, en una sola frase.",No,"No, el curso no permite la suficiencia.",MC2301-Planificación estratégica de tecnología de información.txt;MC1201-Administración financiera de tecnología de información.txt;MC1101-Sistemas Estratégicos Empresariales.txt;MC1103-Gerencia de tecnología de información.txt;MC1201-Administración financiera de tecnología de información.txt,1.07,Administración Financiera de TI,MC1201,
deepseek-r1-14b-4bit,short_answer,¿De qué curso de nivel II es requisito esta materia?,"En el curso Administración y Estrategia de Proyectos I de la Maestría en Gerencia de Tecnologías de la Información, ¿De qué curso de nivel II es requisito esta materia?

Da una respuesta breve y directa, en una sola frase.",MC-6204 Administración y estrategia de proyectos II,"No se proporciona información sobre los requisitos previos para el curso ""Administración y Estrategia de Proyectos I"" en el contexto dado.",MC1103-Gerencia de tecnología de información.txt;MC2301-Planificación estratégica de tecnología de información.txt;MC1203-Administración y estrategia de proyectos I.txt;MC1203-Administración y estrategia de proyectos I.txt;MC1003-Seguridad y Criptografía.txt,1.28,Administración y Estrategia de Proyectos I,MC1203,
deepseek-r1-14b-4bit,short_answer,¿Cuál es el tipo de curso según los datos generales?,"En el curso Administración y Estrategia de Proyectos I de la Maestría en Gerencia de Tecnologías de la Información, ¿Cuál es el tipo de curso según los datos generales?

Da una respuesta breve y directa, en una sola frase.",Teórico,"Según los datos generales del curso MC1203-Administración y estrategia de proyectos I, el tipo de curso es teórico.",MC2301-Planificación estratégica de tecnología de información.txt;MC1103-Gerencia de tecnología de información.txt;MC1101-Sistemas Estratégicos Empresariales.txt;MC1203-Administración y estrategia de proyectos I.txt;MC1203-Administración y estrategia de proyectos I.txt,1.59,Administración y Estrategia de Proyectos I,MC1203,
deepseek-r1-14b-4bit,short_answer,¿En qué semestre del programa se ubica?,"En el curso Administración y Estrategia de Proyectos I de la Maestría en Gerencia de Tecnologías de la Información, ¿En qué semestre del programa se ubica?

Da una respuesta breve y directa, en una sola frase.",3er semestre,El curso se ubica en el 3er semestre del programa de Maestría en Gerencia de Tecnologías de la Información.,MC1203-Administración y estrategia de proyectos I.txt;MC2301-Planificación estratégica de tecnología de información.txt;MC1103-Gerencia de tecnología de información.txt;MC1203-Administración y estrategia de proyectos I.txt;MC1101-Sistemas Estratégicos Empresariales.txt,1.38,Administración y Estrategia de Proyectos I,MC1203,
deepseek-r1-14b-4bit,short_answer,¿Qué porcentaje de la nota final corresponde a la escritura de dos ensayos individuales?,"En el curso Administración y Estrategia de Proyectos I de la Maestría en Gerencia de Tecnologías de la Información, ¿Qué porcentaje de la nota final corresponde a la escritura de dos ensayos individuales?

Da una respuesta breve y directa, en una sola frase.",30%,No se proporciona información sobre la distribución de la nota final en el curso Administración y Estrategia de Proyectos I de la Maestría en Gerencia de Tecnologías de la Información.,MC6004-Sistemas Operativos Avanzados.txt;MC2301-Planificación estratégica de tecnología de información.txt;MC1003-Seguridad y Criptografía.txt;MC1101-Sistemas Estratégicos Empresariales.txt;MC1103-Gerencia de tecnología de información.txt,1.56,Administración y Estrategia de Proyectos I,MC1203,
deepseek-r1-14b-4bit,short_answer,¿Qué porcentaje de la evaluación es la resolución de casos prácticos?,"En el curso Administración y Estrategia de Proyectos I de la Maestría en Gerencia de Tecnologías de la Información, ¿Qué porcentaje de la evaluación es la resolución de casos prácticos?

Da una respuesta breve y directa, en una sola frase.",25%,"En el curso Administración y Estrategia de Proyectos I, el porcentaje de evaluación dedicado a la resolución de casos prácticos es del 25%.",MC2301-Planificación estratégica de tecnología de información.txt;MC1103-Gerencia de tecnología de información.txt;MC1003-Seguridad y Criptografía.txt;MC1101-Sistemas Estratégicos Empresariales.txt;MC1203-Administración y estrategia de proyectos I.txt,1.38,Administración y Estrategia de Proyectos I,MC1203,
deepseek-r1-14b-4bit,short_answer,¿Qué porcentaje de la nota vale la investigación sobre un tema seleccionado?,"En el curso Administración y Estrategia de Proyectos I de la Maestría en Gerencia de Tecnologías de la Información, ¿Qué porcentaje de la nota vale la investigación sobre un tema seleccionado?

Da una respuesta breve y directa, en una sola frase.",25%,"La investigación sobre un tema seleccionado no se menciona directamente en el contexto proporcionado para el curso Administración y Estrategia de Proyectos I de la Maestría en Gerencia de Tecnologías de la Información. Por lo tanto, no se tiene suficiente información para determinar el porcentaje que vale dicha investigación.

Respuesta: No se tiene suficiente información para determinar el porcentaje de la investigación sobre un tema seleccionado en el curso.",MC2301-Planificación estratégica de tecnología de información.txt;MC1101-Sistemas Estratégicos Empresariales.txt;MC1003-Seguridad y Criptografía.txt;MC1103-Gerencia de tecnología de información.txt;MC6004-Sistemas Operativos Avanzados.txt,2.89,Administración y Estrategia de Proyectos I,MC1203,
deepseek-r1-14b-4bit,short_answer,¿Con cuántas faltas de asistencia injustificadas se reprueba el curso?,"En el curso Planificación Estratégica de TI de la Maestría en Gerencia de Tecnologías de la Información, ¿Con cuántas faltas de asistencia injustificadas se reprueba el curso?

Da una respuesta breve y directa, en una sola frase.",4 faltas,No se proporciona información sobre el número de faltas de asistencia injustificadas para reprobar el curso en el contexto dado.,MC2301-Planificación estratégica de tecnología de información.txt;MC6004-Sistemas Operativos Avanzados.txt;MC1103-Gerencia de tecnología de información.txt;MC1203-Administración y estrategia de proyectos I.txt;MC1101-Sistemas Estratégicos Empresariales.txt,1.36,Planificación Estratégica de TI,MC2301,
deepseek-r1-14b-4bit,short_answer,¿Qué porcentaje de la nota final representa la resolución de casos?,"En el curso Planificación Estratégica de TI de la Maestría en Gerencia de Tecnologías de la Información, ¿Qué porcentaje de la nota final representa la resolución de casos?

Da una respuesta breve y directa, en una sola frase.",40%,La resolución de casos representa el 40% de la nota final en el curso Planificación Estratégica de TI de la Maestría en Gerencia de Tecnologías de la Información.,MC2301-Planificación estratégica de tecnología de información.txt;MC1103-Gerencia de tecnología de información.txt;MC6004-Sistemas Operativos Avanzados.txt;MC1101-Sistemas Estratégicos Empresariales.txt;MC1103-Gerencia de tecnología de información.txt,1.65,Planificación Estratégica de TI,MC2301,
deepseek-r1-14b-4bit,short_answer,¿Cuántos minutos después de la hora oficial de entrada se consideran para marcar ausencia?,"En el curso Planificación Estratégica de TI de la Maestría en Gerencia de Tecnologías de la Información, ¿Cuántos minutos después de la hora oficial de entrada se consideran para marcar ausencia?

Da una respuesta breve y directa, en una sola frase.",30 minutos,"El curso Planificación Estratégica de TI no proporciona información específica sobre los minutos después de la hora oficial de entrada para marcar ausencia. Por lo tanto, no se dispone de la información requerida en el contexto proporcionado.

Respuesta: No se dispone de la información requerida en el contexto proporcionado.",MC1203-Administración y estrategia de proyectos I.txt;MC1101-Sistemas Estratégicos Empresariales.txt;MC2301-Planificación estratégica de tecnología de información.txt;MC6004-Sistemas Operativos Avanzados.txt;MC1103-Gerencia de tecnología de información.txt,2.51,Planificación Estratégica de TI,MC2301,
deepseek-r1-14b-4bit,short_answer,¿Qué porcentaje de la evaluación corresponde a la investigación bibliográfica?,"En el curso Planificación Estratégica de TI de la Maestría en Gerencia de Tecnologías de la Información, ¿Qué porcentaje de la evaluación corresponde a la investigación bibliográfica?

Da una respuesta breve y directa, en una sola frase.",20%,"En el curso Planificación Estratégica de TI, el porcentaje de la evaluación correspondiente a la investigación bibliográfica es del 20%.",MC2301-Planificación estratégica de tecnología de información.txt;MC1101-Sistemas Estratégicos Empresariales.txt;MC1003-Seguridad y Criptografía.txt;MC1103-Gerencia de tecnología de información.txt;MC1103-Gerencia de tecnología de información.txt,1.4,Planificación Estratégica de TI,MC2301,
deepseek-r1-14b-4bit,short_answer,¿Permite el curso la suficiencia?,"En el curso Planificación Estratégica de TI de la Maestría en Gerencia de Tecnologías de la Información, ¿Permite el curso la suficiencia?

Da una respuesta breve y directa, en una sola frase.",No,"No, el curso no concede suficiencia.",MC1103-Gerencia de tecnología de información.txt;MC2301-Planificación estratégica de tecnología de información.txt;MC2301-Planificación estratégica de tecnología de información.txt;MC1101-Sistemas Estratégicos Empresariales.txt;MC1203-Administración y estrategia de proyectos I.txt,1.02,Planificación Estratégica de TI,MC2301,
deepseek-r1-14b-4bit,short_answer,"¿Qué porcentaje de la nota representan las pruebas cortas, comprobaciones y ensayos?","En el curso Planificación Estratégica de TI de la Maestría en Gerencia de Tecnologías de la Información, ¿Qué porcentaje de la nota representan las pruebas cortas, comprobaciones y ensayos?

Da una respuesta breve y directa, en una sola frase.",40%,"En el curso Planificación Estratégica de TI de la Maestría en Gerencia de Tecnologías de la Información, las pruebas cortas, comprobaciones y ensayos representan un 40% de la nota.",MC2301-Planificación estratégica de tecnología de información.txt;MC6004-Sistemas Operativos Avanzados.txt;MC1101-Sistemas Estratégicos Empresariales.txt;MC1003-Seguridad y Criptografía.txt;MC1103-Gerencia de tecnología de información.txt,1.75,Planificación Estratégica de TI,MC2301,
deepseek-r1-14b-4bit,short_answer,¿En qué periodo del plan de estudios se ubica?,"En el curso Teoría de Autómatas de la Maestría en Computación, ¿En qué periodo del plan de estudios se ubica?

Da una respuesta breve y directa, en una sola frase.",II Periodo,"En el curso Teoría de Autómatas de la Maestría en Computación, se ubica en el II Periodo del Plan de Estudios.",MC6003-Teoría de Autómatas.txt;MC6104-Diseño de Experimentos.txt;MC7201-Introducción a la Investigación.txt;MC6102-Análisis de Algoritmos.txt;MC2301-Planificación estratégica de tecnología de información.txt,1.68,Teoría de Autómatas,MC6003,
deepseek-r1-14b-4bit,short_answer,¿Quién es el profesor titular del curso?,"En el curso Teoría de Autómatas de la Maestría en Computación, ¿Quién es el profesor titular del curso?

Da una respuesta breve y directa, en una sola frase.",Erick Mata Montero,No se proporciona información sobre el profesor titular del curso Teoría de Autómatas en el contexto dado.,MC7201-Introducción a la Investigación.txt;MC6003-Teoría de Autómatas.txt;MC6102-Análisis de Algoritmos.txt;MC7201-Introducción a la Investigación.txt;MC6104-Diseño de Experimentos.txt,1.59,Teoría de Autómatas,MC6003,
deepseek-r1-14b-4bit,short_answer,¿Qué porcentaje de la nota final representa el examen final?,"En el curso Teoría de Autómatas de la Maestría en Computación, ¿Qué porcentaje de la nota final representa el examen final?

Da una respuesta breve y directa, en una sola frase.",30%,No se menciona el porcentaje del examen final en el curso de Teoría de Autómatas.,MC6004-Sistemas Operativos Avanzados.txt;MC1003-Seguridad y Criptografía.txt;MC6104-Diseño de Experimentos.txt;MC6003-Teoría de Autómatas.txt;MC2301-Planificación estratégica de tecnología de información.txt,1.2,Teoría de Autómatas,MC6003,
deepseek-r1-14b-4bit,short_answer,¿Cuál es el porcentaje asignado al examen parcial?,"En el curso Teoría de Autómatas de la Maestría en Computación, ¿Cuál es el porcentaje asignado al examen parcial?

Da una respuesta breve y directa, en una sola frase.",20%,"En el curso Teoría de Autómatas de la Maestría en Computación, el porcentaje asignado al examen parcial es del 10%.
</think>

En el curso Teoría de Autómatas de la Maestría en Computación, el porcentaje asignado al examen parcial es del 10%.",MC1003-Seguridad y Criptografía.txt;MC6003-Teoría de Autómatas.txt;MC6004-Sistemas Operativos Avanzados.txt;MC2301-Planificación estratégica de tecnología de información.txt;MC1101-Sistemas Estratégicos Empresariales.txt,2.36,Teoría de Autómatas,MC6003,
deepseek-r1-14b-4bit,short_answer,¿Permite el curso la modalidad de suficiencia?,"En el curso Teoría de Autómatas de la Maestría en Computación, ¿Permite el curso la modalidad de suficiencia?

Da una respuesta breve y directa, en una sola frase.",Sí,"Sí, el curso Teoría de Autómatas de la Maestría en Computación permite la modalidad de suficiencia.",MC6003-Teoría de Autómatas.txt;MC6102-Análisis de Algoritmos.txt;MC6102-Análisis de Algoritmos.txt;MC7201-Introducción a la Investigación.txt;MC6104-Diseño de Experimentos.txt,1.78,Teoría de Autómatas,MC6003,
deepseek-r1-14b-4bit,short_answer,¿Quiénes son los autores principales del libro de texto base?,"En el curso Teoría de Autómatas de la Maestría en Computación, ¿Quiénes son los autores principales del libro de texto base?

Da una respuesta breve y directa, en una sola frase.",Hopcroft et al.,No se menciona el nombre de los autores principales del libro de texto base en el contexto proporcionado.,MC6104-Diseño de Experimentos.txt;MC7201-Introducción a la Investigación.txt;MC7201-Introducción a la Investigación.txt;MC6102-Análisis de Algoritmos.txt;MC6003-Teoría de Autómatas.txt,1.52,Teoría de Autómatas,MC6003,
deepseek-r1-14b-4bit,short_answer,¿De qué curso de redes es requisito esta materia?,"En el curso Sistemas Operativos Avanzados de la Maestría en Computación, ¿De qué curso de redes es requisito esta materia?

Da una respuesta breve y directa, en una sola frase.",MC-6006 Redes de Computadores Avanzadas,"El curso ""Sistemas Operativos Avanzados"" es requisito para el curso ""Redes de Computadores Avanzadas"".",MC6004-Sistemas Operativos Avanzados.txt;MC6102-Análisis de Algoritmos.txt;MC6104-Diseño de Experimentos.txt;MC1103-Gerencia de tecnología de información.txt;MC7201-Introducción a la Investigación.txt,1.67,Sistemas Operativos Avanzados,MC6004,
deepseek-r1-14b-4bit,short_answer,¿Cuál es la duración mínima exigida para la presentación oral?,"En el curso Sistemas Operativos Avanzados de la Maestría en Computación, ¿Cuál es la duración mínima exigida para la presentación oral?

Da una respuesta breve y directa, en una sola frase.",16 minutos,La duración mínima exigida para la presentación oral es de 16 minutos.,MC6004-Sistemas Operativos Avanzados.txt;MC6004-Sistemas Operativos Avanzados.txt;MC7201-Introducción a la Investigación.txt;MC6104-Diseño de Experimentos.txt;MC1103-Gerencia de tecnología de información.txt,1.26,Sistemas Operativos Avanzados,MC6004,
deepseek-r1-14b-4bit,short_answer,¿En qué formato deben confeccionarse los reportes de proyectos y el paper?,"En el curso Sistemas Operativos Avanzados de la Maestría en Computación, ¿En qué formato deben confeccionarse los reportes de proyectos y el paper?

Da una respuesta breve y directa, en una sola frase.",IEEE Transactions,"En el curso Sistemas Operativos Avanzados, los reportes de proyectos y el paper deben confeccionarse en formato PDF con el nombre SOA16mmdd-k.pdf, donde mm es el mes y k es un número secuencial.",MC6004-Sistemas Operativos Avanzados.txt;MC6004-Sistemas Operativos Avanzados.txt;MC1103-Gerencia de tecnología de información.txt;MC2301-Planificación estratégica de tecnología de información.txt;MC1103-Gerencia de tecnología de información.txt,2.15,Sistemas Operativos Avanzados,MC6004,
deepseek-r1-14b-4bit,short_answer,¿En qué idioma debe estar escrito el paper de investigación?,"En el curso Sistemas Operativos Avanzados de la Maestría en Computación, ¿En qué idioma debe estar escrito el paper de investigación?

Da una respuesta breve y directa, en una sola frase.",Inglés,"El curso en cuestión es ""Introducción a la Investigación"" (MC7201), no ""Sistemas Operativos Avanzados"". En el documento de ""Introducción a la Investigación"", se menciona que el paper debe estar escrito en inglés y con formato de IEEE Transactions. Por lo tanto, el idioma requerido para el paper de investigación es inglés.

Respuesta: El paper debe estar escrito en inglés.",MC6003-Teoría de Autómatas.txt;MC7201-Introducción a la Investigación.txt;MC6102-Análisis de Algoritmos.txt;MC2301-Planificación estratégica de tecnología de información.txt;MC7201-Introducción a la Investigación.txt,3.16,Sistemas Operativos Avanzados,MC6004,
deepseek-r1-14b-4bit,short_answer,¿Qué porcentaje total de la nota suman los tres proyectos programados?,"En el curso Sistemas Operativos Avanzados de la Maestría en Computación, ¿Qué porcentaje total de la nota suman los tres proyectos programados?

Da una respuesta breve y directa, en una sola frase.",30%,"En el curso Sistemas Operativos Avanzados, los proyectos programados suman un total de 30% de la nota.",MC6004-Sistemas Operativos Avanzados.txt;MC2301-Planificación estratégica de tecnología de información.txt;MC1203-Administración y estrategia de proyectos I.txt;MC1203-Administración y estrategia de proyectos I.txt;MC1003-Seguridad y Criptografía.txt,1.16,Sistemas Operativos Avanzados,MC6004,
deepseek-r1-14b-4bit,short_answer,¿Quién es el profesor titular del curso?,"En el curso Sistemas Operativos Avanzados de la Maestría en Computación, ¿Quién es el profesor titular del curso?

Da una respuesta breve y directa, en una sola frase.",Dr. Francisco J. Torres-Rojas,El profesor titular del curso Sistemas Operativos Avanzados no está mencionado en el contexto proporcionado.,MC7201-Introducción a la Investigación.txt;MC6004-Sistemas Operativos Avanzados.txt;MC6102-Análisis de Algoritmos.txt;MC6104-Diseño de Experimentos.txt;MC6104-Diseño de Experimentos.txt,1.59,Sistemas Operativos Avanzados,MC6004,
deepseek-r1-14b-4bit,short_answer,¿En qué periodo del plan de estudios se imparte?,"En el curso Análisis de Algoritmos de la Maestría en Computación, ¿En qué periodo del plan de estudios se imparte?

Da una respuesta breve y directa, en una sola frase.",I Periodo,"En el curso Análisis de Algoritmos de la Maestría en Computación, se imparte en el I Periodo del Plan de Estudios.",MC6102-Análisis de Algoritmos.txt;MC6104-Diseño de Experimentos.txt;MC6102-Análisis de Algoritmos.txt;MC7201-Introducción a la Investigación.txt;MC6003-Teoría de Autómatas.txt,1.85,Análisis de Algoritmos,MC6102,
deepseek-r1-14b-4bit,short_answer,¿En qué horario se dictan las clases los martes?,"En el curso Análisis de Algoritmos de la Maestría en Computación, ¿En qué horario se dictan las clases los martes?

Da una respuesta breve y directa, en una sola frase.",6:00 p. m. a 8:50 p. m.,No se proporciona información sobre el horario de clases en el contexto dado.,MC6003-Teoría de Autómatas.txt;MC6104-Diseño de Experimentos.txt;MC1103-Gerencia de tecnología de información.txt;MC1203-Administración y estrategia de proyectos I.txt;MC6102-Análisis de Algoritmos.txt,1.36,Análisis de Algoritmos,MC6102,
deepseek-r1-14b-4bit,short_answer,¿Quién es el profesor del curso?,"En el curso Análisis de Algoritmos de la Maestría en Computación, ¿Quién es el profesor del curso?

Da una respuesta breve y directa, en una sola frase.",José E. Araya,No se proporciona información sobre el profesor del curso Análisis de Algoritmos en el contexto dado.,MC6102-Análisis de Algoritmos.txt;MC7201-Introducción a la Investigación.txt;MC6102-Análisis de Algoritmos.txt;MC6104-Diseño de Experimentos.txt;MC6004-Sistemas Operativos Avanzados.txt,1.6,Análisis de Algoritmos,MC6102,
deepseek-r1-14b-4bit,short_answer,¿Qué porcentaje de la nota final representan las tareas e investigaciones?,"En el curso Análisis de Algoritmos de la Maestría en Computación, ¿Qué porcentaje de la nota final representan las tareas e investigaciones?

Da una respuesta breve y directa, en una sola frase.",50%,"En el curso Análisis de Algoritmos de la Maestría en Computación, las tareas e investigaciones representan el 50% de la nota final.",MC6004-Sistemas Operativos Avanzados.txt;MC6102-Análisis de Algoritmos.txt;MC1003-Seguridad y Criptografía.txt;MC6102-Análisis de Algoritmos.txt;MC6104-Diseño de Experimentos.txt,1.67,Análisis de Algoritmos,MC6102,
deepseek-r1-14b-4bit,short_answer,¿Qué porcentaje de la evaluación corresponde a los exámenes parciales?,"En el curso Análisis de Algoritmos de la Maestría en Computación, ¿Qué porcentaje de la evaluación corresponde a los exámenes parciales?

Da una respuesta breve y directa, en una sola frase.",50%,"En el curso Análisis de Algoritmos de la Maestría en Computación, los exámenes parciales representan el 50% de la evaluación.",MC1003-Seguridad y Criptografía.txt;MC6004-Sistemas Operativos Avanzados.txt;MC6102-Análisis de Algoritmos.txt;MC2301-Planificación estratégica de tecnología de información.txt;MC6102-Análisis de Algoritmos.txt,1.53,Análisis de Algoritmos,MC6102,
deepseek-r1-14b-4bit,short_answer,¿Cuál es el libro de texto de carácter obligatorio?,"En el curso Análisis de Algoritmos de la Maestría en Computación, ¿Cuál es el libro de texto de carácter obligatorio?

Da una respuesta breve y directa, en una sola frase.",Fundamentos de Algoritmia de Brassard y Bratley,"El libro de texto obligatorio es ""Fundamentos de Algoritmia"" de Gilles Brassard y Paul Bratley.",MC6102-Análisis de Algoritmos.txt;MC6102-Análisis de Algoritmos.txt;MC7201-Introducción a la Investigación.txt;MC6003-Teoría de Autómatas.txt;MC7201-Introducción a la Investigación.txt,1.68,Análisis de Algoritmos,MC6102,
deepseek-r1-14b-4bit,short_answer,¿Es este curso obligatorio o electivo?,"En el curso Diseño de Experimentos de la Maestría en Computación, ¿Es este curso obligatorio o electivo?

Da una respuesta breve y directa, en una sola frase.",Electivo,El curso Diseño de Experimentos es obligatorio.,MC6104-Diseño de Experimentos.txt;MC6102-Análisis de Algoritmos.txt;MC7201-Introducción a la Investigación.txt;MC7201-Introducción a la Investigación.txt;MC6004-Sistemas Operativos Avanzados.txt,1.24,Diseño de Experimentos,MC6104,
deepseek-r1-14b-4bit,short_answer,¿De qué curso de Seminario de Investigación es requisito?,"En el curso Diseño de Experimentos de la Maestría en Computación, ¿De qué curso de Seminario de Investigación es requisito?

Da una respuesta breve y directa, en una sola frase.",MC-7203 – Seminario de Investigación - Tesis II,"En el curso Diseño de Experimentos de la Maestría en Computación, el requisito es el curso Seminario de Investigación Tesis II.",MC7201-Introducción a la Investigación.txt;MC6104-Diseño de Experimentos.txt;MC6004-Sistemas Operativos Avanzados.txt;MC7201-Introducción a la Investigación.txt;MC6102-Análisis de Algoritmos.txt,1.66,Diseño de Experimentos,MC6104,
deepseek-r1-14b-4bit,short_answer,¿Qué porcentaje de la nota final representan los proyectos?,"En el curso Diseño de Experimentos de la Maestría en Computación, ¿Qué porcentaje de la nota final representan los proyectos?

Da una respuesta breve y directa, en una sola frase.",35%,"En el curso Diseño de Experimentos de la Maestría en Computación, los proyectos representan el 35% de la nota final.",MC6004-Sistemas Operativos Avanzados.txt;MC1003-Seguridad y Criptografía.txt;MC2301-Planificación estratégica de tecnología de información.txt;MC6104-Diseño de Experimentos.txt;MC6104-Diseño de Experimentos.txt,1.38,Diseño de Experimentos,MC6104,
deepseek-r1-14b-4bit,short_answer,¿En qué idioma deben escribirse los reportes de los proyectos?,"En el curso Diseño de Experimentos de la Maestría en Computación, ¿En qué idioma deben escribirse los reportes de los proyectos?

Da una respuesta breve y directa, en una sola frase.",Inglés,"En el curso Diseño de Experimentos de la Maestría en Computación, los reportes de los proyectos deben escribirse en inglés.",MC7201-Introducción a la Investigación.txt;MC6104-Diseño de Experimentos.txt;MC1103-Gerencia de tecnología de información.txt;MC6102-Análisis de Algoritmos.txt;MC2301-Planificación estratégica de tecnología de información.txt,1.56,Diseño de Experimentos,MC6104,
deepseek-r1-14b-4bit,short_answer,¿Permite el curso la suficiencia?,"En el curso Diseño de Experimentos de la Maestría en Computación, ¿Permite el curso la suficiencia?

Da una respuesta breve y directa, en una sola frase.",No,"No, el curso Diseño de Experimentos no concede suficiencia.",MC6102-Análisis de Algoritmos.txt;MC6104-Diseño de Experimentos.txt;MC7201-Introducción a la Investigación.txt;MC7201-Introducción a la Investigación.txt;MC6102-Análisis de Algoritmos.txt,1.38,Diseño de Experimentos,MC6104,
deepseek-r1-14b-4bit,short_answer,¿Qué porcentaje de la nota corresponde al segundo examen parcial?,"En el curso Diseño de Experimentos de la Maestría en Computación, ¿Qué porcentaje de la nota corresponde al segundo examen parcial?

Da una respuesta breve y directa, en una sola frase.",25%,"En el curso Diseño de Experimentos de la Maestría en Computación, el segundo examen parcial corresponde al 25% de la nota.",MC1003-Seguridad y Criptografía.txt;MC6004-Sistemas Operativos Avanzados.txt;MC7201-Introducción a la Investigación.txt;MC2301-Planificación estratégica de tecnología de información.txt;MC6104-Diseño de Experimentos.txt,1.3,Diseño de Experimentos,MC6104,
deepseek-r1-14b-4bit,short_answer,¿Cuál es el correquisito obligatorio de este curso?,"En el curso Introducción a la Investigación de la Maestría en Computación, ¿Cuál es el correquisito obligatorio de este curso?

Da una respuesta breve y directa, en una sola frase.",MC-7205 Tema Selecto de Investigación,El correquisito obligatorio del curso Introducción a la Investigación es MC-7205 Tema Selecto de Investigación.,MC7201-Introducción a la Investigación.txt;MC7201-Introducción a la Investigación.txt;MC6104-Diseño de Experimentos.txt;MC6102-Análisis de Algoritmos.txt;MC2301-Planificación estratégica de tecnología de información.txt,1.57,Introducción a la Investigación,MC7201,
deepseek-r1-14b-4bit,short_answer,¿Qué porcentaje de la nota final representa la presentación?,"En el curso Introducción a la Investigación de la Maestría en Computación, ¿Qué porcentaje de la nota final representa la presentación?

Da una respuesta breve y directa, en una sola frase.",25%,"En el curso Introducción a la Investigación de la Maestría en Computación, la presentación oral representa un 5% de la nota final.",MC6004-Sistemas Operativos Avanzados.txt;MC7201-Introducción a la Investigación.txt;MC6004-Sistemas Operativos Avanzados.txt;MC1003-Seguridad y Criptografía.txt;MC6104-Diseño de Experimentos.txt,1.46,Introducción a la Investigación,MC7201,
deepseek-r1-14b-4bit,short_answer,¿Qué herramienta es obligatoria para preparar las presentaciones?,"En el curso Introducción a la Investigación de la Maestría en Computación, ¿Qué herramienta es obligatoria para preparar las presentaciones?

Da una respuesta breve y directa, en una sola frase.",Beamer,La herramienta obligatoria para preparar las presentaciones en el curso es Beamer.,MC7201-Introducción a la Investigación.txt;MC6004-Sistemas Operativos Avanzados.txt;MC7201-Introducción a la Investigación.txt;MC6102-Análisis de Algoritmos.txt;MC1103-Gerencia de tecnología de información.txt,1.26,Introducción a la Investigación,MC7201,
deepseek-r1-14b-4bit,short_answer,¿En qué idioma debe escribirse el paper de investigación?,"En el curso Introducción a la Investigación de la Maestría en Computación, ¿En qué idioma debe escribirse el paper de investigación?

Da una respuesta breve y directa, en una sola frase.",Inglés,El paper de investigación debe escribirse en inglés.,MC7201-Introducción a la Investigación.txt;MC7201-Introducción a la Investigación.txt;MC6003-Teoría de Autómatas.txt;MC1103-Gerencia de tecnología de información.txt;MC6004-Sistemas Operativos Avanzados.txt,1.17,Introducción a la Investigación,MC7201,
deepseek-r1-14b-4bit,short_answer,¿Quién es el profesor titular del curso?,"En el curso Introducción a la Investigación de la Maestría en Computación, ¿Quién es el profesor titular del curso?

Da una respuesta breve y directa, en una sola frase.",Dr. Francisco J. Torres-Rojas,No se proporciona la información del profesor titular en el contexto dado.,MC7201-Introducción a la Investigación.txt;MC6102-Análisis de Algoritmos.txt;MC6104-Diseño de Experimentos.txt;MC7201-Introducción a la Investigación.txt;MC6104-Diseño de Experimentos.txt,1.34,Introducción a la Investigación,MC7201,
deepseek-r1-14b-4bit,short_answer,¿Permite el curso la posibilidad de reconocimiento?,"En el curso Introducción a la Investigación de la Maestría en Computación, ¿Permite el curso la posibilidad de reconocimiento?

Da una respuesta breve y directa, en una sola frase.",Sí,"Sí, el curso Introducción a la Investigación de la Maestría en Computación permite la posibilidad de reconocimiento.",MC6102-Análisis de Algoritmos.txt;MC7201-Introducción a la Investigación.txt;MC7201-Introducción a la Investigación.txt;MC6104-Diseño de Experimentos.txt;MC1103-Gerencia de tecnología de información.txt,1.66,Introducción a la Investigación,MC7201,
deepseek-r1-14b-4bit,open_ended,¿Cuál es el propósito principal de integrar inteligencia artificial en un Centro de Operaciones en Seguridad (SOC)?,"En el curso Análisis de Datos en Ciberseguridad de la Maestría en Ciberseguridad, ¿Cuál es el propósito principal de integrar inteligencia artificial en un Centro de Operaciones en Seguridad (SOC)?

Da una respuesta completa y explicativa.",Facilitar la distinción de vectores de ataque y permitir una toma de decisiones más precisa en la respuesta a incidentes.,"En el curso Análisis de Datos en Ciberseguridad de la Maestría en Ciberseguridad, el propósito principal de integrar inteligencia artificial en un Centro de Operaciones en Seguridad (SOC) es para mejorar la detección de amenazas, la automatización de tareas y la toma de decisiones en tiempo real. La inteligencia artificial, a través de algoritmos de aprendizaje automático, puede analizar grandes volúmenes de datos en tiempo real para identificar patrones, comportamientos anómalos y posibles amenazas que podrían pasar desapercibidas para un humano. Esto permite una respuesta más rápida y eficiente a incidentes de seguridad, optimizando la operación del SOC y reduciendo el riesgo de ciberataques.",MC1006-Políticas y Gobernanza en Ciberseguridad.txt;MC1006-Políticas y Gobernanza en Ciberseguridad.txt;MC1001-Análisis de datos en ciberseguridad.txt;MC3001-Seguridad de Software Avanzado.txt;MC1003-Seguridad y Criptografía.txt,5.23,Análisis de Datos en Ciberseguridad,MC1001,
deepseek-r1-14b-4bit,open_ended,¿Qué temas matemáticos específicos debe dominar el estudiante para tener un buen desempeño?,"En el curso Análisis de Datos en Ciberseguridad de la Maestría en Ciberseguridad, ¿Qué temas matemáticos específicos debe dominar el estudiante para tener un buen desempeño?

Da una respuesta completa y explicativa.","Conceptos de estadística y cálculo diferencial integral, como distribuciones de probabilidad, regresiones y optimización.","Para tener un buen desempeño en el curso ""Análisis de Datos en Ciberseguridad"" de la Maestría en Ciberseguridad, el estudiante debe dominar los siguientes temas matemáticos específicos:

1. **Distribuciones de Probabilidad**: Entender y aplicar diferentes tipos de distribuciones probabilísticas, como la distribución normal, binomial, y otras que sean relevantes para el análisis de datos en ciberseguridad.

2. **Regresión Lineal Simple**: Comprender cómo modelar relaciones lineales entre variables independientes y dependientes, y cómo utilizar este modelo para predecir y analizar datos.

3. **Regresión Logarítmica**: Aprender a utilizar regresiones logísticas para analizar datos binomiales y clasificar información en ciberseguridad.

4. **Árboles de Regresión y Decisión**: Conocer cómo construir y utilizar árboles de decisión y regresión para la clasificación y predicción de datos en el contexto de la ciberseguridad.

5. **Validación Cruzada**: Comprender los métodos de validación cruzada para evaluar el rendimiento de los modelos de aprendizaje automático y asegurar que los modelos sean robustos y generalizables.

6. **Clustering**: Aprender a agrupar datos de manera no supervisada",MC3010-Cibercrimen.txt;MC1003-Seguridad y Criptografía.txt;MC1001-Análisis de datos en ciberseguridad.txt;MC3010-Cibercrimen.txt;MC1006-Políticas y Gobernanza en Ciberseguridad.txt,8.27,Análisis de Datos en Ciberseguridad,MC1001,
deepseek-r1-14b-4bit,open_ended,¿Cómo contribuye este curso a la perfilación del comportamiento humano y de software?,"En el curso Análisis de Datos en Ciberseguridad de la Maestría en Ciberseguridad, ¿Cómo contribuye este curso a la perfilación del comportamiento humano y de software?

Da una respuesta completa y explicativa.","Provee técnicas de detección de anomalías, minería de datos en tiempo real y procesamiento distribuido para analizar grandes volúmenes de datos.","El curso Análisis de Datos en Ciberseguridad contribuye a la perfilación del comportamiento humano y de software de manera significativa a través de la aplicación de técnicas avanzadas de análisis de datos. Estas técnicas permiten identificar patrones, detectar anomalías y construir perfiles detallados que reflejan las conductas tanto de los usuarios como de los sistemas informáticos. Mediante el uso de algoritmos de aprendizaje automático, minería de datos en tiempo real y herramientas especializadas, el curso capacita a los estudiantes para distinguir comportamientos normales de aquellos que podrían indicar actividades fraudulentas o maliciosas. Esto no solo mejora la eficiencia en la detección de amenazas, sino que también contribuye a la optimización de los controles de seguridad, asegurando un entorno más protegido contra riesgos cibernéticos.",MC1001-Análisis de datos en ciberseguridad.txt;MC1006-Políticas y Gobernanza en Ciberseguridad.txt;MC1001-Análisis de datos en ciberseguridad.txt;MC3010-Cibercrimen.txt;MC3001-Seguridad de Software Avanzado.txt,5.87,Análisis de Datos en Ciberseguridad,MC1001,
deepseek-r1-14b-4bit,open_ended,¿Qué capacidades desarrolla el estudiante respecto al diagnóstico de software?,"En el curso Análisis de Datos en Ciberseguridad de la Maestría en Ciberseguridad, ¿Qué capacidades desarrolla el estudiante respecto al diagnóstico de software?

Da una respuesta completa y explicativa.",La capacidad de desarrollar soluciones para el descubrimiento de conocimiento y análisis de amenazas mediante herramientas de análisis de datos.,"En el curso Análisis de Datos en Ciberseguridad de la Maestría en Ciberseguridad, el estudiante desarrolla las siguientes capacidades relacionadas con el diagnóstico de software:

1. **Detección de Anomalías**: El estudiante aprende a identificar conductas fraudulentas y comportamientos anómalos en bitácoras de sistemas utilizando modelos de aprendizaje automático. Esto incluye la detección de amenazas y actividades sospechadas en el software.

2. **Perfilación de Comportamiento**: Se construyen perfiles de comportamiento de personas y software respetando la privacidad, lo que permite la optimización de controles de seguridad y la detección de patrones anómalos.

3. **Minería de Datos en Tiempo Real (Data Stream Mining)**: El estudiante adquiere habilidades para analizar datos en tiempo real, lo que facilita la rápida identificación de amenazas y el diagnóstico de software en tiempo real.

4. **Procesamiento de Datos Distribuidos**: A través del uso de herramientas como Map-Reduce, HADOOP y Spark, el estudiante aprende a manejar grandes volúmenes de datos distribuidos, lo que es esencial para el diagnóstico de software en entornos complejos.

5. **Ingeniería Inversa Automatizada",MC1001-Análisis de datos en ciberseguridad.txt;MC3001-Seguridad de Software Avanzado.txt;MC1001-Análisis de datos en ciberseguridad.txt;MC3010-Cibercrimen.txt;MC1003-Seguridad y Criptografía.txt,8.38,Análisis de Datos en Ciberseguridad,MC1001,
deepseek-r1-14b-4bit,open_ended,¿En qué consiste la metodología de evaluación práctica del curso?,"En el curso Análisis de Datos en Ciberseguridad de la Maestría en Ciberseguridad, ¿En qué consiste la metodología de evaluación práctica del curso?

Da una respuesta completa y explicativa.",Se basa principalmente en laboratorios (75% de la nota) y la resolución de casos de estudio (20%).,"La metodología de evaluación práctica del curso ""Análisis de Datos en Ciberseguridad"" de la Maestría en Ciberseguridad consiste en tres componentes principales:

1. **Pruebas Cortas o Comprobaciones de Lectura**: Representan el 40% de la calificación. Estas pruebas sirven para evaluar la comprensión inmediata de los conceptos teóricos abordados en clase, asegurando que los estudiantes asimilen la materia de manera constante y efectiva.

2. **Investigación Bibliográfica**: Constituye el 20% de la calificación. Este componente implica una investigación en profundidad sobre las tendencias en políticas y gobernanza de la ciberseguridad, permitiendo a los estudiantes adquirir un conocimiento más amplio y actualizado del campo.

3. **Estudio de Casos**: Representan el 40% de la calificación. A través de la resolución de casos prácticos en escenarios de gestión de procesos de TI, los estudiantes aplican los conceptos teóricos aprendidos en clase a situaciones reales, lo que fomenta una integración entre lo teórico y lo práctico.

Esta metodología no solo evalúa el conocimiento teórico de los estudiantes, sino que también promueve su capacidad para resolver problemas complejos en el",MC1006-Políticas y Gobernanza en Ciberseguridad.txt;MC1001-Análisis de datos en ciberseguridad.txt;MC1003-Seguridad y Criptografía.txt;MC3010-Cibercrimen.txt;MC3010-Cibercrimen.txt,8.32,Análisis de Datos en Ciberseguridad,MC1001,
deepseek-r1-14b-4bit,open_ended,¿Qué técnicas de minería de datos se aplican específicamente para el procesamiento en tiempo real?,"En el curso Análisis de Datos en Ciberseguridad de la Maestría en Ciberseguridad, ¿Qué técnicas de minería de datos se aplican específicamente para el procesamiento en tiempo real?

Da una respuesta completa y explicativa.","Se estudian los filtros de Bloom, hashes localmente sensibles y árboles de Hoeffding.","En el curso Análisis de Datos en Ciberseguridad de la Maestría en Ciberseguridad, las técnicas de minería de datos aplicadas específicamente para el procesamiento en tiempo real son:

1. **Identificación de Información Relevante**: Se enfocan en extraer datos significativos de streams en tiempo real para detectar patrones o anomalías.

2. **Filtros de Bloom**: Utilizados para reducir el tamaño de los datos y acelerar la búsqueda, optimizando el procesamiento de streams.

3. **Hashes Localmente Sensibles (LSH)**: Sirven para aproximar similitudes entre datos en tiempo real, facilitando la detención de outliers.

4. **Árboles de Hoeffding**: Son estructuras de datos que permiten construir árboles de decisión en tiempo real, capaces de adaptarse a datos fluyentes y detectar cambios.

Estas técnicas se integran para analizar datos en tiempo real, apoyando en la detección de amenazas y anomalías en ciberseguridad.",MC1001-Análisis de datos en ciberseguridad.txt;MC1001-Análisis de datos en ciberseguridad.txt;MC1006-Políticas y Gobernanza en Ciberseguridad.txt;MC1003-Seguridad y Criptografía.txt;MC1006-Políticas y Gobernanza en Ciberseguridad.txt,6.78,Análisis de Datos en Ciberseguridad,MC1001,
deepseek-r1-14b-4bit,open_ended,¿Qué rol desempeña la criptografía en la infraestructura de Internet actual?,"En el curso Seguridad y Criptografía de la Maestría en Ciberseguridad, ¿Qué rol desempeña la criptografía en la infraestructura de Internet actual?

Da una respuesta completa y explicativa.","Actúa como el medio para asegurar la confidencialidad, autenticidad e integridad de las comunicaciones y los datos almacenados.","La criptografía desempeña un papel fundamental en la infraestructura de Internet actual, garantizando la confidencialidad, autenticidad e integridad de las comunicaciones y datos en línea. En el curso ""Seguridad y Criptografía"" de la Maestría en Ciberseguridad, se estudian tecnologías y algoritmos criptográficos que son esenciales para proteger la información en Internet. Algunos de los roles clave de la criptografía en la infraestructura de Internet incluyen:

1. **Confidencialidad**: Los sistemas de encriptación aseguran que solo los destinatarios autorizados puedan leer los datos, protegiendo información sensible de accesos no autorizados.

2. **Autenticidad**: Los protocolos criptográficos, como el cifrado asimétrico y las firmas digitales, permiten verificar la identidad de los envíos, asegurando que los mensajes provengan de fuentes confiables.

3. **Integridad**: Las funciones de hash y los mecanismos de autenticación de integridad aseguran que los datos no han sido alterados durante su transmisión.

4. **Seguridad de las comunicaciones**: Protocolos como TLS/SSL dependen de la criptografía para proteger las conexiones en línea, evitando la interceptación y manipulación de datos.",MC1006-Políticas y Gobernanza en Ciberseguridad.txt;MC1001-Análisis de datos en ciberseguridad.txt;MC1006-Políticas y Gobernanza en Ciberseguridad.txt;MC1003-Seguridad y Criptografía.txt;MC3001-Seguridad de Software Avanzado.txt,8.43,Seguridad y Criptografía,MC1003,
deepseek-r1-14b-4bit,open_ended,¿Qué aspectos avanzados de la matemática se exploran para entender los cifrados modernos?,"En el curso Seguridad y Criptografía de la Maestría en Ciberseguridad, ¿Qué aspectos avanzados de la matemática se exploran para entender los cifrados modernos?

Da una respuesta completa y explicativa.","El estudio de curvas elípticas, ataques diferenciales y lineales, y el protocolo Diffie-Hellman.","En el curso Seguridad y Criptografía de la Maestría en Ciberseguridad, se exploran aspectos avanzados de la matemática que son fundamentales para entender los cifrados modernos. Estos aspectos incluyen:

1. **Teoría de Números**: Se estudian conceptos como los números primos, la factorización de números grandes y las propiedades de los módulos, que son esenciales para comprender los algoritmos de encriptación como RSA.

2. **Álgebra**: Se abordan temas relacionados con los campos finitos y las estructuras algebraicas, que son cruciales para los sistemas de encriptación basados en cuerpos finitos, como AES.

3. **Geometría Algebraica**: Se introduce la teoría de curvas elípticas, que forma la base de los sistemas de encriptación de clave pública de seguridad avanzada, como ECC (Elliptic Curve Cryptography).

4. **Teoría de la Información**: Se analiza la teoría de Shannon y la entropía, que son fundamentales para entender la seguridad de los sistemas de encriptación y la imposibilidad de romper un cifrado perfecto.

5. **Cálculo Matemático**: Se utilizan herramientas de cálculo para analizar la complejidad de los algoritmos y la eficiencia de los",MC1001-Análisis de datos en ciberseguridad.txt;MC1006-Políticas y Gobernanza en Ciberseguridad.txt;MC6102-Análisis de Algoritmos.txt;MC1006-Políticas y Gobernanza en Ciberseguridad.txt;MC7201-Introducción a la Investigación.txt,8.39,Seguridad y Criptografía,MC1003,
deepseek-r1-14b-4bit,open_ended,¿Qué diferencias conceptuales se analizan entre las primitivas de criptografía simétrica y asimétrica?,"En el curso Seguridad y Criptografía de la Maestría en Ciberseguridad, ¿Qué diferencias conceptuales se analizan entre las primitivas de criptografía simétrica y asimétrica?

Da una respuesta completa y explicativa.","Se estudia el rol de las funciones hash, las firmas digitales y la infraestructura de llave pública y privada (PKI).","En el curso Seguridad y Criptografía de la Maestría en Ciberseguridad, se analizan las siguientes diferencias conceptuales entre las primitivas de criptografía simétrica y asimétrica:

1. **Clave Única vs. Claves Públicas y Privadas**:
   - **Criptografía Simétrica**: Utiliza una sola clave para cifrar y descifrar los datos. Esta clave debe ser compartida entre el emisor y el receptor, lo que puede ser un punto débil si la clave es interceptada.
   - **Criptografía Asimétrica**: Utiliza un par de claves, una pública y otra privada. La clave pública se puede compartir públicamente, mientras que la clave privada debe ser mantenida en secreto por el receptor. Esto permite que cualquier persona pueda cifrar un mensaje con la clave pública, pero solo el poseedor de la clave privada pueda descifrarlo.

2. **Aplicación y Uso**:
   - **Criptografía Simétrica**: Es más rápida y eficiente, por lo que se utiliza en situaciones donde la velocidad es esencial, como en la transmisión de datos en tiempo real.
   - **Criptografía Asimétrica**: Es más lenta但由于 su enfoque en seguridad y autenticidad, se utiliza para proteger la integridad y autenticidad",MC1001-Análisis de datos en ciberseguridad.txt;MC1006-Políticas y Gobernanza en Ciberseguridad.txt;MC1006-Políticas y Gobernanza en Ciberseguridad.txt;MC3001-Seguridad de Software Avanzado.txt;MC1003-Seguridad y Criptografía.txt,8.39,Seguridad y Criptografía,MC1003,
deepseek-r1-14b-4bit,open_ended,¿Sobre qué tendencias futuras en el campo de la seguridad se discute en clase?,"En el curso Seguridad y Criptografía de la Maestría en Ciberseguridad, ¿Sobre qué tendencias futuras en el campo de la seguridad se discute en clase?

Da una respuesta completa y explicativa.",Sobre los avances y desafíos que presenta la criptografía cuántica.,"En el curso Seguridad y Criptografía de la Maestría en Ciberseguridad, se discute la tendencia futura en el campo de la seguridad relacionada con la criptografía cuántica. Este tema avanza la teoría matemática y las tecnologías de criptografía utilizadas en Internet y las tecnologías de la información para asegurar la confidencialidad, autenticidad y integridad de las comunicaciones y datos. Además, se estudian algoritmos avanzados como AES, Diffie-Hellman, curvas elípticas y protocolos criptográficos, así como las tendencias en la criptografía cuántica, que prometen revolucionar la seguridad en un futuro.",MC1006-Políticas y Gobernanza en Ciberseguridad.txt;MC1006-Políticas y Gobernanza en Ciberseguridad.txt;MC1003-Seguridad y Criptografía.txt;MC3001-Seguridad de Software Avanzado.txt;MC3010-Cibercrimen.txt,4.92,Seguridad y Criptografía,MC1003,
deepseek-r1-14b-4bit,open_ended,¿Qué elementos históricos sirven de base para comprender la evolución del cifrado?,"En el curso Seguridad y Criptografía de la Maestría en Ciberseguridad, ¿Qué elementos históricos sirven de base para comprender la evolución del cifrado?

Da una respuesta completa y explicativa.","El estudio del Cifrado César, la máquina Enigma y el cifrado por permutación, entre otros.","En el curso ""Seguridad y Criptografía"" de la Maestría en Ciberseguridad, los elementos históricos que sirven de base para comprender la evolución del cifrado incluyen:

1. **Introducción al Cifrado César**: Este método antiguo de cifrado, atribuido a Julio César, utiliza un desplazamiento fijo de las letras del alfabeto para enmascarar el mensaje. Es un ejemplo temprano de un sistema de cifrado simple y básico.

2. **Cifrado por Sustitución**: Este método involucra la sustitución de cada letra del alfabeto por otra letra fija. Fue ampliamente utilizado en la antigüedad y se considera uno de los primeros sistemas de cifrado más sofisticados.

3. **Cifrado de Vigenère**: Iniciado en el siglo XVI, este método utiliza un alfabeto polialfabetico para enmascarar el mensaje, lo que lo hace más complejo que el Cifrado César o la sustitución simple.

4. **La Máquina Enigma**: Desarrollada en la década de 1920 y utilizada durante la Segunda Guerra Mundial, la máquina Enigma fue un hito en la historia del cifrado. Su complejidad técnica y su capacidad para generar combinaciones de",MC1006-Políticas y Gobernanza en Ciberseguridad.txt;MC1006-Políticas y Gobernanza en Ciberseguridad.txt;MC1001-Análisis de datos en ciberseguridad.txt;MC1003-Seguridad y Criptografía.txt;MC3001-Seguridad de Software Avanzado.txt,8.4,Seguridad y Criptografía,MC1003,
deepseek-r1-14b-4bit,open_ended,¿Cómo se estructura el sistema de evaluación del aprendizaje en esta materia?,"En el curso Seguridad y Criptografía de la Maestría en Ciberseguridad, ¿Cómo se estructura el sistema de evaluación del aprendizaje en esta materia?

Da una respuesta completa y explicativa.","Se compone de tareas para asimilación de materia (50%), laboratorios prácticos (20%) y un examen final (30%).","En el curso ""Seguridad y Criptografía"" de la Maestría en Ciberseguridad, el sistema de evaluación del aprendizaje se estructura de la siguiente manera:

1. **Tareas**: Constituyen el 50% de la calificación. Estas tareas buscan asegurar la asimilación de los conceptos teóricos abordados en clase, permitiendo al estudiante aplicar los conocimientos adquiridos en ejercicios prácticos.

2. **Laboratorios prácticos**: Representan el 30% de la calificación. Los laboratorios están diseñados para que los estudiantes adquieran experiencia práctica en la implementación de algoritmos criptográficos y protocolos de seguridad, lo que fortalece su comprensión de los conceptos teóricos.

3. **Examen final**: Este componente suma el 20% restante de la calificación. El examen final evalúa de manera integral la comprensión y aplicación de los temas tratados durante el curso, asegurando que los estudiantes hayan logrado los objetivos específicos y generales del curso.

Este sistema de evaluación equilibrado busca no solo medir el conocimiento teórico, sino también la capacidad de los estudiantes para aplicar los conceptos en entornos prácticos, fomentando una comprensión integral y una preparación",MC1006-Políticas y Gobernanza en Ciberseguridad.txt;MC1001-Análisis de datos en ciberseguridad.txt;MC1003-Seguridad y Criptografía.txt;MC1006-Políticas y Gobernanza en Ciberseguridad.txt;MC3001-Seguridad de Software Avanzado.txt,8.41,Seguridad y Criptografía,MC1003,
deepseek-r1-14b-4bit,open_ended,¿Por qué es fundamental la gestión de procesos ante la vulnerabilidad tecnológica de los negocios?,"En el curso Políticas y Gobernanza en Ciberseguridad de la Maestría en Ciberseguridad, ¿Por qué es fundamental la gestión de procesos ante la vulnerabilidad tecnológica de los negocios?

Da una respuesta completa y explicativa.","Porque permite minimizar riesgos y amenazas de manera efectiva, asegurando la continuidad del negocio y el ahorro en costos.","En el curso ""Políticas y Gobernanza en Ciberseguridad"" de la Maestría en Ciberseguridad, la gestión de procesos es fundamental ante las vulnerabilidades tecnológicas de los negocios debido a varios motivos:

1. **Identificación de Riesgos**: La gestión de procesos permite la identificación y evaluación de riesgos cibernéticos, lo que es esencial para comprender las amenazas que podrían afectar los sistemas tecnológicos de la organización.

2. **Alineación con la Estrategia**: La gobernanza en ciberseguridad asegura que las políticas y planes estén alineados con la misión y visión de la organización, permitiendo una estrategia integrada que aborda las necesidades de seguridad de la información.

3. **Continuidad del Negocio**: La gestión de procesos incluye la planificación de la continuidad del negocio, lo que asegura que las operaciones críticas puedan恢复 en caso de un incidente cibernético, minimizando el impacto en la actividad empresarial.

4. **Cumplimiento Regulatorio**: La gestión de procesos asegura el cumplimiento de las regulaciones y estándares cibernéticos, evitando sanciones y riesgos legales.

5. **Mejora Continua**: A través de la gestión de proces",MC1006-Políticas y Gobernanza en Ciberseguridad.txt;MC1006-Políticas y Gobernanza en Ciberseguridad.txt;MC1101-Sistemas Estratégicos Empresariales.txt;MC1103-Gerencia de tecnología de información.txt;MC1001-Análisis de datos en ciberseguridad.txt,8.36,Políticas y Gobernanza en Ciberseguridad,MC1006,
deepseek-r1-14b-4bit,open_ended,¿Qué áreas de especialización se utilizan como marco de referencia para el conocimiento en este curso?,"En el curso Políticas y Gobernanza en Ciberseguridad de la Maestría en Ciberseguridad, ¿Qué áreas de especialización se utilizan como marco de referencia para el conocimiento en este curso?

Da una respuesta completa y explicativa.",El Framework NICE y las áreas de conocimiento en ciberseguridad según la ACM.,"En el curso ""Políticas y Gobernanza en Ciberseguridad"" de la Maestría en Ciberseguridad, las áreas de especialización que se utilizan como marco de referencia para el conocimiento son:

1. **Áreas de Conocimiento en Ciberseguridad según ACM (Asociación de Ciencias Computacionales)**: Esto incluye la adopción de marcos y frameworks reconocidos en la industria para abordar temas de gobernanza y políticas en ciberseguridad.

2. **Áreas de Especialización en Ciberseguridad según el Framework NICE (National Initiative for Cybersecurity Education)**: Este framework proporciona un marco para la educación y capacitación en ciberseguridad, enfocado en habilidades y roles específicos.

Estas áreas de especialización se integran en el curso para proporcionar una base sólida y un enfoque estructurado en la gestión y políticas de ciberseguridad, asegurando que los estudiantes adquieran conocimientos y habilidades relevantes para la gobernanza y la seguridad de la información.",MC1006-Políticas y Gobernanza en Ciberseguridad.txt;MC1006-Políticas y Gobernanza en Ciberseguridad.txt;MC3010-Cibercrimen.txt;MC1003-Seguridad y Criptografía.txt;MC1001-Análisis de datos en ciberseguridad.txt,6.97,Políticas y Gobernanza en Ciberseguridad,MC1006,
deepseek-r1-14b-4bit,open_ended,¿Cómo se aborda el diagnóstico del riesgo organizacional en este programa?,"En el curso Políticas y Gobernanza en Ciberseguridad de la Maestría en Ciberseguridad, ¿Cómo se aborda el diagnóstico del riesgo organizacional en este programa?

Da una respuesta completa y explicativa.",Mediante el uso de métricas de seguridad para la toma de decisiones estratégicas y modelos de evaluación de riesgo.,"En el curso ""Políticas y Gobernanza en Ciberseguridad"" de la Maestría en Ciberseguridad, el diagnóstico del riesgo organizacional se aborda de manera integral y estructurada. Esto se logra a través de los siguientes componentes:

1. **Identificación de Riesgos**: Los estudiantes aprenden a identificar los riesgos cibernéticos que pueden afectar a la organización, considerando factores como amenazas internas y externas, vulnerabilidades en los sistemas informáticos y el impacto en la continuidad del negocio.

2. **Modelos y Metodologías**: Se utilizan modelos y metodologías avanzadas para evaluar y medir el riesgo, como las metodologías del Framework NICE y el estándar ISO/IEC 27001, lo que permite una evaluación precisa y estructurada.

3. **Análisis y Aseguramiento del Riesgo**: Se enfatiza en el análisis de los riesgos identificados, priorizando y sintetizando los mismos para determinar las estrategias de mitigación más efectivas.

4. **Control de Riesgo**: Los estudiantes aprenden a implementar controles adecuados para mitigar los riesgos identificados, asegurando la confidencialidad, integridad y disponibilidad de los datos.

5.",MC1006-Políticas y Gobernanza en Ciberseguridad.txt;MC1006-Políticas y Gobernanza en Ciberseguridad.txt;MC1001-Análisis de datos en ciberseguridad.txt;MC3001-Seguridad de Software Avanzado.txt;MC1003-Seguridad y Criptografía.txt,8.42,Políticas y Gobernanza en Ciberseguridad,MC1006,
deepseek-r1-14b-4bit,open_ended,"¿Qué importancia tiene el principio de ""Seguridad por diseño"" en el ciclo de vida del software?","En el curso Políticas y Gobernanza en Ciberseguridad de la Maestría en Ciberseguridad, ¿Qué importancia tiene el principio de ""Seguridad por diseño"" en el ciclo de vida del software?

Da una respuesta completa y explicativa.",Es un criterio clave para el aprovisionamiento de soluciones tecnológicas seguras y la planificación de requerimientos.,"En el curso ""Políticas y Gobernanza en Ciberseguridad"" de la Maestría en Ciberseguridad, el principio de ""Seguridad por diseño"" adquiere una importancia significativa en el ciclo de vida del software. Este enfoque proactivo se centra en integrar las consideraciones de seguridad desde las etapas iniciales del desarrollo, lo que permite identificar y mitigar riesgos tempranos, antes de que se implementen las vulnerabilidades. 

El ""Seguridad por diseño"" contribuye a garantizar que el software cumpla con los estándares de confidencialidad, integridad y disponibilidad, evitando así problemas costosos y complejos de resolver en etapas posteriores. Este enfoque no solo mejora la robustez del sistema, sino que también alinea las prácticas de desarrollo con las políticas y regulaciones en ciberseguridad, asegurando que las soluciones tecnológicas sean seguras y resistentes a amenazas desde su concepción.",MC1006-Políticas y Gobernanza en Ciberseguridad.txt;MC1006-Políticas y Gobernanza en Ciberseguridad.txt;MC3001-Seguridad de Software Avanzado.txt;MC1003-Seguridad y Criptografía.txt;MC1001-Análisis de datos en ciberseguridad.txt,6.56,Políticas y Gobernanza en Ciberseguridad,MC1006,
deepseek-r1-14b-4bit,open_ended,¿Qué elementos legales se analizan respecto a la protección de datos en Costa Rica?,"En el curso Políticas y Gobernanza en Ciberseguridad de la Maestría en Ciberseguridad, ¿Qué elementos legales se analizan respecto a la protección de datos en Costa Rica?

Da una respuesta completa y explicativa.",La legislación sobre delitos informáticos y la Ley 8968 de Protección de los Datos.,"En el curso ""Políticas y Gobernanza en Ciberseguridad"" de la Maestría en Ciberseguridad, se analizan los siguientes elementos legales relacionados con la protección de datos en Costa Rica:

1. **Ley 8968 de Protección de los Datos**: Esta ley establece los marcos legales para la protección de datos personales en Costa Rica, incluyendo la regulación de la recolección, almacenamiento, uso y divulgación de información personal.

2. **General Data Protection Regulation (GDPR)**: Aunque se enfoca en la Unión Europea, se estudia su impacto global y cómo puede influir en las prácticas de protección de datos en Costa Rica, especialmente en las organizaciones que operan a nivel internacional.

Estos elementos legales se integran en el análisis de la gobernanza y políticas en ciberseguridad, destacando la importancia de cumplir con los estándares y regulaciones vigentes para garantizar la seguridad de la información y proteger los datos personales de los ciudadanos.",MC1006-Políticas y Gobernanza en Ciberseguridad.txt;MC1006-Políticas y Gobernanza en Ciberseguridad.txt;MC1001-Análisis de datos en ciberseguridad.txt;MC3001-Seguridad de Software Avanzado.txt;MC1003-Seguridad y Criptografía.txt,6.84,Políticas y Gobernanza en Ciberseguridad,MC1006,
deepseek-r1-14b-4bit,open_ended,¿Cuál es el objetivo de integrar los KPI de ciberseguridad con la visión de la empresa?,"En el curso Políticas y Gobernanza en Ciberseguridad de la Maestría en Ciberseguridad, ¿Cuál es el objetivo de integrar los KPI de ciberseguridad con la visión de la empresa?

Da una respuesta completa y explicativa.",Lograr una alineación estratégica que permita gestionar el portafolio de proyectos de seguridad según la misión organizacional.,"En el curso ""Políticas y Gobernanza en Ciberseguridad"" de la Maestría en Ciberseguridad, el objetivo de integrar los KPI (Índices de Desempeño de la Información) de ciberseguridad con la visión de la empresa es para alinear las métricas de seguridad con los objetivos estratégicos de la organización. Esto permite evaluar cómo los esfuerzos en ciberseguridad contribuyen al logro de los objetivos empresariales, asegurando que las políticas y programas de seguridad estén alineados con la misión y visión de la empresa.",MC1006-Políticas y Gobernanza en Ciberseguridad.txt;MC1006-Políticas y Gobernanza en Ciberseguridad.txt;MC1001-Análisis de datos en ciberseguridad.txt;MC1101-Sistemas Estratégicos Empresariales.txt;MC1003-Seguridad y Criptografía.txt,4.4,Políticas y Gobernanza en Ciberseguridad,MC1006,
deepseek-r1-14b-4bit,open_ended,¿Desde qué perspectiva se analizan vulnerabilidades como el Buffer Overflow?,"En el curso Seguridad de Software Avanzado de la Maestría en Ciberseguridad, ¿Desde qué perspectiva se analizan vulnerabilidades como el Buffer Overflow?

Da una respuesta completa y explicativa.",Desde una perspectiva avanzada que estudia vectores de ataque utilizados para violentar el software creado.,"En el curso Seguridad de Software Avanzado de la Maestría en Ciberseguridad, las vulnerabilidades como el Buffer Overflow se analizan desde una perspectiva avanzada que incluye la identificación de vectores de ataque, la evaluación de estrategias de defensa y la implementación de técnicas de programación segura. Se enfatiza en comprender cómo estos tipos de vulnerabilidades pueden ser explotados, cómo priorizar y mitigar los riesgos, y cómo diseñar soluciones seguras integrando prácticas como la ""Seguridad por Diseño"" a lo largo del ciclo de desarrollo del software.",MC1006-Políticas y Gobernanza en Ciberseguridad.txt;MC1001-Análisis de datos en ciberseguridad.txt;MC3001-Seguridad de Software Avanzado.txt;MC1006-Políticas y Gobernanza en Ciberseguridad.txt;MC3001-Seguridad de Software Avanzado.txt,4.35,Seguridad de Software Avanzado,MC3001,
deepseek-r1-14b-4bit,open_ended,¿Qué estrategias de defensa se consideran para prevenir ataques a las aplicaciones?,"En el curso Seguridad de Software Avanzado de la Maestría en Ciberseguridad, ¿Qué estrategias de defensa se consideran para prevenir ataques a las aplicaciones?

Da una respuesta completa y explicativa.","Técnicas de programación segura, modelado de vulnerabilidades y técnicas avanzadas de pruebas de seguridad.","En el curso Seguridad de Software Avanzado de la Maestría en Ciberseguridad, se consideran las siguientes estrategias de defensa para prevenir ataques a las aplicaciones:

1. **Seguridad por Diseño (Security by Design)**: Se enfoca en integrar la seguridad desde el inicio del proceso de desarrollo del software, utilizando modelos y estándares de seguridad para guiar el diseño y desarrollo de las aplicaciones.

2. **Validación de Entrada**: Se implementan controles para asegurar que los datos ingresados sean correctos y estén dentro de los límites permitidos, evitando así ataques como la inyección de código (SQL, XSS) y el desbordamiento de buffers.

3. **Uso de Tipado Seguro**: Se emplean lenguajes de programación con tipado seguro y técnicas de validación de tipos para prevenir errores de tipo y asegurar la integridad de los datos.

4. **Control de Privilegios Mínimos**: Se utiliza el principio de mínima privilegio, donde cada componente del sistema solo tiene los permisos necesarios para realizar su función, reduciendo el riesgo de explotación.

5. **Autenticación y Autorización**: Se implementan mecanismos robustos de autenticación (como autenticación multifactorial) y control de acceso basado en roles (RB",MC1006-Políticas y Gobernanza en Ciberseguridad.txt;MC1006-Políticas y Gobernanza en Ciberseguridad.txt;MC3001-Seguridad de Software Avanzado.txt;MC1001-Análisis de datos en ciberseguridad.txt;MC1003-Seguridad y Criptografía.txt,8.4,Seguridad de Software Avanzado,MC3001,
deepseek-r1-14b-4bit,open_ended,"¿Cómo influye el concepto de ""Seguridad por Diseño"" en el estudiante?","En el curso Seguridad de Software Avanzado de la Maestría en Ciberseguridad, ¿Cómo influye el concepto de ""Seguridad por Diseño"" en el estudiante?

Da una respuesta completa y explicativa.","Lo capacita para diseñar soluciones que garanticen la tríada de la seguridad (confidencialidad, integridad y disponibilidad) desde el inicio del desarrollo.","En el curso de Seguridad de Software Avanzado de la Maestría en Ciberseguridad, el concepto de ""Seguridad por Diseño"" influye en los estudiantes de manera significativa. Este enfoque les permite comprender cómo integrar la seguridad en el proceso de diseño y desarrollo del software desde el principio, en lugar de agregarla como un paso final. Esto les capacita para identificar y mitigar las vulnerabilidades antes de que se conviertan en problemas, lo que resulta en soluciones más seguras y robustas. Además, al estudiar este concepto, los estudiantes aprenden a considerar la confidencialidad, integridad y disponibilidad de los datos desde la etapa inicial del desarrollo, lo que mejora la calidad general del software y lo hace más resiente a posibles amenazas.",MC3001-Seguridad de Software Avanzado.txt;MC1006-Políticas y Gobernanza en Ciberseguridad.txt;MC1003-Seguridad y Criptografía.txt;MC1006-Políticas y Gobernanza en Ciberseguridad.txt;MC3010-Cibercrimen.txt,5.42,Seguridad de Software Avanzado,MC3001,
deepseek-r1-14b-4bit,open_ended,¿Qué temas abarca la administración de riesgo aplicada específicamente al software?,"En el curso Seguridad de Software Avanzado de la Maestría en Ciberseguridad, ¿Qué temas abarca la administración de riesgo aplicada específicamente al software?

Da una respuesta completa y explicativa.","Identificación de riesgos técnicos y de negocio, priorización de riesgos y validación de correcciones.","En el curso **Seguridad de Software Avanzado** de la Maestría en Ciberseguridad, la administración de riesgo aplicada específicamente al software abarca los siguientes temas:

1. **Comprendiendo el contexto del negocio**: Se analiza cómo el entorno del negocio influye en la identificación y gestión de riesgos, considerando aspectos como los objetivos organizacionales y las amenazas potenciales.

2. **Identificando los riesgos técnicos y de negocio**: Se enfocan en detectar vulnerabilidades en el software, como fallos en el diseño, defectos en el código, y cómo estos pueden afectar la confidencialidad, integridad y disponibilidad de los datos.

3. **Sintetizado y priorización del riesgo**: Se trabaja en la evaluación de la gravedad de cada riesgo, considerando factores como el impacto y la probabilidad de ocurrencia, para priorizarlos y asignar recursos de manera efectiva.

4. **Definición de estrategias de mitigación**: Se proponen y evalúan diferentes estrategias para reducir o eliminar los riesgos identificados, como implementar controles de acceso, validación de entradas, y usar prácticas de programación segura.

5. **Creación de correcciones y validación**: Se aborda la implementación de sol",MC1006-Políticas y Gobernanza en Ciberseguridad.txt;MC1006-Políticas y Gobernanza en Ciberseguridad.txt;MC3001-Seguridad de Software Avanzado.txt;MC1001-Análisis de datos en ciberseguridad.txt;MC1003-Seguridad y Criptografía.txt,8.4,Seguridad de Software Avanzado,MC3001,
deepseek-r1-14b-4bit,open_ended,¿Qué se entiende por seguridad basada en el lenguaje de programación en este contexto?,"En el curso Seguridad de Software Avanzado de la Maestría en Ciberseguridad, ¿Qué se entiende por seguridad basada en el lenguaje de programación en este contexto?

Da una respuesta completa y explicativa.","El estudio del tipado seguro, el aseguramiento de memoria y el control de acceso en ambientes abiertos.","En el curso Seguridad de Software Avanzado de la Maestría en Ciberseguridad, la seguridad basada en el lenguaje de programación se refiere a una serie de técnicas y principios que buscan garantizar la seguridad del software desde su diseño y desarrollo. Esto incluye conceptos como el tipado seguro, la sondeabilidad de tipo (type soundness), el aseguramiento de memoria y el control de acceso. Estas metodologías buscan prevenir vulnerabilidades y amenazas comunes, como desbordamientos de buffers, inyección de código y exposición de información, mediante la implementación de estándares de codificación seguros y la validación de la entrada. Además, se enfatiza en la autenticación por contraseñas y el control de acceso, tanto en entornos clásicos como en ambientes abiertos, utilizando marcos como RBAC. Todo esto se integra en el enfoque de ""seguridad por diseño"", que busca integrar la seguridad en todas las etapas del ciclo de vida del desarrollo de software, asegurando la confidencialidad, integridad y disponibilidad de los datos.",MC1006-Políticas y Gobernanza en Ciberseguridad.txt;MC1006-Políticas y Gobernanza en Ciberseguridad.txt;MC3001-Seguridad de Software Avanzado.txt;MC3001-Seguridad de Software Avanzado.txt;MC1001-Análisis de datos en ciberseguridad.txt,7.21,Seguridad de Software Avanzado,MC3001,
deepseek-r1-14b-4bit,open_ended,¿Cómo se aplican las técnicas de análisis estático para mejorar la calidad del código?,"En el curso Seguridad de Software Avanzado de la Maestría en Ciberseguridad, ¿Cómo se aplican las técnicas de análisis estático para mejorar la calidad del código?

Da una respuesta completa y explicativa.","Mediante el análisis de flujo de datos, la ejecución simbólica y la ofuscación.","En el curso Seguridad de Software Avanzado de la Maestría en Ciberseguridad, las técnicas de análisis estático se aplican para mejorar la calidad del código de la siguiente manera:

1. **Análisis de Flujo de Datos**: Se identifican las rutas de flujo de datos en el código para detectar posibles vulnerabilidades, como inyecciones de SQL o XSS, y asegurar la integridad de los datos.

2. **Ofuscación**: Se utiliza para detectar código malicioso o inintencionado que pueda estar oculto o obfuscado, dificultando su análisis y detección.

3. **Pruebas de Penetración en Análisis Estático**: Se realizan pruebas de penetración sin ejecutar el código para identificar vectores de ataque y vulnerabilidades en el diseño del software.

4. **Ejecución Simbólica**: Se simula la ejecución del código para analizar su comportamiento sin necesidad de ejecutarlo, lo que permite detectar errores y vulnerabilidades en etapas tempranas del desarrollo.

Estas técnicas contribuyen a garantizar que el código sea seguro, robusto y de alta calidad, evitando vulnerabilidades y asegurando la confidencialidad, integridad y disponibilidad de los datos.",MC1001-Análisis de datos en ciberseguridad.txt;MC3001-Seguridad de Software Avanzado.txt;MC3001-Seguridad de Software Avanzado.txt;MC1003-Seguridad y Criptografía.txt;MC1006-Políticas y Gobernanza en Ciberseguridad.txt,8.04,Seguridad de Software Avanzado,MC3001,
deepseek-r1-14b-4bit,open_ended,¿Por qué el cibercrimen se estudia también desde la perspectiva de las ciencias sociales?,"En el curso Cibercrimen de la Maestría en Ciberseguridad, ¿Por qué el cibercrimen se estudia también desde la perspectiva de las ciencias sociales?

Da una respuesta completa y explicativa.","Porque muchos problemas, como el phishing, ocurren por motivadores conductuales y debilidades en el comportamiento humano, no solo por fallas técnicas.","En el curso Cibercrimen de la Maestría en Ciberseguridad, el cibercrimen se estudia también desde la perspectiva de las ciencias sociales porque aborda aspectos como la psicología del delincuente, la motivación social y las dinámicas humanas que influyen en las acciones criminales en el entorno digital. Además, se analizan factores legales y éticos, y se utiliza metodología de investigación social para comprender la naturaleza y las consecuencias del cibercrimen, lo que permite una visión más integral y multidisciplinaria del problema.",MC3010-Cibercrimen.txt;MC1006-Políticas y Gobernanza en Ciberseguridad.txt;MC1006-Políticas y Gobernanza en Ciberseguridad.txt;MC1001-Análisis de datos en ciberseguridad.txt;MC3010-Cibercrimen.txt,4.3,Cibercrimen,MC3010,
deepseek-r1-14b-4bit,open_ended,¿Qué objetivos persiguen los criminales al manipular a usuarios legítimos?,"En el curso Cibercrimen de la Maestría en Ciberseguridad, ¿Qué objetivos persiguen los criminales al manipular a usuarios legítimos?

Da una respuesta completa y explicativa.","Obtener información confidencial mediante ingeniería social, espionaje industrial e investigación de recopilación de datos.","En el curso Cibercrimen de la Maestría en Ciberseguridad, los criminales buscan varios objetivos al manipular a usuarios legítimos. Principalmente, ellos buscan obtener información confidencial, como datos personales, credenciales de acceso, o información sensible que pueda ser utilizada para cometer fraudes o actividades ilícitas. Además, pueden estar interesados en ganar confianza para acceder a sistemas protegidos o para difundir malware que afecte a las víctimas. También, manipular a usuarios legítimos puede servir para crear una base de apoyo o para realizar actividades que requieren una complicidad tácita del usuario manipulado.",MC1001-Análisis de datos en ciberseguridad.txt;MC1006-Políticas y Gobernanza en Ciberseguridad.txt;MC1006-Políticas y Gobernanza en Ciberseguridad.txt;MC3010-Cibercrimen.txt;MC3010-Cibercrimen.txt,4.56,Cibercrimen,MC3010,
deepseek-r1-14b-4bit,open_ended,¿Cómo ayudan los motivadores sociales a identificar la naturaleza de las amenazas?,"En el curso Cibercrimen de la Maestría en Ciberseguridad, ¿Cómo ayudan los motivadores sociales a identificar la naturaleza de las amenazas?

Da una respuesta completa y explicativa.",Permiten valorar las acciones de los individuos y potenciar la identificación temprana de actos delictivos.,"En el curso de Cibercrimen de la Maestría en Ciberseguridad, los motivadores sociales ayudan a identificar la naturaleza de las amenazas a través de la comprensión de los factores que impulsan a los actores a realizar actividades ilícitas en línea. Esto se logra analizando aspectos como la motivación individual, la dinámica grupal, la cultura y las circunstancias sociales que rodean a los perpetradores de cibercrimen. Además, se estudian casos específicos que ilustran cómo estos factores influyen en la conducta criminal, permitiendo una mejor comprensión de las动力后驱和社会背景如何影响网络犯罪的性质和行为。",MC1006-Políticas y Gobernanza en Ciberseguridad.txt;MC1006-Políticas y Gobernanza en Ciberseguridad.txt;MC1001-Análisis de datos en ciberseguridad.txt;MC3010-Cibercrimen.txt;MC3001-Seguridad de Software Avanzado.txt,4.71,Cibercrimen,MC3010,
deepseek-r1-14b-4bit,open_ended,¿Qué métodos de investigación social se aplican para entender el fenómeno criminal?,"En el curso Cibercrimen de la Maestría en Ciberseguridad, ¿Qué métodos de investigación social se aplican para entender el fenómeno criminal?

Da una respuesta completa y explicativa.","La teorización, el diseño experimental, la validación de hipótesis y el análisis de datos con SPSS.","En el curso de Cibercrimen de la Maestría en Ciberseguridad, se aplican los siguientes métodos de investigación social para entender el fenómeno criminal:

1. **Análisis de Casos Específicos**: Se estudian casos prácticos de cibercrimen para integrar conceptos teóricos con aplicaciones prácticas.

2. **Investigación Social Aplicada**: Se realiza investigación social aplicada en el contexto del cibercrimen, lo que implica el desarrollo de estudios de casos en escenarios comunes de cibercrimen.

3. **Evaluación de Riesgos**: Se identifican y evalúan los riesgos en ciberseguridad, utilizando metodologías y modelos de evaluación de riesgos.

4. **Técnicas de Análisis de Datos**: Se utilizan técnicas de minería de datos, aprendizaje automático y análisis de anomalías para detectar patrones y comportamientos fraudulentos.

5. **Investigación Bibliográfica**: Se lleva a cabo investigación bibliográfica sobre tendencias en políticas y gobernanza de la ciberseguridad, lo que contribuye a comprender el marco legal y ético del cibercrimen.

6. **Laboratorios y Simulaciones**: Se realizan laboratorios y simulaciones para abordar aspect",MC3010-Cibercrimen.txt;MC1006-Políticas y Gobernanza en Ciberseguridad.txt;MC1006-Políticas y Gobernanza en Ciberseguridad.txt;MC1001-Análisis de datos en ciberseguridad.txt;MC1103-Gerencia de tecnología de información.txt,8.29,Cibercrimen,MC3010,
deepseek-r1-14b-4bit,open_ended,"¿Qué aspectos analiza la ""Ciencia del Crimen"" respecto a los actos delictivos?","En el curso Cibercrimen de la Maestría en Ciberseguridad, ¿Qué aspectos analiza la ""Ciencia del Crimen"" respecto a los actos delictivos?

Da una respuesta completa y explicativa.","La elección racional del criminal, las actividades de rutina y los estudios de victimización y autoreporte.","En el curso Cibercrimen de la Maestría en Ciberseguridad, la ""Ciencia del Crimen"" analiza los siguientes aspectos respecto a los actos delictivos:

1. **Orígenes del Crimen**: Se estudian los factores que llevan a la comisión de un crimen, considerando aspectos sociales, psicológicos y ambientales.

2. **Elección racional**: Se analiza cómo los criminales deciden realizar un acto delictivo basándose en un cálculo de beneficios y costos.

3. **Actividades de Rutina**: Se examinan las rutinas y patrones de conducta que siguen los criminales en sus acciones ilícitas.

4. **Estudios de autoreporte**: Se consideran las declaraciones y autoconfesiones de los criminales para entender sus motivaciones y modus operandi.

5. **Estudios de Victimización**: Se analiza la experiencia de las víctimas, identificando patrones y factores que las hacen más vulnerables.

6. **Sensores Técnicos**: Se utiliza tecnología para recopilar datos sobre crimenes, como sistemas de vigilancia y monitoreo.

7. **Cibercrimen**: Se enfocan en los tipos específicos de crimen que se llevan a cabo en el ámbito cibernético, como el robo de",MC3010-Cibercrimen.txt;MC1006-Políticas y Gobernanza en Ciberseguridad.txt;MC1006-Políticas y Gobernanza en Ciberseguridad.txt;MC1001-Análisis de datos en ciberseguridad.txt;MC3010-Cibercrimen.txt,8.28,Cibercrimen,MC3010,
deepseek-r1-14b-4bit,open_ended,¿En qué consiste la teoría de prevención del crimen en situación según el curso?,"En el curso Cibercrimen de la Maestría en Ciberseguridad, ¿En qué consiste la teoría de prevención del crimen en situación según el curso?

Da una respuesta completa y explicativa.","Analiza la oportunidad del crimen, el triángulo del crimen y el desplazamiento del beneficio delictivo.","La teoría de prevención del crimen en situación, según el curso Cibercrimen de la Maestría en Ciberseguridad, se compone de los siguientes elementos:

1. **Teoría de la Oportunidad**: Se enfoca en cómo la disponibilidad de oportunidades y la percepción de riesgo influyen en la comisión de un crimen. Se analiza cómo los criminales buscan la facilidad para cometer ilícitos, considerando factores como la accesibilidad de las víctimas o la ausencia de vigilancia.

2. **Triángulo del Crimen**: Este modelo conceptualiza la comisión de un crimen como la interacción entre el criminal, la víctima y el entorno. Se estudia cómo cada uno de estos elementos interactúa para facilitar o impedir un acto criminal.

3. **Desplazamiento**: Se trata de cómo los criminales buscan nuevas víctimas o lugares para cometer sus fechorías, evitando ser detectados. Esto incluye la adaptación de sus tácticas frente a las medidas de prevención implementadas.

4. **Difusión de Beneficio**: Se analiza cómo la información sobre beneficios potenciales del crimen se dispara en la sociedad, influenciando a posibles criminales a intentarlo, basándose en la percepción de ganancias fáciles y el riesgo",MC3010-Cibercrimen.txt;MC1006-Políticas y Gobernanza en Ciberseguridad.txt;MC1006-Políticas y Gobernanza en Ciberseguridad.txt;MC1001-Análisis de datos en ciberseguridad.txt;MC3010-Cibercrimen.txt,8.3,Cibercrimen,MC3010,
deepseek-r1-14b-4bit,open_ended,¿Cómo se articulan las TI con la propuesta de valor de un negocio?,"En el curso Sistemas Estratégicos Empresariales de la Maestría en Gerencia de Tecnologías de la Información, ¿Cómo se articulan las TI con la propuesta de valor de un negocio?

Da una respuesta completa y explicativa.",Se integran coherentemente dentro de un sistema de actividades para fortalecer la posición estratégica de la empresa.,"En el curso Sistemas Estratégicos Empresariales de la Maestría en Gerencia de Tecnologías de la Información, las Tecnologías de la Información (TI) se articulan con la propuesta de valor de un negocio de manera integral y estratégica. Esto se logra a través de la creación de un sistema de actividades que refleje la propuesta de valor, lo que permite alinear las tecnologías con los objetivos y necesidades del negocio. Además, se utiliza la perspectiva de la cadena de valor y los modelos basados en recursos para identificar cómo las TI pueden contribuir a la creación de valor, el posicionamiento estratégico y la obtención de ventajas competitivas. Por medio de la investigación aplicada y la exposición de casos, los estudiantes desarrollan habilidades para aplicar estos conceptos en situaciones reales, asegurando que las TI no solo sean herramientas de apoyo, sino que formen parte esencial de la estrategia empresarial.",MC1101-Sistemas Estratégicos Empresariales.txt;MC2301-Planificación estratégica de tecnología de información.txt;MC1103-Gerencia de tecnología de información.txt;MC1203-Administración y estrategia de proyectos I.txt;MC1201-Administración financiera de tecnología de información.txt,6.27,Sistemas Estratégicos Empresariales,MC1101,
deepseek-r1-14b-4bit,open_ended,¿Qué tipos de sistemas de información se estudian como referentes de manejo interno y externo?,"En el curso Sistemas Estratégicos Empresariales de la Maestría en Gerencia de Tecnologías de la Información, ¿Qué tipos de sistemas de información se estudian como referentes de manejo interno y externo?

Da una respuesta completa y explicativa.","Los sistemas ERP, CRM y SCM.","En el curso Sistemas Estratégicos Empresariales de la Maestría en Gerencia de Tecnologías de la Información, se estudian varios tipos de sistemas de información que actúan como referentes de manejo tanto interno como externo. Estos sistemas incluyen:

1. **Sistemas de Planificación de Recursos Empresariales (ERP)**: Estos sistemas integran información de diferentes departamentos de la empresa, como finanzas, ventas y operaciones, permitiendo una planificación y gestión integrada de los recursos.

2. **Sistemas de Administración de la Cadena de Suministro**: Estos sistemas se centran en la gestión de la cadena de abastecimiento, optimizando la logística, el almacenamiento y la distribución de productos.

3. **Sistemas de Administración de Relación con el Cliente (CRM)**: Estos sistemas ayudan a gestionar las relaciones con los clientes, mejorando la experiencia del cliente y fomentando la lealtad.

4. **Sistemas de Administración del Conocimiento**: Estos sistemas buscan explotar el conocimiento existente en la organización, promoviendo la toma de decisiones basada en información y la innovación.

5. **Sistemas de Análisis para la Dirección Financiera**: Estos sistemas utilizan herramientas de análisis financiero para evaluar",MC1103-Gerencia de tecnología de información.txt;MC1103-Gerencia de tecnología de información.txt;MC2301-Planificación estratégica de tecnología de información.txt;MC1201-Administración financiera de tecnología de información.txt;MC1101-Sistemas Estratégicos Empresariales.txt,8.32,Sistemas Estratégicos Empresariales,MC1101,
deepseek-r1-14b-4bit,open_ended,¿Qué fuerzas competitivas influyen en la dinámica de una industria según Michael Porter?,"En el curso Sistemas Estratégicos Empresariales de la Maestría en Gerencia de Tecnologías de la Información, ¿Qué fuerzas competitivas influyen en la dinámica de una industria según Michael Porter?

Da una respuesta completa y explicativa.","La amenaza de nuevos entrantes, el poder de compradores y proveedores, los sustitutos y la rivalidad entre competidores.","En el curso Sistemas Estratégicos Empresariales de la Maestría en Gerencia de Tecnologías de la Información, las fuerzas competitivas que influyen en la dinámica de una industria, según Michael Porter, son:

1. **Competidores directos**: Empresas que ofrecen productos o servicios similares y compiten por la misma clientela.
2. **Proveedor de insumos**: Empresas que suministran los recursos necesarios para la producción de bienes o servicios.
3. **Sustitutos**: Productos o servicios alternativos que satisfacen las mismas necesidades de los consumidores.
4. **Clientes**: Grupos de consumidores que buscan satisfacer sus necesidades a través de los productos o servicios ofrecidos.
5. **Nueva entrada de competidores**: Empresas nuevas que ingresan al mercado, amenazando la posición de las empresas ya establecidas.

Estas fuerzas, conocidas como el Análisis de las Cinco Fuerzas de Porter, ayudan a comprender la estructura competitiva de una industria y las amenazas que enfrentan las empresas.",MC1101-Sistemas Estratégicos Empresariales.txt;MC1101-Sistemas Estratégicos Empresariales.txt;MC1103-Gerencia de tecnología de información.txt;MC2301-Planificación estratégica de tecnología de información.txt;MC1103-Gerencia de tecnología de información.txt,6.85,Sistemas Estratégicos Empresariales,MC1101,
deepseek-r1-14b-4bit,open_ended,¿Qué papel desempeña la investigación en la metodología de enseñanza de este curso?,"En el curso Sistemas Estratégicos Empresariales de la Maestría en Gerencia de Tecnologías de la Información, ¿Qué papel desempeña la investigación en la metodología de enseñanza de este curso?

Da una respuesta completa y explicativa.",Permite al estudiante profundizar en fundamentos y tendencias mediante la creación de un estado del arte de sistemas empresariales.,"En el curso Sistemas Estratégicos Empresariales de la Maestría en Gerencia de Tecnologías de la Información, la investigación desempeña un papel fundamental en la metodología de enseñanza. Los estudiantes son requeridos para realizar un estado del arte en sistemas empresariales, lo que implica buscar y sintetizar referencias específicas en cada tipo de sistema, como ERP, CRM, KMS y SCM. Además, como parte de su formación en investigación, los estudiantes deben realizar una investigación en sistema empresarial de manera grupal y presentar una exposición individual basada en un artículo. Esto fomenta una comprensión más profunda de los sistemas estratégicos y su aplicación práctica en el contexto empresarial.",MC1103-Gerencia de tecnología de información.txt;MC2301-Planificación estratégica de tecnología de información.txt;MC1103-Gerencia de tecnología de información.txt;MC1101-Sistemas Estratégicos Empresariales.txt;MC1101-Sistemas Estratégicos Empresariales.txt,4.62,Sistemas Estratégicos Empresariales,MC1101,
deepseek-r1-14b-4bit,open_ended,¿Cómo se vincula el conocimiento teórico con la práctica real en este programa?,"En el curso Sistemas Estratégicos Empresariales de la Maestría en Gerencia de Tecnologías de la Información, ¿Cómo se vincula el conocimiento teórico con la práctica real en este programa?

Da una respuesta completa y explicativa.",A través de una investigación aplicada donde el estudiante enfrenta un problema real de una empresa utilizando los conocimientos adquiridos.,"En el curso Sistemas Estratégicos Empresariales de la Maestría en Gerencia de Tecnologías de la Información, el conocimiento teórico se vincula con la práctica real a través de una metodología que combina exposiciones magistrales con la resolución de casos y la investigación aplicada. Los estudiantes no solo adquieren conceptos teóricos, sino que también los aplican en la solución de problemas reales a través de la Investigación Aplicada, donde enfrentan situaciones similares a las que se encuentran en la industria. Además, se fomenta la participación activa en clase y la exposición de casos, lo que permite un enfoque práctico y una integración entre la teoría y la aplicación.",MC1103-Gerencia de tecnología de información.txt;MC1103-Gerencia de tecnología de información.txt;MC2301-Planificación estratégica de tecnología de información.txt;MC1101-Sistemas Estratégicos Empresariales.txt;MC2301-Planificación estratégica de tecnología de información.txt,4.94,Sistemas Estratégicos Empresariales,MC1101,
deepseek-r1-14b-4bit,open_ended,¿Qué modelos complementarios a las fuerzas de Porter se analizan para el uso estratégico de TI?,"En el curso Sistemas Estratégicos Empresariales de la Maestría en Gerencia de Tecnologías de la Información, ¿Qué modelos complementarios a las fuerzas de Porter se analizan para el uso estratégico de TI?

Da una respuesta completa y explicativa.",El modelo basado en recursos (Resource Based View) y la competencia por capacidades.,"En el curso Sistemas Estratégicos Empresariales de la Maestría en Gerencia de Tecnologías de la Información, se analizan los siguientes modelos complementarios a las fuerzas de Porter para el uso estratégico de TI:

1. **Modelo de Recursos Basados en la Vista (RBV)**: Este modelo se centra en la idea de que las empresas obtienen una ventaja competitiva a través de recursos que son valiosos, intransferibles, inimitables y no sustituibles. En el contexto de TI, esto implica identificar cómo los sistemas y tecnologías de la información pueden convertirse en recursos clave que diferencien a la empresa en el mercado.

2. **Modelo de Competencia por Capacidades**: Este enfoque se enfoca en las capacidades específicas de una empresa que le permiten realizar actividades de manera más eficiente que sus competidores. En el marco de TI, se trata de cómo las tecnologías pueden fortalecer estas capacidades, mejorando procesos empresariales y permitiendo la creación de valor único.

Estos modelos complementan la perspectiva de Porter, proporcionando una visión más holística de cómo las tecnologías de la información pueden contribuir a la estrategia empresarial, no solo mediante la identificación de las fuerzas competitivas, sino también a través de la creación de recursos y capac",MC1103-Gerencia de tecnología de información.txt;MC2301-Planificación estratégica de tecnología de información.txt;MC1101-Sistemas Estratégicos Empresariales.txt;MC2301-Planificación estratégica de tecnología de información.txt;MC1101-Sistemas Estratégicos Empresariales.txt,8.1,Sistemas Estratégicos Empresariales,MC1101,
deepseek-r1-14b-4bit,open_ended,¿Qué elementos componen el enfoque integrado del proceso de gestión de TI?,"En el curso Gerencia de Tecnología de Información de la Maestría en Gerencia de Tecnologías de la Información, ¿Qué elementos componen el enfoque integrado del proceso de gestión de TI?

Da una respuesta completa y explicativa.","La combinación de cuatro factores clave: personas, procesos, herramientas y proveedores.","En el curso Gerencia de Tecnología de la Información de la Maestría en Gerencia de Tecnologías de la Información, el enfoque integrado del proceso de gestión de TI se compone de los siguientes elementos:

1. **Gobernanza de TI**: Incluye el concepto de gobernanza, la diferencia entre administración y gobernanza, la importancia y beneficios de la gobernanza de TI, políticas, procedimientos y estándares, y la matriz de gobernanza de Weill con sus arquetipos y mecanismos.

2. **Desarrollo organizacional de TI**: Abarca el espectro centralización-descentralización, la ubicación del área de TI en la estructura organizacional de la empresa, etapas de desarrollo organizacional, organización interna de TI (departamentalización), diseño organizacional, mecanismos de integración, estructura lógica para proveedores de servicios de TI, concepto de TI liviano, modelos de tercerización de servicios de TI, roles principales en las áreas de TI, y el modelo RACI o matriz de autoridad.

3. **Propuestas para administración o gerenciamiento de TI**: Se mencionan varias propuestas como las de Broadbent y Kitzis (modelo de ""IT Demand/IT Supply""), Scott Proctor, Dyche, Martha Heller",MC1103-Gerencia de tecnología de información.txt;MC1103-Gerencia de tecnología de información.txt;MC1201-Administración financiera de tecnología de información.txt;MC2301-Planificación estratégica de tecnología de información.txt;MC1203-Administración y estrategia de proyectos I.txt,8.3,Gerencia de Tecnología de Información,MC1103,
deepseek-r1-14b-4bit,open_ended,¿Cuáles son los equilibrios críticos que un líder de TI debe buscar permanentemente?,"En el curso Gerencia de Tecnología de Información de la Maestría en Gerencia de Tecnologías de la Información, ¿Cuáles son los equilibrios críticos que un líder de TI debe buscar permanentemente?

Da una respuesta completa y explicativa.","El balance entre innovación y gestión de riesgos, y entre ser agente de cambio y mantener la operación impecable.","En el curso Gerencia de Tecnología de la Información de la Maestría en Gerencia de Tecnologías de la Información, los equilibrios críticos que un líder de TI debe buscar permanentemente son:

1. **Equilibrio entre Estrategia y Ejecución**: Un líder de TI debe asegurar que la estrategia tecnológica de la organización se alinee con los objetivos generales del negocio, mientras que también debe gestionar eficientemente la ejecución de los proyectos TI para garantizar que se cumplan los plazos y los objetivos establecidos.

2. **Equilibrio entre Innovación y Estabilidad**: Es fundamental promover la innovación tecnológica para mantener la competitividad, pero al mismo tiempo, es crucial mantener la estabilidad en los sistemas y procesos existentes para evitar interrupciones que puedan afectar las operaciones.

3. **Equilibrio entre Gobernanza y Autonomía**: Un líder de TI debe equilibrar la gobernanza adecuada, asegurando que las decisiones se tomen de manera coherente con las políticas y estándares de la organización, sin inhibir la autonomía necesaria para que los equipos puedan ser creativos y responsivos a las necesidades cambantes.

4. **Equilibrio entre Costos y Beneficios**: Es esencial realizar una gestión financiera eficiente, asegur",MC1103-Gerencia de tecnología de información.txt;MC2301-Planificación estratégica de tecnología de información.txt;MC1101-Sistemas Estratégicos Empresariales.txt;MC1103-Gerencia de tecnología de información.txt;MC1006-Políticas y Gobernanza en Ciberseguridad.txt,8.2,Gerencia de Tecnología de Información,MC1103,
deepseek-r1-14b-4bit,open_ended,¿Qué diferencia establece el curso entre administración y gobernanza de TI?,"En el curso Gerencia de Tecnología de Información de la Maestría en Gerencia de Tecnologías de la Información, ¿Qué diferencia establece el curso entre administración y gobernanza de TI?

Da una respuesta completa y explicativa.","Se analizan como conceptos distintos, estudiando la gobernanza a través de arquetipos y mecanismos de la matriz de Weill.","En el curso Gerencia de Tecnología de la Información de la Maestría en Gerencia de Tecnologías de la Información, se establece una diferencia entre la administración y la gobernanza de TI. La administración de TI se centra en la gestión diaria de los recursos tecnológicos, como la operación, el mantenimiento y la implementación de sistemas, con un enfoque en la eficiencia y el cumplimiento de los objetivos operativos. Por otro lado, la gobernanza de TI se enfoca en la dirección estratégica y el manejo de riesgos, asegurando que la tecnología aligne con los objetivos de la organización y contribuya a su sostenibilidad y crecimiento a largo plazo. Mientras que la administración es más táctica, la gobernanza es estratégica, involucrando decisiones de alto nivel y asegurando que la TI cumpla con los valores y directrices de la empresa.",MC1103-Gerencia de tecnología de información.txt;MC1103-Gerencia de tecnología de información.txt;MC1006-Políticas y Gobernanza en Ciberseguridad.txt;MC1201-Administración financiera de tecnología de información.txt;MC1203-Administración y estrategia de proyectos I.txt,6.1,Gerencia de Tecnología de Información,MC1103,
deepseek-r1-14b-4bit,open_ended,¿Qué modelos de tercerización de servicios se introducen en el contenido?,"En el curso Gerencia de Tecnología de Información de la Maestría en Gerencia de Tecnologías de la Información, ¿Qué modelos de tercerización de servicios se introducen en el contenido?

Da una respuesta completa y explicativa.","SaaS, IaaS y PaaS, junto con los factores críticos de éxito para su gestión.","En el curso Gerencia de Tecnología de la Información de la Maestría en Gerencia de Tecnologías de la Información, se introducen los siguientes modelos de tercerización de servicios:

1. **Modelo de SaaS (Software as a Service)**: Este modelo permite que las empresas accedan a software a través de internet, pagando solo por lo que usan, sin necesidad de comprar licencias.

2. **Modelo de IaaS (Infrastructure as a Service)**: Ofrece acceso a infraestructura computacional, como servidores y storage, gestionados por un proveedor externo.

3. **Modelo de PaaS (Platform as a Service)**: Proporciona una plataforma para desarrollar y deployar aplicaciones, sin necesidad de preocuparse por la infraestructura subyacente.

Estos modelos son parte del contenido del curso, que también aborda la ubicación del área de TI dentro de la estructura organizacional de la empresa, el espectro centralización-descentralización, y la matriz de gobernanza de Weill, entre otros temas.",MC1103-Gerencia de tecnología de información.txt;MC2301-Planificación estratégica de tecnología de información.txt;MC1103-Gerencia de tecnología de información.txt;MC1006-Políticas y Gobernanza en Ciberseguridad.txt;MC1101-Sistemas Estratégicos Empresariales.txt,6.55,Gerencia de Tecnología de Información,MC1103,
deepseek-r1-14b-4bit,open_ended,¿Cómo se utiliza la metodología de casos para fomentar el aprendizaje socio-constructivista?,"En el curso Gerencia de Tecnología de Información de la Maestría en Gerencia de Tecnologías de la Información, ¿Cómo se utiliza la metodología de casos para fomentar el aprendizaje socio-constructivista?

Da una respuesta completa y explicativa.","Mediante estudio individual, análisis grupal y sesiones plenarias de discusión sobre casos comprensivos.","En el curso de Gerencia de Tecnología de la Información de la Maestría en Gerencia de Tecnologías de la Información, la metodología de casos se utiliza para fomentar el aprendizaje socio-constructivista de la siguiente manera:

1. **Análisis de Casos Completos**: Los estudiantes abordan casos que requieren la consideración de múltiples aspectos del material estudiado, lo que permite una comprensión integral y aplicada de los conceptos teóricos.

2. **Trabajo Individual y Grupal**: Se combina el trabajo individual, mediante tareas como mapas mentales, esquemas de ideas y infografías, con el trabajo grupal a través del análisis de casos de estudio. Esto fomenta la colaboración y el intercambio de ideas entre los estudiantes.

3. **Foros de Discusión Virtual**: Se realizan foros virtuales para que los estudiantes discutan y compartan sus perspectivas, lo que promueve un aprendizaje basado en la interacción y la construcción colectiva de conocimientos.

4. **Investigación Bibliográfica**: Como culminación del curso, los estudiantes elaboran una investigación bibliográfica que profundiza en algún tema del curso, lo que les permite aplicar sus habilidades de análisis y sintesis de manera autónoma y en equipo.

5. **Evaluación",MC1103-Gerencia de tecnología de información.txt;MC3010-Cibercrimen.txt;MC2301-Planificación estratégica de tecnología de información.txt;MC6102-Análisis de Algoritmos.txt;MC6102-Análisis de Algoritmos.txt,8.2,Gerencia de Tecnología de Información,MC1103,
deepseek-r1-14b-4bit,open_ended,¿Qué herramientas pedagógicas deben elaborar los estudiantes para demostrar la asimilación semanal de la teoría?,"En el curso Gerencia de Tecnología de Información de la Maestría en Gerencia de Tecnologías de la Información, ¿Qué herramientas pedagógicas deben elaborar los estudiantes para demostrar la asimilación semanal de la teoría?

Da una respuesta completa y explicativa.","Mapas mentales, conceptuales, infografías o cuadros sinópticos basados en la bibliografía.","En el curso Gerencia de Tecnología de Información de la Maestría en Gerencia de Tecnologías de la Información, los estudiantes deben elaborar herramientas pedagógicas como mapas mentales, mapas conceptuales, esquemas de ideas, infografías o cuadros sinópticos para demostrar la asimilación semanal de la teoría.",MC1103-Gerencia de tecnología de información.txt;MC6102-Análisis de Algoritmos.txt;MC7201-Introducción a la Investigación.txt;MC2301-Planificación estratégica de tecnología de información.txt;MC7201-Introducción a la Investigación.txt,2.82,Gerencia de Tecnología de Información,MC1103,
deepseek-r1-14b-4bit,open_ended,¿Qué abarca la gestión de recursos financieros invertidos en TI?,"En el curso Administración Financiera de TI de la Maestría en Gerencia de Tecnologías de la Información, ¿Qué abarca la gestión de recursos financieros invertidos en TI?

Da una respuesta completa y explicativa.","La planificación, operación, control, evaluación y toma de decisiones fundamentadas en información financiera.","La gestión de recursos financieros invertidos en TI abarca la planificación, operación, control, evaluación y toma de decisiones fundamentadas en información financiera. Esto incluye la optimización de los recursos asignados y la gestión de los riesgos inherentes a las inversiones en proyectos y servicios de tecnología de la información.",MC1201-Administración financiera de tecnología de información.txt;MC1103-Gerencia de tecnología de información.txt;MC1103-Gerencia de tecnología de información.txt;MC1201-Administración financiera de tecnología de información.txt;MC2301-Planificación estratégica de tecnología de información.txt,2.65,Administración Financiera de TI,MC1201,
deepseek-r1-14b-4bit,open_ended,¿Cuál es el objetivo final de aplicar finanzas a los proyectos y servicios de TI?,"En el curso Administración Financiera de TI de la Maestría en Gerencia de Tecnologías de la Información, ¿Cuál es el objetivo final de aplicar finanzas a los proyectos y servicios de TI?

Da una respuesta completa y explicativa.",Optimizar los recursos asignados y gestionar los riesgos inherentes a las inversiones tecnológicas.,"En el curso de Administración Financiera de Tecnología de la Información de la Maestría en Gerencia de Tecnologías de la Información, el objetivo final de aplicar finanzas a los proyectos y servicios de TI es:

**Desarrollar la capacidad para formular y evaluar proyectos de tecnología de la información de manera financiera, utilizando metodologías y estándares internacionales como COBIT y ITIL, con el fin de contribuir a la toma de decisiones informadas y alinear las inversiones en TI con los objetivos estratégicos de la organización.**",MC1201-Administración financiera de tecnología de información.txt;MC1103-Gerencia de tecnología de información.txt;MC2301-Planificación estratégica de tecnología de información.txt;MC1203-Administración y estrategia de proyectos I.txt;MC1101-Sistemas Estratégicos Empresariales.txt,4.02,Administración Financiera de TI,MC1201,
deepseek-r1-14b-4bit,open_ended,¿Qué áreas de la contabilidad se estudian para respaldar la operación técnica?,"En el curso Administración Financiera de TI de la Maestría en Gerencia de Tecnologías de la Información, ¿Qué áreas de la contabilidad se estudian para respaldar la operación técnica?

Da una respuesta completa y explicativa.","Contabilidad financiera (activos, pasivos, capital), análisis financiero (razones financieras) y contabilidad de costos.","En el curso de Administración Financiera de Tecnología de la Información de la Maestría en Gerencia de Tecnologías de la Información, se estudian las siguientes áreas de la contabilidad para respaldar la operación técnica:

1. **Contabilidad de Costos**: Se enfoca en la asignación y cálculo de costos asociados con la operación de la tecnología de la información. Esto incluye la determinación de costos directos e indirectos, y su aplicación en la planificación y control de los gastos relacionados con la TI.

2. **Presupuestos**: Se aborda la metodología para elaborar y manejar presupuestos específicos para la operación de la tecnología de la información. Esto incluye la planificación de los gastos y recursos necesarios para asegurar que la operación técnica sea eficiente y sostenible.

3. **Formulación y Evaluación Financiera de Proyectos**: Se estudian técnicas para evaluar proyectos de tecnología de la información, considerando aspectos financieros como el costo-beneficio, la rentabilidad y la viabilidad de los mismos. Esto asegura que los proyectos se alineen con los objetivos estratégicos de la organización y sean viables desde un punto de vista financiero.

4. **Evaluación Financiera de Proyectos**: Se utiliza para determinar la viabilidad de proyectos de tecnología de la",MC1201-Administración financiera de tecnología de información.txt;MC1103-Gerencia de tecnología de información.txt;MC2301-Planificación estratégica de tecnología de información.txt;MC1103-Gerencia de tecnología de información.txt;MC1101-Sistemas Estratégicos Empresariales.txt,8.25,Administración Financiera de TI,MC1201,
deepseek-r1-14b-4bit,open_ended,¿Cómo se integra el presupuesto en la administración de la función de información?,"En el curso Administración Financiera de TI de la Maestría en Gerencia de Tecnologías de la Información, ¿Cómo se integra el presupuesto en la administración de la función de información?

Da una respuesta completa y explicativa.",Mediante el estudio de metodologías de elaboración presupuestaria específicas para la operación de TI.,"En el curso de Administración Financiera de Tecnologías de la Información, el presupuesto se integra en la administración de la función de información de manera estructurada y estratégica. A continuación, se detalla cómo se lleva a cabo esta integración:

1. **Conceptos Introductorios al Presupuesto**: Los estudiantes adquieren una comprensión fundamental de los presupuestos, incluyendo su importancia en la planificación y gestión de recursos financieros.

2. **Metodologías para la Elaboración de Presupuestos**: Se enseñan diferentes metodologías para construir presupuestos, lo que permite una adaptación según las necesidades específicas de la organización y los proyectos de TI.

3. **Presupuestos para la Operación de Tecnología de Información**: Se enfatiza en cómo los presupuestos se aplican directamente a la operación de TI, asegurando que los recursos asignados sean optimizados para lograr los objetivos estratégicos.

4. **Formulación y Evaluación Financiera de Proyectos**: Los estudiantes aprenden a formular proyectos y evaluarlos financieramente, lo que incluye la asignación de presupuestos y la medición de su impacto en la función de información.

5. **Evaluación y Toma de Decisiones**: El presupuesto se utiliza como herramienta clave para la toma de decisiones, permit",MC1201-Administración financiera de tecnología de información.txt;MC1103-Gerencia de tecnología de información.txt;MC2301-Planificación estratégica de tecnología de información.txt;MC1201-Administración financiera de tecnología de información.txt;MC1203-Administración y estrategia de proyectos I.txt,8.22,Administración Financiera de TI,MC1201,
deepseek-r1-14b-4bit,open_ended,¿Qué estándares internacionales se referencian para la gestión de costos?,"En el curso Administración Financiera de TI de la Maestría en Gerencia de Tecnologías de la Información, ¿Qué estándares internacionales se referencian para la gestión de costos?

Da una respuesta completa y explicativa.",El dominio APO06 de COBIT 5.0 y los procesos de estrategia de servicios de ITIL 2011.,"En el curso de **Administración Financiera de Tecnologías de la Información** de la Maestría en Gerencia de Tecnologías de la Información, se mencionan los siguientes estándares internacionales para la gestión de costos:

1. **Control de Tecnología de Información (COBIT 5.0)**: 
   -.Objetivos de Control de Tecnología de Información (COBIT 5.0), APO06: Gestionar el presupuesto y los costos de tecnología de información.

2. **Information Technology Infrastructure Library (ITIL 2011)**:
   - Procesos de servicios de estrategia, administración financiera para servicios de tecnología de información.

Estos estándares se integran en la formación para abordar aspectos como la planificación, dirección y control de los costos en el entorno tecnológico, asegurando una gestión eficiente y alineada con las mejores prácticas internacionales.",MC1201-Administración financiera de tecnología de información.txt;MC1201-Administración financiera de tecnología de información.txt;MC1103-Gerencia de tecnología de información.txt;MC1103-Gerencia de tecnología de información.txt;MC1006-Políticas y Gobernanza en Ciberseguridad.txt,6.05,Administración Financiera de TI,MC1201,
deepseek-r1-14b-4bit,open_ended,¿En qué tipo de actividades se concentra la evaluación del curso?,"En el curso Administración Financiera de TI de la Maestría en Gerencia de Tecnologías de la Información, ¿En qué tipo de actividades se concentra la evaluación del curso?

Da una respuesta completa y explicativa.","En exámenes parciales, investigación bibliográfica, comprobaciones de lectura y trabajo en clase.","En el curso de **Administración Financiera de Tecnología de la Información** de la Maestría en Gerencia de Tecnologías de la Información, la evaluación se concentra en actividades específicas que integran conceptos teóricos con aplicaciones prácticas. Según el documento proporcionado, la evaluación del curso se compone de:

1. **Investigación práctica aplicada 1**: 50%
2. **Investigación práctica aplicada 2**: 50%

Estas actividades buscan abordar temas como la formulación y evaluación financiera de proyectos, presupuestos para la operación de tecnología de la información, y estándares internacionales como COBIT 5.0 y ITIL 2011. Además, se espera una alta participación de los estudiantes, integrando conceptos teóricos con casos de aplicación práctica.

La metodología de enseñanza y aprendizaje combina clases magistrales con estrategias de evaluación que incluyen comprobación de lectura, casos de estudio, investigación bibliográfica y trabajo en clase. Esto asegura una integración entre los conceptos teóricos y las aplicaciones prácticas, permitiendo a los estudiantes desarrollar habilidades tanto teóricas como prácticas en el campo de la administración financiera de la tecnología de la información.",MC2301-Planificación estratégica de tecnología de información.txt;MC1103-Gerencia de tecnología de información.txt;MC1003-Seguridad y Criptografía.txt;MC1201-Administración financiera de tecnología de información.txt;MC1101-Sistemas Estratégicos Empresariales.txt,7.85,Administración Financiera de TI,MC1201,
deepseek-r1-14b-4bit,open_ended,¿Por qué la gestión de proyectos es una competencia indispensable para un gerente de TI?,"En el curso Administración y Estrategia de Proyectos I de la Maestría en Gerencia de Tecnologías de la Información, ¿Por qué la gestión de proyectos es una competencia indispensable para un gerente de TI?

Da una respuesta completa y explicativa.",Porque las transformaciones modernas de las organizaciones se ejecutan a través de proyectos tecnológicos exitosos.,"La gestión de proyectos es una competencia indispensable para un gerente de TI en el curso ""Administración y Estrategia de Proyectos I"" de la Maestría en Gerencia de Tecnologías de la Información debido a varios factores:

1. **Alcance y Visión Estratégica**: Los gerentes de TI necesitan comprender cómo los proyectos se alinean con los objetivos estratégicos de la organización. La gestión de proyectos les permite definir claramente el alcance del producto y del proyecto, asegurando que los esfuerzos se centren en los resultados que aportan valor.

2. **Estrategia y Planeación**: La gestión de proyectos implica no solo la ejecución sino también la planificación estratégica. Esto incluye la creación de un ""charter"" del proyecto, la formalización del inicio y la planeación detallada, lo cual es esencial para guiar los esfuerzos y asegurar el éxito.

3. **Gestión Integral de Proyectos**: Un gerente de TI debe abarcar todos los aspectos de un proyecto, desde su inicio hasta su cierre. Esto incluye la gestión del alcance, el control de cambios, la calidad y la ejecución, habilidades que son fundamentales para garantizar que los proyectos se entreguen dentro del marco establecido.

4. **Adaptación y Mejora Continua**:",MC1203-Administración y estrategia de proyectos I.txt;MC1103-Gerencia de tecnología de información.txt;MC2301-Planificación estratégica de tecnología de información.txt;MC1103-Gerencia de tecnología de información.txt;MC1203-Administración y estrategia de proyectos I.txt,8.1,Administración y Estrategia de Proyectos I,MC1203,
deepseek-r1-14b-4bit,open_ended,¿Qué componentes estratégicos se analizan en las fases iniciales de un proyecto?,"En el curso Administración y Estrategia de Proyectos I de la Maestría en Gerencia de Tecnologías de la Información, ¿Qué componentes estratégicos se analizan en las fases iniciales de un proyecto?

Da una respuesta completa y explicativa.","El análisis de factibilidad, las condiciones de inicio y la planificación de alcance, calidad y costos.","En el curso ""Administración y Estrategia de Proyectos I"" de la Maestría en Gerencia de Tecnologías de la Información, los componentes estratégicos analizados en las fases iniciales de un proyecto incluyen:

1. **Enlace Estratégico de los Proyectos en TI**: Se enfoca en cómo los proyectos de TI se integran con la estrategia general de la organización, identificando su impacto en los procesos y objetivos empresariales.

2. **Análisis del Entorno en Proyectos**: Involucra la evaluación del entorno interno y externo para identificar factores que puedan afectar el proyecto, como la disponibilidad de recursos, regulaciones, y condiciones del mercado.

3. **Gestión de Portafolios y Programas**: Se analiza cómo los proyectos se integran en el portafolio de la organización, considerando prioridades, alineación con la estrategia, y el valor que aportan.

4. **La Oficina de Proyectos y su Papel**: Se estudia el rol de la oficina de proyectos en la gestión integral de proyectos, asegurando que estén alineados con los objetivos organizacionales y que se cumplan los estándares de calidad y rendimiento.

5. **Visión Procesal de la Gestión de Proyectos**: Se considera la vis",MC1203-Administración y estrategia de proyectos I.txt;MC1103-Gerencia de tecnología de información.txt;MC2301-Planificación estratégica de tecnología de información.txt;MC1203-Administración y estrategia de proyectos I.txt;MC2301-Planificación estratégica de tecnología de información.txt,8.03,Administración y Estrategia de Proyectos I,MC1203,
deepseek-r1-14b-4bit,open_ended,¿Cómo ha evolucionado la orientación de la gestión de proyectos según el curso?,"En el curso Administración y Estrategia de Proyectos I de la Maestría en Gerencia de Tecnologías de la Información, ¿Cómo ha evolucionado la orientación de la gestión de proyectos según el curso?

Da una respuesta completa y explicativa.",Ha pasado de una orientación basada exclusivamente en planes hacia una orientación ágil.,"En el curso ""Administración y Estrategia de Proyectos I"" de la Maestría en Gerencia de Tecnologías de la Información, la orientación de la gestión de proyectos se centra en abordar los proyectos en el entorno organizacional, considerando su enlace estratégico en Tecnologías de la Información (TI). El curso aborda la planificación estratégica, la gestión de portafolios y programas, y utiliza metodologías como el modelo OPM3 para la gestión de proyectos. Además, se enfatiza la importancia de la oficina de proyectos y su papel en las organizaciones proyectizadas, así como la visión procesal de la gestión de proyectos. 

La orientación también incluye la formalización del inicio de proyectos, el desarrollo de los procesos de planeación, ejecución y control, y el manejo del cierre de proyectos. Se utiliza el Project Management Body of Knowledge (PMBOK) como marco de referencia, y se aplican herramientas y procesos para gestionar el alcance, el control de cambios y la calidad en proyectos de TI. 

Además, el curso promueve una metodología de enseñanza activa, que combina clases magistrales con actividades colaborativas, resolución de casos, investigación y exposiciones, lo que permite a los estudiantes aplicar los conceptos teóricos en contextos prácticos",MC1203-Administración y estrategia de proyectos I.txt;MC2301-Planificación estratégica de tecnología de información.txt;MC1203-Administración y estrategia de proyectos I.txt;MC1103-Gerencia de tecnología de información.txt;MC2301-Planificación estratégica de tecnología de información.txt,8.05,Administración y Estrategia de Proyectos I,MC1203,
deepseek-r1-14b-4bit,open_ended,¿Qué papel desempeña la Oficina de Proyectos (PMO) en las organizaciones modernas?,"En el curso Administración y Estrategia de Proyectos I de la Maestría en Gerencia de Tecnologías de la Información, ¿Qué papel desempeña la Oficina de Proyectos (PMO) en las organizaciones modernas?

Da una respuesta completa y explicativa.",Actúa como soporte estratégico para la gestión de portafolios y programas bajo modelos como OPM3.,"En el curso ""Administración y Estrategia de Proyectos I"" de la Maestría en Gerencia de Tecnologías de la Información, la Oficina de Proyectos (PMO) desempeña un papel fundamental en las organizaciones modernas. Su principal función es actuar como un ente centralizado que coordina, dirige y supervisa todos los proyectos para asegurar que se alineen con los objetivos estratégicos de la organización. La PMO no solo proporciona un marco de gestión común para los proyectos, sino que también contribuye a la estandarización de procesos, mejora de la capacidad de proyecto, y asegura que los recursos se utilicen de manera eficiente y efectiva. Además, la PMO facilita la toma de decisiones informada, promueve la visión y misión de la organización, y asegura que los proyectos se ejecuten de manera coherente con los valores y políticas de la empresa.",MC1203-Administración y estrategia de proyectos I.txt;MC1203-Administración y estrategia de proyectos I.txt;MC2301-Planificación estratégica de tecnología de información.txt;MC1103-Gerencia de tecnología de información.txt;MC1103-Gerencia de tecnología de información.txt,5.94,Administración y Estrategia de Proyectos I,MC1203,
deepseek-r1-14b-4bit,open_ended,¿En qué consiste el proceso de formulación de un caso de negocio efectivo?,"En el curso Administración y Estrategia de Proyectos I de la Maestría en Gerencia de Tecnologías de la Información, ¿En qué consiste el proceso de formulación de un caso de negocio efectivo?

Da una respuesta completa y explicativa.",En el desarrollo de herramientas y dimensiones de decisión para presentar resultados sólidos de una idea de proyecto.,"En el curso ""Administración y Estrategia de Proyectos I"" de la Maestría en Gerencia de Tecnologías de la Información, el proceso de formulación de un caso de negocio efectivo consiste en transformar una idea inicial en un caso de negocio viable y estructurado. Este proceso inicia con la identificación de la oportunidad o necesidad que impulsa la idea, seguida de un análisis detallado del entorno en el que se desarrollará el proyecto, incluyendo factores tecnológicos, organizacionales, regulatorios y del mercado. Además, se evalúan los requisitos del cliente y las expectativas del portafolio de proyectos. Finalmente, se formaliza el caso de negocio con un enfoque en la viabilidad técnica, financiera y estratégica, asegurando que esté alineado con los objetivos de la organización y que incluya una presentación clara y convincente de los resultados del proceso de formulación.",MC1203-Administración y estrategia de proyectos I.txt;MC2301-Planificación estratégica de tecnología de información.txt;MC1103-Gerencia de tecnología de información.txt;MC1101-Sistemas Estratégicos Empresariales.txt;MC1203-Administración y estrategia de proyectos I.txt,5.83,Administración y Estrategia de Proyectos I,MC1203,
deepseek-r1-14b-4bit,open_ended,¿Qué dilemas se presentan comúnmente en la gestión de la calidad de proyectos de TI?,"En el curso Administración y Estrategia de Proyectos I de la Maestría en Gerencia de Tecnologías de la Información, ¿Qué dilemas se presentan comúnmente en la gestión de la calidad de proyectos de TI?

Da una respuesta completa y explicativa.",La aplicación del concepto de deuda técnica y el equilibrio entre procesos de gestión e ingeniería.,"En el curso ""Administración y Estrategia de Proyectos I"" de la Maestría en Gerencia de Tecnologías de la Información, los dilemas comunes en la gestión de la calidad de proyectos de TI incluyen:

1. **Balance entre Calidad y Tiempo**: Asegurar una calidad elevada sin sacrificar los plazos establecidos puede ser un desafío. A menudo, se corre el riesgo de priorizar el tiempo por sobre la calidad, lo que puede resultar en productos defectuosos.

2. **Definición de Requisitos Claros**: La falta de una definición clara y precisa de los requisitos del proyecto puede conducir a interpretaciones ambiguas y, eventualmente, a productos que no satisfagan las expectativas del cliente.

3. **Gestión de Cambios**: La incorporación constante de cambios durante el proyecto puede complicar la gestión de la calidad, especialmente si no se tiene un proceso de control de cambios robusto.

4. **Recursos Limitados**: La disponibilidad de recursos, como personal capacitado, herramientas y tiempo, puede limitar la capacidad de implementar procesos de calidad efectivos.

5. **Estandarización de Procesos**: La ausencia de procesos estandarizados o de marcos comunes para la gestión de la calidad puede resultar en inconsistencias y dificultades para medir y mejorar",MC1203-Administración y estrategia de proyectos I.txt;MC1103-Gerencia de tecnología de información.txt;MC1203-Administración y estrategia de proyectos I.txt;MC2301-Planificación estratégica de tecnología de información.txt;MC2301-Planificación estratégica de tecnología de información.txt,8.04,Administración y Estrategia de Proyectos I,MC1203,
deepseek-r1-14b-4bit,open_ended,¿Qué elementos integran el marco filosófico de un negocio necesario para la planificación?,"En el curso Planificación Estratégica de TI de la Maestría en Gerencia de Tecnologías de la Información, ¿Qué elementos integran el marco filosófico de un negocio necesario para la planificación?

Da una respuesta completa y explicativa.","Análisis FODA, misión, visión, valores, objetivos, estrategias, políticas y metas.","En el curso de Planificación Estratégica de TI de la Maestría en Gerencia de Tecnologías de la Información, el marco filosófico de un negocio necesario para la planificación estratégica de TI integra los siguientes elementos:

1. **Entendiendo los fundamentos y el ambiente del negocio**: Es fundamental comprender los cimientos y el entorno en el que se desenvuelve la empresa para poder planificar adecuadamente la tecnología de la información.

2. **Gestión de expectativas para una empresa habilitada por TI**: Se enfoca en manejar las expectativas tanto de los stakeholders internos como externos, asegurando que la tecnología de la información contribuya a los objetivos empresariales.

3. **Creación del Gobierno de TI para la ejecución de un plan estratégico de TI**: Involucra la formación de un gobierno de tecnología de la información que supervise y guie la implementación del plan estratégico, asegurando alineación con los objetivos de la empresa.

4. **Modelos básicos para organizar la función de la información**: Se utilizan modelos y marcos de referencia para organizar y gestionar eficientemente la función de la información, lo que incluye la gobernanza de TI y la administración de proyectos y portafolios.

5. **Temas críticos/tendencias que impactan la administración",MC2301-Planificación estratégica de tecnología de información.txt;MC1103-Gerencia de tecnología de información.txt;MC1203-Administración y estrategia de proyectos I.txt;MC2301-Planificación estratégica de tecnología de información.txt;MC1101-Sistemas Estratégicos Empresariales.txt,8.2,Planificación Estratégica de TI,MC2301,
deepseek-r1-14b-4bit,open_ended,¿Qué factores se consideran para derivar el plan de información desde el modelo de negocio?,"En el curso Planificación Estratégica de TI de la Maestría en Gerencia de Tecnologías de la Información, ¿Qué factores se consideran para derivar el plan de información desde el modelo de negocio?

Da una respuesta completa y explicativa.","Tendencias tecnológicas, procesos de negocio, arquitectura de aplicaciones y proyección de inversión.","En el curso de Planificación Estratégica de Tecnologías de la Información de la Maestría en Gerencia de Tecnologías de la Información, los factores considerados para derivar el plan de información desde el modelo de negocio son:

1. **Análisis de la Industria y el Negocio**: Se evalúan las tendencias, competidores, y condiciones del mercado para comprender cómo la tecnología puede dar ventaja competitiva.

2. **Diagnóstico de la Función de la Información**: Se identifican las capacidades actuales de la TI, los gaps tecnológicos, y cómo éstos afectan los procesos empresariales.

3. **Tendencias y Tendencias de la Organización de la Función de TI**: Se consideran las innovaciones tecnológicas y cómo la organización de la TI debe adaptarse para aprovecharlas.

4. **Análisis de la Situación Actual de TI**: Se realizan auditorías y diagnósticos para identificar las fortalezas y debilidades en la infraestructura y procesos de TI.

5. **Desarrollo de Recomendaciones y Alternativas de Solución**: Se proponen soluciones tecnológicas y organizacionales que alineen la TI con los objetivos del negocio.

6. **Análisis de Brecha**: Se identifican las diferencias entre el estado actual",MC2301-Planificación estratégica de tecnología de información.txt;MC1103-Gerencia de tecnología de información.txt;MC2301-Planificación estratégica de tecnología de información.txt;MC1101-Sistemas Estratégicos Empresariales.txt;MC1203-Administración y estrategia de proyectos I.txt,8.21,Planificación Estratégica de TI,MC2301,
deepseek-r1-14b-4bit,open_ended,¿Qué capacidad específica adquiere el estudiante al finalizar este programa?,"En el curso Planificación Estratégica de TI de la Maestría en Gerencia de Tecnologías de la Información, ¿Qué capacidad específica adquiere el estudiante al finalizar este programa?

Da una respuesta completa y explicativa.",La capacidad de desarrollar un plan estratégico de TI basado en lineamientos del negocio y mecanismos de priorización.,"En el curso de Planificación Estratégica de Tecnología de la Información de la Maestría en Gerencia de Tecnologías de la Información, el estudiante adquiere la capacidad de desarrollar un plan estratégico de TI a partir de las bases técnicas derivadas de los lineamientos estratégicos del negocio. Esto incluye considerar las tendencias de la tecnología de la información, los principios básicos de operación, los procesos de negocio, la arquitectura tecnológica, el portafolio de aplicaciones, el modelo organizacional, el análisis de riesgos, la estimación de recursos, la definición de prioridades, la calendarización y proyección de inversión, las recomendaciones de transición y seguimiento, así como los factores críticos de éxito en el desarrollo.",MC2301-Planificación estratégica de tecnología de información.txt;MC1103-Gerencia de tecnología de información.txt;MC2301-Planificación estratégica de tecnología de información.txt;MC1103-Gerencia de tecnología de información.txt;MC1203-Administración y estrategia de proyectos I.txt,5.07,Planificación Estratégica de TI,MC2301,
deepseek-r1-14b-4bit,open_ended,¿Cómo se define el liderazgo y la administración desde la perspectiva del CIO?,"En el curso Planificación Estratégica de TI de la Maestría en Gerencia de Tecnologías de la Información, ¿Cómo se define el liderazgo y la administración desde la perspectiva del CIO?

Da una respuesta completa y explicativa.",Se analiza como la gestión de expectativas para lograr una empresa habilitada por TI bajo un gobierno sólido.,"En el contexto proporcionado, no se menciona directamente cómo se define el liderazgo y la administración desde la perspectiva del CIO en el curso de Planificación Estratégica de TI de la Maestría en Gerencia de Tecnologías de la Información. El material aborda aspectos como la planificación estratégica, la gestión de expectativas, el gobierno de TI, y la administración de la función de la información, pero no específicamente desde la perspectiva del CIO.

Sin embargo, se puede inferir que el CIO (Chief Information Officer) desempeña un papel crucial en la planificación estratégica de TI, liderando la función de tecnología de la información y asegurando que ésta alinee con los objetivos del negocio. Esto implica un enfoque en la gobernanza de TI, la administración de proyectos, y la dirección de la función de la información, temas que se abarcan en los documentos proporcionados.

Si necesitas una respuesta más detallada, te recomendaría consultar directamente con el profesor o los materiales específicos del curso para obtener una definición más precisa desde la perspectiva del CIO.",MC2301-Planificación estratégica de tecnología de información.txt;MC1203-Administración y estrategia de proyectos I.txt;MC1103-Gerencia de tecnología de información.txt;MC1103-Gerencia de tecnología de información.txt;MC1203-Administración y estrategia de proyectos I.txt,6.98,Planificación Estratégica de TI,MC2301,
deepseek-r1-14b-4bit,open_ended,¿Cómo se aborda el diagnóstico de la situación actual de TI?,"En el curso Planificación Estratégica de TI de la Maestría en Gerencia de Tecnologías de la Información, ¿Cómo se aborda el diagnóstico de la situación actual de TI?

Da una respuesta completa y explicativa.","Mediante el análisis de brecha, tendencias de organización de la función de TI y análisis de la industria.","En el curso de Planificación Estratégica de TI de la Maestría en Gerencia de Tecnologías de la Información, el diagnóstico de la situación actual de TI se aborda a través de un análisis detallado que incluye la evaluación de la función de TI en la organización. Esto implica identificar los procesos actuales, las capacidades tecnológicas, los gaps en el desempeño, y las alineaciones con los objetivos estratégicos de la empresa. Además, se consideran las tendencias actuales de la industria y las recomendaciones para mejorar la eficiencia y efectividad de la función de TI.",MC2301-Planificación estratégica de tecnología de información.txt;MC2301-Planificación estratégica de tecnología de información.txt;MC1103-Gerencia de tecnología de información.txt;MC1103-Gerencia de tecnología de información.txt;MC1203-Administración y estrategia de proyectos I.txt,4.09,Planificación Estratégica de TI,MC2301,
deepseek-r1-14b-4bit,open_ended,¿Bajo qué condiciones específicas un estudiante puede reprobar el curso por asistencia?,"En el curso Planificación Estratégica de TI de la Maestría en Gerencia de Tecnologías de la Información, ¿Bajo qué condiciones específicas un estudiante puede reprobar el curso por asistencia?

Da una respuesta completa y explicativa.",Si acumula 4 faltas de asistencia injustificadas durante el semestre.,"En el curso ""Planificación Estratégica de Tecnología de la Información"" de la Maestría en Gerencia de Tecnologías de la Información, un estudiante puede reprobar el curso por asistencia bajo las siguientes condiciones específicas:

1. **Asistencia Obligatoria**: El curso exige una asistencia obligatoria a las clases.任然，没有具体的数值或百分比来说明缺勤的容忍度，因此无法确定具体的缺勤次数或比例会导致不及格。

2. **Suficiencia en Evaluaciones**: Aunque no se menciona directamente la insuficiencia en las evaluaciones como condición para reprobar por asistencia, se puede inferir que si un estudiante no asiste regularmente, podría afectar su desempeño en las evaluaciones, como pruebas, resolución de casos y la investigación bibliográfica.

3. **Impacto en Evaluaciones**: La asistencia直接影响 las actividades en clase, como la participación en discusiones y la preparación de tareas, lo que puede afectar la calificación final si no se cumple con los requisitos de asistencia.

En conclusión, aunque no se proporciona un umbral específico para la asistencia, la asistencia obligatoria y su impacto en las evaluaciones son factores críticos que pueden influir en la calificación final del curso.",MC1103-Gerencia de tecnología de información.txt;MC2301-Planificación estratégica de tecnología de información.txt;MC1103-Gerencia de tecnología de información.txt;MC2301-Planificación estratégica de tecnología de información.txt;MC1203-Administración y estrategia de proyectos I.txt,7.99,Planificación Estratégica de TI,MC2301,
deepseek-r1-14b-4bit,open_ended,¿Cuál es el concepto fundamental que modela este curso por encima de la tecnología física?,"En el curso Teoría de Autómatas de la Maestría en Computación, ¿Cuál es el concepto fundamental que modela este curso por encima de la tecnología física?

Da una respuesta completa y explicativa.","El concepto de cómputo, definido a través de mecanismos abstractos independientes de computadoras específicas.","En el curso Teoría de Autómatas de la Maestría en Computación, el concepto fundamental que se modela por encima de la tecnología física es el **cómputo abstracto**. Este curso se centra en comprender los modelos formales que capturan la esencia del proceso de cómputo sin apelar a lenguajes de programación o computadoras específicas. A través de la teoría de autómatas y lenguajes formales, se estudian los modelos matemáticos que describen la generación y reconocimiento de lenguajes formales, los límites de la computación y las propiedades de los lenguajes regulares. Esto permite a los estudiantes comprender la relación entre la computación teórica y la construcción de sistemas como compiladores, bases de datos y analizadores de lenguaje natural, entre otros.",MC7201-Introducción a la Investigación.txt;MC6102-Análisis de Algoritmos.txt;MC7201-Introducción a la Investigación.txt;MC6003-Teoría de Autómatas.txt;MC6004-Sistemas Operativos Avanzados.txt,5.78,Teoría de Autómatas,MC6003,
deepseek-r1-14b-4bit,open_ended,¿Cómo se relaciona la computación teórica con la construcción práctica de compiladores?,"En el curso Teoría de Autómatas de la Maestría en Computación, ¿Cómo se relaciona la computación teórica con la construcción práctica de compiladores?

Da una respuesta completa y explicativa.",Brinda los modelos formales necesarios para el reconocimiento y generación de lenguajes formales usados en compilación.,"La computación teórica, estudiada en el curso Teoría de Autómatas, se relaciona con la construcción práctica de compiladores de la siguiente manera:

1. **Modelos Formales de Computación**: La teoría de autómatas introduce conceptos como autómatas de estados finitos (FA's) y máquinas de Turing, que sirven como modelos abstractos de computación. Estos modelos ayudan a comprender los límites y capacidades de los lenguajes formales y las computaciones.

2. **Gramáticas y Lenguajes Formales**: Los estudiantes aprenden sobre gramáticas regulares y contextuales, que son fundamentales para definir lenguajes formales. Esto es esencial en la construcción de compiladores, ya que los compiladores necesitan analizar y traducir lenguajes de programación (que son lenguajes formales) en código máquina.

3. **Reconocimiento de Lenguajes**: Los autómatas de estados finitos y las expresiones regulares son herramientas clave para el reconocimiento de lenguajes formales. En la práctica, los compiladores usan estos conceptos para analizar el código fuente y detectar errores sintácticos.

4. **Aplicaciones en Compiladores**: Los conceptos teóricos se aplican en la implementación de compiladores, especialmente en la",MC6102-Análisis de Algoritmos.txt;MC6003-Teoría de Autómatas.txt;MC7201-Introducción a la Investigación.txt;MC7201-Introducción a la Investigación.txt;MC6102-Análisis de Algoritmos.txt,8.47,Teoría de Autómatas,MC6003,
deepseek-r1-14b-4bit,open_ended,¿Qué jerarquía se utiliza para clasificar gramáticas según su estructura de frase?,"En el curso Teoría de Autómatas de la Maestría en Computación, ¿Qué jerarquía se utiliza para clasificar gramáticas según su estructura de frase?

Da una respuesta completa y explicativa.",La jerarquía de Chomsky.,"En el curso Teoría de Autómatas de la Maestría en Computación, se utiliza la **jerarquía de Chomsky** para clasificar las gramáticas según su estructura de frase. Esta jerarquía se compone de los siguientes niveles, de más restrictivo a más general:

1. **Gramáticas regulares (Regular Grammars)**: Estas gramáticas generan lenguajes regulares, que pueden ser reconocidos por autómatas de estados finitos (FA's). Son las más restrictivas y tienen una estructura de frase limitada a operaciones de concatenación y unión.

2. **Gramáticas contextuales libres (Context-Free Grammars - CFG)**: Estas gramáticas generan lenguajes libres de contexto, que pueden ser reconocidos por autómatas de pila (PDA's). Son más generales que las gramáticas regulares y permiten producciones con estructuras de frase más complejas, como reglas de producción que eliminan variables.

3. **Gramáticas contextuales (Context-Sensitive Grammars)**: Estas gramáticas generan lenguajes contextuales, que requieren que las producciones de reemplazo solo ocurran en ciertos contextos. Son más generales que las CFG y menos generales que las gramáticas de pila con reescritura (L-grammars).

4. **Gramáticas",MC6003-Teoría de Autómatas.txt;MC6102-Análisis de Algoritmos.txt;MC6102-Análisis de Algoritmos.txt;MC6003-Teoría de Autómatas.txt;MC6004-Sistemas Operativos Avanzados.txt,8.46,Teoría de Autómatas,MC6003,
deepseek-r1-14b-4bit,open_ended,¿Qué herramienta matemática se estudia para demostrar que un lenguaje no es regular?,"En el curso Teoría de Autómatas de la Maestría en Computación, ¿Qué herramienta matemática se estudia para demostrar que un lenguaje no es regular?

Da una respuesta completa y explicativa.",El Pumping Lemma.,"En el curso de Teoría de Autómatas de la Maestría en Computación, la herramienta matemática utilizada para demostrar que un lenguaje no es regular es el **Lema de bombeo (Pumping Lemma)**. Este método se aplica a los lenguajes regulares y permite determinar si un lenguaje no cumple con las propiedades necesarias para ser regular,从而 demostrando que no es un lenguaje regular.",MC6003-Teoría de Autómatas.txt;MC6102-Análisis de Algoritmos.txt;MC6102-Análisis de Algoritmos.txt;MC6003-Teoría de Autómatas.txt;MC7201-Introducción a la Investigación.txt,3.54,Teoría de Autómatas,MC6003,
deepseek-r1-14b-4bit,open_ended,¿Qué modelos matemáticos se analizan para el reconocimiento de lenguajes formales?,"En el curso Teoría de Autómatas de la Maestría en Computación, ¿Qué modelos matemáticos se analizan para el reconocimiento de lenguajes formales?

Da una respuesta completa y explicativa.",Desde los autómatas de estados finitos hasta las máquinas de Turing.,"En el curso Teoría de Autómatas de la Maestría en Computación, se analizan los siguientes modelos matemáticos para el reconocimiento de lenguajes formales:

1. **Autómatas de Estados Finitos (FA’s)**: Estos incluyen:
   - **Sistemas de Estados Finitos**: Modelos que representan estados y transiciones entre ellos.
   - **Nodeterminismo y ε-transiciones**: Conceptos clave para entender la aceptación de lenguajes formales.
   - **Expresiones regulares**: Lenguajes que pueden ser representados mediante expresiones regulares, que son equivalentes a los autómatas de estados finitos.

2. **Autómatas de Pila (PDA’s)**: Modelos que extienden el concepto de autómatas de estados finitos mediante el uso de una pila para almacenar información adicional, permitiendo el reconocimiento de lenguajes más complejos, como los contextuales.

3. **Máquinas de Turing**: Modelos teóricos que representan la computación abstracta, capaces de simular cualquier algoritmo y constituyen el modelo más poderoso para el reconocimiento de lenguajes formales.

Estos modelos forman la base para comprender las propiedades y aplicaciones de los lenguajes formales en la teoría",MC6003-Teoría de Autómatas.txt;MC6102-Análisis de Algoritmos.txt;MC7201-Introducción a la Investigación.txt;MC6102-Análisis de Algoritmos.txt;MC6003-Teoría de Autómatas.txt,8.43,Teoría de Autómatas,MC6003,
deepseek-r1-14b-4bit,open_ended,¿Qué formación matemática previa se asume en los estudiantes de este curso de postgrado?,"En el curso Teoría de Autómatas de la Maestría en Computación, ¿Qué formación matemática previa se asume en los estudiantes de este curso de postgrado?

Da una respuesta completa y explicativa.",Conocimientos sólidos de matemática discreta adquiridos durante el bachillerato.,"En el curso Teoría de Autómatas de la Maestría en Computación, se asume que los estudiantes tienen una formación matemática previa en álgebra lineal, cálculo y probabilidad. Esto se menciona en el documento de programa del curso MC6104-Diseño de Experimentos, donde se indican los requisitos necesarios para el curso, incluyendo álgebra lineal, cálculo y probabilidades.",MC7201-Introducción a la Investigación.txt;MC6003-Teoría de Autómatas.txt;MC6102-Análisis de Algoritmos.txt;MC7201-Introducción a la Investigación.txt;MC6104-Diseño de Experimentos.txt,3.49,Teoría de Autómatas,MC6003,
deepseek-r1-14b-4bit,open_ended,¿Qué tipo de material se revisa para estudiar las tendencias actuales de investigación?,"En el curso Sistemas Operativos Avanzados de la Maestría en Computación, ¿Qué tipo de material se revisa para estudiar las tendencias actuales de investigación?

Da una respuesta completa y explicativa.",Diferentes papers y artículos científicos seleccionados por el profesor en lugar de un libro de texto único.,"En el curso Sistemas Operativos Avanzados de la Maestría en Computación, el material revisado para estudiar las tendencias actuales de investigación incluye:

1. **Introducción a los Sistemas Operativos Avanzados**: Se aborda la estructura y diseño de sistemas operativos modernos, incluyendo temas como monitores de máquinas virtuales y mecanismos de comunicación en sistemas distribuidos.

2. **Tendencias Actuales en Investigación**:
   - **Sincronización y Planificación de Tareas**: Se estudian técnicas avanzadas para la sincronización en sistemas distribuidos y el scheduling en sistemas de tiempo real.
   - **Sistemas Distribuidos y Cloud Computing**: Se analizan los conceptos y aplicaciones de sistemas distribuidos, incluyendo el manejo de memoria compartida y la integración con cloud computing.
   - **File Systems y Memoria Virtual**: Se revisan los avances en el diseño de sistemas de archivos y la gestión de memoria virtual, incluyendo la atomicidad y la recuperación de errores.

3. **Dispositivos Móviles y Computación de Alto Rendimiento**: Se abordan los desafíos y oportunidades en la integración de dispositivos móviles en sistemas operativos avanzados y las técnicas para optimizar el rendimiento en computación de alto",MC2301-Planificación estratégica de tecnología de información.txt;MC7201-Introducción a la Investigación.txt;MC1103-Gerencia de tecnología de información.txt;MC6004-Sistemas Operativos Avanzados.txt;MC6102-Análisis de Algoritmos.txt,8.21,Sistemas Operativos Avanzados,MC6004,
deepseek-r1-14b-4bit,open_ended,¿Qué requisitos de calidad deben cumplir los apuntes oficiales realizados por los estudiantes?,"En el curso Sistemas Operativos Avanzados de la Maestría en Computación, ¿Qué requisitos de calidad deben cumplir los apuntes oficiales realizados por los estudiantes?

Da una respuesta completa y explicativa.","Deben ser reportes detallados con imágenes, gráficos y datos adicionales, evitando ser simples resúmenes ejecutivos.","En el curso Sistemas Operativos Avanzados de la Maestría en Computación, los apuntes oficiales realizados por los estudiantes deben cumplir con los siguientes requisitos de calidad:

1. **Calidad del Contenido**: Los apuntes deben ser detallados y enriquecidos con una portada, tabla de contenido, imágenes, gráficos y cualquier otro material que contribuya a una comprensión clara y exhaustiva del tema abordado en clase.

2. **Formato y Presentación**: Los apuntes deben tener una estructura bien organizada, con un formato limpio y profesional. Esto incluye una correcta numeración de secciones, subsecciones y un uso consistente de estilos tipográficos.

3. **Exactitud y Complejidad**: Los apuntes deben reflejar fielmente el material presentado en clase, asegurando que la información sea precisa y que se profundice en los conceptos avanzados del curso.

4. **Originalidad y Creatividad**: Se espera que los apuntes no sean meros resúmenes superficiales, sino que integren una interpretación personal y creativa del material estudiado, mostrando una comprensión profunda de los temas.

5. **Tiempo de Submisión**: Los apuntes deben ser subidos al foro del curso antes de la siguiente lección, asegur",MC6004-Sistemas Operativos Avanzados.txt;MC1003-Seguridad y Criptografía.txt;MC1103-Gerencia de tecnología de información.txt;MC6102-Análisis de Algoritmos.txt;MC2301-Planificación estratégica de tecnología de información.txt,8.14,Sistemas Operativos Avanzados,MC6004,
deepseek-r1-14b-4bit,open_ended,¿Qué cinco preguntas clave deben responderse al entregar los resúmenes de los artículos científicos?,"En el curso Sistemas Operativos Avanzados de la Maestría en Computación, ¿Qué cinco preguntas clave deben responderse al entregar los resúmenes de los artículos científicos?

Da una respuesta completa y explicativa.","Problema planteado, importancia, soluciones previas, propuesta de los autores y éxito de la misma.","En el curso Sistemas Operativos Avanzados de la Maestría en Computación, los resúmenes de los artículos científicos deben responder a las siguientes cinco preguntas clave:

1. **¿Cuál es el problema o investigación que se aborda en el artículo?**  
   - Describe el tema central o la pregunta de investigación que los autores están intentando resolver.

2. **¿Qué metodología o enfoque se utiliza para abordar el problema?**  
   - Explica los métodos, herramientas o técnicas que se emplean para analizar y resolver el problema.

3. **¿Cuáles son los resultados obtenidos o las contribuciones principales del artículo?**  
   - Resume los hallazgos más relevantes o las aportaciones innovadoras que el estudio presenta.

4. **¿Cómo se validan los resultados o contribuciones?**  
   - Describe cómo los autores verifican la fiabilidad y el valor de sus resultados, ya sea mediante experimentos, comparaciones con otros trabajos o análisis estadístico.

5. **¿Cuáles son las implicaciones o aplicaciones prácticas de los resultados?**  
   - Explica cómo los resultados del estudio pueden ser utilizados en contextos prácticos o cómo contribuyen al avance en el campo de los sistemas operativos avanzados.

Estas preguntas ayudan a comprender de manera clara y",MC7201-Introducción a la Investigación.txt;MC6102-Análisis de Algoritmos.txt;MC6104-Diseño de Experimentos.txt;MC6004-Sistemas Operativos Avanzados.txt;MC7201-Introducción a la Investigación.txt,8.17,Sistemas Operativos Avanzados,MC6004,
deepseek-r1-14b-4bit,open_ended,¿Cómo se evalúa la capacidad de comunicación científica de los estudiantes?,"En el curso Sistemas Operativos Avanzados de la Maestría en Computación, ¿Cómo se evalúa la capacidad de comunicación científica de los estudiantes?

Da una respuesta completa y explicativa.",Mediante una presentación oral obligatoria que sigue el formato de una conferencia científica.,"En el curso Sistemas Operativos Avanzados de la Maestría en Computación, la capacidad de comunicación científica de los estudiantes se evalúa a través de presentaciones orales y la redacción de un paper científico. 

1. **Presentaciones Orales**: Los estudiantes deben presentar un paper asignado por el profesor siguiendo el formato de una conferencia científica. Las presentaciones son rigurosamente cronometradas, durando entre 16 y 20 minutos. Se les exige que preparen con anticipación y no improvise elementos no ensayados. Además, los presentadores son responsables de verificar que el equipo funcione correctamente y de entregar fotocopias del material al grupo una semana antes de la presentación.

2. **Paper de Investigación**: Cada grupo de trabajo debe escribir un artículo científico en inglés, utilizando LATEX y siguiendo el formato de IEEE Transactions. El paper debe incluir secciones como abstract, introducción, metodología, resultados y conclusiones, entre otras. Además, los estudiantes deben cumplir con hitos específicos como la aprobación del tema, entrega de abstract y referencias, versión preliminar y versión final del paper.

Estas actividades buscan desarrollar habilidades en la comunicación científica, tanto en la presentación oral como en la redacción de un artículo académico.",MC7201-Introducción a la Investigación.txt;MC6102-Análisis de Algoritmos.txt;MC7201-Introducción a la Investigación.txt;MC1103-Gerencia de tecnología de información.txt;MC6004-Sistemas Operativos Avanzados.txt,8.12,Sistemas Operativos Avanzados,MC6004,
deepseek-r1-14b-4bit,open_ended,¿Qué experiencia técnica previa es indispensable para el éxito en los proyectos programados?,"En el curso Sistemas Operativos Avanzados de la Maestría en Computación, ¿Qué experiencia técnica previa es indispensable para el éxito en los proyectos programados?

Da una respuesta completa y explicativa.","Programación en C, lenguaje ensamblador y dominio de ambientes UNIX o Linux.","Para el curso Sistemas Operativos Avanzados de la Maestría en Computación, es indispensable tener una experiencia técnica previa sólida en la programación de sistemas operativos y en la implementación de estructuras de datos y algoritmos avanzados. Además, se recomienda tener conocimientos previos en diseño de algoritmos, análisis de complejidad y manejo de estructuras de datos, ya que estos conceptos son fundamentales para abordar los proyectos programados en el curso.",MC2301-Planificación estratégica de tecnología de información.txt;MC6004-Sistemas Operativos Avanzados.txt;MC1103-Gerencia de tecnología de información.txt;MC6102-Análisis de Algoritmos.txt;MC7201-Introducción a la Investigación.txt,3.48,Sistemas Operativos Avanzados,MC6004,
deepseek-r1-14b-4bit,open_ended,¿Qué temas de computación moderna se incluyen en los contenidos técnicos?,"En el curso Sistemas Operativos Avanzados de la Maestría en Computación, ¿Qué temas de computación moderna se incluyen en los contenidos técnicos?

Da una respuesta completa y explicativa.","Cloud Computing, High Performance Computing, dispositivos móviles y sistemas de tiempo real.","En el curso Sistemas Operativos Avanzados de la Maestría en Computación, los temas de computación moderna incluidos en los contenidos técnicos son:

1. **Introducción**: Fundamentos y perspectiva general de los sistemas operativos avanzados.
2. **Estructuras de Sistemas Operativos**: Componentes y arquitecturas modernas de los sistemas operativos.
3. **Monitores de Máquinas Virtuales**: Gestion de recursos en entornos virtuales.
4. **Mecanismos de Comunicación en Sistemas Distribuidos**: Protocolos y técnicas para la comunicación en sistemas distribuidos.
5. **Sincronización**: Mecanismos para la sincronización de procesos en sistemas concurrentes.
6. **Scheduling**: Algoritmos y estrategias de planificación de procesos.
7. **Sistemas Distribuidos: Conceptos Básicos y Scheduling**: Arquitectura y planificación en sistemas distribuidos.
8. **File Systems**: Sistemas de archivos avanzados y su implementación.
9. **Distributed Shared Memory (DSM)**: Gestion de memoria compartida en entornos distribuidos.
10. **Memoria Virtual Recuperable – Atomicidad**: Gestion de memoria virtual y conceptos de atomicidad.
11. **Sistemas de",MC6004-Sistemas Operativos Avanzados.txt;MC7201-Introducción a la Investigación.txt;MC6102-Análisis de Algoritmos.txt;MC7201-Introducción a la Investigación.txt;MC6104-Diseño de Experimentos.txt,8.42,Sistemas Operativos Avanzados,MC6004,
deepseek-r1-14b-4bit,open_ended,¿Por qué el diseño de algoritmos se considera la actividad fundamental de la computación?,"En el curso Análisis de Algoritmos de la Maestría en Computación, ¿Por qué el diseño de algoritmos se considera la actividad fundamental de la computación?

Da una respuesta completa y explicativa.","Porque toda computación es, por definición, el resultado de la ejecución de un algoritmo.","En el curso Análisis de Algoritmos de la Maestría en Computación, el diseño de algoritmos se considera la actividad fundamental de la computación porque los algoritmos son la base para resolver problemas concretos de manera efectiva y eficiente. Un algoritmo no solo debe funcionar correctamente (corrección) sino que también debe ser eficiente en términos de recursos como tiempo y espacio. Además, el diseño de algoritmos implica técnicas y estructuras de datos que permiten abordar problemas complejos y encontrar soluciones optimales o near-optimales. Este enfoque es esencial en todas las áreas de las Ciencias de la Computación, como sistemas operativos, inteligencia artificial y modelado de现实, lo que hace que el diseño de algoritmos sea una actividad central en el desarrollo tecnológico.",MC6102-Análisis de Algoritmos.txt;MC6102-Análisis de Algoritmos.txt;MC7201-Introducción a la Investigación.txt;MC7201-Introducción a la Investigación.txt;MC6004-Sistemas Operativos Avanzados.txt,5.55,Análisis de Algoritmos,MC6102,
deepseek-r1-14b-4bit,open_ended,¿Cuál es la diferencia crítica entre la efectividad y la eficiencia de un algoritmo?,"En el curso Análisis de Algoritmos de la Maestría en Computación, ¿Cuál es la diferencia crítica entre la efectividad y la eficiencia de un algoritmo?

Da una respuesta completa y explicativa.",La efectividad asegura que resuelva el problema; la eficiencia asegura que lo haga usando pocos recursos de tiempo y espacio.,"En el curso Análisis de Algoritmos de la Maestría en Computación, la efectividad y la eficiencia de un algoritmo se definen de la siguiente manera:

- **Efectividad**: Refiere a la capacidad del algoritmo de resolver correctamente el problema para el cual fue diseñado. Es decir, el algoritmo debe proporcionar una solución correcta y demostrable matemáticamente para el problema en cuestión. Este aspecto se relaciona con la corrección del algoritmo, asegurando que siempre entregue la respuesta esperada sin errores.

- **Eficiencia**: Por otro lado, la eficiencia se refiere a cómo utiliza los recursos (tiempo y espacio) para ejecutar el algoritmo. Un algoritmo eficiente utiliza ""pocos"" recursos en comparación con otros algoritmos que resuelven el mismo problema. Esto se analiza a través de la complejidad del algoritmo, que puede medirse en términos de tiempo de ejecución y espacio requerido.

La diferencia crítica entre ambas es que la efectividad se centra en la correctitud y la capacidad de resolver el problema, mientras que la eficiencia se enfoca en cómo se realiza la solución, considerando los recursos utilizados. Ambas características son esenciales para un buen diseño de algoritmos, ya que un algoritmo debe ser tanto correcto",MC6102-Análisis de Algoritmos.txt;MC6102-Análisis de Algoritmos.txt;MC7201-Introducción a la Investigación.txt;MC6004-Sistemas Operativos Avanzados.txt;MC6003-Teoría de Autómatas.txt,8.48,Análisis de Algoritmos,MC6102,
deepseek-r1-14b-4bit,open_ended,¿Qué tres componentes son necesarios para lograr algoritmos eficientes?,"En el curso Análisis de Algoritmos de la Maestría en Computación, ¿Qué tres componentes son necesarios para lograr algoritmos eficientes?

Da una respuesta completa y explicativa.","Técnicas de diseño, técnicas de análisis y la creatividad intuitiva.","En el curso Análisis de Algoritmos de la Maestría en Computación, los tres componentes necesarios para lograr algoritmos eficientes son:

1. **Técnicas de Diseño**: Estas incluyen metodologías que sugieren cómo abordar un problema y qué estructuras de datos son apropiadas para apoyar el algoritmo. Por ejemplo, técnicas como el diseño avaricioso (greedy), divide y vencerás, o programación dinámica son herramientas clave para crear soluciones eficientes.

2. **Técnicas de Análisis**: Estas se utilizan para determinar la complejidad de un algoritmo, es decir, cuánto tiempo y espacio se necesitan para resolver un problema. Herramientas como las funciones recurrentes, la notación asintótica (como Θ, O, Ω), y la inducción son esenciales para comparar y evaluar la eficiencia de diferentes algoritmos.

3. **Creatividad e Intuición**: Aunque las técnicas de diseño y análisis proporcionan marcos formales, la creación de algoritmos eficientes requiere una buena dose de creatividad y experiencia para enfocar el problema de manera innovadora y encontrar soluciones optimales que se adapten a las necesidades específicas del problema en cuestión.

Estos componentes",MC6102-Análisis de Algoritmos.txt;MC6102-Análisis de Algoritmos.txt;MC6004-Sistemas Operativos Avanzados.txt;MC1003-Seguridad y Criptografía.txt;MC7201-Introducción a la Investigación.txt,8.29,Análisis de Algoritmos,MC6102,
deepseek-r1-14b-4bit,open_ended,"¿Qué herramientas se utilizan para analizar la complejidad de ""peor caso""?","En el curso Análisis de Algoritmos de la Maestría en Computación, ¿Qué herramientas se utilizan para analizar la complejidad de ""peor caso""?

Da una respuesta completa y explicativa.","Funciones recurrentes, notación asintótica (""O grande"") y pruebas por inducción.","En el curso Análisis de Algoritmos de la Maestría en Computación, las herramientas utilizadas para analizar la complejidad de ""peor caso"" son:

1. **Funciones Recurrentes**: Se usan para expresar la complejidad de un algoritmo en términos de su tamaño de entrada, permitiendo resolver recurrencias que modelan el tiempo de ejecución.

2. **Notación Asintótica (o Grande)**: Sirve para describir el comportamiento渐近 de los algoritmos, enfocándose en los límites superiores de la complejidad.

3. **Inducción**: Se aplica para demostrar que una cota superior es válida para la complejidad del algoritmo en el peor caso.

Estas herramientas permiten formalizar y comparar la eficiencia de los algoritmos, especialmente en el peor caso, ayudando a determinar la solución más adecuada para problemas específicos.",MC6102-Análisis de Algoritmos.txt;MC6102-Análisis de Algoritmos.txt;MC1103-Gerencia de tecnología de información.txt;MC6004-Sistemas Operativos Avanzados.txt;MC7201-Introducción a la Investigación.txt,6.25,Análisis de Algoritmos,MC6102,
deepseek-r1-14b-4bit,open_ended,¿Qué tipos de algoritmos se estudian dentro de la categoría probabilista?,"En el curso Análisis de Algoritmos de la Maestría en Computación, ¿Qué tipos de algoritmos se estudian dentro de la categoría probabilista?

Da una respuesta completa y explicativa.","Algoritmos numéricos, de Monte Carlo y de Las Vegas.","En el curso Análisis de Algoritmos de la Maestría en Computación, se estudian los siguientes tipos de algoritmos dentro de la categoría probabilista:

1. **Algoritmos de Monte Carlo**: Estos algoritmos utilizan métodos estocásticos para aproximar soluciones a problemas complejos. Son útiles cuando es difícil encontrar una solución exacta, pero se puede muestrear aleatoriamente para obtener una aproximación.

2. **Algoritmos de Las Vegas**: Estos algoritmos buscan siempre la solución correcta pero utilizan una estrategia aleatoria para reducir el tiempo de ejecución. Son particularmente útiles en problemas de búsqueda y optimización.

Estos algoritmos se encuentran en el Capítulo 9 del libro de texto y se abordan en la sección 9.2 y 9.3 del curso, donde se discute su introducción, ejemplos y aplicaciones.",MC6102-Análisis de Algoritmos.txt;MC6102-Análisis de Algoritmos.txt;MC7201-Introducción a la Investigación.txt;MC6004-Sistemas Operativos Avanzados.txt;MC6104-Diseño de Experimentos.txt,6.06,Análisis de Algoritmos,MC6102,
deepseek-r1-14b-4bit,open_ended,¿Cómo se clasifican los problemas según su complejidad en este programa?,"En el curso Análisis de Algoritmos de la Maestría en Computación, ¿Cómo se clasifican los problemas según su complejidad en este programa?

Da una respuesta completa y explicativa.","En las clases P, NP, NP-completos y NP-difíciles.","En el curso Análisis de Algoritmos de la Maestría en Computación, los problemas se clasifican según su complejidad en las siguientes categorías:

1. **Clases de Complejidad Computacional**:
   - **P (Polinomial)**: Problemas que se pueden resolver en tiempo polinomial, es decir, existen algoritmos que resuelven el problema en un tiempo que es una función polinómica del tamaño de la entrada.
   - **NP (Nondeterministic Polynomial)**: Problemas para los cuales cualquier algoritmo que verifique una solución tome tiempo polinomial. Incluye problemas que pueden ser verificados rápidamente si se les proporciona una solución correcta.

2. **Problemas NP-Complejos**:
   - Problemas que pertenecen a la clase NP y para los cuales se ha demostrado que cualquier problema en NP puede reducirse a ellos en tiempo polinomial. Estos problemas representan la ""dificultad"" máxima en NP y son candidatos para separar la clase P de NP.

3. **Problemas NP-Difíciles**:
   - Problemas que pertenecen a la clase NP pero no se sabe si son NP-Complejos. Aunque se sospecha que son difíciles, no han sido formalmente demostrados como NP-Complejos.

4. **",MC6102-Análisis de Algoritmos.txt;MC6102-Análisis de Algoritmos.txt;MC6004-Sistemas Operativos Avanzados.txt;MC6104-Diseño de Experimentos.txt;MC7201-Introducción a la Investigación.txt,8.45,Análisis de Algoritmos,MC6102,
deepseek-r1-14b-4bit,open_ended,"¿Por qué la Ciencia de la Computación ha sido considerada históricamente ""débil"" en sus procedimientos?","En el curso Diseño de Experimentos de la Maestría en Computación, ¿Por qué la Ciencia de la Computación ha sido considerada históricamente ""débil"" en sus procedimientos?

Da una respuesta completa y explicativa.",Debido a la falta de uso sistemático de técnicas experimentales clásicas para validar o refutar hipótesis.,"La Ciencia de la Computación ha sido considerada históricamente ""débil"" en sus procedimientos experimentales debido a que, a diferencia de otras disciplinas científicas, ha tenido menos énfasis en el diseño y ejecución de experimentos rigurosos. Esto se debe, en parte, a que los sistemas computacionales son complejos y sus comportamientos pueden ser difíciles de predecir y medir con precisión. Además, en los inicios de la disciplina, se priorizó más el desarrollo teórico y conceptual que la validación empírica de las hipótesis y teorías propuestas. Sin embargo, con el tiempo, se ha reconocido la importancia de los experimentos en la validación de algoritmos, en el control de calidad del software y en la investigación científica en general, lo que ha llevado a cursos específicos como el Diseño de Experimentos para fortalecer estas habilidades en los estudiantes.",MC6102-Análisis de Algoritmos.txt;MC7201-Introducción a la Investigación.txt;MC7201-Introducción a la Investigación.txt;MC6104-Diseño de Experimentos.txt;MC6004-Sistemas Operativos Avanzados.txt,6.08,Diseño de Experimentos,MC6104,
deepseek-r1-14b-4bit,open_ended,¿Qué utilidad tiene el Diseño de Experimentos (DoE) en la industria del software?,"En el curso Diseño de Experimentos de la Maestría en Computación, ¿Qué utilidad tiene el Diseño de Experimentos (DoE) en la industria del software?

Da una respuesta completa y explicativa.",Permite ejercer controles de calidad rigurosos durante el desarrollo de productos de software.,"El Diseño de Experimentos (DoE) en la industria del software tiene una utilidad significativa en la mejora de la calidad y el rendimiento de los sistemas. A continuación, se detallan sus aplicaciones clave:

1. **Optimización de Rendimiento**: El DoE se utiliza para identificar y maximizar el rendimiento de los sistemas software, asegurando que éste cumpla con los requisitos establecidos.

2. **Reducción de Costos**: Facilita la identificación de los factores críticos que influyen en el rendimiento, lo que permite reducir costos al enfocarse en los aspectos más relevantes.

3. **Mejora de la Calidad**: Ayuda en la detección de fallas y en la validación de soluciones, contribuyendo a la mejora de la calidad del producto final.

4. **Toma de Decisiones Informada**: Proporciona una base sólida para la toma de decisiones basada en datos, permitiendo a los equipos de desarrollo adoptar enfoques más efectivos.

5. **Estandarización de Procesos**: Contribuye a la estandarización de los procesos de desarrollo, facilitando la replicabilidad y el mantenimiento de los sistemas.

6. **Adaptación a Cambios**: Permite adaptar los sistemas a cambios en los requisitos o",MC6102-Análisis de Algoritmos.txt;MC1103-Gerencia de tecnología de información.txt;MC7201-Introducción a la Investigación.txt;MC7201-Introducción a la Investigación.txt;MC6102-Análisis de Algoritmos.txt,8.44,Diseño de Experimentos,MC6104,
deepseek-r1-14b-4bit,open_ended,¿Qué capacidades adquiere el estudiante para manejar datos experimentales?,"En el curso Diseño de Experimentos de la Maestría en Computación, ¿Qué capacidades adquiere el estudiante para manejar datos experimentales?

Da una respuesta completa y explicativa.",El uso de software estadístico para analizar resultados con niveles de confianza y certeza científica.,"En el curso Diseño de Experimentos de la Maestría en Computación, el estudiante adquiere las siguientes capacidades para manejar datos experimentales:

1. **Análisis de Datos**: El estudiante aprende a analizar y interpretar datos experimentales utilizando técnicas estadísticas y metodologías adecuadas para extraer información significativa.

2. **Diseño de Experimentos**: Gana habilidades para planificar y ejecutar experimentos científicos, asegurando que los mismos sean reproducibles y que los datos recolectados sean confiables y representativos.

3. **Validación y Verificación**: Puede validar y verificar los datos experimentales, identificando posibles fuentes de error y asegurando la integridad de los datos.

4. **Visualización de Datos**: Desarrolla habilidades para presentar datos de manera clara y efectiva mediante gráficos, tablas y otros medios visuales, facilitando la comprensión y comunicación de los resultados.

5. **Aplicación de Técnicas Avanzadas**: Utiliza técnicas avanzadas de análisis de datos, como el análisis de varianza, regresión, y otros métodos estadísticos, para interpretar resultados complejos.

6. **Resolución de Problemas**: Aumenta su capacidad para resolver problemas complejos basados en datos experimentales, aplicando metodolog",MC6102-Análisis de Algoritmos.txt;MC6102-Análisis de Algoritmos.txt;MC1103-Gerencia de tecnología de información.txt;MC1003-Seguridad y Criptografía.txt;MC7201-Introducción a la Investigación.txt,8.28,Diseño de Experimentos,MC6104,
deepseek-r1-14b-4bit,open_ended,¿Cuál es la estructura metodológica que siguen los proyectos en este curso?,"En el curso Diseño de Experimentos de la Maestría en Computación, ¿Cuál es la estructura metodológica que siguen los proyectos en este curso?

Da una respuesta completa y explicativa.","Realización de experimentos, recolección de datos, análisis de resultados y redacción de reportes técnicos.","En el curso Diseño de Experimentos de la Maestría en Computación, los proyectos siguen una estructura metodológica clásica basada en el Método Científico. Esto incluye los siguientes pasos:

1. **Definición del problema**: Identificar la pregunta o hipótesis que se desea investigar.
2. **Revisión de literatura**: Investigar y compilar información relevante sobre el tema.
3. **Formulación de hipótesis**: Establecer una hipótesis clara y testable.
4. **Diseño experimental**: Planeación del experimento, incluyendo variables independientes, dependientes y controladas.
5. **Muestreo**: Determinación del tamaño y método de muestreo.
6. **Ejecución del experimento**: Realización del experimento siguiendo el diseño planeado.
7. **Análisis de datos**: Utilización de técnicas estadísticas para analizar los resultados.
8. **Interpretación y discusión**: Interpretar los resultados y discutir su significancia en el contexto de la investigación.
9. **Conclusión**: Resumir los hallazgos y su impacto en la disciplina.

Esta metodología asegura que los proyectos sean sistemáticos, reproducibles y contribuyan al avance del conocimiento en Ciencias de la Computación.",MC6102-Análisis de Algoritmos.txt;MC7201-Introducción a la Investigación.txt;MC7201-Introducción a la Investigación.txt;MC6104-Diseño de Experimentos.txt;MC6004-Sistemas Operativos Avanzados.txt,8.3,Diseño de Experimentos,MC6104,
deepseek-r1-14b-4bit,open_ended,¿Qué formación técnica previa es requerida para el uso de herramientas en este curso?,"En el curso Diseño de Experimentos de la Maestría en Computación, ¿Qué formación técnica previa es requerida para el uso de herramientas en este curso?

Da una respuesta completa y explicativa.","Conocimiento de UNIX, programación en C y dominio del entorno estadístico R.","Para el curso Diseño de Experimentos en la Maestría en Computación, se requieren las siguientes formaciones técnicas previas:

1. **Álgebra Lineal**: Comprensión de conceptos básicos como vectores, matrices, sistemas de ecuaciones lineales y operaciones matriciales.

2. **Cálculo**: Dominio de las funciones, límites, derivadas, integrales y series, fundamental para el análisis cuantitativo.

3. **Probabilidades**: Conocimiento de distribuciones probabilísticas, variables aleatorias, teoremas clave y cálculo de probabilidades condicionales.

Estas habilidades son esenciales para abordar las técnicas de diseño y análisis de experimentos, incluyendo la estadística y el uso de software para analizar resultados.",MC7201-Introducción a la Investigación.txt;MC6102-Análisis de Algoritmos.txt;MC6104-Diseño de Experimentos.txt;MC6102-Análisis de Algoritmos.txt;MC7201-Introducción a la Investigación.txt,5.22,Diseño de Experimentos,MC6104,
deepseek-r1-14b-4bit,open_ended,¿Cómo influye este curso en el desarrollo de la tesis de maestría del estudiante?,"En el curso Diseño de Experimentos de la Maestría en Computación, ¿Cómo influye este curso en el desarrollo de la tesis de maestría del estudiante?

Da una respuesta completa y explicativa.",Entrena al estudiante para establecer hipótesis verificables experimentalmente en su propuesta de tesis.,"En el curso Diseño de Experimentos de la Maestría en Computación, el estudiante adquiere habilidades y conocimientos esenciales que influyen significativamente en el desarrollo de su tesis de maestría. Este curso les permite comprender cómo establecer hipótesis verificables y diseñar experimentos científicos adecuados para validar o refutar dichas hipótesis. Además, aprenden a usar software especializado para analizar resultados y determinar niveles de confianza en sus conclusiones. Estas habilidades son fundamentales para el diseño de experimentos en el desarrollo de su tesis, permitiéndoles aplicar técnicas de diseño de experimentos en su propuesta de tesis y en investigaciones científicas en general. Por lo tanto, este curso fortalece su capacidad para realizar investigaciones rigurosas y reproducibles, mejorando la calidad y robustez de su tesis de maestría.",MC7201-Introducción a la Investigación.txt;MC6102-Análisis de Algoritmos.txt;MC7201-Introducción a la Investigación.txt;MC6104-Diseño de Experimentos.txt;MC6102-Análisis de Algoritmos.txt,5.9,Diseño de Experimentos,MC6104,
deepseek-r1-14b-4bit,open_ended,¿Qué criterios separan la ciencia de la pseudociencia según los contenidos del curso?,"En el curso Introducción a la Investigación de la Maestría en Computación, ¿Qué criterios separan la ciencia de la pseudociencia según los contenidos del curso?

Da una respuesta completa y explicativa.","Los conceptos de historia y filosofía de la ciencia, aplicados a través de un exigente escepticismo científico.","En el curso ""Introducción a la Investigación"" de la Maestría en Computación, los criterios que separan la ciencia de la pseudociencia se centran en la metodología científica y las características esenciales de la ciencia. Según los contenidos del curso, se enfatiza la importancia de:

1. **Método Científico**: La ciencia utiliza un enfoque系统ático y reproducible para generar conocimientos. Esto incluye la formulación de hipótesis, la realización de experimentos, y la verificación empírica de las mismas.

2. **Hipótesis y Pruebas**: Las hipótese deben ser falsables, es decir, deben ser capaces de ser probadas y refutadas mediante experimentos. Si una hipótesis no puede ser probada, no es científica.

3. **Reproducibilidad**: Los resultados de los experimentos deben ser reproducibles por otros investigadores. Si los resultados no se pueden reproducir, no se consideran científicos.

4. **Evidencia Empírica**: La ciencia se basa en observaciones y datos empíricos. Las conclusiones deben estar respaldadas por evidencia experimental.

5. **Scepticismo Exigente**: La ciencia requiere un escepticismo crítico hacia las afirmaciones, exigiendo",MC7201-Introducción a la Investigación.txt;MC7201-Introducción a la Investigación.txt;MC6102-Análisis de Algoritmos.txt;MC1103-Gerencia de tecnología de información.txt;MC6104-Diseño de Experimentos.txt,8.43,Introducción a la Investigación,MC7201,
deepseek-r1-14b-4bit,open_ended,¿Cuál es el deber esencial de un científico según este programa académico?,"En el curso Introducción a la Investigación de la Maestría en Computación, ¿Cuál es el deber esencial de un científico según este programa académico?

Da una respuesta completa y explicativa.",Generar y comunicar conocimiento nuevo a la comunidad.,"En el curso Introducción a la Investigación de la Maestría en Computación, el deber esencial de un científico, según el programa académico, es **generar y comunicar conocimiento nuevo** obtenido a través de un exigente escepticismo. Esto se enfatiza en la orientación al desarrollo de la investigación científica en computación, incluyendo el diseño de experimentos con tratamiento estadístico y la elaboración y presentación de artículos científicos.",MC7201-Introducción a la Investigación.txt;MC7201-Introducción a la Investigación.txt;MC6102-Análisis de Algoritmos.txt;MC1103-Gerencia de tecnología de información.txt;MC6104-Diseño de Experimentos.txt,3.48,Introducción a la Investigación,MC7201,
deepseek-r1-14b-4bit,open_ended,"¿Qué habilidades de ""infraestructura"" se desarrollan para maximizar el éxito del investigador?","En el curso Introducción a la Investigación de la Maestría en Computación, ¿Qué habilidades de ""infraestructura"" se desarrollan para maximizar el éxito del investigador?

Da una respuesta completa y explicativa.","Cómo dar presentaciones, leer y escribir papers, y administrar efectivamente el tiempo.","En el curso Introducción a la Investigación de la Maestría en Computación, se desarrollan habilidades de infraestructura que incluyen:

1. **Cómo dar presentaciones científicas**: Los estudiantes aprenden a presentar su investigación de manera efectiva y profesional, lo que es esencial para comunicar sus resultados en foros académicos y profesionales.

2. **Cómo leer papers**: Se enseña a analizar y comprender artículos científicos, lo que permite a los estudiantes situar su investigación en el contexto más amplio de la literatura existente.

3. **Escritura de documentos científicos**: Los estudiantes adquieren habilidades para redactar papers y tesis de manera clara y rigurosa, siguiendo las normas académicas.

4. **Cómo escribir y juzgar propuestas de investigación**: Se les capacita para formular y evaluar propuestas de investigación, lo que es fundamental para obtener financiamiento y获批 proyectos.

5. **Cómo escribir una tesis**: Los estudiantes aprenden a estructurar y desarrollar una tesis de manera que cumpla con los estándares académicos, incluyendo la metodología, resultados y discusión.

6. **Administración del tiempo**: Se les enseña a gestionar eficientemente su tiempo para completar proyectos de investigación y otros compromisos académicos.

Estas habilidades se integ",MC1003-Seguridad y Criptografía.txt;MC6102-Análisis de Algoritmos.txt;MC7201-Introducción a la Investigación.txt;MC7201-Introducción a la Investigación.txt;MC2301-Planificación estratégica de tecnología de información.txt,8.1,Introducción a la Investigación,MC7201,
deepseek-r1-14b-4bit,open_ended,¿Qué aspectos administrativos se revisan para orientar al estudiante en su posgrado?,"En el curso Introducción a la Investigación de la Maestría en Computación, ¿Qué aspectos administrativos se revisan para orientar al estudiante en su posgrado?

Da una respuesta completa y explicativa.",Los reglamentos y lineamientos del programa de maestría para la presentación de propuestas y tesis.,"En el curso Introducción a la Investigación de la Maestría en Computación, se revisan los siguientes aspectos administrativos para orientar al estudiante en su posgrado:

1. **Plan de Estudios**: Se estudian los requisitos y ubicación del curso en el plan de estudios de la Maestría en Computación con énfasis en Ciencias de la Computación.

2. **Requisitos y Correquisitos**: El curso es un requisito fundamental y no tiene prerequisitos, lo que facilita su integración en el plan de estudios.

3. **Reglamentos y Lineamientos**: Se orienta a los estudiantes sobre los reglamentos y lineamientos del programa de maestría, lo que incluye la presentación de propuestas de investigación y el desarrollo de tesis.

4. **Proceso de Investigación**: Se revisa el proceso de investigación, incluyendo la metodología científica, diseño de experimentos, y la presentación de resultados.

5. **Publicación de Resultados**: Se aborda la importancia de la publicación de artículos científicos, destacando aspectos técnicos y formales para su correcta presentación.

6. **Presentaciones Orales**: Se trabaja en la preparación de presentaciones científicas tipo conferencia, con énfasis en la preparación con herramientas como Beamer y el uso de cronometra",MC1103-Gerencia de tecnología de información.txt;MC7201-Introducción a la Investigación.txt;MC7201-Introducción a la Investigación.txt;MC6102-Análisis de Algoritmos.txt;MC2301-Planificación estratégica de tecnología de información.txt,8.18,Introducción a la Investigación,MC7201,
deepseek-r1-14b-4bit,open_ended,¿Qué elementos debe contener la propuesta de un artículo científico para ser aprobada?,"En el curso Introducción a la Investigación de la Maestría en Computación, ¿Qué elementos debe contener la propuesta de un artículo científico para ser aprobada?

Da una respuesta completa y explicativa.","Definición del problema, su importancia, soluciones previas, propuesta original y efectos esperados.","En el curso Introducción a la Investigación de la Maestría en Computación, una propuesta de un artículo científico debe contener los siguientes elementos para ser aprobada:

1. **Título**: Debe ser claro, conciso y reflejar el enfoque principal del estudio.
2. **Resumen**: Una breve descripción del estudio, incluyendo el objetivo, los métodos utilizados, los resultados principales y las conclusiones.
3. **Introducción**: Debe presentar el problema de investigación, su relevancia, el contexto teórico y las preguntas de investigación.
4. **Marco Teórico**: Una revisión de la literatura que sitúa el estudio en el marco de la investigación existente, identificando lagunas y justificando la necesidad del estudio.
5. **Método**: Detallar los procedimientos seguidos para realizar el estudio, incluyendo diseño de experimentos, metodologías, herramientas y técnicas utilizadas.
6. **Resultados**: Presentar los datos obtenidos de manera clara y organizada, utilizando tablas, gráficos y estadísticas si es necesario.
7. **Discusión**: Interpretar los resultados, comparándolos con las expectativas teóricas, discutiendo las implicaciones y limitaciones del estudio.
8. **Conclusión**: Resumir los hallazgos principales",MC7201-Introducción a la Investigación.txt;MC7201-Introducción a la Investigación.txt;MC6104-Diseño de Experimentos.txt;MC1103-Gerencia de tecnología de información.txt;MC2301-Planificación estratégica de tecnología de información.txt,8.23,Introducción a la Investigación,MC7201,
deepseek-r1-14b-4bit,open_ended,¿Cuál es la herramienta tecnológica obligatoria para la elaboración de presentaciones?,"En el curso Introducción a la Investigación de la Maestría en Computación, ¿Cuál es la herramienta tecnológica obligatoria para la elaboración de presentaciones?

Da una respuesta completa y explicativa.",Beamer.,"En el curso ""Introducción a la Investigación"" de la Maestría en Computación, la herramienta tecnológica obligatoria para la elaboración de presentaciones es **Beamer**. Esto se menciona en el apartado de ""Presentaciones Orales"", donde se indica que todas las presentaciones deben prepararse con Beamer. Además, se especifica que las presentaciones serán analizadas, criticadas y evaluadas por el grupo y el profesor, lo que refuerza la importancia de utilizar esta herramienta tecnológica.",MC7201-Introducción a la Investigación.txt;MC7201-Introducción a la Investigación.txt;MC6102-Análisis de Algoritmos.txt;MC1103-Gerencia de tecnología de información.txt;MC6102-Análisis de Algoritmos.txt,3.73,Introducción a la Investigación,MC7201,
