model_key,category,question,composed_question,expected_answer,predicted_answer,retrieved_sources,generation_time_s,curso,codigo,error
deepseek-r1-14b-8bit,binary,¿Es la asistencia obligatoria?,"En el curso Análisis de Datos en Ciberseguridad de la Maestría en Ciberseguridad, ¿Es la asistencia obligatoria?

Responde únicamente con 'Sí' o 'No'.",Sí,Sí,MC1006-Políticas y Gobernanza en Ciberseguridad.txt;MC1006-Políticas y Gobernanza en Ciberseguridad.txt;MC1003-Seguridad y Criptografía.txt;MC3001-Seguridad de Software Avanzado.txt;MC1001-Análisis de datos en ciberseguridad.txt,2.15,Análisis de Datos en Ciberseguridad,MC1001,
deepseek-r1-14b-8bit,binary,¿Tiene el curso requisitos previos?,"En el curso Análisis de Datos en Ciberseguridad de la Maestría en Ciberseguridad, ¿Tiene el curso requisitos previos?

Responde únicamente con 'Sí' o 'No'.",No,No,MC1006-Políticas y Gobernanza en Ciberseguridad.txt;MC3001-Seguridad de Software Avanzado.txt;MC1003-Seguridad y Criptografía.txt;MC1001-Análisis de datos en ciberseguridad.txt;MC3010-Cibercrimen.txt,1.1,Análisis de Datos en Ciberseguridad,MC1001,
deepseek-r1-14b-8bit,binary,¿Es un curso electivo?,"En el curso Análisis de Datos en Ciberseguridad de la Maestría en Ciberseguridad, ¿Es un curso electivo?

Responde únicamente con 'Sí' o 'No'.",No,No,MC1006-Políticas y Gobernanza en Ciberseguridad.txt;MC3010-Cibercrimen.txt;MC1001-Análisis de datos en ciberseguridad.txt;MC1003-Seguridad y Criptografía.txt;MC3001-Seguridad de Software Avanzado.txt,1.1,Análisis de Datos en Ciberseguridad,MC1001,
deepseek-r1-14b-8bit,binary,¿Existe la posibilidad de ganar el curso por suficiencia?,"En el curso Análisis de Datos en Ciberseguridad de la Maestría en Ciberseguridad, ¿Existe la posibilidad de ganar el curso por suficiencia?

Responde únicamente con 'Sí' o 'No'.",Sí,No,MC1003-Seguridad y Criptografía.txt;MC3010-Cibercrimen.txt;MC1006-Políticas y Gobernanza en Ciberseguridad.txt;MC3001-Seguridad de Software Avanzado.txt;MC1001-Análisis de datos en ciberseguridad.txt,1.1,Análisis de Datos en Ciberseguridad,MC1001,
deepseek-r1-14b-8bit,binary,¿Es posible el reconocimiento del curso?,"En el curso Análisis de Datos en Ciberseguridad de la Maestría en Ciberseguridad, ¿Es posible el reconocimiento del curso?

Responde únicamente con 'Sí' o 'No'.",Sí,No,MC1003-Seguridad y Criptografía.txt;MC1001-Análisis de datos en ciberseguridad.txt;MC1001-Análisis de datos en ciberseguridad.txt;MC3010-Cibercrimen.txt;MC1006-Políticas y Gobernanza en Ciberseguridad.txt,1.05,Análisis de Datos en Ciberseguridad,MC1001,
deepseek-r1-14b-8bit,binary,¿Los laboratorios representan el 75% de la nota final?,"En el curso Análisis de Datos en Ciberseguridad de la Maestría en Ciberseguridad, ¿Los laboratorios representan el 75% de la nota final?

Responde únicamente con 'Sí' o 'No'.",Sí,No,MC1003-Seguridad y Criptografía.txt;MC3010-Cibercrimen.txt;MC1006-Políticas y Gobernanza en Ciberseguridad.txt;MC3001-Seguridad de Software Avanzado.txt;MC1001-Análisis de datos en ciberseguridad.txt,1.01,Análisis de Datos en Ciberseguridad,MC1001,
deepseek-r1-14b-8bit,binary,¿Es la asistencia obligatoria?,"En el curso Seguridad y Criptografía de la Maestría en Ciberseguridad, ¿Es la asistencia obligatoria?

Responde únicamente con 'Sí' o 'No'.",Sí,Sí,MC1006-Políticas y Gobernanza en Ciberseguridad.txt;MC1006-Políticas y Gobernanza en Ciberseguridad.txt;MC1003-Seguridad y Criptografía.txt;MC3001-Seguridad de Software Avanzado.txt;MC3010-Cibercrimen.txt,1.12,Seguridad y Criptografía,MC1003,
deepseek-r1-14b-8bit,binary,¿Es este un curso electivo?,"En el curso Seguridad y Criptografía de la Maestría en Ciberseguridad, ¿Es este un curso electivo?

Responde únicamente con 'Sí' o 'No'.",No,No,MC1006-Políticas y Gobernanza en Ciberseguridad.txt;MC1006-Políticas y Gobernanza en Ciberseguridad.txt;MC1003-Seguridad y Criptografía.txt;MC3001-Seguridad de Software Avanzado.txt;MC3010-Cibercrimen.txt,1.02,Seguridad y Criptografía,MC1003,
deepseek-r1-14b-8bit,binary,¿Tiene correquisitos establecidos?,"En el curso Seguridad y Criptografía de la Maestría en Ciberseguridad, ¿Tiene correquisitos establecidos?

Responde únicamente con 'Sí' o 'No'.",No,No,MC1006-Políticas y Gobernanza en Ciberseguridad.txt;MC1006-Políticas y Gobernanza en Ciberseguridad.txt;MC1003-Seguridad y Criptografía.txt;MC3001-Seguridad de Software Avanzado.txt;MC1001-Análisis de datos en ciberseguridad.txt,1.02,Seguridad y Criptografía,MC1003,
deepseek-r1-14b-8bit,binary,"¿Es este curso requisito para ""Blockchain y Ledger Distribuidos""?","En el curso Seguridad y Criptografía de la Maestría en Ciberseguridad, ¿Es este curso requisito para ""Blockchain y Ledger Distribuidos""?

Responde únicamente con 'Sí' o 'No'.",Sí,Sí,MC1006-Políticas y Gobernanza en Ciberseguridad.txt;MC1006-Políticas y Gobernanza en Ciberseguridad.txt;MC1003-Seguridad y Criptografía.txt;MC3001-Seguridad de Software Avanzado.txt;MC3010-Cibercrimen.txt,1.09,Seguridad y Criptografía,MC1003,
deepseek-r1-14b-8bit,binary,¿Se permite el reconocimiento del curso?,"En el curso Seguridad y Criptografía de la Maestría en Ciberseguridad, ¿Se permite el reconocimiento del curso?

Responde únicamente con 'Sí' o 'No'.",Sí,Sí,MC1003-Seguridad y Criptografía.txt;MC1006-Políticas y Gobernanza en Ciberseguridad.txt;MC3001-Seguridad de Software Avanzado.txt;MC1006-Políticas y Gobernanza en Ciberseguridad.txt;MC3010-Cibercrimen.txt,1.11,Seguridad y Criptografía,MC1003,
deepseek-r1-14b-8bit,binary,¿El examen final tiene un valor del 30%?,"En el curso Seguridad y Criptografía de la Maestría en Ciberseguridad, ¿El examen final tiene un valor del 30%?

Responde únicamente con 'Sí' o 'No'.",Sí,No.,MC1003-Seguridad y Criptografía.txt;MC3001-Seguridad de Software Avanzado.txt;MC3010-Cibercrimen.txt;MC1001-Análisis de datos en ciberseguridad.txt;MC1006-Políticas y Gobernanza en Ciberseguridad.txt,17.07,Seguridad y Criptografía,MC1003,
deepseek-r1-14b-8bit,binary,¿Es el curso de tipo electivo?,"En el curso Políticas y Gobernanza en Ciberseguridad de la Maestría en Ciberseguridad, ¿Es el curso de tipo electivo?

Responde únicamente con 'Sí' o 'No'.",No,No,MC1006-Políticas y Gobernanza en Ciberseguridad.txt;MC1006-Políticas y Gobernanza en Ciberseguridad.txt;MC3010-Cibercrimen.txt;MC3001-Seguridad de Software Avanzado.txt;MC1003-Seguridad y Criptografía.txt,1.01,Políticas y Gobernanza en Ciberseguridad,MC1006,
deepseek-r1-14b-8bit,binary,¿Es la asistencia obligatoria?,"En el curso Políticas y Gobernanza en Ciberseguridad de la Maestría en Ciberseguridad, ¿Es la asistencia obligatoria?

Responde únicamente con 'Sí' o 'No'.",Sí,Sí,MC1006-Políticas y Gobernanza en Ciberseguridad.txt;MC1006-Políticas y Gobernanza en Ciberseguridad.txt;MC3010-Cibercrimen.txt;MC3001-Seguridad de Software Avanzado.txt;MC1003-Seguridad y Criptografía.txt,1.12,Políticas y Gobernanza en Ciberseguridad,MC1006,
deepseek-r1-14b-8bit,binary,¿Se permite el reconocimiento de este curso?,"En el curso Políticas y Gobernanza en Ciberseguridad de la Maestría en Ciberseguridad, ¿Se permite el reconocimiento de este curso?

Responde únicamente con 'Sí' o 'No'.",No,No,MC1006-Políticas y Gobernanza en Ciberseguridad.txt;MC1006-Políticas y Gobernanza en Ciberseguridad.txt;MC1003-Seguridad y Criptografía.txt;MC3010-Cibercrimen.txt;MC3001-Seguridad de Software Avanzado.txt,1.03,Políticas y Gobernanza en Ciberseguridad,MC1006,
deepseek-r1-14b-8bit,binary,¿Existe la posibilidad de suficiencia?,"En el curso Políticas y Gobernanza en Ciberseguridad de la Maestría en Ciberseguridad, ¿Existe la posibilidad de suficiencia?

Responde únicamente con 'Sí' o 'No'.",Sí,No,MC1006-Políticas y Gobernanza en Ciberseguridad.txt;MC1006-Políticas y Gobernanza en Ciberseguridad.txt;MC3010-Cibercrimen.txt;MC1003-Seguridad y Criptografía.txt;MC3001-Seguridad de Software Avanzado.txt,1.03,Políticas y Gobernanza en Ciberseguridad,MC1006,
deepseek-r1-14b-8bit,binary,¿Se ubica el curso en el primer trimestre del plan de estudios?,"En el curso Políticas y Gobernanza en Ciberseguridad de la Maestría en Ciberseguridad, ¿Se ubica el curso en el primer trimestre del plan de estudios?

Responde únicamente con 'Sí' o 'No'.",Sí,Sí,MC1006-Políticas y Gobernanza en Ciberseguridad.txt;MC1006-Políticas y Gobernanza en Ciberseguridad.txt;MC3010-Cibercrimen.txt;MC1003-Seguridad y Criptografía.txt;MC3001-Seguridad de Software Avanzado.txt,1.09,Políticas y Gobernanza en Ciberseguridad,MC1006,
deepseek-r1-14b-8bit,binary,¿El estudio de casos vale un 40% de la calificación?,"En el curso Políticas y Gobernanza en Ciberseguridad de la Maestría en Ciberseguridad, ¿El estudio de casos vale un 40% de la calificación?

Responde únicamente con 'Sí' o 'No'.",Sí,No,MC1006-Políticas y Gobernanza en Ciberseguridad.txt;MC1006-Políticas y Gobernanza en Ciberseguridad.txt;MC1001-Análisis de datos en ciberseguridad.txt;MC3010-Cibercrimen.txt;MC1003-Seguridad y Criptografía.txt,1.03,Políticas y Gobernanza en Ciberseguridad,MC1006,
deepseek-r1-14b-8bit,binary,¿Es un curso electivo?,"En el curso Seguridad de Software Avanzado de la Maestría en Ciberseguridad, ¿Es un curso electivo?

Responde únicamente con 'Sí' o 'No'.",No,No,MC3001-Seguridad de Software Avanzado.txt;MC1006-Políticas y Gobernanza en Ciberseguridad.txt;MC1006-Políticas y Gobernanza en Ciberseguridad.txt;MC1003-Seguridad y Criptografía.txt;MC3010-Cibercrimen.txt,1.01,Seguridad de Software Avanzado,MC3001,
deepseek-r1-14b-8bit,binary,¿Es obligatoria la asistencia?,"En el curso Seguridad de Software Avanzado de la Maestría en Ciberseguridad, ¿Es obligatoria la asistencia?

Responde únicamente con 'Sí' o 'No'.",Sí,Sí,MC1006-Políticas y Gobernanza en Ciberseguridad.txt;MC1006-Políticas y Gobernanza en Ciberseguridad.txt;MC3001-Seguridad de Software Avanzado.txt;MC1003-Seguridad y Criptografía.txt;MC3010-Cibercrimen.txt,1.12,Seguridad de Software Avanzado,MC3001,
deepseek-r1-14b-8bit,binary,¿Tiene requisitos previos?,"En el curso Seguridad de Software Avanzado de la Maestría en Ciberseguridad, ¿Tiene requisitos previos?

Responde únicamente con 'Sí' o 'No'.",No,No,MC3001-Seguridad de Software Avanzado.txt;MC1006-Políticas y Gobernanza en Ciberseguridad.txt;MC1006-Políticas y Gobernanza en Ciberseguridad.txt;MC1003-Seguridad y Criptografía.txt;MC3001-Seguridad de Software Avanzado.txt,1.0,Seguridad de Software Avanzado,MC3001,
deepseek-r1-14b-8bit,binary,¿Es requisito para el curso de Seguridad en la Nube?,"En el curso Seguridad de Software Avanzado de la Maestría en Ciberseguridad, ¿Es requisito para el curso de Seguridad en la Nube?

Responde únicamente con 'Sí' o 'No'.",Sí,Sí,MC3001-Seguridad de Software Avanzado.txt;MC1006-Políticas y Gobernanza en Ciberseguridad.txt;MC1006-Políticas y Gobernanza en Ciberseguridad.txt;MC1003-Seguridad y Criptografía.txt;MC3010-Cibercrimen.txt,1.12,Seguridad de Software Avanzado,MC3001,
deepseek-r1-14b-8bit,binary,¿Se permite la suficiencia?,"En el curso Seguridad de Software Avanzado de la Maestría en Ciberseguridad, ¿Se permite la suficiencia?

Responde únicamente con 'Sí' o 'No'.",No,No,MC1006-Políticas y Gobernanza en Ciberseguridad.txt;MC3001-Seguridad de Software Avanzado.txt;MC3001-Seguridad de Software Avanzado.txt;MC1006-Políticas y Gobernanza en Ciberseguridad.txt;MC1003-Seguridad y Criptografía.txt,0.95,Seguridad de Software Avanzado,MC3001,
deepseek-r1-14b-8bit,binary,¿El examen final vale el 30% de la nota?,"En el curso Seguridad de Software Avanzado de la Maestría en Ciberseguridad, ¿El examen final vale el 30% de la nota?

Responde únicamente con 'Sí' o 'No'.",Sí,No.,MC3001-Seguridad de Software Avanzado.txt;MC1003-Seguridad y Criptografía.txt;MC3010-Cibercrimen.txt;MC1001-Análisis de datos en ciberseguridad.txt;MC1006-Políticas y Gobernanza en Ciberseguridad.txt,17.69,Seguridad de Software Avanzado,MC3001,
deepseek-r1-14b-8bit,binary,¿Es el curso de tipo electivo?,"En el curso Cibercrimen de la Maestría en Ciberseguridad, ¿Es el curso de tipo electivo?

Responde únicamente con 'Sí' o 'No'.",Sí,Sí,MC1006-Políticas y Gobernanza en Ciberseguridad.txt;MC3010-Cibercrimen.txt;MC1006-Políticas y Gobernanza en Ciberseguridad.txt;MC3001-Seguridad de Software Avanzado.txt;MC1003-Seguridad y Criptografía.txt,1.09,Cibercrimen,MC3010,
deepseek-r1-14b-8bit,binary,¿Es obligatoria la asistencia?,"En el curso Cibercrimen de la Maestría en Ciberseguridad, ¿Es obligatoria la asistencia?

Responde únicamente con 'Sí' o 'No'.",Sí,Sí,MC1006-Políticas y Gobernanza en Ciberseguridad.txt;MC1006-Políticas y Gobernanza en Ciberseguridad.txt;MC3010-Cibercrimen.txt;MC3001-Seguridad de Software Avanzado.txt;MC1003-Seguridad y Criptografía.txt,1.12,Cibercrimen,MC3010,
deepseek-r1-14b-8bit,binary,¿Tiene requisitos o correquisitos?,"En el curso Cibercrimen de la Maestría en Ciberseguridad, ¿Tiene requisitos o correquisitos?

Responde únicamente con 'Sí' o 'No'.",No,No,MC1006-Políticas y Gobernanza en Ciberseguridad.txt;MC1006-Políticas y Gobernanza en Ciberseguridad.txt;MC3010-Cibercrimen.txt;MC3001-Seguridad de Software Avanzado.txt;MC1003-Seguridad y Criptografía.txt,1.03,Cibercrimen,MC3010,
deepseek-r1-14b-8bit,binary,¿Se permite la suficiencia para este curso?,"En el curso Cibercrimen de la Maestría en Ciberseguridad, ¿Se permite la suficiencia para este curso?

Responde únicamente con 'Sí' o 'No'.",No,No,MC3010-Cibercrimen.txt;MC1006-Políticas y Gobernanza en Ciberseguridad.txt;MC1003-Seguridad y Criptografía.txt;MC3001-Seguridad de Software Avanzado.txt;MC1006-Políticas y Gobernanza en Ciberseguridad.txt,1.02,Cibercrimen,MC3010,
deepseek-r1-14b-8bit,binary,¿Existe la posibilidad de reconocimiento?,"En el curso Cibercrimen de la Maestría en Ciberseguridad, ¿Existe la posibilidad de reconocimiento?

Responde únicamente con 'Sí' o 'No'.",No,No,MC1001-Análisis de datos en ciberseguridad.txt;MC1006-Políticas y Gobernanza en Ciberseguridad.txt;MC1006-Políticas y Gobernanza en Ciberseguridad.txt;MC1003-Seguridad y Criptografía.txt;MC3010-Cibercrimen.txt,1.03,Cibercrimen,MC3010,
deepseek-r1-14b-8bit,binary,¿La investigación social aplicada tiene un peso del 40%?,"En el curso Cibercrimen de la Maestría en Ciberseguridad, ¿La investigación social aplicada tiene un peso del 40%?

Responde únicamente con 'Sí' o 'No'.",Sí,No,MC1006-Políticas y Gobernanza en Ciberseguridad.txt;MC1006-Políticas y Gobernanza en Ciberseguridad.txt;MC3010-Cibercrimen.txt;MC1001-Análisis de datos en ciberseguridad.txt;MC3010-Cibercrimen.txt,0.91,Cibercrimen,MC3010,
deepseek-r1-14b-8bit,binary,¿Es un curso obligatorio?,"En el curso Sistemas Estratégicos Empresariales de la Maestría en Gerencia de Tecnologías de la Información, ¿Es un curso obligatorio?

Responde únicamente con 'Sí' o 'No'.",Sí,Sí,MC1103-Gerencia de tecnología de información.txt;MC1101-Sistemas Estratégicos Empresariales.txt;MC1101-Sistemas Estratégicos Empresariales.txt;MC2301-Planificación estratégica de tecnología de información.txt;MC2301-Planificación estratégica de tecnología de información.txt,0.9,Sistemas Estratégicos Empresariales,MC1101,
deepseek-r1-14b-8bit,binary,¿Tiene requisitos o correquisitos previos?,"En el curso Sistemas Estratégicos Empresariales de la Maestría en Gerencia de Tecnologías de la Información, ¿Tiene requisitos o correquisitos previos?

Responde únicamente con 'Sí' o 'No'.",No,"No.

Respuesta: No",MC1101-Sistemas Estratégicos Empresariales.txt;MC2301-Planificación estratégica de tecnología de información.txt;MC1103-Gerencia de tecnología de información.txt;MC1103-Gerencia de tecnología de información.txt;MC2301-Planificación estratégica de tecnología de información.txt,1.24,Sistemas Estratégicos Empresariales,MC1101,
deepseek-r1-14b-8bit,binary,¿Es la asistencia obligatoria?,"En el curso Sistemas Estratégicos Empresariales de la Maestría en Gerencia de Tecnologías de la Información, ¿Es la asistencia obligatoria?

Responde únicamente con 'Sí' o 'No'.",Sí,"No.

Respuesta: No",MC1101-Sistemas Estratégicos Empresariales.txt;MC1103-Gerencia de tecnología de información.txt;MC1006-Políticas y Gobernanza en Ciberseguridad.txt;MC1201-Administración financiera de tecnología de información.txt;MC1103-Gerencia de tecnología de información.txt,1.38,Sistemas Estratégicos Empresariales,MC1101,
deepseek-r1-14b-8bit,binary,¿Existe la posibilidad de suficiencia?,"En el curso Sistemas Estratégicos Empresariales de la Maestría en Gerencia de Tecnologías de la Información, ¿Existe la posibilidad de suficiencia?

Responde únicamente con 'Sí' o 'No'.",No,No,MC1101-Sistemas Estratégicos Empresariales.txt;MC1103-Gerencia de tecnología de información.txt;MC2301-Planificación estratégica de tecnología de información.txt;MC1103-Gerencia de tecnología de información.txt;MC1006-Políticas y Gobernanza en Ciberseguridad.txt,0.82,Sistemas Estratégicos Empresariales,MC1101,
deepseek-r1-14b-8bit,binary,¿Es posible el reconocimiento del curso?,"En el curso Sistemas Estratégicos Empresariales de la Maestría en Gerencia de Tecnologías de la Información, ¿Es posible el reconocimiento del curso?

Responde únicamente con 'Sí' o 'No'.",No,No.,MC1101-Sistemas Estratégicos Empresariales.txt;MC2301-Planificación estratégica de tecnología de información.txt;MC1103-Gerencia de tecnología de información.txt;MC1103-Gerencia de tecnología de información.txt;MC1101-Sistemas Estratégicos Empresariales.txt,1.26,Sistemas Estratégicos Empresariales,MC1101,
deepseek-r1-14b-8bit,binary,¿La investigación en sistema empresarial vale un 40%?,"En el curso Sistemas Estratégicos Empresariales de la Maestría en Gerencia de Tecnologías de la Información, ¿La investigación en sistema empresarial vale un 40%?

Responde únicamente con 'Sí' o 'No'.",Sí,Sí,MC1101-Sistemas Estratégicos Empresariales.txt;MC2301-Planificación estratégica de tecnología de información.txt;MC1101-Sistemas Estratégicos Empresariales.txt;MC2301-Planificación estratégica de tecnología de información.txt;MC1103-Gerencia de tecnología de información.txt,0.82,Sistemas Estratégicos Empresariales,MC1101,
deepseek-r1-14b-8bit,binary,¿Es la asistencia obligatoria?,"En el curso Gerencia de Tecnología de Información de la Maestría en Gerencia de Tecnologías de la Información, ¿Es la asistencia obligatoria?

Responde únicamente con 'Sí' o 'No'.",Sí,Sí,MC1103-Gerencia de tecnología de información.txt;MC1201-Administración financiera de tecnología de información.txt;MC1103-Gerencia de tecnología de información.txt;MC1006-Políticas y Gobernanza en Ciberseguridad.txt;MC2301-Planificación estratégica de tecnología de información.txt,0.93,Gerencia de Tecnología de Información,MC1103,
deepseek-r1-14b-8bit,binary,¿Tiene el curso requisitos previos?,"En el curso Gerencia de Tecnología de Información de la Maestría en Gerencia de Tecnologías de la Información, ¿Tiene el curso requisitos previos?

Responde únicamente con 'Sí' o 'No'.",No,No,MC1103-Gerencia de tecnología de información.txt;MC2301-Planificación estratégica de tecnología de información.txt;MC2301-Planificación estratégica de tecnología de información.txt;MC1101-Sistemas Estratégicos Empresariales.txt;MC1203-Administración y estrategia de proyectos I.txt,0.82,Gerencia de Tecnología de Información,MC1103,
deepseek-r1-14b-8bit,binary,¿Se permite la suficiencia?,"En el curso Gerencia de Tecnología de Información de la Maestría en Gerencia de Tecnologías de la Información, ¿Se permite la suficiencia?

Responde únicamente con 'Sí' o 'No'.",No,No,MC1103-Gerencia de tecnología de información.txt;MC2301-Planificación estratégica de tecnología de información.txt;MC1103-Gerencia de tecnología de información.txt;MC1006-Políticas y Gobernanza en Ciberseguridad.txt;MC1101-Sistemas Estratégicos Empresariales.txt,0.85,Gerencia de Tecnología de Información,MC1103,
deepseek-r1-14b-8bit,binary,¿Es posible el reconocimiento del curso?,"En el curso Gerencia de Tecnología de Información de la Maestría en Gerencia de Tecnologías de la Información, ¿Es posible el reconocimiento del curso?

Responde únicamente con 'Sí' o 'No'.",No,No,MC1103-Gerencia de tecnología de información.txt;MC7201-Introducción a la Investigación.txt;MC1103-Gerencia de tecnología de información.txt;MC2301-Planificación estratégica de tecnología de información.txt;MC1101-Sistemas Estratégicos Empresariales.txt,0.83,Gerencia de Tecnología de Información,MC1103,
deepseek-r1-14b-8bit,binary,¿El estudio de casos vale un 40% de la nota?,"En el curso Gerencia de Tecnología de Información de la Maestría en Gerencia de Tecnologías de la Información, ¿El estudio de casos vale un 40% de la nota?

Responde únicamente con 'Sí' o 'No'.",Sí,Sí,MC1103-Gerencia de tecnología de información.txt;MC1101-Sistemas Estratégicos Empresariales.txt;MC2301-Planificación estratégica de tecnología de información.txt;MC6104-Diseño de Experimentos.txt;MC6004-Sistemas Operativos Avanzados.txt,0.63,Gerencia de Tecnología de Información,MC1103,
deepseek-r1-14b-8bit,binary,¿Requiere el curso la elaboración de una investigación bibliográfica?,"En el curso Gerencia de Tecnología de Información de la Maestría en Gerencia de Tecnologías de la Información, ¿Requiere el curso la elaboración de una investigación bibliográfica?

Responde únicamente con 'Sí' o 'No'.",Sí,Sí,MC1103-Gerencia de tecnología de información.txt;MC2301-Planificación estratégica de tecnología de información.txt;MC1101-Sistemas Estratégicos Empresariales.txt;MC6004-Sistemas Operativos Avanzados.txt;MC7201-Introducción a la Investigación.txt,0.83,Gerencia de Tecnología de Información,MC1103,
deepseek-r1-14b-8bit,binary,¿Es este un curso obligatorio?,"En el curso Administración Financiera de TI de la Maestría en Gerencia de Tecnologías de la Información, ¿Es este un curso obligatorio?

Responde únicamente con 'Sí' o 'No'.",Sí,Sí,MC1201-Administración financiera de tecnología de información.txt;MC1201-Administración financiera de tecnología de información.txt;MC1101-Sistemas Estratégicos Empresariales.txt;MC1103-Gerencia de tecnología de información.txt;MC1006-Políticas y Gobernanza en Ciberseguridad.txt,1.04,Administración Financiera de TI,MC1201,
deepseek-r1-14b-8bit,binary,¿Se permite el reconocimiento del curso?,"En el curso Administración Financiera de TI de la Maestría en Gerencia de Tecnologías de la Información, ¿Se permite el reconocimiento del curso?

Responde únicamente con 'Sí' o 'No'.",Sí,Sí,MC1201-Administración financiera de tecnología de información.txt;MC1101-Sistemas Estratégicos Empresariales.txt;MC1103-Gerencia de tecnología de información.txt;MC2301-Planificación estratégica de tecnología de información.txt;MC1203-Administración y estrategia de proyectos I.txt,0.92,Administración Financiera de TI,MC1201,
deepseek-r1-14b-8bit,binary,¿Existe la posibilidad de suficiencia?,"En el curso Administración Financiera de TI de la Maestría en Gerencia de Tecnologías de la Información, ¿Existe la posibilidad de suficiencia?

Responde únicamente con 'Sí' o 'No'.",No,No,MC1201-Administración financiera de tecnología de información.txt;MC1101-Sistemas Estratégicos Empresariales.txt;MC1103-Gerencia de tecnología de información.txt;MC1201-Administración financiera de tecnología de información.txt;MC1103-Gerencia de tecnología de información.txt,0.92,Administración Financiera de TI,MC1201,
deepseek-r1-14b-8bit,binary,¿Es la asistencia obligatoria?,"En el curso Administración Financiera de TI de la Maestría en Gerencia de Tecnologías de la Información, ¿Es la asistencia obligatoria?

Responde únicamente con 'Sí' o 'No'.",Sí,Sí,MC1201-Administración financiera de tecnología de información.txt;MC1201-Administración financiera de tecnología de información.txt;MC1006-Políticas y Gobernanza en Ciberseguridad.txt;MC1103-Gerencia de tecnología de información.txt;MC1103-Gerencia de tecnología de información.txt,1.03,Administración Financiera de TI,MC1201,
deepseek-r1-14b-8bit,binary,¿Se ubica en el segundo semestre del programa?,"En el curso Administración Financiera de TI de la Maestría en Gerencia de Tecnologías de la Información, ¿Se ubica en el segundo semestre del programa?

Responde únicamente con 'Sí' o 'No'.",Sí,Sí,MC1201-Administración financiera de tecnología de información.txt;MC1101-Sistemas Estratégicos Empresariales.txt;MC1201-Administración financiera de tecnología de información.txt;MC1203-Administración y estrategia de proyectos I.txt;MC2301-Planificación estratégica de tecnología de información.txt,1.02,Administración Financiera de TI,MC1201,
deepseek-r1-14b-8bit,binary,¿Los dos exámenes parciales valen un 50% en total?,"En el curso Administración Financiera de TI de la Maestría en Gerencia de Tecnologías de la Información, ¿Los dos exámenes parciales valen un 50% en total?

Responde únicamente con 'Sí' o 'No'.",Sí,"No.

Respuesta: No",MC1101-Sistemas Estratégicos Empresariales.txt;MC1003-Seguridad y Criptografía.txt;MC2301-Planificación estratégica de tecnología de información.txt;MC6004-Sistemas Operativos Avanzados.txt;MC6104-Diseño de Experimentos.txt,0.87,Administración Financiera de TI,MC1201,
deepseek-r1-14b-8bit,binary,¿Es un curso obligatorio?,"En el curso Administración y Estrategia de Proyectos I de la Maestría en Gerencia de Tecnologías de la Información, ¿Es un curso obligatorio?

Responde únicamente con 'Sí' o 'No'.",No,Sí,MC1103-Gerencia de tecnología de información.txt;MC1203-Administración y estrategia de proyectos I.txt;MC1203-Administración y estrategia de proyectos I.txt;MC2301-Planificación estratégica de tecnología de información.txt;MC1101-Sistemas Estratégicos Empresariales.txt,0.89,Administración y Estrategia de Proyectos I,MC1203,
deepseek-r1-14b-8bit,binary,¿Es la asistencia obligatoria?,"En el curso Administración y Estrategia de Proyectos I de la Maestría en Gerencia de Tecnologías de la Información, ¿Es la asistencia obligatoria?

Responde únicamente con 'Sí' o 'No'.",Sí,"No.

Respuesta: No",MC1103-Gerencia de tecnología de información.txt;MC1006-Políticas y Gobernanza en Ciberseguridad.txt;MC1203-Administración y estrategia de proyectos I.txt;MC1201-Administración financiera de tecnología de información.txt;MC1006-Políticas y Gobernanza en Ciberseguridad.txt,1.43,Administración y Estrategia de Proyectos I,MC1203,
deepseek-r1-14b-8bit,binary,¿Es requisito para el curso de Administración y Estrategia de Proyectos II?,"En el curso Administración y Estrategia de Proyectos I de la Maestría en Gerencia de Tecnologías de la Información, ¿Es requisito para el curso de Administración y Estrategia de Proyectos II?

Responde únicamente con 'Sí' o 'No'.",Sí,"No.

Respuesta: No",MC1203-Administración y estrategia de proyectos I.txt;MC1103-Gerencia de tecnología de información.txt;MC2301-Planificación estratégica de tecnología de información.txt;MC1203-Administración y estrategia de proyectos I.txt;MC1103-Gerencia de tecnología de información.txt,1.2,Administración y Estrategia de Proyectos I,MC1203,
deepseek-r1-14b-8bit,binary,¿Permite el curso la suficiencia?,"En el curso Administración y Estrategia de Proyectos I de la Maestría en Gerencia de Tecnologías de la Información, ¿Permite el curso la suficiencia?

Responde únicamente con 'Sí' o 'No'.",No,No,MC1103-Gerencia de tecnología de información.txt;MC2301-Planificación estratégica de tecnología de información.txt;MC1203-Administración y estrategia de proyectos I.txt;MC1203-Administración y estrategia de proyectos I.txt;MC1101-Sistemas Estratégicos Empresariales.txt,0.81,Administración y Estrategia de Proyectos I,MC1203,
deepseek-r1-14b-8bit,binary,¿Existe la posibilidad de reconocimiento?,"En el curso Administración y Estrategia de Proyectos I de la Maestría en Gerencia de Tecnologías de la Información, ¿Existe la posibilidad de reconocimiento?

Responde únicamente con 'Sí' o 'No'.",Sí,No,MC1103-Gerencia de tecnología de información.txt;MC2301-Planificación estratégica de tecnología de información.txt;MC1006-Políticas y Gobernanza en Ciberseguridad.txt;MC1006-Políticas y Gobernanza en Ciberseguridad.txt;MC1203-Administración y estrategia de proyectos I.txt,0.72,Administración y Estrategia de Proyectos I,MC1203,
deepseek-r1-14b-8bit,binary,¿La resolución de casos prácticos vale un 25%?,"En el curso Administración y Estrategia de Proyectos I de la Maestría en Gerencia de Tecnologías de la Información, ¿La resolución de casos prácticos vale un 25%?

Responde únicamente con 'Sí' o 'No'.",Sí,No,MC1103-Gerencia de tecnología de información.txt;MC2301-Planificación estratégica de tecnología de información.txt;MC1103-Gerencia de tecnología de información.txt;MC1101-Sistemas Estratégicos Empresariales.txt;MC1203-Administración y estrategia de proyectos I.txt,0.62,Administración y Estrategia de Proyectos I,MC1203,
deepseek-r1-14b-8bit,binary,¿Es un curso obligatorio?,"En el curso Planificación Estratégica de TI de la Maestría en Gerencia de Tecnologías de la Información, ¿Es un curso obligatorio?

Responde únicamente con 'Sí' o 'No'.",Sí,"No.

Respuesta: No",MC1103-Gerencia de tecnología de información.txt;MC2301-Planificación estratégica de tecnología de información.txt;MC2301-Planificación estratégica de tecnología de información.txt;MC1101-Sistemas Estratégicos Empresariales.txt;MC1203-Administración y estrategia de proyectos I.txt,1.24,Planificación Estratégica de TI,MC2301,
deepseek-r1-14b-8bit,binary,¿Es la asistencia obligatoria?,"En el curso Planificación Estratégica de TI de la Maestría en Gerencia de Tecnologías de la Información, ¿Es la asistencia obligatoria?

Responde únicamente con 'Sí' o 'No'.",Sí,"No.

Respuesta: No",MC1103-Gerencia de tecnología de información.txt;MC2301-Planificación estratégica de tecnología de información.txt;MC1201-Administración financiera de tecnología de información.txt;MC2301-Planificación estratégica de tecnología de información.txt;MC1006-Políticas y Gobernanza en Ciberseguridad.txt,1.29,Planificación Estratégica de TI,MC2301,
deepseek-r1-14b-8bit,binary,¿Se reprueba el curso con 4 faltas de asistencia injustificadas?,"En el curso Planificación Estratégica de TI de la Maestría en Gerencia de Tecnologías de la Información, ¿Se reprueba el curso con 4 faltas de asistencia injustificadas?

Responde únicamente con 'Sí' o 'No'.",Sí,"No.

Respuesta: No",MC1103-Gerencia de tecnología de información.txt;MC2301-Planificación estratégica de tecnología de información.txt;MC1203-Administración y estrategia de proyectos I.txt;MC6004-Sistemas Operativos Avanzados.txt;MC1101-Sistemas Estratégicos Empresariales.txt,1.14,Planificación Estratégica de TI,MC2301,
deepseek-r1-14b-8bit,binary,¿Existe la posibilidad de suficiencia?,"En el curso Planificación Estratégica de TI de la Maestría en Gerencia de Tecnologías de la Información, ¿Existe la posibilidad de suficiencia?

Responde únicamente con 'Sí' o 'No'.",No,No,MC1103-Gerencia de tecnología de información.txt;MC2301-Planificación estratégica de tecnología de información.txt;MC1101-Sistemas Estratégicos Empresariales.txt;MC2301-Planificación estratégica de tecnología de información.txt;MC1006-Políticas y Gobernanza en Ciberseguridad.txt,0.83,Planificación Estratégica de TI,MC2301,
deepseek-r1-14b-8bit,binary,¿Se permite el reconocimiento del curso?,"En el curso Planificación Estratégica de TI de la Maestría en Gerencia de Tecnologías de la Información, ¿Se permite el reconocimiento del curso?

Responde únicamente con 'Sí' o 'No'.",No,"No.

Respuesta: No",MC1103-Gerencia de tecnología de información.txt;MC2301-Planificación estratégica de tecnología de información.txt;MC2301-Planificación estratégica de tecnología de información.txt;MC1203-Administración y estrategia de proyectos I.txt;MC1101-Sistemas Estratégicos Empresariales.txt,1.24,Planificación Estratégica de TI,MC2301,
deepseek-r1-14b-8bit,binary,¿La resolución de casos vale un 40% de la nota?,"En el curso Planificación Estratégica de TI de la Maestría en Gerencia de Tecnologías de la Información, ¿La resolución de casos vale un 40% de la nota?

Responde únicamente con 'Sí' o 'No'.",Sí,Sí,MC2301-Planificación estratégica de tecnología de información.txt;MC1103-Gerencia de tecnología de información.txt;MC1103-Gerencia de tecnología de información.txt;MC1101-Sistemas Estratégicos Empresariales.txt;MC2301-Planificación estratégica de tecnología de información.txt,0.82,Planificación Estratégica de TI,MC2301,
deepseek-r1-14b-8bit,binary,¿Es un curso electivo?,"En el curso Teoría de Autómatas de la Maestría en Computación, ¿Es un curso electivo?

Responde únicamente con 'Sí' o 'No'.",No,"No.

Respuesta: No",MC6003-Teoría de Autómatas.txt;MC6102-Análisis de Algoritmos.txt;MC6104-Diseño de Experimentos.txt;MC6004-Sistemas Operativos Avanzados.txt;MC7201-Introducción a la Investigación.txt,1.48,Teoría de Autómatas,MC6003,
deepseek-r1-14b-8bit,binary,¿Es la asistencia obligatoria?,"En el curso Teoría de Autómatas de la Maestría en Computación, ¿Es la asistencia obligatoria?

Responde únicamente con 'Sí' o 'No'.",Sí,Sí,MC6003-Teoría de Autómatas.txt;MC6102-Análisis de Algoritmos.txt;MC6104-Diseño de Experimentos.txt;MC6104-Diseño de Experimentos.txt;MC1103-Gerencia de tecnología de información.txt,1.12,Teoría de Autómatas,MC6003,
deepseek-r1-14b-8bit,binary,¿Se permite la suficiencia?,"En el curso Teoría de Autómatas de la Maestría en Computación, ¿Se permite la suficiencia?

Responde únicamente con 'Sí' o 'No'.",Sí,Sí,MC6003-Teoría de Autómatas.txt;MC6102-Análisis de Algoritmos.txt;MC7201-Introducción a la Investigación.txt;MC6104-Diseño de Experimentos.txt;MC6004-Sistemas Operativos Avanzados.txt,1.13,Teoría de Autómatas,MC6003,
deepseek-r1-14b-8bit,binary,¿Es posible el reconocimiento del curso?,"En el curso Teoría de Autómatas de la Maestría en Computación, ¿Es posible el reconocimiento del curso?

Responde únicamente con 'Sí' o 'No'.",Sí,Sí,MC6003-Teoría de Autómatas.txt;MC6102-Análisis de Algoritmos.txt;MC7201-Introducción a la Investigación.txt;MC6104-Diseño de Experimentos.txt;MC7201-Introducción a la Investigación.txt,1.12,Teoría de Autómatas,MC6003,
deepseek-r1-14b-8bit,binary,¿Tiene requisitos previos?,"En el curso Teoría de Autómatas de la Maestría en Computación, ¿Tiene requisitos previos?

Responde únicamente con 'Sí' o 'No'.",No,No,MC6003-Teoría de Autómatas.txt;MC6104-Diseño de Experimentos.txt;MC6102-Análisis de Algoritmos.txt;MC7201-Introducción a la Investigación.txt;MC6004-Sistemas Operativos Avanzados.txt,1.04,Teoría de Autómatas,MC6003,
deepseek-r1-14b-8bit,binary,¿El examen final vale el 30%?,"En el curso Teoría de Autómatas de la Maestría en Computación, ¿El examen final vale el 30%?

Responde únicamente con 'Sí' o 'No'.",Sí,"No.

Respuesta: No",MC6004-Sistemas Operativos Avanzados.txt;MC1003-Seguridad y Criptografía.txt;MC6003-Teoría de Autómatas.txt;MC2301-Planificación estratégica de tecnología de información.txt;MC6104-Diseño de Experimentos.txt,1.09,Teoría de Autómatas,MC6003,
deepseek-r1-14b-8bit,binary,¿Es un curso electivo?,"En el curso Sistemas Operativos Avanzados de la Maestría en Computación, ¿Es un curso electivo?

Responde únicamente con 'Sí' o 'No'.",No,"No.

El curso ""Sistemas Operativos Avanzados"" es un curso no electivo, ya que se menciona en el contexto que es ""No electivo"" en la sección de datos generales del programa del curso.

Respuesta: No.",MC6004-Sistemas Operativos Avanzados.txt;MC6102-Análisis de Algoritmos.txt;MC6003-Teoría de Autómatas.txt;MC6104-Diseño de Experimentos.txt;MC7201-Introducción a la Investigación.txt,5.63,Sistemas Operativos Avanzados,MC6004,
deepseek-r1-14b-8bit,binary,¿Es la asistencia obligatoria?,"En el curso Sistemas Operativos Avanzados de la Maestría en Computación, ¿Es la asistencia obligatoria?

Responde únicamente con 'Sí' o 'No'.",Sí,Sí,MC6004-Sistemas Operativos Avanzados.txt;MC1201-Administración financiera de tecnología de información.txt;MC6102-Análisis de Algoritmos.txt;MC1203-Administración y estrategia de proyectos I.txt;MC1006-Políticas y Gobernanza en Ciberseguridad.txt,1.03,Sistemas Operativos Avanzados,MC6004,
deepseek-r1-14b-8bit,binary,"¿Es requisito para ""Redes de Computadores Avanzadas""?","En el curso Sistemas Operativos Avanzados de la Maestría en Computación, ¿Es requisito para ""Redes de Computadores Avanzadas""?

Responde únicamente con 'Sí' o 'No'.",Sí,Sí,MC6004-Sistemas Operativos Avanzados.txt;MC6102-Análisis de Algoritmos.txt;MC6104-Diseño de Experimentos.txt;MC7201-Introducción a la Investigación.txt;MC6003-Teoría de Autómatas.txt,1.13,Sistemas Operativos Avanzados,MC6004,
deepseek-r1-14b-8bit,binary,¿Permite el curso la suficiencia?,"En el curso Sistemas Operativos Avanzados de la Maestría en Computación, ¿Permite el curso la suficiencia?

Responde únicamente con 'Sí' o 'No'.",Sí,No,MC6102-Análisis de Algoritmos.txt;MC6004-Sistemas Operativos Avanzados.txt;MC6104-Diseño de Experimentos.txt;MC6003-Teoría de Autómatas.txt;MC1203-Administración y estrategia de proyectos I.txt,1.03,Sistemas Operativos Avanzados,MC6004,
deepseek-r1-14b-8bit,binary,¿Se permite el reconocimiento?,"En el curso Sistemas Operativos Avanzados de la Maestría en Computación, ¿Se permite el reconocimiento?

Responde únicamente con 'Sí' o 'No'.",Sí,Sí,MC3001-Seguridad de Software Avanzado.txt;MC6102-Análisis de Algoritmos.txt;MC6004-Sistemas Operativos Avanzados.txt;MC1001-Análisis de datos en ciberseguridad.txt;MC6104-Diseño de Experimentos.txt,1.09,Sistemas Operativos Avanzados,MC6004,
deepseek-r1-14b-8bit,binary,¿Los proyectos programados valen un 30%?,"En el curso Sistemas Operativos Avanzados de la Maestría en Computación, ¿Los proyectos programados valen un 30%?

Responde únicamente con 'Sí' o 'No'.",Sí,No,MC1203-Administración y estrategia de proyectos I.txt;MC1203-Administración y estrategia de proyectos I.txt;MC3001-Seguridad de Software Avanzado.txt;MC3010-Cibercrimen.txt;MC1101-Sistemas Estratégicos Empresariales.txt,0.92,Sistemas Operativos Avanzados,MC6004,
deepseek-r1-14b-8bit,binary,¿Es un curso electivo?,"En el curso Análisis de Algoritmos de la Maestría en Computación, ¿Es un curso electivo?

Responde únicamente con 'Sí' o 'No'.",No,"No.

Respuesta: No",MC6102-Análisis de Algoritmos.txt;MC6102-Análisis de Algoritmos.txt;MC6003-Teoría de Autómatas.txt;MC6104-Diseño de Experimentos.txt;MC6004-Sistemas Operativos Avanzados.txt,1.54,Análisis de Algoritmos,MC6102,
deepseek-r1-14b-8bit,binary,¿Es la asistencia obligatoria?,"En el curso Análisis de Algoritmos de la Maestría en Computación, ¿Es la asistencia obligatoria?

Responde únicamente con 'Sí' o 'No'.",Sí,Sí,MC6102-Análisis de Algoritmos.txt;MC6003-Teoría de Autómatas.txt;MC6102-Análisis de Algoritmos.txt;MC6104-Diseño de Experimentos.txt;MC1203-Administración y estrategia de proyectos I.txt,1.16,Análisis de Algoritmos,MC6102,
deepseek-r1-14b-8bit,binary,¿Existe la posibilidad de suficiencia?,"En el curso Análisis de Algoritmos de la Maestría en Computación, ¿Existe la posibilidad de suficiencia?

Responde únicamente con 'Sí' o 'No'.",Sí,Sí,MC6102-Análisis de Algoritmos.txt;MC6102-Análisis de Algoritmos.txt;MC6104-Diseño de Experimentos.txt;MC7201-Introducción a la Investigación.txt;MC6003-Teoría de Autómatas.txt,1.18,Análisis de Algoritmos,MC6102,
deepseek-r1-14b-8bit,binary,¿Se permite el reconocimiento del curso?,"En el curso Análisis de Algoritmos de la Maestría en Computación, ¿Se permite el reconocimiento del curso?

Responde únicamente con 'Sí' o 'No'.",Sí,Sí,MC6102-Análisis de Algoritmos.txt;MC6102-Análisis de Algoritmos.txt;MC6104-Diseño de Experimentos.txt;MC6003-Teoría de Autómatas.txt;MC6004-Sistemas Operativos Avanzados.txt,1.19,Análisis de Algoritmos,MC6102,
deepseek-r1-14b-8bit,binary,¿Las tareas e investigaciones valen el 50% de la nota?,"En el curso Análisis de Algoritmos de la Maestría en Computación, ¿Las tareas e investigaciones valen el 50% de la nota?

Responde únicamente con 'Sí' o 'No'.",Sí,Sí,MC6102-Análisis de Algoritmos.txt;MC6102-Análisis de Algoritmos.txt;MC6004-Sistemas Operativos Avanzados.txt;MC6104-Diseño de Experimentos.txt;MC6003-Teoría de Autómatas.txt,1.05,Análisis de Algoritmos,MC6102,
deepseek-r1-14b-8bit,binary,¿Se imparte el curso los martes por la noche?,"En el curso Análisis de Algoritmos de la Maestría en Computación, ¿Se imparte el curso los martes por la noche?

Responde únicamente con 'Sí' o 'No'.",Sí,"No.

Respuesta: No",MC6104-Diseño de Experimentos.txt;MC6003-Teoría de Autómatas.txt;MC1103-Gerencia de tecnología de información.txt;MC1203-Administración y estrategia de proyectos I.txt;MC6102-Análisis de Algoritmos.txt,1.43,Análisis de Algoritmos,MC6102,
deepseek-r1-14b-8bit,binary,¿Es este un curso electivo?,"En el curso Diseño de Experimentos de la Maestría en Computación, ¿Es este un curso electivo?

Responde únicamente con 'Sí' o 'No'.",Sí,Sí,MC6104-Diseño de Experimentos.txt;MC6102-Análisis de Algoritmos.txt;MC7201-Introducción a la Investigación.txt;MC7201-Introducción a la Investigación.txt;MC6104-Diseño de Experimentos.txt,1.09,Diseño de Experimentos,MC6104,
deepseek-r1-14b-8bit,binary,¿Es la asistencia obligatoria?,"En el curso Diseño de Experimentos de la Maestría en Computación, ¿Es la asistencia obligatoria?

Responde únicamente con 'Sí' o 'No'.",Sí,Sí,MC6104-Diseño de Experimentos.txt;MC6104-Diseño de Experimentos.txt;MC1103-Gerencia de tecnología de información.txt;MC1003-Seguridad y Criptografía.txt;MC6102-Análisis de Algoritmos.txt,0.94,Diseño de Experimentos,MC6104,
deepseek-r1-14b-8bit,binary,¿Se permite la suficiencia?,"En el curso Diseño de Experimentos de la Maestría en Computación, ¿Se permite la suficiencia?

Responde únicamente con 'Sí' o 'No'.",No,No.,MC6102-Análisis de Algoritmos.txt;MC6104-Diseño de Experimentos.txt;MC7201-Introducción a la Investigación.txt;MC1003-Seguridad y Criptografía.txt;MC6104-Diseño de Experimentos.txt,18.6,Diseño de Experimentos,MC6104,
deepseek-r1-14b-8bit,binary,¿Es posible el reconocimiento del curso?,"En el curso Diseño de Experimentos de la Maestría en Computación, ¿Es posible el reconocimiento del curso?

Responde únicamente con 'Sí' o 'No'.",No,"No.

Respuesta: No",MC6102-Análisis de Algoritmos.txt;MC6104-Diseño de Experimentos.txt;MC7201-Introducción a la Investigación.txt;MC6104-Diseño de Experimentos.txt;MC7201-Introducción a la Investigación.txt,1.43,Diseño de Experimentos,MC6104,
deepseek-r1-14b-8bit,binary,¿Requiere conocimientos previos de Probabilidades?,"En el curso Diseño de Experimentos de la Maestría en Computación, ¿Requiere conocimientos previos de Probabilidades?

Responde únicamente con 'Sí' o 'No'.",Sí,"Sí.

Respuesta: Sí",MC7201-Introducción a la Investigación.txt;MC6104-Diseño de Experimentos.txt;MC2301-Planificación estratégica de tecnología de información.txt;MC6104-Diseño de Experimentos.txt;MC6102-Análisis de Algoritmos.txt,1.48,Diseño de Experimentos,MC6104,
deepseek-r1-14b-8bit,binary,¿La presentación oral tiene un valor del 5%?,"En el curso Diseño de Experimentos de la Maestría en Computación, ¿La presentación oral tiene un valor del 5%?

Responde únicamente con 'Sí' o 'No'.",Sí,"No.

Respuesta: No",MC6004-Sistemas Operativos Avanzados.txt;MC7201-Introducción a la Investigación.txt;MC6004-Sistemas Operativos Avanzados.txt;MC1003-Seguridad y Criptografía.txt;MC6102-Análisis de Algoritmos.txt,1.06,Diseño de Experimentos,MC6104,
deepseek-r1-14b-8bit,binary,¿Es un curso electivo?,"En el curso Introducción a la Investigación de la Maestría en Computación, ¿Es un curso electivo?

Responde únicamente con 'Sí' o 'No'.",No,"No.

El curso Introducción a la Investigación (MC-7201) es un curso obligatorio, no electivo, en el Programa de Maestría en Computación con Énfasis en Ciencias de la Computación. Esto se desprende de la información proporcionada en el contexto, donde se menciona que el curso es ""obligatorio"" y no se clasifica como electivo.

Respuesta: No.",MC7201-Introducción a la Investigación.txt;MC6102-Análisis de Algoritmos.txt;MC6104-Diseño de Experimentos.txt;MC7201-Introducción a la Investigación.txt;MC6004-Sistemas Operativos Avanzados.txt,8.9,Introducción a la Investigación,MC7201,
deepseek-r1-14b-8bit,binary,¿Es la asistencia obligatoria?,"En el curso Introducción a la Investigación de la Maestría en Computación, ¿Es la asistencia obligatoria?

Responde únicamente con 'Sí' o 'No'.",Sí,Sí,MC6104-Diseño de Experimentos.txt;MC7201-Introducción a la Investigación.txt;MC1103-Gerencia de tecnología de información.txt;MC6104-Diseño de Experimentos.txt;MC6004-Sistemas Operativos Avanzados.txt,1.09,Introducción a la Investigación,MC7201,
deepseek-r1-14b-8bit,binary,¿Permite el curso la suficiencia?,"En el curso Introducción a la Investigación de la Maestría en Computación, ¿Permite el curso la suficiencia?

Responde únicamente con 'Sí' o 'No'.",Sí,Sí,MC6102-Análisis de Algoritmos.txt;MC7201-Introducción a la Investigación.txt;MC6104-Diseño de Experimentos.txt;MC7201-Introducción a la Investigación.txt;MC1103-Gerencia de tecnología de información.txt,1.11,Introducción a la Investigación,MC7201,
deepseek-r1-14b-8bit,binary,¿Es posible el reconocimiento?,"En el curso Introducción a la Investigación de la Maestría en Computación, ¿Es posible el reconocimiento?

Responde únicamente con 'Sí' o 'No'.",Sí,Sí,MC6102-Análisis de Algoritmos.txt;MC7201-Introducción a la Investigación.txt;MC6104-Diseño de Experimentos.txt;MC7201-Introducción a la Investigación.txt;MC6104-Diseño de Experimentos.txt,1.09,Introducción a la Investigación,MC7201,
deepseek-r1-14b-8bit,binary,"¿Es ""Tema Selecto de Investigación"" un correquisito?","En el curso Introducción a la Investigación de la Maestría en Computación, ¿Es ""Tema Selecto de Investigación"" un correquisito?

Responde únicamente con 'Sí' o 'No'.",Sí,"No.

Respuesta: No",MC6104-Diseño de Experimentos.txt;MC2301-Planificación estratégica de tecnología de información.txt;MC1103-Gerencia de tecnología de información.txt;MC7201-Introducción a la Investigación.txt;MC7201-Introducción a la Investigación.txt,1.29,Introducción a la Investigación,MC7201,
deepseek-r1-14b-8bit,binary,¿La presentación tiene un valor del 25%?,"En el curso Introducción a la Investigación de la Maestría en Computación, ¿La presentación tiene un valor del 25%?

Responde únicamente con 'Sí' o 'No'.",Sí,No,MC7201-Introducción a la Investigación.txt;MC6004-Sistemas Operativos Avanzados.txt;MC6004-Sistemas Operativos Avanzados.txt;MC2301-Planificación estratégica de tecnología de información.txt;MC1003-Seguridad y Criptografía.txt,0.61,Introducción a la Investigación,MC7201,
deepseek-r1-14b-8bit,short_answer,¿Cuántos créditos tiene el curso?,"En el curso Análisis de Datos en Ciberseguridad de la Maestría en Ciberseguridad, ¿Cuántos créditos tiene el curso?

Da una respuesta breve y directa, en una sola frase.",4 créditos,El curso Análisis de Datos en Ciberseguridad tiene 4 créditos.,MC1001-Análisis de datos en ciberseguridad.txt;MC3010-Cibercrimen.txt;MC1006-Políticas y Gobernanza en Ciberseguridad.txt;MC1003-Seguridad y Criptografía.txt;MC3001-Seguridad de Software Avanzado.txt,2.47,Análisis de Datos en Ciberseguridad,MC1001,
deepseek-r1-14b-8bit,short_answer,¿En qué trimestre del plan de estudios se ubica?,"En el curso Análisis de Datos en Ciberseguridad de la Maestría en Ciberseguridad, ¿En qué trimestre del plan de estudios se ubica?

Da una respuesta breve y directa, en una sola frase.",Tercer trimestre,El curso Análisis de Datos en Ciberseguridad se ubica en el tercer trimestre del plan de estudios.,MC1006-Políticas y Gobernanza en Ciberseguridad.txt;MC1001-Análisis de datos en ciberseguridad.txt;MC3010-Cibercrimen.txt;MC2301-Planificación estratégica de tecnología de información.txt;MC1003-Seguridad y Criptografía.txt,3.03,Análisis de Datos en Ciberseguridad,MC1001,
deepseek-r1-14b-8bit,short_answer,¿Qué porcentaje de la nota final representan los laboratorios?,"En el curso Análisis de Datos en Ciberseguridad de la Maestría en Ciberseguridad, ¿Qué porcentaje de la nota final representan los laboratorios?

Da una respuesta breve y directa, en una sola frase.",75%,"En el curso Análisis de Datos en Ciberseguridad, los laboratorios representan el 50% de la nota final.",MC3010-Cibercrimen.txt;MC1003-Seguridad y Criptografía.txt;MC1001-Análisis de datos en ciberseguridad.txt;MC1006-Políticas y Gobernanza en Ciberseguridad.txt;MC1006-Políticas y Gobernanza en Ciberseguridad.txt,3.53,Análisis de Datos en Ciberseguridad,MC1001,
deepseek-r1-14b-8bit,short_answer,¿Permite el curso la modalidad de suficiencia?,"En el curso Análisis de Datos en Ciberseguridad de la Maestría en Ciberseguridad, ¿Permite el curso la modalidad de suficiencia?

Da una respuesta breve y directa, en una sola frase.",Sí,"Sí, el curso Análisis de Datos en Ciberseguridad permite la modalidad de suficiencia.",MC1006-Políticas y Gobernanza en Ciberseguridad.txt;MC1001-Análisis de datos en ciberseguridad.txt;MC3010-Cibercrimen.txt;MC1003-Seguridad y Criptografía.txt;MC3001-Seguridad de Software Avanzado.txt,5.22,Análisis de Datos en Ciberseguridad,MC1001,
deepseek-r1-14b-8bit,short_answer,¿Cuál es la vigencia del programa?,"En el curso Análisis de Datos en Ciberseguridad de la Maestría en Ciberseguridad, ¿Cuál es la vigencia del programa?

Da una respuesta breve y directa, en una sola frase.",2023,La vigencia del programa del curso Análisis de Datos en Ciberseguridad es 2023.,MC1006-Políticas y Gobernanza en Ciberseguridad.txt;MC1006-Políticas y Gobernanza en Ciberseguridad.txt;MC1001-Análisis de datos en ciberseguridad.txt;MC3001-Seguridad de Software Avanzado.txt;MC1003-Seguridad y Criptografía.txt,3.01,Análisis de Datos en Ciberseguridad,MC1001,
deepseek-r1-14b-8bit,short_answer,¿Qué porcentaje de la evaluación corresponde a la resolución de casos de estudio?,"En el curso Análisis de Datos en Ciberseguridad de la Maestría en Ciberseguridad, ¿Qué porcentaje de la evaluación corresponde a la resolución de casos de estudio?

Da una respuesta breve y directa, en una sola frase.",20%,No se menciona un porcentaje específico asignado a la resolución de casos de estudio en la evaluación del curso Análisis de Datos en Ciberseguridad.,MC2301-Planificación estratégica de tecnología de información.txt;MC1103-Gerencia de tecnología de información.txt;MC1003-Seguridad y Criptografía.txt;MC1001-Análisis de datos en ciberseguridad.txt;MC1101-Sistemas Estratégicos Empresariales.txt,8.11,Análisis de Datos en Ciberseguridad,MC1001,
deepseek-r1-14b-8bit,short_answer,¿En qué trimestre se imparte esta materia?,"En el curso Seguridad y Criptografía de la Maestría en Ciberseguridad, ¿En qué trimestre se imparte esta materia?

Da una respuesta breve y directa, en una sola frase.",Cuarto trimestre,El curso Seguridad y Criptografía se imparte en el cuarto trimestre.,MC1006-Políticas y Gobernanza en Ciberseguridad.txt;MC1006-Políticas y Gobernanza en Ciberseguridad.txt;MC1003-Seguridad y Criptografía.txt;MC1001-Análisis de datos en ciberseguridad.txt;MC3001-Seguridad de Software Avanzado.txt,5.05,Seguridad y Criptografía,MC1003,
deepseek-r1-14b-8bit,short_answer,¿De qué curso de Blockchain es requisito esta materia?,"En el curso Seguridad y Criptografía de la Maestría en Ciberseguridad, ¿De qué curso de Blockchain es requisito esta materia?

Da una respuesta breve y directa, en una sola frase.",MC4001 Blockchain y Ledger Distribuidos,"El curso Seguridad y Criptografía no es un requisito para ningún curso de Blockchain, sino que es el requisito de MC4001 Blockchain y Ledger Distribuidos.",MC1006-Políticas y Gobernanza en Ciberseguridad.txt;MC1006-Políticas y Gobernanza en Ciberseguridad.txt;MC3001-Seguridad de Software Avanzado.txt;MC1003-Seguridad y Criptografía.txt;MC1001-Análisis de datos en ciberseguridad.txt,4.21,Seguridad y Criptografía,MC1003,
deepseek-r1-14b-8bit,short_answer,¿Qué porcentaje de la nota corresponde al examen final?,"En el curso Seguridad y Criptografía de la Maestría en Ciberseguridad, ¿Qué porcentaje de la nota corresponde al examen final?

Da una respuesta breve y directa, en una sola frase.",30%,"En el curso Seguridad y Criptografía, el examen final corresponde al 50% de la nota.",MC1003-Seguridad y Criptografía.txt;MC3001-Seguridad de Software Avanzado.txt;MC1006-Políticas y Gobernanza en Ciberseguridad.txt;MC1001-Análisis de datos en ciberseguridad.txt;MC3010-Cibercrimen.txt,5.42,Seguridad y Criptografía,MC1003,
deepseek-r1-14b-8bit,short_answer,¿Cuántas horas de clase por semana tiene el curso?,"En el curso Seguridad y Criptografía de la Maestría en Ciberseguridad, ¿Cuántas horas de clase por semana tiene el curso?

Da una respuesta breve y directa, en una sola frase.",4 horas,El curso Seguridad y Criptografía tiene 4 horas de clase por semana.,MC3010-Cibercrimen.txt;MC1001-Análisis de datos en ciberseguridad.txt;MC1006-Políticas y Gobernanza en Ciberseguridad.txt;MC1003-Seguridad y Criptografía.txt;MC3001-Seguridad de Software Avanzado.txt,2.39,Seguridad y Criptografía,MC1003,
deepseek-r1-14b-8bit,short_answer,"¿Quiénes son los autores del ""Handbook of applied cryptography"" incluido en la bibliografía?","En el curso Seguridad y Criptografía de la Maestría en Ciberseguridad, ¿Quiénes son los autores del ""Handbook of applied cryptography"" incluido en la bibliografía?

Da una respuesta breve y directa, en una sola frase.","Menezes, Van Oorschot y Vanstone","El ""Handbook of applied cryptography"" no está incluido en la bibliografía proporcionada para el curso Seguridad y Criptografía.",MC1001-Análisis de datos en ciberseguridad.txt;MC1006-Políticas y Gobernanza en Ciberseguridad.txt;MC1006-Políticas y Gobernanza en Ciberseguridad.txt;MC6104-Diseño de Experimentos.txt;MC1003-Seguridad y Criptografía.txt,3.34,Seguridad y Criptografía,MC1003,
deepseek-r1-14b-8bit,short_answer,¿Qué porcentaje de la calificación representan las tareas?,"En el curso Seguridad y Criptografía de la Maestría en Ciberseguridad, ¿Qué porcentaje de la calificación representan las tareas?

Da una respuesta breve y directa, en una sola frase.",50%,Las tareas representan el 50% de la calificación en el curso de Seguridad y Criptografía.,MC1003-Seguridad y Criptografía.txt;MC3010-Cibercrimen.txt;MC3001-Seguridad de Software Avanzado.txt;MC1001-Análisis de datos en ciberseguridad.txt;MC1006-Políticas y Gobernanza en Ciberseguridad.txt,3.08,Seguridad y Criptografía,MC1003,
deepseek-r1-14b-8bit,short_answer,¿Permite este curso la posibilidad de reconocimiento?,"En el curso Políticas y Gobernanza en Ciberseguridad de la Maestría en Ciberseguridad, ¿Permite este curso la posibilidad de reconocimiento?

Da una respuesta breve y directa, en una sola frase.",No,"Sí, el curso de Políticas y Gobernanza en Ciberseguridad permite la posibilidad de reconocimiento.",MC1006-Políticas y Gobernanza en Ciberseguridad.txt;MC1006-Políticas y Gobernanza en Ciberseguridad.txt;MC3010-Cibercrimen.txt;MC1003-Seguridad y Criptografía.txt;MC3001-Seguridad de Software Avanzado.txt,3.27,Políticas y Gobernanza en Ciberseguridad,MC1006,
deepseek-r1-14b-8bit,short_answer,¿Qué porcentaje de la nota final representa el estudio de casos?,"En el curso Políticas y Gobernanza en Ciberseguridad de la Maestría en Ciberseguridad, ¿Qué porcentaje de la nota final representa el estudio de casos?

Da una respuesta breve y directa, en una sola frase.",40%,"En el curso Políticas y Gobernanza en Ciberseguridad, el estudio de casos representa el 40% de la nota final.",MC1006-Políticas y Gobernanza en Ciberseguridad.txt;MC1006-Políticas y Gobernanza en Ciberseguridad.txt;MC2301-Planificación estratégica de tecnología de información.txt;MC1103-Gerencia de tecnología de información.txt;MC1101-Sistemas Estratégicos Empresariales.txt,6.35,Políticas y Gobernanza en Ciberseguridad,MC1006,
deepseek-r1-14b-8bit,short_answer,¿En qué trimestre se ubica el curso?,"En el curso Políticas y Gobernanza en Ciberseguridad de la Maestría en Ciberseguridad, ¿En qué trimestre se ubica el curso?

Da una respuesta breve y directa, en una sola frase.",Primer trimestre,El curso se ubica en el primer trimestre.,MC1006-Políticas y Gobernanza en Ciberseguridad.txt;MC1006-Políticas y Gobernanza en Ciberseguridad.txt;MC3010-Cibercrimen.txt;MC1001-Análisis de datos en ciberseguridad.txt;MC1003-Seguridad y Criptografía.txt,4.97,Políticas y Gobernanza en Ciberseguridad,MC1006,
deepseek-r1-14b-8bit,short_answer,¿Qué porcentaje de la nota corresponde a la investigación bibliográfica?,"En el curso Políticas y Gobernanza en Ciberseguridad de la Maestría en Ciberseguridad, ¿Qué porcentaje de la nota corresponde a la investigación bibliográfica?

Da una respuesta breve y directa, en una sola frase.",20%,"En el curso Políticas y Gobernanza en Ciberseguridad, el 20% de la nota corresponde a la investigación bibliográfica.",MC1006-Políticas y Gobernanza en Ciberseguridad.txt;MC1101-Sistemas Estratégicos Empresariales.txt;MC1006-Políticas y Gobernanza en Ciberseguridad.txt;MC6104-Diseño de Experimentos.txt;MC2301-Planificación estratégica de tecnología de información.txt,6.54,Políticas y Gobernanza en Ciberseguridad,MC1006,
deepseek-r1-14b-8bit,short_answer,¿Cuál es la vigencia de este programa?,"En el curso Políticas y Gobernanza en Ciberseguridad de la Maestría en Ciberseguridad, ¿Cuál es la vigencia de este programa?

Da una respuesta breve y directa, en una sola frase.",2023,La vigencia del programa Políticas y Gobernanza en Ciberseguridad es 2023.,MC1006-Políticas y Gobernanza en Ciberseguridad.txt;MC1006-Políticas y Gobernanza en Ciberseguridad.txt;MC3001-Seguridad de Software Avanzado.txt;MC3010-Cibercrimen.txt;MC1003-Seguridad y Criptografía.txt,3.1,Políticas y Gobernanza en Ciberseguridad,MC1006,
deepseek-r1-14b-8bit,short_answer,¿Cuántas horas extraclase por semana se requieren?,"En el curso Políticas y Gobernanza en Ciberseguridad de la Maestría en Ciberseguridad, ¿Cuántas horas extraclase por semana se requieren?

Da una respuesta breve y directa, en una sola frase.",14 horas,"En el curso Políticas y Gobernanza en Ciberseguridad, se requieren 14 horas extraclase por semana.",MC1006-Políticas y Gobernanza en Ciberseguridad.txt;MC1001-Análisis de datos en ciberseguridad.txt;MC3010-Cibercrimen.txt;MC3001-Seguridad de Software Avanzado.txt;MC1003-Seguridad y Criptografía.txt,3.5,Políticas y Gobernanza en Ciberseguridad,MC1006,
deepseek-r1-14b-8bit,short_answer,¿En qué área del plan de estudios se ubica este curso?,"En el curso Seguridad de Software Avanzado de la Maestría en Ciberseguridad, ¿En qué área del plan de estudios se ubica este curso?

Da una respuesta breve y directa, en una sola frase.",Área de tópicos electivos profesionalizantes,El curso Seguridad de Software Avanzado se ubica en el área de tópicos electivos profesionalizantes del plan de estudios.,MC1006-Políticas y Gobernanza en Ciberseguridad.txt;MC1006-Políticas y Gobernanza en Ciberseguridad.txt;MC3001-Seguridad de Software Avanzado.txt;MC1003-Seguridad y Criptografía.txt;MC3010-Cibercrimen.txt,3.62,Seguridad de Software Avanzado,MC3001,
deepseek-r1-14b-8bit,short_answer,¿Permite el curso la modalidad de suficiencia?,"En el curso Seguridad de Software Avanzado de la Maestría en Ciberseguridad, ¿Permite el curso la modalidad de suficiencia?

Da una respuesta breve y directa, en una sola frase.",No,"Sí, el curso Seguridad de Software Avanzado permite la modalidad de suficiencia.",MC3001-Seguridad de Software Avanzado.txt;MC1006-Políticas y Gobernanza en Ciberseguridad.txt;MC1003-Seguridad y Criptografía.txt;MC1006-Políticas y Gobernanza en Ciberseguridad.txt;MC3010-Cibercrimen.txt,4.71,Seguridad de Software Avanzado,MC3001,
deepseek-r1-14b-8bit,short_answer,¿Qué porcentaje de la nota valen las tareas programadas?,"En el curso Seguridad de Software Avanzado de la Maestría en Ciberseguridad, ¿Qué porcentaje de la nota valen las tareas programadas?

Da una respuesta breve y directa, en una sola frase.",40%,No se menciona el porcentaje de la nota que valen las tareas programadas en el curso Seguridad de Software Avanzado.,MC3001-Seguridad de Software Avanzado.txt;MC1003-Seguridad y Criptografía.txt;MC3010-Cibercrimen.txt;MC1001-Análisis de datos en ciberseguridad.txt;MC1006-Políticas y Gobernanza en Ciberseguridad.txt,6.08,Seguridad de Software Avanzado,MC3001,
deepseek-r1-14b-8bit,short_answer,¿De qué curso de defensa y ataque es requisito esta materia?,"En el curso Seguridad de Software Avanzado de la Maestría en Ciberseguridad, ¿De qué curso de defensa y ataque es requisito esta materia?

Da una respuesta breve y directa, en una sola frase.",MC3006 Defensa y Ataque de Sistemas,"El curso Seguridad de Software Avanzado no es un requisito para el curso de defensa y ataque; en cambio, es un requisito para los cursos MC3004 Seguridad en la Nube, MC3002 Tecnologías para Mejorar la Privacidad y MC3006 Defensa y Ataque de Sistemas.",MC1006-Políticas y Gobernanza en Ciberseguridad.txt;MC1006-Políticas y Gobernanza en Ciberseguridad.txt;MC3001-Seguridad de Software Avanzado.txt;MC1003-Seguridad y Criptografía.txt;MC3010-Cibercrimen.txt,7.57,Seguridad de Software Avanzado,MC3001,
deepseek-r1-14b-8bit,short_answer,¿Qué porcentaje de la nota final corresponde al examen final?,"En el curso Seguridad de Software Avanzado de la Maestría en Ciberseguridad, ¿Qué porcentaje de la nota final corresponde al examen final?

Da una respuesta breve y directa, en una sola frase.",30%,No se menciona el porcentaje del examen final en el contexto proporcionado.,MC3001-Seguridad de Software Avanzado.txt;MC1003-Seguridad y Criptografía.txt;MC6004-Sistemas Operativos Avanzados.txt;MC3010-Cibercrimen.txt;MC1001-Análisis de datos en ciberseguridad.txt,2.25,Seguridad de Software Avanzado,MC3001,
deepseek-r1-14b-8bit,short_answer,¿Cuál es el valor porcentual del reporte de lecturas?,"En el curso Seguridad de Software Avanzado de la Maestría en Ciberseguridad, ¿Cuál es el valor porcentual del reporte de lecturas?

Da una respuesta breve y directa, en una sola frase.",10%,El valor porcentual del reporte de lecturas en el curso Seguridad de Software Avanzado no está mencionado en el contexto proporcionado.,MC3001-Seguridad de Software Avanzado.txt;MC1001-Análisis de datos en ciberseguridad.txt;MC1003-Seguridad y Criptografía.txt;MC1001-Análisis de datos en ciberseguridad.txt;MC3010-Cibercrimen.txt,3.68,Seguridad de Software Avanzado,MC3001,
deepseek-r1-14b-8bit,short_answer,¿Es este curso obligatorio o electivo?,"En el curso Cibercrimen de la Maestría en Ciberseguridad, ¿Es este curso obligatorio o electivo?

Da una respuesta breve y directa, en una sola frase.",Electivo,El curso de Cibercrimen es electivo.,MC1006-Políticas y Gobernanza en Ciberseguridad.txt;MC3010-Cibercrimen.txt;MC1006-Políticas y Gobernanza en Ciberseguridad.txt;MC3001-Seguridad de Software Avanzado.txt;MC1003-Seguridad y Criptografía.txt,1.96,Cibercrimen,MC3010,
deepseek-r1-14b-8bit,short_answer,¿Permite la posibilidad de reconocimiento?,"En el curso Cibercrimen de la Maestría en Ciberseguridad, ¿Permite la posibilidad de reconocimiento?

Da una respuesta breve y directa, en una sola frase.",No,"Sí, el curso Cibercrimen de la Maestría en Ciberseguridad permite la posibilidad de reconocimiento.",MC1001-Análisis de datos en ciberseguridad.txt;MC1006-Políticas y Gobernanza en Ciberseguridad.txt;MC1006-Políticas y Gobernanza en Ciberseguridad.txt;MC3010-Cibercrimen.txt;MC1003-Seguridad y Criptografía.txt,3.35,Cibercrimen,MC3010,
deepseek-r1-14b-8bit,short_answer,¿Qué porcentaje de la nota final representa la investigación?,"En el curso Cibercrimen de la Maestría en Ciberseguridad, ¿Qué porcentaje de la nota final representa la investigación?

Da una respuesta breve y directa, en una sola frase.",40%,La investigación representa el 20% de la nota final en el curso Cibercrimen.,MC2301-Planificación estratégica de tecnología de información.txt;MC1006-Políticas y Gobernanza en Ciberseguridad.txt;MC3010-Cibercrimen.txt;MC1006-Políticas y Gobernanza en Ciberseguridad.txt;MC1101-Sistemas Estratégicos Empresariales.txt,2.5,Cibercrimen,MC3010,
deepseek-r1-14b-8bit,short_answer,¿Qué porcentaje de la evaluación corresponde al estudio de casos?,"En el curso Cibercrimen de la Maestría en Ciberseguridad, ¿Qué porcentaje de la evaluación corresponde al estudio de casos?

Da una respuesta breve y directa, en una sola frase.",40%,"En el curso Cibercrimen de la Maestría en Ciberseguridad, el 40% de la evaluación corresponde al estudio de casos.",MC1103-Gerencia de tecnología de información.txt;MC3010-Cibercrimen.txt;MC2301-Planificación estratégica de tecnología de información.txt;MC1101-Sistemas Estratégicos Empresariales.txt;MC3010-Cibercrimen.txt,6.72,Cibercrimen,MC3010,
deepseek-r1-14b-8bit,short_answer,¿Qué software específico se menciona en los contenidos para el análisis de datos?,"En el curso Cibercrimen de la Maestría en Ciberseguridad, ¿Qué software específico se menciona en los contenidos para el análisis de datos?

Da una respuesta breve y directa, en una sola frase.",SPSS,No se menciona ningún software específico en los contenidos para el análisis de datos en el curso de Cibercrimen de la Maestría en Ciberseguridad.,MC1001-Análisis de datos en ciberseguridad.txt;MC1006-Políticas y Gobernanza en Ciberseguridad.txt;MC1006-Políticas y Gobernanza en Ciberseguridad.txt;MC3001-Seguridad de Software Avanzado.txt;MC1001-Análisis de datos en ciberseguridad.txt,4.01,Cibercrimen,MC3010,
deepseek-r1-14b-8bit,short_answer,¿Qué porcentaje de la nota representan las pruebas cortas o comprobaciones?,"En el curso Cibercrimen de la Maestría en Ciberseguridad, ¿Qué porcentaje de la nota representan las pruebas cortas o comprobaciones?

Da una respuesta breve y directa, en una sola frase.",20%,Las pruebas cortas o comprobaciones representan el 40% de la nota en el curso de Cibercrimen.,MC1003-Seguridad y Criptografía.txt;MC3010-Cibercrimen.txt;MC1001-Análisis de datos en ciberseguridad.txt;MC6004-Sistemas Operativos Avanzados.txt;MC2301-Planificación estratégica de tecnología de información.txt,3.18,Cibercrimen,MC3010,
deepseek-r1-14b-8bit,short_answer,¿En qué año se aprobó y actualizó este programa?,"En el curso Sistemas Estratégicos Empresariales de la Maestría en Gerencia de Tecnologías de la Información, ¿En qué año se aprobó y actualizó este programa?

Da una respuesta breve y directa, en una sola frase.",2025,El programa se aprobó y actualizó en el año 2025.,MC1101-Sistemas Estratégicos Empresariales.txt;MC2301-Planificación estratégica de tecnología de información.txt;MC2301-Planificación estratégica de tecnología de información.txt;MC1201-Administración financiera de tecnología de información.txt;MC1103-Gerencia de tecnología de información.txt,2.38,Sistemas Estratégicos Empresariales,MC1101,
deepseek-r1-14b-8bit,short_answer,¿Qué porcentaje de la nota final es la investigación en sistema empresarial?,"En el curso Sistemas Estratégicos Empresariales de la Maestría en Gerencia de Tecnologías de la Información, ¿Qué porcentaje de la nota final es la investigación en sistema empresarial?

Da una respuesta breve y directa, en una sola frase.",40%,"En el curso Sistemas Estratégicos Empresariales, la investigación en sistema empresarial (grupal) representa el 40% de la nota final.",MC1101-Sistemas Estratégicos Empresariales.txt;MC2301-Planificación estratégica de tecnología de información.txt;MC1101-Sistemas Estratégicos Empresariales.txt;MC2301-Planificación estratégica de tecnología de información.txt;MC1103-Gerencia de tecnología de información.txt,6.77,Sistemas Estratégicos Empresariales,MC1101,
deepseek-r1-14b-8bit,short_answer,¿En qué semestre del programa se ubica este curso?,"En el curso Sistemas Estratégicos Empresariales de la Maestría en Gerencia de Tecnologías de la Información, ¿En qué semestre del programa se ubica este curso?

Da una respuesta breve y directa, en una sola frase.",I semestre,El curso Sistemas Estratégicos Empresariales se ubica en el primer semestre del programa de Maestría en Gerencia de Tecnologías de la Información.,MC1101-Sistemas Estratégicos Empresariales.txt;MC2301-Planificación estratégica de tecnología de información.txt;MC1203-Administración y estrategia de proyectos I.txt;MC2301-Planificación estratégica de tecnología de información.txt;MC1201-Administración financiera de tecnología de información.txt,3.98,Sistemas Estratégicos Empresariales,MC1101,
deepseek-r1-14b-8bit,short_answer,¿Qué porcentaje total suman los dos exámenes parciales?,"En el curso Sistemas Estratégicos Empresariales de la Maestría en Gerencia de Tecnologías de la Información, ¿Qué porcentaje total suman los dos exámenes parciales?

Da una respuesta breve y directa, en una sola frase.",40%,"En el curso Sistemas Estratégicos Empresariales, los dos exámenes parciales suman un total de 40%.",MC1101-Sistemas Estratégicos Empresariales.txt;MC2301-Planificación estratégica de tecnología de información.txt;MC1003-Seguridad y Criptografía.txt;MC6004-Sistemas Operativos Avanzados.txt;MC6104-Diseño de Experimentos.txt,6.06,Sistemas Estratégicos Empresariales,MC1101,
deepseek-r1-14b-8bit,short_answer,¿Cuántas horas de clase por semana tiene la materia?,"En el curso Sistemas Estratégicos Empresariales de la Maestría en Gerencia de Tecnologías de la Información, ¿Cuántas horas de clase por semana tiene la materia?

Da una respuesta breve y directa, en una sola frase.",3 horas,El curso Sistemas Estratégicos Empresariales tiene 3 horas de clase por semana.,MC1101-Sistemas Estratégicos Empresariales.txt;MC1103-Gerencia de tecnología de información.txt;MC1201-Administración financiera de tecnología de información.txt;MC1203-Administración y estrategia de proyectos I.txt;MC2301-Planificación estratégica de tecnología de información.txt,4.58,Sistemas Estratégicos Empresariales,MC1101,
deepseek-r1-14b-8bit,short_answer,¿Quién es el autor de los artículos sobre las cinco fuerzas competitivas citados?,"En el curso Sistemas Estratégicos Empresariales de la Maestría en Gerencia de Tecnologías de la Información, ¿Quién es el autor de los artículos sobre las cinco fuerzas competitivas citados?

Da una respuesta breve y directa, en una sola frase.",Michael Porter,Michael E. Porter es el autor de los artículos sobre las cinco fuerzas competitivas citados.,MC1101-Sistemas Estratégicos Empresariales.txt;MC1101-Sistemas Estratégicos Empresariales.txt;MC1006-Políticas y Gobernanza en Ciberseguridad.txt;MC2301-Planificación estratégica de tecnología de información.txt;MC1006-Políticas y Gobernanza en Ciberseguridad.txt,6.95,Sistemas Estratégicos Empresariales,MC1101,
deepseek-r1-14b-8bit,short_answer,¿Permite este curso la suficiencia?,"En el curso Gerencia de Tecnología de Información de la Maestría en Gerencia de Tecnologías de la Información, ¿Permite este curso la suficiencia?

Da una respuesta breve y directa, en una sola frase.",No,"No, el curso Gerencia de Tecnología de Información de la Maestría en Gerencia de Tecnologías de la Información no permite la suficiencia.",MC2301-Planificación estratégica de tecnología de información.txt;MC1103-Gerencia de tecnología de información.txt;MC7201-Introducción a la Investigación.txt;MC1101-Sistemas Estratégicos Empresariales.txt;MC1103-Gerencia de tecnología de información.txt,3.74,Gerencia de Tecnología de Información,MC1103,
deepseek-r1-14b-8bit,short_answer,¿En qué semestre del programa se ubica (indicado como código)?,"En el curso Gerencia de Tecnología de Información de la Maestría en Gerencia de Tecnologías de la Información, ¿En qué semestre del programa se ubica (indicado como código)?

Da una respuesta breve y directa, en una sola frase.",P4 semestre,El curso Gerencia de Tecnología de Información se ubica en el primer semestre del programa de Maestría en Gerencia de Tecnologías de la Información.,MC1103-Gerencia de tecnología de información.txt;MC1201-Administración financiera de tecnología de información.txt;MC1101-Sistemas Estratégicos Empresariales.txt;MC1203-Administración y estrategia de proyectos I.txt;MC2301-Planificación estratégica de tecnología de información.txt,3.89,Gerencia de Tecnología de Información,MC1103,
deepseek-r1-14b-8bit,short_answer,¿Qué porcentaje de la evaluación corresponde al estudio de casos?,"En el curso Gerencia de Tecnología de Información de la Maestría en Gerencia de Tecnologías de la Información, ¿Qué porcentaje de la evaluación corresponde al estudio de casos?

Da una respuesta breve y directa, en una sola frase.",40%,"En el curso Gerencia de Tecnología de Información de la Maestría en Gerencia de Tecnologías de la Información, el estudio de casos corresponde al 40% de la evaluación.",MC1103-Gerencia de tecnología de información.txt;MC1101-Sistemas Estratégicos Empresariales.txt;MC2301-Planificación estratégica de tecnología de información.txt;MC1003-Seguridad y Criptografía.txt;MC6004-Sistemas Operativos Avanzados.txt,4.18,Gerencia de Tecnología de Información,MC1103,
deepseek-r1-14b-8bit,short_answer,¿Qué porcentaje de la nota es la investigación bibliográfica y exposición?,"En el curso Gerencia de Tecnología de Información de la Maestría en Gerencia de Tecnologías de la Información, ¿Qué porcentaje de la nota es la investigación bibliográfica y exposición?

Da una respuesta breve y directa, en una sola frase.",20%,"En el curso Gerencia de Tecnología de Información de la Maestría en Gerencia de Tecnologías de la Información, la investigación bibliográfica y exposición representan el 20% de la nota.",MC1101-Sistemas Estratégicos Empresariales.txt;MC2301-Planificación estratégica de tecnología de información.txt;MC6104-Diseño de Experimentos.txt;MC6004-Sistemas Operativos Avanzados.txt;MC1103-Gerencia de tecnología de información.txt,4.45,Gerencia de Tecnología de Información,MC1103,
deepseek-r1-14b-8bit,short_answer,¿Cuántas horas extraclase se requieren semanalmente?,"En el curso Gerencia de Tecnología de Información de la Maestría en Gerencia de Tecnologías de la Información, ¿Cuántas horas extraclase se requieren semanalmente?

Da una respuesta breve y directa, en una sola frase.",9 horas,"En el curso Gerencia de Tecnología de Información, se requieren 9 horas extraclase semanalmente.",MC1103-Gerencia de tecnología de información.txt;MC1201-Administración financiera de tecnología de información.txt;MC1203-Administración y estrategia de proyectos I.txt;MC1101-Sistemas Estratégicos Empresariales.txt;MC2301-Planificación estratégica de tecnología de información.txt,2.95,Gerencia de Tecnología de Información,MC1103,
deepseek-r1-14b-8bit,short_answer,¿Es posible el reconocimiento del curso?,"En el curso Gerencia de Tecnología de Información de la Maestría en Gerencia de Tecnologías de la Información, ¿Es posible el reconocimiento del curso?

Da una respuesta breve y directa, en una sola frase.",No,No es posible el reconocimiento del curso.,MC7201-Introducción a la Investigación.txt;MC1103-Gerencia de tecnología de información.txt;MC2301-Planificación estratégica de tecnología de información.txt;MC6004-Sistemas Operativos Avanzados.txt;MC1103-Gerencia de tecnología de información.txt,1.52,Gerencia de Tecnología de Información,MC1103,
deepseek-r1-14b-8bit,short_answer,¿Permite este curso la posibilidad de reconocimiento?,"En el curso Administración Financiera de TI de la Maestría en Gerencia de Tecnologías de la Información, ¿Permite este curso la posibilidad de reconocimiento?

Da una respuesta breve y directa, en una sola frase.",Sí,"Sí, el curso de Administración Financiera de TI permite la posibilidad de reconocimiento.",MC2301-Planificación estratégica de tecnología de información.txt;MC1201-Administración financiera de tecnología de información.txt;MC1101-Sistemas Estratégicos Empresariales.txt;MC1103-Gerencia de tecnología de información.txt;MC1103-Gerencia de tecnología de información.txt,2.54,Administración Financiera de TI,MC1201,
deepseek-r1-14b-8bit,short_answer,¿En qué semestre se ubica la materia?,"En el curso Administración Financiera de TI de la Maestría en Gerencia de Tecnologías de la Información, ¿En qué semestre se ubica la materia?

Da una respuesta breve y directa, en una sola frase.",2do semestre,El curso de Administración Financiera de TI se ubica en el 2do semestre del Programa de Maestría de Gerencia de Tecnologías de la Información.,MC1201-Administración financiera de tecnología de información.txt;MC1101-Sistemas Estratégicos Empresariales.txt;MC1201-Administración financiera de tecnología de información.txt;MC2301-Planificación estratégica de tecnología de información.txt;MC2301-Planificación estratégica de tecnología de información.txt,4.11,Administración Financiera de TI,MC1201,
deepseek-r1-14b-8bit,short_answer,¿Qué porcentaje total de la nota suman los dos exámenes parciales?,"En el curso Administración Financiera de TI de la Maestría en Gerencia de Tecnologías de la Información, ¿Qué porcentaje total de la nota suman los dos exámenes parciales?

Da una respuesta breve y directa, en una sola frase.",50%,"En el curso Administración Financiera de TI de la Maestría en Gerencia de Tecnologías de la Información, los dos exámenes parciales suman un total de 40% de la nota.

**Respuesta:** Los dos exámenes parciales suman un total de 40% de la nota.",MC6004-Sistemas Operativos Avanzados.txt;MC1101-Sistemas Estratégicos Empresariales.txt;MC1003-Seguridad y Criptografía.txt;MC2301-Planificación estratégica de tecnología de información.txt;MC1201-Administración financiera de tecnología de información.txt,6.81,Administración Financiera de TI,MC1201,
deepseek-r1-14b-8bit,short_answer,¿Qué porcentaje de la evaluación corresponde a la investigación bibliográfica?,"En el curso Administración Financiera de TI de la Maestría en Gerencia de Tecnologías de la Información, ¿Qué porcentaje de la evaluación corresponde a la investigación bibliográfica?

Da una respuesta breve y directa, en una sola frase.",20%,"En el curso Administración Financiera de TI de la Maestría en Gerencia de Tecnologías de la Información, el porcentaje de evaluación correspondiente a la investigación bibliográfica es del 20%.",MC1101-Sistemas Estratégicos Empresariales.txt;MC2301-Planificación estratégica de tecnología de información.txt;MC1003-Seguridad y Criptografía.txt;MC1103-Gerencia de tecnología de información.txt;MC6104-Diseño de Experimentos.txt,4.43,Administración Financiera de TI,MC1201,
deepseek-r1-14b-8bit,short_answer,¿Qué porcentaje de la nota representan las comprobaciones de lectura?,"En el curso Administración Financiera de TI de la Maestría en Gerencia de Tecnologías de la Información, ¿Qué porcentaje de la nota representan las comprobaciones de lectura?

Da una respuesta breve y directa, en una sola frase.",15%,"No se proporciona información sobre el curso de Administración Financiera de TI en la Maestría en Gerencia de Tecnologías de la Información en el contexto dado. Por lo tanto, no puedo responder sobre las comprobaciones de lectura en dicho curso.

Respuesta: No se tiene suficiente información para responder la pregunta.",MC6004-Sistemas Operativos Avanzados.txt;MC1101-Sistemas Estratégicos Empresariales.txt;MC2301-Planificación estratégica de tecnología de información.txt;MC1003-Seguridad y Criptografía.txt;MC6104-Diseño de Experimentos.txt,6.3,Administración Financiera de TI,MC1201,
deepseek-r1-14b-8bit,short_answer,¿Permite el curso la suficiencia?,"En el curso Administración Financiera de TI de la Maestría en Gerencia de Tecnologías de la Información, ¿Permite el curso la suficiencia?

Da una respuesta breve y directa, en una sola frase.",No,"No, el curso no permite la suficiencia.",MC2301-Planificación estratégica de tecnología de información.txt;MC1201-Administración financiera de tecnología de información.txt;MC1101-Sistemas Estratégicos Empresariales.txt;MC1103-Gerencia de tecnología de información.txt;MC1201-Administración financiera de tecnología de información.txt,1.7,Administración Financiera de TI,MC1201,
deepseek-r1-14b-8bit,short_answer,¿De qué curso de nivel II es requisito esta materia?,"En el curso Administración y Estrategia de Proyectos I de la Maestría en Gerencia de Tecnologías de la Información, ¿De qué curso de nivel II es requisito esta materia?

Da una respuesta breve y directa, en una sola frase.",MC-6204 Administración y estrategia de proyectos II,"No se menciona en el contexto proporcionado que haya un curso de nivel II requisito para el curso ""Administración y Estrategia de Proyectos I"" en la Maestría en Gerencia de Tecnologías de la Información.",MC1103-Gerencia de tecnología de información.txt;MC2301-Planificación estratégica de tecnología de información.txt;MC1203-Administración y estrategia de proyectos I.txt;MC1203-Administración y estrategia de proyectos I.txt;MC1003-Seguridad y Criptografía.txt,4.73,Administración y Estrategia de Proyectos I,MC1203,
deepseek-r1-14b-8bit,short_answer,¿Cuál es el tipo de curso según los datos generales?,"En el curso Administración y Estrategia de Proyectos I de la Maestría en Gerencia de Tecnologías de la Información, ¿Cuál es el tipo de curso según los datos generales?

Da una respuesta breve y directa, en una sola frase.",Teórico,"El curso ""Administración y estrategia de proyectos I"" es de tipo teórico.",MC2301-Planificación estratégica de tecnología de información.txt;MC1103-Gerencia de tecnología de información.txt;MC1101-Sistemas Estratégicos Empresariales.txt;MC1203-Administración y estrategia de proyectos I.txt;MC1203-Administración y estrategia de proyectos I.txt,2.43,Administración y Estrategia de Proyectos I,MC1203,
deepseek-r1-14b-8bit,short_answer,¿En qué semestre del programa se ubica?,"En el curso Administración y Estrategia de Proyectos I de la Maestría en Gerencia de Tecnologías de la Información, ¿En qué semestre del programa se ubica?

Da una respuesta breve y directa, en una sola frase.",3er semestre,El curso se ubica en el tercer semestre del programa de Maestría en Gerencia de Tecnologías de la Información.,MC1203-Administración y estrategia de proyectos I.txt;MC2301-Planificación estratégica de tecnología de información.txt;MC1103-Gerencia de tecnología de información.txt;MC1203-Administración y estrategia de proyectos I.txt;MC1101-Sistemas Estratégicos Empresariales.txt,5.54,Administración y Estrategia de Proyectos I,MC1203,
deepseek-r1-14b-8bit,short_answer,¿Qué porcentaje de la nota final corresponde a la escritura de dos ensayos individuales?,"En el curso Administración y Estrategia de Proyectos I de la Maestría en Gerencia de Tecnologías de la Información, ¿Qué porcentaje de la nota final corresponde a la escritura de dos ensayos individuales?

Da una respuesta breve y directa, en una sola frase.",30%,No se proporciona información sobre la escritura de ensayos individuales en el curso Administración y Estrategia de Proyectos I de la Maestría en Gerencia de Tecnologías de la Información en el contexto dado.,MC6004-Sistemas Operativos Avanzados.txt;MC2301-Planificación estratégica de tecnología de información.txt;MC1003-Seguridad y Criptografía.txt;MC1101-Sistemas Estratégicos Empresariales.txt;MC1103-Gerencia de tecnología de información.txt,8.91,Administración y Estrategia de Proyectos I,MC1203,
deepseek-r1-14b-8bit,short_answer,¿Qué porcentaje de la evaluación es la resolución de casos prácticos?,"En el curso Administración y Estrategia de Proyectos I de la Maestría en Gerencia de Tecnologías de la Información, ¿Qué porcentaje de la evaluación es la resolución de casos prácticos?

Da una respuesta breve y directa, en una sola frase.",25%,"En el curso Administración y Estrategia de Proyectos I, el porcentaje de evaluación correspondiente a la resolución de casos prácticos es del 25%.",MC2301-Planificación estratégica de tecnología de información.txt;MC1103-Gerencia de tecnología de información.txt;MC1003-Seguridad y Criptografía.txt;MC1101-Sistemas Estratégicos Empresariales.txt;MC1203-Administración y estrategia de proyectos I.txt,3.56,Administración y Estrategia de Proyectos I,MC1203,
deepseek-r1-14b-8bit,short_answer,¿Qué porcentaje de la nota vale la investigación sobre un tema seleccionado?,"En el curso Administración y Estrategia de Proyectos I de la Maestría en Gerencia de Tecnologías de la Información, ¿Qué porcentaje de la nota vale la investigación sobre un tema seleccionado?

Da una respuesta breve y directa, en una sola frase.",25%,La investigación sobre un tema seleccionado no está mencionada en el contexto proporcionado.,MC2301-Planificación estratégica de tecnología de información.txt;MC1101-Sistemas Estratégicos Empresariales.txt;MC1003-Seguridad y Criptografía.txt;MC1103-Gerencia de tecnología de información.txt;MC6004-Sistemas Operativos Avanzados.txt,5.1,Administración y Estrategia de Proyectos I,MC1203,
deepseek-r1-14b-8bit,short_answer,¿Con cuántas faltas de asistencia injustificadas se reprueba el curso?,"En el curso Planificación Estratégica de TI de la Maestría en Gerencia de Tecnologías de la Información, ¿Con cuántas faltas de asistencia injustificadas se reprueba el curso?

Da una respuesta breve y directa, en una sola frase.",4 faltas,"El curso Planificación Estratégica de TI no menciona un límite específico de faltas de asistencia injustificadas para reprobar el curso. Por lo tanto, no tengo suficiente información para responder cuántas faltas de asistencia injustificadas se necesitan para reprobar el curso.",MC2301-Planificación estratégica de tecnología de información.txt;MC6004-Sistemas Operativos Avanzados.txt;MC1103-Gerencia de tecnología de información.txt;MC1203-Administración y estrategia de proyectos I.txt;MC1101-Sistemas Estratégicos Empresariales.txt,6.08,Planificación Estratégica de TI,MC2301,
deepseek-r1-14b-8bit,short_answer,¿Qué porcentaje de la nota final representa la resolución de casos?,"En el curso Planificación Estratégica de TI de la Maestría en Gerencia de Tecnologías de la Información, ¿Qué porcentaje de la nota final representa la resolución de casos?

Da una respuesta breve y directa, en una sola frase.",40%,"En el curso Planificación Estratégica de TI de la Maestría en Gerencia de Tecnologías de la Información, la resolución de casos representa el 40% de la nota final.",MC2301-Planificación estratégica de tecnología de información.txt;MC1103-Gerencia de tecnología de información.txt;MC6004-Sistemas Operativos Avanzados.txt;MC1101-Sistemas Estratégicos Empresariales.txt;MC1103-Gerencia de tecnología de información.txt,4.2,Planificación Estratégica de TI,MC2301,
deepseek-r1-14b-8bit,short_answer,¿Cuántos minutos después de la hora oficial de entrada se consideran para marcar ausencia?,"En el curso Planificación Estratégica de TI de la Maestría en Gerencia de Tecnologías de la Información, ¿Cuántos minutos después de la hora oficial de entrada se consideran para marcar ausencia?

Da una respuesta breve y directa, en una sola frase.",30 minutos,No se proporciona información suficiente para determinar cuántos minutos después de la hora oficial de entrada se consideran para marcar ausencia en el curso de Planificación Estratégica de TI.,MC1203-Administración y estrategia de proyectos I.txt;MC1101-Sistemas Estratégicos Empresariales.txt;MC2301-Planificación estratégica de tecnología de información.txt;MC6004-Sistemas Operativos Avanzados.txt;MC1103-Gerencia de tecnología de información.txt,8.41,Planificación Estratégica de TI,MC2301,
deepseek-r1-14b-8bit,short_answer,¿Qué porcentaje de la evaluación corresponde a la investigación bibliográfica?,"En el curso Planificación Estratégica de TI de la Maestría en Gerencia de Tecnologías de la Información, ¿Qué porcentaje de la evaluación corresponde a la investigación bibliográfica?

Da una respuesta breve y directa, en una sola frase.",20%,"En el curso Planificación Estratégica de TI, el 20% de la evaluación corresponde a la investigación bibliográfica.",MC2301-Planificación estratégica de tecnología de información.txt;MC1101-Sistemas Estratégicos Empresariales.txt;MC1003-Seguridad y Criptografía.txt;MC1103-Gerencia de tecnología de información.txt;MC1103-Gerencia de tecnología de información.txt,3.0,Planificación Estratégica de TI,MC2301,
deepseek-r1-14b-8bit,short_answer,¿Permite el curso la suficiencia?,"En el curso Planificación Estratégica de TI de la Maestría en Gerencia de Tecnologías de la Información, ¿Permite el curso la suficiencia?

Da una respuesta breve y directa, en una sola frase.",No,"No, el curso no permite la suficiencia.",MC1103-Gerencia de tecnología de información.txt;MC2301-Planificación estratégica de tecnología de información.txt;MC2301-Planificación estratégica de tecnología de información.txt;MC1101-Sistemas Estratégicos Empresariales.txt;MC1203-Administración y estrategia de proyectos I.txt,2.77,Planificación Estratégica de TI,MC2301,
deepseek-r1-14b-8bit,short_answer,"¿Qué porcentaje de la nota representan las pruebas cortas, comprobaciones y ensayos?","En el curso Planificación Estratégica de TI de la Maestría en Gerencia de Tecnologías de la Información, ¿Qué porcentaje de la nota representan las pruebas cortas, comprobaciones y ensayos?

Da una respuesta breve y directa, en una sola frase.",40%,"Las pruebas cortas, comprobaciones y ensayos representan el 40% de la nota en el curso de Planificación Estratégica de TI de la Maestría en Gerencia de Tecnologías de la Información.",MC2301-Planificación estratégica de tecnología de información.txt;MC6004-Sistemas Operativos Avanzados.txt;MC1101-Sistemas Estratégicos Empresariales.txt;MC1003-Seguridad y Criptografía.txt;MC1103-Gerencia de tecnología de información.txt,9.25,Planificación Estratégica de TI,MC2301,
deepseek-r1-14b-8bit,short_answer,¿En qué periodo del plan de estudios se ubica?,"En el curso Teoría de Autómatas de la Maestría en Computación, ¿En qué periodo del plan de estudios se ubica?

Da una respuesta breve y directa, en una sola frase.",II Periodo,El curso Teoría de Autómatas se ubica en el II Periodo del Plan de Estudios de la Maestría en Computación con Énfasis en Ciencias de la Computación.,MC6003-Teoría de Autómatas.txt;MC6104-Diseño de Experimentos.txt;MC7201-Introducción a la Investigación.txt;MC6102-Análisis de Algoritmos.txt;MC2301-Planificación estratégica de tecnología de información.txt,4.5,Teoría de Autómatas,MC6003,
deepseek-r1-14b-8bit,short_answer,¿Quién es el profesor titular del curso?,"En el curso Teoría de Autómatas de la Maestría en Computación, ¿Quién es el profesor titular del curso?

Da una respuesta breve y directa, en una sola frase.",Erick Mata Montero,El profesor titular del curso Teoría de Autómatas no está mencionado en el contexto proporcionado.,MC7201-Introducción a la Investigación.txt;MC6003-Teoría de Autómatas.txt;MC6102-Análisis de Algoritmos.txt;MC7201-Introducción a la Investigación.txt;MC6104-Diseño de Experimentos.txt,3.06,Teoría de Autómatas,MC6003,
deepseek-r1-14b-8bit,short_answer,¿Qué porcentaje de la nota final representa el examen final?,"En el curso Teoría de Autómatas de la Maestría en Computación, ¿Qué porcentaje de la nota final representa el examen final?

Da una respuesta breve y directa, en una sola frase.",30%,"En el curso Teoría de Autómatas de la Maestría en Computación, no se menciona un porcentaje específico para el examen final en el contexto proporcionado.",MC6004-Sistemas Operativos Avanzados.txt;MC1003-Seguridad y Criptografía.txt;MC6104-Diseño de Experimentos.txt;MC6003-Teoría de Autómatas.txt;MC2301-Planificación estratégica de tecnología de información.txt,3.86,Teoría de Autómatas,MC6003,
deepseek-r1-14b-8bit,short_answer,¿Cuál es el porcentaje asignado al examen parcial?,"En el curso Teoría de Autómatas de la Maestría en Computación, ¿Cuál es el porcentaje asignado al examen parcial?

Da una respuesta breve y directa, en una sola frase.",20%,No se menciona un porcentaje asignado al examen parcial en el documento proporcionado para el curso de Teoría de Autómatas.,MC1003-Seguridad y Criptografía.txt;MC6003-Teoría de Autómatas.txt;MC6004-Sistemas Operativos Avanzados.txt;MC2301-Planificación estratégica de tecnología de información.txt;MC1101-Sistemas Estratégicos Empresariales.txt,6.03,Teoría de Autómatas,MC6003,
deepseek-r1-14b-8bit,short_answer,¿Permite el curso la modalidad de suficiencia?,"En el curso Teoría de Autómatas de la Maestría en Computación, ¿Permite el curso la modalidad de suficiencia?

Da una respuesta breve y directa, en una sola frase.",Sí,"Sí, el curso de Teoría de Autómatas permite la modalidad de suficiencia.",MC6003-Teoría de Autómatas.txt;MC6102-Análisis de Algoritmos.txt;MC6102-Análisis de Algoritmos.txt;MC7201-Introducción a la Investigación.txt;MC6104-Diseño de Experimentos.txt,2.97,Teoría de Autómatas,MC6003,
deepseek-r1-14b-8bit,short_answer,¿Quiénes son los autores principales del libro de texto base?,"En el curso Teoría de Autómatas de la Maestría en Computación, ¿Quiénes son los autores principales del libro de texto base?

Da una respuesta breve y directa, en una sola frase.",Hopcroft et al.,No se menciona un libro de texto base específico para el curso de Teoría de Autómatas en el contexto proporcionado.,MC6104-Diseño de Experimentos.txt;MC7201-Introducción a la Investigación.txt;MC7201-Introducción a la Investigación.txt;MC6102-Análisis de Algoritmos.txt;MC6003-Teoría de Autómatas.txt,3.32,Teoría de Autómatas,MC6003,
deepseek-r1-14b-8bit,short_answer,¿De qué curso de redes es requisito esta materia?,"En el curso Sistemas Operativos Avanzados de la Maestría en Computación, ¿De qué curso de redes es requisito esta materia?

Da una respuesta breve y directa, en una sola frase.",MC-6006 Redes de Computadores Avanzadas,No se menciona un curso específico de redes como requisito para el curso de Sistemas Operativos Avanzados.,MC6004-Sistemas Operativos Avanzados.txt;MC6102-Análisis de Algoritmos.txt;MC6104-Diseño de Experimentos.txt;MC1103-Gerencia de tecnología de información.txt;MC7201-Introducción a la Investigación.txt,3.07,Sistemas Operativos Avanzados,MC6004,
deepseek-r1-14b-8bit,short_answer,¿Cuál es la duración mínima exigida para la presentación oral?,"En el curso Sistemas Operativos Avanzados de la Maestría en Computación, ¿Cuál es la duración mínima exigida para la presentación oral?

Da una respuesta breve y directa, en una sola frase.",16 minutos,La duración mínima exigida para la presentación oral es de 16 minutos.,MC6004-Sistemas Operativos Avanzados.txt;MC6004-Sistemas Operativos Avanzados.txt;MC7201-Introducción a la Investigación.txt;MC6104-Diseño de Experimentos.txt;MC1103-Gerencia de tecnología de información.txt,2.38,Sistemas Operativos Avanzados,MC6004,
deepseek-r1-14b-8bit,short_answer,¿En qué formato deben confeccionarse los reportes de proyectos y el paper?,"En el curso Sistemas Operativos Avanzados de la Maestría en Computación, ¿En qué formato deben confeccionarse los reportes de proyectos y el paper?

Da una respuesta breve y directa, en una sola frase.",IEEE Transactions,"Los reportes de proyectos y el paper deben confeccionarse en formato PDF, con un nombre que incluya la fecha y un número secuencial, y deben incluir una portada, tabla de contenido, imágenes, gráficos y datos adicionales.",MC6004-Sistemas Operativos Avanzados.txt;MC6004-Sistemas Operativos Avanzados.txt;MC1103-Gerencia de tecnología de información.txt;MC2301-Planificación estratégica de tecnología de información.txt;MC1103-Gerencia de tecnología de información.txt,5.37,Sistemas Operativos Avanzados,MC6004,
deepseek-r1-14b-8bit,short_answer,¿En qué idioma debe estar escrito el paper de investigación?,"En el curso Sistemas Operativos Avanzados de la Maestría en Computación, ¿En qué idioma debe estar escrito el paper de investigación?

Da una respuesta breve y directa, en una sola frase.",Inglés,"El curso Sistemas Operativos Avanzados no está mencionado en el contexto proporcionado, por lo que no tengo suficiente información para responder la pregunta.",MC6003-Teoría de Autómatas.txt;MC7201-Introducción a la Investigación.txt;MC6102-Análisis de Algoritmos.txt;MC2301-Planificación estratégica de tecnología de información.txt;MC7201-Introducción a la Investigación.txt,3.66,Sistemas Operativos Avanzados,MC6004,
deepseek-r1-14b-8bit,short_answer,¿Qué porcentaje total de la nota suman los tres proyectos programados?,"En el curso Sistemas Operativos Avanzados de la Maestría en Computación, ¿Qué porcentaje total de la nota suman los tres proyectos programados?

Da una respuesta breve y directa, en una sola frase.",30%,"En el curso Sistemas Operativos Avanzados, los tres proyectos programados suman un total del 30% de la nota.",MC6004-Sistemas Operativos Avanzados.txt;MC2301-Planificación estratégica de tecnología de información.txt;MC1203-Administración y estrategia de proyectos I.txt;MC1203-Administración y estrategia de proyectos I.txt;MC1003-Seguridad y Criptografía.txt,5.62,Sistemas Operativos Avanzados,MC6004,
deepseek-r1-14b-8bit,short_answer,¿Quién es el profesor titular del curso?,"En el curso Sistemas Operativos Avanzados de la Maestría en Computación, ¿Quién es el profesor titular del curso?

Da una respuesta breve y directa, en una sola frase.",Dr. Francisco J. Torres-Rojas,El profesor titular del curso Sistemas Operativos Avanzados no está mencionado en el contexto proporcionado.,MC7201-Introducción a la Investigación.txt;MC6004-Sistemas Operativos Avanzados.txt;MC6102-Análisis de Algoritmos.txt;MC6104-Diseño de Experimentos.txt;MC6104-Diseño de Experimentos.txt,3.07,Sistemas Operativos Avanzados,MC6004,
deepseek-r1-14b-8bit,short_answer,¿En qué periodo del plan de estudios se imparte?,"En el curso Análisis de Algoritmos de la Maestría en Computación, ¿En qué periodo del plan de estudios se imparte?

Da una respuesta breve y directa, en una sola frase.",I Periodo,"En el curso Análisis de Algoritmos de la Maestría en Computación, se imparte en el I Periodo del Plan de Estudios.",MC6102-Análisis de Algoritmos.txt;MC6104-Diseño de Experimentos.txt;MC6102-Análisis de Algoritmos.txt;MC7201-Introducción a la Investigación.txt;MC6003-Teoría de Autómatas.txt,3.82,Análisis de Algoritmos,MC6102,
deepseek-r1-14b-8bit,short_answer,¿En qué horario se dictan las clases los martes?,"En el curso Análisis de Algoritmos de la Maestría en Computación, ¿En qué horario se dictan las clases los martes?

Da una respuesta breve y directa, en una sola frase.",6:00 p. m. a 8:50 p. m.,No se proporciona información sobre el horario de las clases en el contexto dado.,MC6003-Teoría de Autómatas.txt;MC6104-Diseño de Experimentos.txt;MC1103-Gerencia de tecnología de información.txt;MC1203-Administración y estrategia de proyectos I.txt;MC6102-Análisis de Algoritmos.txt,2.37,Análisis de Algoritmos,MC6102,
deepseek-r1-14b-8bit,short_answer,¿Quién es el profesor del curso?,"En el curso Análisis de Algoritmos de la Maestría en Computación, ¿Quién es el profesor del curso?

Da una respuesta breve y directa, en una sola frase.",José E. Araya,La información proporcionada no menciona el nombre del profesor del curso de Análisis de Algoritmos en la Maestría en Computación.,MC6102-Análisis de Algoritmos.txt;MC7201-Introducción a la Investigación.txt;MC6102-Análisis de Algoritmos.txt;MC6104-Diseño de Experimentos.txt;MC6004-Sistemas Operativos Avanzados.txt,3.66,Análisis de Algoritmos,MC6102,
deepseek-r1-14b-8bit,short_answer,¿Qué porcentaje de la nota final representan las tareas e investigaciones?,"En el curso Análisis de Algoritmos de la Maestría en Computación, ¿Qué porcentaje de la nota final representan las tareas e investigaciones?

Da una respuesta breve y directa, en una sola frase.",50%,"En el curso Análisis de Algoritmos de la Maestría en Computación, las tareas e investigaciones representan el 50% de la nota final.",MC6004-Sistemas Operativos Avanzados.txt;MC6102-Análisis de Algoritmos.txt;MC1003-Seguridad y Criptografía.txt;MC6102-Análisis de Algoritmos.txt;MC6104-Diseño de Experimentos.txt,3.85,Análisis de Algoritmos,MC6102,
deepseek-r1-14b-8bit,short_answer,¿Qué porcentaje de la evaluación corresponde a los exámenes parciales?,"En el curso Análisis de Algoritmos de la Maestría en Computación, ¿Qué porcentaje de la evaluación corresponde a los exámenes parciales?

Da una respuesta breve y directa, en una sola frase.",50%,"En el curso Análisis de Algoritmos de la Maestría en Computación, los exámenes parciales representan el 50% de la evaluación.",MC1003-Seguridad y Criptografía.txt;MC6004-Sistemas Operativos Avanzados.txt;MC6102-Análisis de Algoritmos.txt;MC2301-Planificación estratégica de tecnología de información.txt;MC6102-Análisis de Algoritmos.txt,3.83,Análisis de Algoritmos,MC6102,
deepseek-r1-14b-8bit,short_answer,¿Cuál es el libro de texto de carácter obligatorio?,"En el curso Análisis de Algoritmos de la Maestría en Computación, ¿Cuál es el libro de texto de carácter obligatorio?

Da una respuesta breve y directa, en una sola frase.",Fundamentos de Algoritmia de Brassard y Bratley,"El libro de texto obligatorio es ""Fundamentos de Algoritmia"" de Brassard, G., y Bratley, P., publicado por Prentice Hall en 1997.",MC6102-Análisis de Algoritmos.txt;MC6102-Análisis de Algoritmos.txt;MC7201-Introducción a la Investigación.txt;MC6003-Teoría de Autómatas.txt;MC7201-Introducción a la Investigación.txt,4.66,Análisis de Algoritmos,MC6102,
deepseek-r1-14b-8bit,short_answer,¿Es este curso obligatorio o electivo?,"En el curso Diseño de Experimentos de la Maestría en Computación, ¿Es este curso obligatorio o electivo?

Da una respuesta breve y directa, en una sola frase.",Electivo,El curso Diseño de Experimentos es obligatorio.,MC6104-Diseño de Experimentos.txt;MC6102-Análisis de Algoritmos.txt;MC7201-Introducción a la Investigación.txt;MC7201-Introducción a la Investigación.txt;MC6004-Sistemas Operativos Avanzados.txt,1.86,Diseño de Experimentos,MC6104,
deepseek-r1-14b-8bit,short_answer,¿De qué curso de Seminario de Investigación es requisito?,"En el curso Diseño de Experimentos de la Maestría en Computación, ¿De qué curso de Seminario de Investigación es requisito?

Da una respuesta breve y directa, en una sola frase.",MC-7203 – Seminario de Investigación - Tesis II,"El curso Diseño de Experimentos (MC-6104) tiene como requisito el Seminario de Investigación Tesis II (MC-7203). 

Respuesta: El curso Diseño de Experimentos es requisito de Seminario de Investigación Tesis II (MC-7203).",MC7201-Introducción a la Investigación.txt;MC6104-Diseño de Experimentos.txt;MC6004-Sistemas Operativos Avanzados.txt;MC7201-Introducción a la Investigación.txt;MC6102-Análisis de Algoritmos.txt,6.67,Diseño de Experimentos,MC6104,
deepseek-r1-14b-8bit,short_answer,¿Qué porcentaje de la nota final representan los proyectos?,"En el curso Diseño de Experimentos de la Maestría en Computación, ¿Qué porcentaje de la nota final representan los proyectos?

Da una respuesta breve y directa, en una sola frase.",35%,"En el curso Diseño de Experimentos de la Maestría en Computación, los proyectos representan el 35% de la nota final.",MC6004-Sistemas Operativos Avanzados.txt;MC1003-Seguridad y Criptografía.txt;MC2301-Planificación estratégica de tecnología de información.txt;MC6104-Diseño de Experimentos.txt;MC6104-Diseño de Experimentos.txt,3.18,Diseño de Experimentos,MC6104,
deepseek-r1-14b-8bit,short_answer,¿En qué idioma deben escribirse los reportes de los proyectos?,"En el curso Diseño de Experimentos de la Maestría en Computación, ¿En qué idioma deben escribirse los reportes de los proyectos?

Da una respuesta breve y directa, en una sola frase.",Inglés,"En el curso Diseño de Experimentos de la Maestría en Computación, los reportes de los proyectos deben escribirse en inglés.",MC7201-Introducción a la Investigación.txt;MC6104-Diseño de Experimentos.txt;MC1103-Gerencia de tecnología de información.txt;MC6102-Análisis de Algoritmos.txt;MC2301-Planificación estratégica de tecnología de información.txt,3.36,Diseño de Experimentos,MC6104,
deepseek-r1-14b-8bit,short_answer,¿Permite el curso la suficiencia?,"En el curso Diseño de Experimentos de la Maestría en Computación, ¿Permite el curso la suficiencia?

Da una respuesta breve y directa, en una sola frase.",No,"No, el curso Diseño de Experimentos no permite la suficiencia.",MC6102-Análisis de Algoritmos.txt;MC6104-Diseño de Experimentos.txt;MC7201-Introducción a la Investigación.txt;MC7201-Introducción a la Investigación.txt;MC6102-Análisis de Algoritmos.txt,2.34,Diseño de Experimentos,MC6104,
deepseek-r1-14b-8bit,short_answer,¿Qué porcentaje de la nota corresponde al segundo examen parcial?,"En el curso Diseño de Experimentos de la Maestría en Computación, ¿Qué porcentaje de la nota corresponde al segundo examen parcial?

Da una respuesta breve y directa, en una sola frase.",25%,"En el curso Diseño de Experimentos de la Maestría en Computación, el segundo examen parcial corresponde al 25% de la nota.",MC1003-Seguridad y Criptografía.txt;MC6004-Sistemas Operativos Avanzados.txt;MC7201-Introducción a la Investigación.txt;MC2301-Planificación estratégica de tecnología de información.txt;MC6104-Diseño de Experimentos.txt,3.29,Diseño de Experimentos,MC6104,
deepseek-r1-14b-8bit,short_answer,¿Cuál es el correquisito obligatorio de este curso?,"En el curso Introducción a la Investigación de la Maestría en Computación, ¿Cuál es el correquisito obligatorio de este curso?

Da una respuesta breve y directa, en una sola frase.",MC-7205 Tema Selecto de Investigación,El correquisito obligatorio del curso Introducción a la Investigación es MC-7205 Tema Selecto de Investigación.,MC7201-Introducción a la Investigación.txt;MC7201-Introducción a la Investigación.txt;MC6104-Diseño de Experimentos.txt;MC6102-Análisis de Algoritmos.txt;MC2301-Planificación estratégica de tecnología de información.txt,3.36,Introducción a la Investigación,MC7201,
deepseek-r1-14b-8bit,short_answer,¿Qué porcentaje de la nota final representa la presentación?,"En el curso Introducción a la Investigación de la Maestría en Computación, ¿Qué porcentaje de la nota final representa la presentación?

Da una respuesta breve y directa, en una sola frase.",25%,"En el curso Introducción a la Investigación de la Maestría en Computación, la presentación oral representa un 5% de la nota final.",MC6004-Sistemas Operativos Avanzados.txt;MC7201-Introducción a la Investigación.txt;MC6004-Sistemas Operativos Avanzados.txt;MC1003-Seguridad y Criptografía.txt;MC6104-Diseño de Experimentos.txt,3.4,Introducción a la Investigación,MC7201,
deepseek-r1-14b-8bit,short_answer,¿Qué herramienta es obligatoria para preparar las presentaciones?,"En el curso Introducción a la Investigación de la Maestría en Computación, ¿Qué herramienta es obligatoria para preparar las presentaciones?

Da una respuesta breve y directa, en una sola frase.",Beamer,La herramienta obligatoria para preparar las presentaciones en el curso Introducción a la Investigación es Beamer.,MC7201-Introducción a la Investigación.txt;MC6004-Sistemas Operativos Avanzados.txt;MC7201-Introducción a la Investigación.txt;MC6102-Análisis de Algoritmos.txt;MC1103-Gerencia de tecnología de información.txt,2.92,Introducción a la Investigación,MC7201,
deepseek-r1-14b-8bit,short_answer,¿En qué idioma debe escribirse el paper de investigación?,"En el curso Introducción a la Investigación de la Maestría en Computación, ¿En qué idioma debe escribirse el paper de investigación?

Da una respuesta breve y directa, en una sola frase.",Inglés,"En el curso Introducción a la Investigación de la Maestría en Computación, el paper de investigación debe escribirse en inglés.",MC7201-Introducción a la Investigación.txt;MC7201-Introducción a la Investigación.txt;MC6003-Teoría de Autómatas.txt;MC1103-Gerencia de tecnología de información.txt;MC6004-Sistemas Operativos Avanzados.txt,3.42,Introducción a la Investigación,MC7201,
deepseek-r1-14b-8bit,short_answer,¿Quién es el profesor titular del curso?,"En el curso Introducción a la Investigación de la Maestría en Computación, ¿Quién es el profesor titular del curso?

Da una respuesta breve y directa, en una sola frase.",Dr. Francisco J. Torres-Rojas,El profesor titular del curso Introducción a la Investigación de la Maestría en Computación no está mencionado en el contexto proporcionado.,MC7201-Introducción a la Investigación.txt;MC6102-Análisis de Algoritmos.txt;MC6104-Diseño de Experimentos.txt;MC7201-Introducción a la Investigación.txt;MC6104-Diseño de Experimentos.txt,3.64,Introducción a la Investigación,MC7201,
deepseek-r1-14b-8bit,short_answer,¿Permite el curso la posibilidad de reconocimiento?,"En el curso Introducción a la Investigación de la Maestría en Computación, ¿Permite el curso la posibilidad de reconocimiento?

Da una respuesta breve y directa, en una sola frase.",Sí,"Sí, el curso Introducción a la Investigación de la Maestría en Computación permite la posibilidad de reconocimiento.",MC6102-Análisis de Algoritmos.txt;MC7201-Introducción a la Investigación.txt;MC7201-Introducción a la Investigación.txt;MC6104-Diseño de Experimentos.txt;MC1103-Gerencia de tecnología de información.txt,3.31,Introducción a la Investigación,MC7201,
deepseek-r1-14b-8bit,open_ended,¿Cuál es el propósito principal de integrar inteligencia artificial en un Centro de Operaciones en Seguridad (SOC)?,"En el curso Análisis de Datos en Ciberseguridad de la Maestría en Ciberseguridad, ¿Cuál es el propósito principal de integrar inteligencia artificial en un Centro de Operaciones en Seguridad (SOC)?

Da una respuesta completa y explicativa.",Facilitar la distinción de vectores de ataque y permitir una toma de decisiones más precisa en la respuesta a incidentes.,"En el curso Análisis de Datos en Ciberseguridad de la Maestría en Ciberseguridad, el propósito principal de integrar inteligencia artificial en un Centro de Operaciones en Seguridad (SOC) es mejorar la detección y respuesta a amenazas cibernéticas de manera eficiente y efectiva. La inteligencia artificial (IA) se utiliza para analizar grandes volúmenes de datos en tiempo real, identificar patrones anómalos, y prevenir o mitigar incidentes de seguridad. Esto permite a los profesionales de ciberseguridad tomar decisiones informadas más rápidamente y reducir el riesgo de ataques exitosos.",MC1006-Políticas y Gobernanza en Ciberseguridad.txt;MC1006-Políticas y Gobernanza en Ciberseguridad.txt;MC1001-Análisis de datos en ciberseguridad.txt;MC3001-Seguridad de Software Avanzado.txt;MC1003-Seguridad y Criptografía.txt,13.29,Análisis de Datos en Ciberseguridad,MC1001,
deepseek-r1-14b-8bit,open_ended,¿Qué temas matemáticos específicos debe dominar el estudiante para tener un buen desempeño?,"En el curso Análisis de Datos en Ciberseguridad de la Maestría en Ciberseguridad, ¿Qué temas matemáticos específicos debe dominar el estudiante para tener un buen desempeño?

Da una respuesta completa y explicativa.","Conceptos de estadística y cálculo diferencial integral, como distribuciones de probabilidad, regresiones y optimización.","Para tener un buen desempeño en el curso de Análisis de Datos en Ciberseguridad, el estudiante debe dominar los siguientes temas matemáticos específicos:

1. **Distribuciones de Probabilidad**: Comprender diferentes tipos de distribuciones, como la normal, binomial, poisson, etc., y su aplicación en el análisis de datos cibernéticos.

2. **Regresión Lineal Simple**: Capacidad para modelar relaciones lineales entre variables independientes y dependientes, útil para predecir comportamientos en amenazas cibernéticas.

3. **Regresión Logarítmica**: Utilizado para modelar relaciones no lineales, especialmente en la detección de anomalías y en la predicción de incidentes de seguridad.

4. **Árboles de Regresión y Decisión**: Herramientas para la clasificación y regresión, esenciales en la minería de datos y en la detección de amenazas.

5. **Validación Cruzada**: Técnica para evaluar el rendimiento de los modelos, asegurando su generalización y robustez en el contexto de la ciberseguridad.

6. **Clustering**: Método para agrupar datos similares, útil en la identificación de patrones y comportamientos anómalos en grandes volúmenes de datos.

7. **Optim",MC3010-Cibercrimen.txt;MC1003-Seguridad y Criptografía.txt;MC1001-Análisis de datos en ciberseguridad.txt;MC3010-Cibercrimen.txt;MC1006-Políticas y Gobernanza en Ciberseguridad.txt,26.32,Análisis de Datos en Ciberseguridad,MC1001,
deepseek-r1-14b-8bit,open_ended,¿Cómo contribuye este curso a la perfilación del comportamiento humano y de software?,"En el curso Análisis de Datos en Ciberseguridad de la Maestría en Ciberseguridad, ¿Cómo contribuye este curso a la perfilación del comportamiento humano y de software?

Da una respuesta completa y explicativa.","Provee técnicas de detección de anomalías, minería de datos en tiempo real y procesamiento distribuido para analizar grandes volúmenes de datos.","El curso Análisis de Datos en Ciberseguridad contribuye a la perfilación del comportamiento humano y de software de manera significativa a través de varios enfoques y técnicas. Primero, utiliza algoritmos de aprendizaje automático para analizar grandes volúmenes de datos, como bitácoras de sistemas y trazas de red, con el fin de identificar patrones y conductas que podrían indicar actividades fraudulentas o sospechosas. Esto permite la creación de perfiles detallados de cómo las personas y el software interactúan en entornos cibernéticos.

Además, el curso aborda técnicas específicas como la minería de datos en tiempo real (stream mining), que permiten detectar anomalías en tiempo real, esenciales para prevenir incidentes de seguridad. También se emplean métodos de clustering y árboles de decisión para categorizar y analizar comportamientos, facilitando la detección de outliers que podrían representar riesgos.

El curso también se centra en respetar la privacidad durante el análisis, asegurando que los perfiles construidos no invadan la privacidad de los individuos. Esto se logra mediante el uso de herramientas y técnicas avanzadas que balances la necesidad de análisis con la protección de datos personales.

En resumen, el curso no solo contribuye a la ident",MC1001-Análisis de datos en ciberseguridad.txt;MC1006-Políticas y Gobernanza en Ciberseguridad.txt;MC1001-Análisis de datos en ciberseguridad.txt;MC3010-Cibercrimen.txt;MC3001-Seguridad de Software Avanzado.txt,26.52,Análisis de Datos en Ciberseguridad,MC1001,
deepseek-r1-14b-8bit,open_ended,¿Qué capacidades desarrolla el estudiante respecto al diagnóstico de software?,"En el curso Análisis de Datos en Ciberseguridad de la Maestría en Ciberseguridad, ¿Qué capacidades desarrolla el estudiante respecto al diagnóstico de software?

Da una respuesta completa y explicativa.",La capacidad de desarrollar soluciones para el descubrimiento de conocimiento y análisis de amenazas mediante herramientas de análisis de datos.,"En el curso Análisis de Datos en Ciberseguridad de la Maestría en Ciberseguridad, el estudiante desarrolla las siguientes capacidades relacionadas con el diagnóstico de software:

1. **Aplicación de Algoritmos de Aprendizaje Automático**: El estudiante aprende a utilizar algoritmos de aprendizaje automático para analizar múltiples fuentes de datos, como sitios web, código fuente, trazas de red, etc., con el fin de descubrir y analizar amenazas en los componentes de software. Esto incluye el uso de modelos para identificar patrones anómalos o fraudulentos en el comportamiento del software.

2. **Análisis de Anomalías en Bitácoras de Sistemas**: El estudiante está capacitado para analizar anomalías en bitácoras de sistemas con el propósito de identificar conductas fraudulentas o inusuales, utilizando modelos de aprendizaje automático. Esto permite detectar actividades que podrían indicar amenazas o vulnerabilidades en el software.

3. **Construcción de Perfiles de Comportamiento**: El estudiante puede construir perfiles de comportamiento de personas y software respetando la privacidad, mediante el análisis de datos. Esto se hace para la optimización de controles de seguridad, lo que implica entender cómo el comportamiento del software se",MC1001-Análisis de datos en ciberseguridad.txt;MC3001-Seguridad de Software Avanzado.txt;MC1001-Análisis de datos en ciberseguridad.txt;MC3010-Cibercrimen.txt;MC1003-Seguridad y Criptografía.txt,26.45,Análisis de Datos en Ciberseguridad,MC1001,
deepseek-r1-14b-8bit,open_ended,¿En qué consiste la metodología de evaluación práctica del curso?,"En el curso Análisis de Datos en Ciberseguridad de la Maestría en Ciberseguridad, ¿En qué consiste la metodología de evaluación práctica del curso?

Da una respuesta completa y explicativa.",Se basa principalmente en laboratorios (75% de la nota) y la resolución de casos de estudio (20%).,"La metodología de evaluación práctica del curso Análisis de Datos en Ciberseguridad de la Maestría en Ciberseguridad consiste en tres componentes principales:

1. **Pruebas Cortas o Comprobaciones de Lectura (40%)**: Estas pruebas sirven para evaluar la asimilación de la materia vista en clase y asegurar que los estudiantes comprendan los conceptos teóricos presentados.

2. **Investigación Bibliográfica (20%)**: Los estudiantes deben realizar una investigación bibliográfica sobre las tendencias en políticas y gobernanza de la ciberseguridad, lo que permite explorar a fondo temas específicos y aplicar los conceptos aprendidos en un contexto más amplio.

3. **Estudio de Casos (40%)**: Se desarrollan estudios de casos en escenarios de gestión de procesos de TI, lo que fomenta la integración de los conceptos teóricos con aplicaciones prácticas y la resolución de problemas reales en el ámbito de la ciberseguridad.

Estos componentes aseguran una evaluación equilibrada que combina conocimientos teóricos con habilidades prácticas, promoviendo una alta participación estudiantil y una comprensión integral del material.",MC1006-Políticas y Gobernanza en Ciberseguridad.txt;MC1001-Análisis de datos en ciberseguridad.txt;MC1003-Seguridad y Criptografía.txt;MC3010-Cibercrimen.txt;MC3010-Cibercrimen.txt,24.72,Análisis de Datos en Ciberseguridad,MC1001,
deepseek-r1-14b-8bit,open_ended,¿Qué técnicas de minería de datos se aplican específicamente para el procesamiento en tiempo real?,"En el curso Análisis de Datos en Ciberseguridad de la Maestría en Ciberseguridad, ¿Qué técnicas de minería de datos se aplican específicamente para el procesamiento en tiempo real?

Da una respuesta completa y explicativa.","Se estudian los filtros de Bloom, hashes localmente sensibles y árboles de Hoeffding.","En el curso Análisis de Datos en Ciberseguridad de la Maestría en Ciberseguridad, se aplican las siguientes técnicas de minería de datos específicamente para el procesamiento en tiempo real:

1. **Identificación de Información Relevante**: Se enfoca en detectar patrones y datos significativos en streams continuos de información, lo que es esencial para la detección oportuna de amenazas.

2. **Filtros de Bloom**: Estos filtros se utilizan para reducir el volumen de datos en tiempo real, permitiendo una procesamiento más eficiente y rápido de la información relevante.

3. **Hashes Localmente Sensibles (LSH)**: Sirven para acelerar la búsqueda de similitudes en grandes conjuntos de datos en tiempo real, facilitando la detección de anomalías y patrones.

4. **Árboles de Hoeffding**: Son árboles de decisión construidos incrementalmente, ideales para streams de datos, que permiten una rápida toma de decisiones y adaptación a cambios en los datos en tiempo real.

Estas técnicas se integran para proporcionar soluciones eficientes y precisas en el contexto de la ciberseguridad, especialmente en la detección de amenazas y anomalías en tiempo real.",MC1001-Análisis de datos en ciberseguridad.txt;MC1001-Análisis de datos en ciberseguridad.txt;MC1006-Políticas y Gobernanza en Ciberseguridad.txt;MC1003-Seguridad y Criptografía.txt;MC1006-Políticas y Gobernanza en Ciberseguridad.txt,25.51,Análisis de Datos en Ciberseguridad,MC1001,
deepseek-r1-14b-8bit,open_ended,¿Qué rol desempeña la criptografía en la infraestructura de Internet actual?,"En el curso Seguridad y Criptografía de la Maestría en Ciberseguridad, ¿Qué rol desempeña la criptografía en la infraestructura de Internet actual?

Da una respuesta completa y explicativa.","Actúa como el medio para asegurar la confidencialidad, autenticidad e integridad de las comunicaciones y los datos almacenados.","En el curso Seguridad y Criptografía de la Maestría en Ciberseguridad, la criptografía desempeña un papel fundamental en la infraestructura de Internet actual. Su principal función es garantizar la confidencialidad, autenticidad, integridad y disponibilidad de las comunicaciones y datos en línea. Esto se logra mediante el uso de algoritmos criptográficos, como los cifrados simétricos (AES) y asimétricos (RSA), funciones de hash, firmas digitales y protocolos como Diffie-Hellman y PKI. Estos mecanismos protegen contra amenazas cibernéticas, aseguran la privacidad y permiten la可信度 de las transacciones en la red.",MC1006-Políticas y Gobernanza en Ciberseguridad.txt;MC1001-Análisis de datos en ciberseguridad.txt;MC1006-Políticas y Gobernanza en Ciberseguridad.txt;MC1003-Seguridad y Criptografía.txt;MC3001-Seguridad de Software Avanzado.txt,14.89,Seguridad y Criptografía,MC1003,
deepseek-r1-14b-8bit,open_ended,¿Qué aspectos avanzados de la matemática se exploran para entender los cifrados modernos?,"En el curso Seguridad y Criptografía de la Maestría en Ciberseguridad, ¿Qué aspectos avanzados de la matemática se exploran para entender los cifrados modernos?

Da una respuesta completa y explicativa.","El estudio de curvas elípticas, ataques diferenciales y lineales, y el protocolo Diffie-Hellman.","El curso Seguridad y Criptografía de la Maestría en Ciberseguridad aborda aspectos avanzados de la matemática esenciales para comprender los cifrados modernos. Entre ellos se encuentran:

1. **Teoría de Números**: Se estudian conceptos como los números primos, las funciones matemáticas y las propiedades algebraicas que son fundamentales para la creación y análisis de algoritmos criptográficos.

2. **Álgebra Modular**: Se introduce la aritmética modular, que es crucial para entender cómo operan los sistemas de encriptación, especialmente en los cifrados basados en congruencias.

3. **Funciones Matemáticas Avanzadas**: Se exploran funciones como las exponenciales y logarítmicas, que desempeñan un papel clave en la generación de claves y en la integridad de los sistemas criptográficos.

4. **Teoría de Grupos y Campos Finitos**: Estos conceptos algebraicos avanzados son esenciales para comprender los mecanismos internos de los cifrados modernos, especialmente en los sistemas de encriptación basados en curvas elípticas.

5. **Complejidad Computacional**: Se analiza la complejidad matemática que subyace en los algoritmos criptográficos, lo que",MC1001-Análisis de datos en ciberseguridad.txt;MC1006-Políticas y Gobernanza en Ciberseguridad.txt;MC6102-Análisis de Algoritmos.txt;MC1006-Políticas y Gobernanza en Ciberseguridad.txt;MC7201-Introducción a la Investigación.txt,26.42,Seguridad y Criptografía,MC1003,
deepseek-r1-14b-8bit,open_ended,¿Qué diferencias conceptuales se analizan entre las primitivas de criptografía simétrica y asimétrica?,"En el curso Seguridad y Criptografía de la Maestría en Ciberseguridad, ¿Qué diferencias conceptuales se analizan entre las primitivas de criptografía simétrica y asimétrica?

Da una respuesta completa y explicativa.","Se estudia el rol de las funciones hash, las firmas digitales y la infraestructura de llave pública y privada (PKI).","En el curso Seguridad y Criptografía de la Maestría en Ciberseguridad, se analizan las siguientes diferencias conceptuales entre las primitivas de criptografía simétrica y asimétrica:

1. **Clave Única vs. Claves Públicas y Privadas**:
   - **Criptografía Simétrica**: Utiliza una sola clave compartida entre el emisor y el receptor para cifrar y descifrar los mensajes. Ejemplo: Algoritmo AES.
   - **Criptografía Asimétrica**: Utiliza dos claves diferentes, una pública (usada para cifrar) y otra privada (usada para descifrar). Ejemplo: Algoritmo RSA.

2. **Velocidad**:
   - **Criptografía Simétrica**: Es generalmente más rápida y eficiente, lo que la hace ideal para grandes volúmenes de datos.
   - **Criptografía Asimétrica**: Es más lenta debido a su complejidad matemática, lo que la hace menos adecuada para grandes cantidades de datos.

3. **Uso Principal**:
   - **Criptografía Simétrica**: Se utiliza principalmente para garantizar la confidencialidad de los datos.
   - **Criptografía Asimétrica**: Se utiliza para garantizar la confidencialidad, autenticidad y integridad de",MC1001-Análisis de datos en ciberseguridad.txt;MC1006-Políticas y Gobernanza en Ciberseguridad.txt;MC1006-Políticas y Gobernanza en Ciberseguridad.txt;MC3001-Seguridad de Software Avanzado.txt;MC1003-Seguridad y Criptografía.txt,26.56,Seguridad y Criptografía,MC1003,
deepseek-r1-14b-8bit,open_ended,¿Sobre qué tendencias futuras en el campo de la seguridad se discute en clase?,"En el curso Seguridad y Criptografía de la Maestría en Ciberseguridad, ¿Sobre qué tendencias futuras en el campo de la seguridad se discute en clase?

Da una respuesta completa y explicativa.",Sobre los avances y desafíos que presenta la criptografía cuántica.,"En el curso de Seguridad y Criptografía de la Maestría en Ciberseguridad, se discute la tendencia futura en el campo de la seguridad relacionada con la criptografía cuántica. Este tema aborda los avances y desafíos en la creación de algoritmos resistentes a las computadoras cuánticas, lo que es esencial para garantizar la seguridad a largo plazo en un entorno donde las computadoras cuánticas podrían vulnerar los sistemas actuales de encriptación.",MC1006-Políticas y Gobernanza en Ciberseguridad.txt;MC1006-Políticas y Gobernanza en Ciberseguridad.txt;MC1003-Seguridad y Criptografía.txt;MC3001-Seguridad de Software Avanzado.txt;MC3010-Cibercrimen.txt,10.79,Seguridad y Criptografía,MC1003,
deepseek-r1-14b-8bit,open_ended,¿Qué elementos históricos sirven de base para comprender la evolución del cifrado?,"En el curso Seguridad y Criptografía de la Maestría en Ciberseguridad, ¿Qué elementos históricos sirven de base para comprender la evolución del cifrado?

Da una respuesta completa y explicativa.","El estudio del Cifrado César, la máquina Enigma y el cifrado por permutación, entre otros.","En el curso ""Seguridad y Criptografía"" de la Maestría en Ciberseguridad, los elementos históricos que sirven de base para comprender la evolución del cifrado son:

1. **Historia del cifrado**: 
   - Introducción al concepto fundamental del cifrado y su importancia a lo largo de la historia.
   - Cifrado César: Un método simple de sustitución de letras, utilizado en la antigüedad para enviar mensajes secretos.
   - Cifrado por sustitución: Un método más avanzado que reemplaza cada letra del alfabeto con otra, lo que hace más difícil la decodificación sin la clave adecuada.
   - Cifrado Vigènere: Un sistema que utiliza un alfabeto polialfabetico, introduciendo un nivel adicional de complejidad en comparación con los métodos anteriores.
   - Cifrado por permutación: Involucra cambios en el orden de las letras o bloques de datos, añadiendo otra capa de seguridad.

2. **La máquina Enigma**:
   - Un dispositivo histórico y complejo utilizado durante la Segunda Guerra Mundial para cifrar mensajes. Su diseño y funcionamiento fueron clave en el desarrollo de las técnicas de decodificación y en la evolución de los sistemas de cifrado modernos.

Estos elementos históric",MC1006-Políticas y Gobernanza en Ciberseguridad.txt;MC1006-Políticas y Gobernanza en Ciberseguridad.txt;MC1001-Análisis de datos en ciberseguridad.txt;MC1003-Seguridad y Criptografía.txt;MC3001-Seguridad de Software Avanzado.txt,26.58,Seguridad y Criptografía,MC1003,
deepseek-r1-14b-8bit,open_ended,¿Cómo se estructura el sistema de evaluación del aprendizaje en esta materia?,"En el curso Seguridad y Criptografía de la Maestría en Ciberseguridad, ¿Cómo se estructura el sistema de evaluación del aprendizaje en esta materia?

Da una respuesta completa y explicativa.","Se compone de tareas para asimilación de materia (50%), laboratorios prácticos (20%) y un examen final (30%).","En el curso ""Seguridad y Criptografía"" de la Maestría en Ciberseguridad, el sistema de evaluación del aprendizaje se estructura de la siguiente manera:

1. **Tareas**: Representan el 50% de la calificación. Estas tareas están diseñadas para permitir que los estudiantes apliquen los conceptos teóricos aprendidos en clase a situaciones prácticas, reforzando su comprensión y habilidades en criptografía.

2. **Laboratorios Prácticos**: Constituyen el 30% de la calificación. Los laboratorios son una parte esencial del curso, ya que permiten a los estudiantes experimentar con algoritmos y protocolos criptográficos, aplicando sus conocimientos en un entorno hands-on.

3. **Examen Final**: Este componente evalúa el conocimiento global adquirido durante el curso y representa el 20% de la calificación. El examen finalmente asegura que los estudiantes hayan integrado todos los temas abordados, desde los fundamentos de la criptografía hasta los tópicos avanzados.

Este sistema de evaluación equilibrado busca no solo medir el conocimiento teórico, sino también la capacidad de aplicación práctica de los conceptos enunciados en el curso.",MC1006-Políticas y Gobernanza en Ciberseguridad.txt;MC1001-Análisis de datos en ciberseguridad.txt;MC1003-Seguridad y Criptografía.txt;MC1006-Políticas y Gobernanza en Ciberseguridad.txt;MC3001-Seguridad de Software Avanzado.txt,25.46,Seguridad y Criptografía,MC1003,
deepseek-r1-14b-8bit,open_ended,¿Por qué es fundamental la gestión de procesos ante la vulnerabilidad tecnológica de los negocios?,"En el curso Políticas y Gobernanza en Ciberseguridad de la Maestría en Ciberseguridad, ¿Por qué es fundamental la gestión de procesos ante la vulnerabilidad tecnológica de los negocios?

Da una respuesta completa y explicativa.","Porque permite minimizar riesgos y amenazas de manera efectiva, asegurando la continuidad del negocio y el ahorro en costos.","En el curso ""Políticas y Gobernanza en Ciberseguridad"" de la Maestría en Ciberseguridad, la gestión de procesos es fundamental ante la vulnerabilidad tecnológica de los negocios debido a varios motivos:

1. **Identificación y Evaluación de Riesgos**: La gestión de procesos permite identificar y evaluar los riesgos cibernéticos que pueden afectar los negocios. Esto incluye la detección de amenazas internas y externas, el análisis de vulnerabilidades en el desarrollo de software y la implementación de métricas para medir el impacto de estos riesgos en la continuidad del negocio.

2. **Alineación con la Estrategia de la Organización**: La gestión de procesos asegura que las políticas y planes de ciberseguridad estén alineados con la misión y visión de la organización. Esto permite una mejor toma de decisiones estratégicas, tácticas y operacionales, asegurando que los esfuerzos en ciberseguridad contribuyan al éxito general de la empresa.

3. **Implementación de Controles Efectivos**: A través de la gestión de procesos, se implementan controles adecuados para mitigar los riesgos identificados. Esto incluye el uso de mecanismos de control de acceso, la implementación de estándares como ISO",MC1006-Políticas y Gobernanza en Ciberseguridad.txt;MC1006-Políticas y Gobernanza en Ciberseguridad.txt;MC1101-Sistemas Estratégicos Empresariales.txt;MC1103-Gerencia de tecnología de información.txt;MC1001-Análisis de datos en ciberseguridad.txt,26.44,Políticas y Gobernanza en Ciberseguridad,MC1006,
deepseek-r1-14b-8bit,open_ended,¿Qué áreas de especialización se utilizan como marco de referencia para el conocimiento en este curso?,"En el curso Políticas y Gobernanza en Ciberseguridad de la Maestría en Ciberseguridad, ¿Qué áreas de especialización se utilizan como marco de referencia para el conocimiento en este curso?

Da una respuesta completa y explicativa.",El Framework NICE y las áreas de conocimiento en ciberseguridad según la ACM.,"En el curso ""Políticas y Gobernanza en Ciberseguridad"" de la Maestría en Ciberseguridad, las áreas de especialización que se utilizan como marco de referencia para el conocimiento son:

1. **Áreas de Conocimiento en Ciberseguridad según ACM (Asociación para el Avance de la Computación)**  
2. **Áreas de Especialización en Ciberseguridad según el Framework NICE (National Initiative for Cybersecurity Education)**  

Estas áreas proporcionan un marco teórico y práctico para abordar los temas relacionados con la gobernanza, políticas y procesos de TI en el contexto de la ciberseguridad.",MC1006-Políticas y Gobernanza en Ciberseguridad.txt;MC1006-Políticas y Gobernanza en Ciberseguridad.txt;MC3010-Cibercrimen.txt;MC1003-Seguridad y Criptografía.txt;MC1001-Análisis de datos en ciberseguridad.txt,14.83,Políticas y Gobernanza en Ciberseguridad,MC1006,
deepseek-r1-14b-8bit,open_ended,¿Cómo se aborda el diagnóstico del riesgo organizacional en este programa?,"En el curso Políticas y Gobernanza en Ciberseguridad de la Maestría en Ciberseguridad, ¿Cómo se aborda el diagnóstico del riesgo organizacional en este programa?

Da una respuesta completa y explicativa.",Mediante el uso de métricas de seguridad para la toma de decisiones estratégicas y modelos de evaluación de riesgo.,"En el curso ""Políticas y Gobernanza en Ciberseguridad"" de la Maestría en Ciberseguridad, el diagnóstico del riesgo organizacional se aborda de manera integral y estructurada a través de los siguientes componentes:

1. **Identificación de Riesgos**: Los estudiantes aprenden a identificar los riesgos cibernéticos relevantes para la organización, considerando tanto amenazas externas como vulnerabilidades internas.

2. **Modelos y Metodologías de Evaluación**: Se utilizan modelos y metodologías avanzadas para medir y evaluar el riesgo, lo que incluye la implementación de métricas de ciberseguridad.

3. **Análisis y Aseguramiento del Riesgo**: Se enfatiza en el análisis de riesgos, la mitigación de amenazas y la implementación de controles adecuados para minimizar el impacto de los riesgos identificados.

4. **Control de Riesgos**: Los estudiantes adquieren habilidades para gestionar y controlar los riesgos, asegurando la confidencialidad, integridad y disponibilidad de los datos y sistemas.

5. **Planeamiento Estratégico**: El diagnóstico del riesgo se integra en el planeamiento estratégico, táctico y operacional, asegurando que las políticas y programas de c",MC1006-Políticas y Gobernanza en Ciberseguridad.txt;MC1006-Políticas y Gobernanza en Ciberseguridad.txt;MC1001-Análisis de datos en ciberseguridad.txt;MC3001-Seguridad de Software Avanzado.txt;MC1003-Seguridad y Criptografía.txt,26.34,Políticas y Gobernanza en Ciberseguridad,MC1006,
deepseek-r1-14b-8bit,open_ended,"¿Qué importancia tiene el principio de ""Seguridad por diseño"" en el ciclo de vida del software?","En el curso Políticas y Gobernanza en Ciberseguridad de la Maestría en Ciberseguridad, ¿Qué importancia tiene el principio de ""Seguridad por diseño"" en el ciclo de vida del software?

Da una respuesta completa y explicativa.",Es un criterio clave para el aprovisionamiento de soluciones tecnológicas seguras y la planificación de requerimientos.,"En el curso ""Políticas y Gobernanza en Ciberseguridad"" de la Maestría en Ciberseguridad, el principio de ""Seguridad por diseño"" adquiere una importancia significativa en el ciclo de vida del software. Este enfoque proactivo se centra en integrar las consideraciones de seguridad desde las etapas iniciales del desarrollo, lo que permite identificar y mitigar riesgos tempranamente, antes de que estos se conviertan en vulnerabilidades o incidentes costosos de resolver. 

El ""Seguridad por diseño"" no solo mejora la robustez del software frente a amenazas, sino que también contribuye a la confidencialidad, integridad y disponibilidad de los datos, asegurando que las soluciones tecnológicas cumplan con los estándares y políticas de ciberseguridad establecidos. Este enfoque alineado con las estrategias organizacionales y la gobernanza en ciberseguridad es esencial para la sostenibilidad y resiliencia de los sistemas informáticos en un entorno cada vez más amenazado.",MC1006-Políticas y Gobernanza en Ciberseguridad.txt;MC1006-Políticas y Gobernanza en Ciberseguridad.txt;MC3001-Seguridad de Software Avanzado.txt;MC1003-Seguridad y Criptografía.txt;MC1001-Análisis de datos en ciberseguridad.txt,21.68,Políticas y Gobernanza en Ciberseguridad,MC1006,
deepseek-r1-14b-8bit,open_ended,¿Qué elementos legales se analizan respecto a la protección de datos en Costa Rica?,"En el curso Políticas y Gobernanza en Ciberseguridad de la Maestría en Ciberseguridad, ¿Qué elementos legales se analizan respecto a la protección de datos en Costa Rica?

Da una respuesta completa y explicativa.",La legislación sobre delitos informáticos y la Ley 8968 de Protección de los Datos.,"En el curso ""Políticas y Gobernanza en Ciberseguridad"" de la Maestría en Ciberseguridad, se analizan varios elementos legales relacionados con la protección de datos en Costa Rica. Entre ellos se encuentran:

1. **Ley 8968 de Protección de los Datos**: Esta ley establece los marcos legales y regulativos para la protección de datos personales en Costa Rica. Se enfoca en cómo las organizaciones deben manejar, almacenar y proteger la información personal de los individuos, asegurando su confidencialidad, integridad y disponibilidad.

2. **General Data Protection Regulation (GDPR)**: Aunque el GDPR es una regulación de la Unión Europea, su impacto global incluye a las empresas que operan en Europa o que tienen datos de ciudadanos europeos. En el curso, se estudia cómo este marco afecta a las organizaciones costarricenses, especialmente en términos de alineación con las políticas nacionales y la implementación de medidas de protección de datos.

Estos elementos legales forman parte del contenido del curso, que busca proporcionar una comprensión integral de las políticas y regulaciones que rodean la ciberseguridad y la protección de datos en el contexto costarricense y global.",MC1006-Políticas y Gobernanza en Ciberseguridad.txt;MC1006-Políticas y Gobernanza en Ciberseguridad.txt;MC1001-Análisis de datos en ciberseguridad.txt;MC3001-Seguridad de Software Avanzado.txt;MC1003-Seguridad y Criptografía.txt,25.13,Políticas y Gobernanza en Ciberseguridad,MC1006,
deepseek-r1-14b-8bit,open_ended,¿Cuál es el objetivo de integrar los KPI de ciberseguridad con la visión de la empresa?,"En el curso Políticas y Gobernanza en Ciberseguridad de la Maestría en Ciberseguridad, ¿Cuál es el objetivo de integrar los KPI de ciberseguridad con la visión de la empresa?

Da una respuesta completa y explicativa.",Lograr una alineación estratégica que permita gestionar el portafolio de proyectos de seguridad según la misión organizacional.,"En el curso ""Políticas y Gobernanza en Ciberseguridad"" de la Maestría en Ciberseguridad, el objetivo de integrar los KPI (Indicadores Clave de Performance) de ciberseguridad con la visión de la empresa es alinear las métricas de seguridad con los objetivos estratégicos y operativos de la organización. Esto permite evaluar cómo los esfuerzos en ciberseguridad contribuyen al logro de los resultados empresariales, asegurando que las iniciativas de seguridad estén alineadas con la misión y visión de la empresa. Además, facilita la toma de decisiones informadas, mejora la gestión de riesgos y promueve una cultura de seguridad integral dentro de la organización.",MC1006-Políticas y Gobernanza en Ciberseguridad.txt;MC1006-Políticas y Gobernanza en Ciberseguridad.txt;MC1001-Análisis de datos en ciberseguridad.txt;MC1101-Sistemas Estratégicos Empresariales.txt;MC1003-Seguridad y Criptografía.txt,15.05,Políticas y Gobernanza en Ciberseguridad,MC1006,
deepseek-r1-14b-8bit,open_ended,¿Desde qué perspectiva se analizan vulnerabilidades como el Buffer Overflow?,"En el curso Seguridad de Software Avanzado de la Maestría en Ciberseguridad, ¿Desde qué perspectiva se analizan vulnerabilidades como el Buffer Overflow?

Da una respuesta completa y explicativa.",Desde una perspectiva avanzada que estudia vectores de ataque utilizados para violentar el software creado.,"En el curso Seguridad de Software Avanzado de la Maestría en Ciberseguridad, las vulnerabilidades como el Buffer Overflow se analizan desde una perspectiva avanzada que incluye la identificación de vectores de ataque, la evaluación de estrategias de defensa y la implementación de técnicas de mitigación. El curso aborda estos temas mediante la presentación de vulnerabilidades comunes, el estudio de defensas para prevenir o mitigar estos ataques, y la aplicación de técnicas de programación segura. Además, se analiza el impacto de la ""Seguridad por Diseño"" en el desarrollo de software, lo que permite a los estudiantes diseñar soluciones seguras que garanticen la confidencialidad, integridad y disponibilidad de los datos en las aplicaciones.",MC1006-Políticas y Gobernanza en Ciberseguridad.txt;MC1001-Análisis de datos en ciberseguridad.txt;MC3001-Seguridad de Software Avanzado.txt;MC1006-Políticas y Gobernanza en Ciberseguridad.txt;MC3001-Seguridad de Software Avanzado.txt,15.96,Seguridad de Software Avanzado,MC3001,
deepseek-r1-14b-8bit,open_ended,¿Qué estrategias de defensa se consideran para prevenir ataques a las aplicaciones?,"En el curso Seguridad de Software Avanzado de la Maestría en Ciberseguridad, ¿Qué estrategias de defensa se consideran para prevenir ataques a las aplicaciones?

Da una respuesta completa y explicativa.","Técnicas de programación segura, modelado de vulnerabilidades y técnicas avanzadas de pruebas de seguridad.","En el curso Seguridad de Software Avanzado de la Maestría en Ciberseguridad, se consideran varias estrategias de defensa para prevenir ataques a las aplicaciones. Algunas de las estrategias incluyen:

1. **Seguridad por Diseño (Security by Design):** Se enfoca en integrar la seguridad desde el inicio del desarrollo del software, considerando aspectos como la confidencialidad, integridad y disponibilidad de los datos a lo largo del ciclo de vida del desarrollo.

2. **Validación de Entrada:** Se implementan controles rigurosos para validar y sanear los datos de entrada, evitando así vectores de ataque como la inyección de código (SQL, XSS) o el desbordamiento de buffers.

3. **Uso de Tipado Seguro:** Se emplean lenguajes de programación con tipado fuerte o mecanismos de tipado seguro para evitar errores en la manipulación de datos, como desbordamientos de enteros o buffers.

4. **Control de Acceso:** Se implementan mecanismos como RBAC (Role-Based Access Control) para garantizar que solo los usuarios autorizados accedan a recursos específicos, mitigando riesgos de exposición de información o alteración de datos.

5. **Autenticación y Autonio:** Se utilizan métodos robustos de aut",MC1006-Políticas y Gobernanza en Ciberseguridad.txt;MC1006-Políticas y Gobernanza en Ciberseguridad.txt;MC3001-Seguridad de Software Avanzado.txt;MC1001-Análisis de datos en ciberseguridad.txt;MC1003-Seguridad y Criptografía.txt,26.34,Seguridad de Software Avanzado,MC3001,
deepseek-r1-14b-8bit,open_ended,"¿Cómo influye el concepto de ""Seguridad por Diseño"" en el estudiante?","En el curso Seguridad de Software Avanzado de la Maestría en Ciberseguridad, ¿Cómo influye el concepto de ""Seguridad por Diseño"" en el estudiante?

Da una respuesta completa y explicativa.","Lo capacita para diseñar soluciones que garanticen la tríada de la seguridad (confidencialidad, integridad y disponibilidad) desde el inicio del desarrollo.","En el curso de Seguridad de Software Avanzado de la Maestría en Ciberseguridad, el concepto de ""Seguridad por Diseño"" influye en los estudiantes de manera significativa. Este enfoque les permite integrar la seguridad en todas las etapas del desarrollo del software, desde el diseño inicial hasta la implementación y mantenimiento. Esto no solo ayuda a prevenir vulnerabilidades, sino que también fomenta la creación de soluciones más robustas y resistentes a amenazas. Además, el curso capacita a los estudiantes para aplicar técnicas avanzadas de pruebas y modelado de vulnerabilidades, mejorando así su capacidad para desarrollar software seguro y eficiente.",MC3001-Seguridad de Software Avanzado.txt;MC1006-Políticas y Gobernanza en Ciberseguridad.txt;MC1003-Seguridad y Criptografía.txt;MC1006-Políticas y Gobernanza en Ciberseguridad.txt;MC3010-Cibercrimen.txt,13.81,Seguridad de Software Avanzado,MC3001,
deepseek-r1-14b-8bit,open_ended,¿Qué temas abarca la administración de riesgo aplicada específicamente al software?,"En el curso Seguridad de Software Avanzado de la Maestría en Ciberseguridad, ¿Qué temas abarca la administración de riesgo aplicada específicamente al software?

Da una respuesta completa y explicativa.","Identificación de riesgos técnicos y de negocio, priorización de riesgos y validación de correcciones.","En el curso Seguridad de Software Avanzado de la Maestría en Ciberseguridad, la administración de riesgo aplicada específicamente al software abarca los siguientes temas:

1. **Comprendiendo el contexto del negocio**: Se enfoca en entender cómo el software se integra en el entorno empresarial y cómo los riesgos pueden afectar los objetivos del negocio.

2. **Identificando los riesgos técnicos y de negocio**: Incluye la detección de vulnerabilidades comunes en el software, como desbordamientos de buffers, inyección de código (SQL, XSS), entre otros, y cómo estos pueden impactar la confidencialidad, integridad y disponibilidad de los datos.

3. **Sintetizado y priorización del riesgo**: Se trabaja en la identificación de los riesgos más críticos y su priorización basada en su impacto y probabilidad de ocurrencia.

4. **Definición de estrategias de mitigación**: Se abordan técnicas y metodologías para reducir el impacto de los riesgos identificados, como el diseño seguro del software, validación de entradas, control de acceso y uso de estándares de codificación segura.

5. **Creación de correcciones y validación**: Se enfoca en desarrollar soluciones para mitigar los riesgos identificados y en validar que",MC1006-Políticas y Gobernanza en Ciberseguridad.txt;MC1006-Políticas y Gobernanza en Ciberseguridad.txt;MC3001-Seguridad de Software Avanzado.txt;MC1001-Análisis de datos en ciberseguridad.txt;MC1003-Seguridad y Criptografía.txt,26.33,Seguridad de Software Avanzado,MC3001,
deepseek-r1-14b-8bit,open_ended,¿Qué se entiende por seguridad basada en el lenguaje de programación en este contexto?,"En el curso Seguridad de Software Avanzado de la Maestría en Ciberseguridad, ¿Qué se entiende por seguridad basada en el lenguaje de programación en este contexto?

Da una respuesta completa y explicativa.","El estudio del tipado seguro, el aseguramiento de memoria y el control de acceso en ambientes abiertos.","En el curso Seguridad de Software Avanzado de la Maestría en Ciberseguridad, la seguridad basada en el lenguaje de programación se refiere a una serie de técnicas y principios que se enfocan en diseñar y desarrollar software de manera segura, mitigando vulnerabilidades y exposiciones a amenazas. Esto incluye conceptos como el tipado seguro (Type Safety), la sonoridad del tipo (Type Soundness), el aseguramiento de memoria, el control de acceso y la autenticación por contraseñas. Además, se abordan metodologías avanzadas como RBAC (Control de Acceso Basado en Roles) y nuevos mecanismos de autenticación e identificación, que buscan prevenir y mitigar ataques comunes como buffer overflows, inyección de código (SQL, XSS) y robo de sesiones. La idea central es integrar la seguridad en el proceso de diseño y desarrollo del software, asegurando la confidencialidad, integridad y disponibilidad de los datos a través de prácticas seguras y modelados de vulnerabilidades.",MC1006-Políticas y Gobernanza en Ciberseguridad.txt;MC1006-Políticas y Gobernanza en Ciberseguridad.txt;MC3001-Seguridad de Software Avanzado.txt;MC3001-Seguridad de Software Avanzado.txt;MC1001-Análisis de datos en ciberseguridad.txt,21.58,Seguridad de Software Avanzado,MC3001,
deepseek-r1-14b-8bit,open_ended,¿Cómo se aplican las técnicas de análisis estático para mejorar la calidad del código?,"En el curso Seguridad de Software Avanzado de la Maestría en Ciberseguridad, ¿Cómo se aplican las técnicas de análisis estático para mejorar la calidad del código?

Da una respuesta completa y explicativa.","Mediante el análisis de flujo de datos, la ejecución simbólica y la ofuscación.","En el curso Seguridad de Software Avanzado de la Maestría en Ciberseguridad, las técnicas de análisis estático se aplican para mejorar la calidad del código de las siguientes maneras:

1. **Análisis de Flujo de Datos e Información**: Se utiliza para identificar cómo los datos se mueven a través del código, detectando posibles fugas de información o accesos no autorizados. Esto ayuda a asegurar que los datos sensibles no sean manipulados o revelados de manera indeseada.

2. **Ofuscación**: Se aplica para dificultar el análisis del código por parte de posibles atacantes, protegiendo así las funcionalidades críticas del software. Esto mejora la calidad del código al aumentar su robustez contra intentos de manipulación.

3. **Pruebas de Penetración en Análisis Estático**: Se realizan para detectar vulnerabilidades antes de que el código sea ejecutado. Esto permite corregir problemas en etapas tempranas del desarrollo, mejorando la calidad y seguridad del código.

4. **Ejecución Simbólica**: Se emplea para analizar el comportamiento del código sin necesidad de ejecutarlo, lo que facilita la detección de errores y vulnerabilidades que podrían pasar desapercibidas en ejecuciones normales.

Estas técnicas, junto con",MC1001-Análisis de datos en ciberseguridad.txt;MC3001-Seguridad de Software Avanzado.txt;MC3001-Seguridad de Software Avanzado.txt;MC1003-Seguridad y Criptografía.txt;MC1006-Políticas y Gobernanza en Ciberseguridad.txt,26.29,Seguridad de Software Avanzado,MC3001,
deepseek-r1-14b-8bit,open_ended,¿Por qué el cibercrimen se estudia también desde la perspectiva de las ciencias sociales?,"En el curso Cibercrimen de la Maestría en Ciberseguridad, ¿Por qué el cibercrimen se estudia también desde la perspectiva de las ciencias sociales?

Da una respuesta completa y explicativa.","Porque muchos problemas, como el phishing, ocurren por motivadores conductuales y debilidades en el comportamiento humano, no solo por fallas técnicas.","En el curso Cibercrimen de la Maestría en Ciberseguridad, el cibercrimen se estudia también desde la perspectiva de las ciencias sociales porque, além de los aspectos técnicos, es fundamental comprender los factores humanos y sociales que influyen en la perpetración de estos delitos. Muchos ataques cibernéticos, como el phishing, aprovechan la manipulación humana, donde los usuarios pueden actuar como el ""eslabón débil"". Además, la legislación y la cooperación internacional para combatir el cibercrimen son complejos debido a su naturaleza transnacional. Por lo tanto, analizar el cibercrimen desde las ciencias sociales permite abordar temas como la psicología del delincuente, los motivadores sociales, la victimización y las dinámicas legales, lo que contribuye a una comprensión más integral y a la implementación de medidas preventivas efectivas.",MC3010-Cibercrimen.txt;MC1006-Políticas y Gobernanza en Ciberseguridad.txt;MC1006-Políticas y Gobernanza en Ciberseguridad.txt;MC1001-Análisis de datos en ciberseguridad.txt;MC3010-Cibercrimen.txt,18.73,Cibercrimen,MC3010,
deepseek-r1-14b-8bit,open_ended,¿Qué objetivos persiguen los criminales al manipular a usuarios legítimos?,"En el curso Cibercrimen de la Maestría en Ciberseguridad, ¿Qué objetivos persiguen los criminales al manipular a usuarios legítimos?

Da una respuesta completa y explicativa.","Obtener información confidencial mediante ingeniería social, espionaje industrial e investigación de recopilación de datos.","En el curso Cibercrimen de la Maestría en Ciberseguridad, los criminales persiguen varios objetivos al manipular a usuarios legítimos. Principalmente, buscan obtener información confidencial, como datos personales, credenciales de acceso, y otros datos sensibles que pueden ser vendidos en el mercado negro o utilizados directamente para cometer fraudes. Además, pueden buscar dinero mediante estafas, como phishing o vishing, donde engañan a las víctimas para que envíen dinero o datos valiosos. También, el cibercrimen puede tener como objetivo sabotear sistemas, como en casos de espionaje industrial, donde se busca obtener información competitiva o destruir la reputación de una empresa. Finalmente, los criminales pueden actuar por motivos de venganza, terrorismo o simplemente por diversión, buscando causar caos o daño en redes y sistemas informáticos.",MC1001-Análisis de datos en ciberseguridad.txt;MC1006-Políticas y Gobernanza en Ciberseguridad.txt;MC1006-Políticas y Gobernanza en Ciberseguridad.txt;MC3010-Cibercrimen.txt;MC3010-Cibercrimen.txt,18.43,Cibercrimen,MC3010,
deepseek-r1-14b-8bit,open_ended,¿Cómo ayudan los motivadores sociales a identificar la naturaleza de las amenazas?,"En el curso Cibercrimen de la Maestría en Ciberseguridad, ¿Cómo ayudan los motivadores sociales a identificar la naturaleza de las amenazas?

Da una respuesta completa y explicativa.",Permiten valorar las acciones de los individuos y potenciar la identificación temprana de actos delictivos.,"En el curso de Cibercrimen de la Maestría en Ciberseguridad, los motivadores sociales son utilizados para comprender cómo las dinámicas sociales y las emociones humanas pueden influir en el comportamiento de los criminales en línea. Esto ayuda a identificar la naturaleza de las amenazas al analizar los factores que驱动 las actividades cibernéticas ilícitas, como la necesidad de atención, el deseo de notoriedad, o la motivación por dinero. A través de la investigación y el estudio de casos, los estudiantes aprenden a descomponer estos motivadores para prevenir y combatir eficazmente las amenazas cibernéticas.",MC1006-Políticas y Gobernanza en Ciberseguridad.txt;MC1006-Políticas y Gobernanza en Ciberseguridad.txt;MC1001-Análisis de datos en ciberseguridad.txt;MC3010-Cibercrimen.txt;MC3001-Seguridad de Software Avanzado.txt,13.65,Cibercrimen,MC3010,
deepseek-r1-14b-8bit,open_ended,¿Qué métodos de investigación social se aplican para entender el fenómeno criminal?,"En el curso Cibercrimen de la Maestría en Ciberseguridad, ¿Qué métodos de investigación social se aplican para entender el fenómeno criminal?

Da una respuesta completa y explicativa.","La teorización, el diseño experimental, la validación de hipótesis y el análisis de datos con SPSS.","En el curso de Cibercrimen de la Maestría en Ciberseguridad, los métodos de investigación social aplicados para entender el fenómeno criminal incluyen:

1. **Investigación Social Aplicada**: Se enfoca en analizar y resolver problemas específicos relacionados con el cibercrimen, como la prevención de fraudes en línea o la mitigación de amenazas cibernéticas.

2. **Estudio de Casos**: Los estudiantes analizan escenarios comunes de cibercrimen, lo que les permite aplicar conceptos teóricos a situaciones reales, mejorando su comprensión práctica del fenómeno.

3. **Evaluación de Riesgos**: Se identifican y analizan los riesgos asociados al cibercrimen, utilizando metodologías y modelos de evaluación de riesgos para comprender mejor las amenazas y vulnerabilidades.

4. **Comprobación de Lecturas y Pruebas Cortas**: A través de estas evaluaciones, los estudiantes verifican su comprensión de los conceptos teóricos relacionados con el cibercrimen, asegurando una base sólida para el análisis práctico.

5. **Investigación Bibliográfica**: Los estudiantes realizan investigaciones bibliográficas sobre tendencias y avances en el campo del cibercrim",MC3010-Cibercrimen.txt;MC1006-Políticas y Gobernanza en Ciberseguridad.txt;MC1006-Políticas y Gobernanza en Ciberseguridad.txt;MC1001-Análisis de datos en ciberseguridad.txt;MC1103-Gerencia de tecnología de información.txt,25.96,Cibercrimen,MC3010,
deepseek-r1-14b-8bit,open_ended,"¿Qué aspectos analiza la ""Ciencia del Crimen"" respecto a los actos delictivos?","En el curso Cibercrimen de la Maestría en Ciberseguridad, ¿Qué aspectos analiza la ""Ciencia del Crimen"" respecto a los actos delictivos?

Da una respuesta completa y explicativa.","La elección racional del criminal, las actividades de rutina y los estudios de victimización y autoreporte.","En el curso Cibercrimen de la Maestría en Ciberseguridad, la ""Ciencia del Crimen"" se enfoca en analizar varios aspectos relacionados con los actos delictivos. Esto incluye:

1. **Orígenes del Crimen**: Se estudian los factores que llevan a individuos a cometer crímenes, considerando aspectos sociales, psicológicos y ambientales.

2. **Elección racional**: Se analiza cómo los criminales evalúan los costos y beneficios de realizar un acto delictivo, así como las decisiones que toman basadas en esta evaluación.

3. **Actividades de Rutina**: Se investigan las rutinas y patrones de conducta que siguen los criminales en el curso de sus actividades ilícitas.

4. **Estudios de autoreporte**: Se recurre a estudios en los que los criminales mismos reportan sus actividades, proporcionando insights valiosos sobre sus motivaciones y métodos.

5. **Estudios de Victimización**: Se examines cómo las víctimas son seleccionadas y cómo se les afecta, identificando patrones y vulnerabilidades.

6. **Registros policiales**: Se utiliza datos oficial de las fuerzas del orden para analizar la incidencia, naturaleza y tendencias de los crímenes.

7. **",MC3010-Cibercrimen.txt;MC1006-Políticas y Gobernanza en Ciberseguridad.txt;MC1006-Políticas y Gobernanza en Ciberseguridad.txt;MC1001-Análisis de datos en ciberseguridad.txt;MC3010-Cibercrimen.txt,25.85,Cibercrimen,MC3010,
deepseek-r1-14b-8bit,open_ended,¿En qué consiste la teoría de prevención del crimen en situación según el curso?,"En el curso Cibercrimen de la Maestría en Ciberseguridad, ¿En qué consiste la teoría de prevención del crimen en situación según el curso?

Da una respuesta completa y explicativa.","Analiza la oportunidad del crimen, el triángulo del crimen y el desplazamiento del beneficio delictivo.","La teoría de prevención del crimen en situación, según el curso Cibercrimen de la Maestría en Ciberseguridad, se enfoca en analizar cómo el entorno físico y social influye en la ocurrencia del crimen. Esto incluye la consideración de factores como la disponibilidad de víctimas, la ausencia de vigilancia, y la facilidad para cometer un delito. La teoría propone que intervenciones en el entorno pueden reducir la oportunidad del crimen, lo que se conoce como ""desplazamiento"", ""difusión de beneficio"" o ""tríangulo del crimen"".",MC3010-Cibercrimen.txt;MC1006-Políticas y Gobernanza en Ciberseguridad.txt;MC1006-Políticas y Gobernanza en Ciberseguridad.txt;MC1001-Análisis de datos en ciberseguridad.txt;MC3010-Cibercrimen.txt,12.95,Cibercrimen,MC3010,
deepseek-r1-14b-8bit,open_ended,¿Cómo se articulan las TI con la propuesta de valor de un negocio?,"En el curso Sistemas Estratégicos Empresariales de la Maestría en Gerencia de Tecnologías de la Información, ¿Cómo se articulan las TI con la propuesta de valor de un negocio?

Da una respuesta completa y explicativa.",Se integran coherentemente dentro de un sistema de actividades para fortalecer la posición estratégica de la empresa.,"En el curso Sistemas Estratégicos Empresariales de la Maestría en Gerencia de Tecnologías de la Información, las Tecnologías de la Información (TI) se articulan con la propuesta de valor de un negocio de manera integral y estratégica. Esto se logra a través de la creación de un sistema de actividades que respalde la propuesta de valor, lo que implica:

1. **Definición de Propuesta de Valor**: Se identifican las actividades y recursos clave que diferencian a la empresa y ofrecen un valor único a los clientes. Las TI juegan un papel crítico en este proceso, permitiendo la optimización de actividades y la mejora de la eficiencia.

2. **Cadenas de Valor y Sistemas de Valor**: Se analizan las cadenas de valor y se desarrollan sistemas de valor que integren las TI para apoyar las actividades esenciales del negocio. Esto incluye la implementación de tecnologías que mejoren la experiencia del cliente, streamline los procesos internos y fortalezcan las relaciones con los proveedores.

3. **Posicionamiento hacia los Clientes**: A través de sistemas de información, se define un posicionamiento estratégico que refleje la propuesta de valor. Las TI son esenciales para personalizar la oferta, mejorar la comunicación y ofrecer servicios personalizados.

4.",MC1101-Sistemas Estratégicos Empresariales.txt;MC2301-Planificación estratégica de tecnología de información.txt;MC1103-Gerencia de tecnología de información.txt;MC1203-Administración y estrategia de proyectos I.txt;MC1201-Administración financiera de tecnología de información.txt,25.87,Sistemas Estratégicos Empresariales,MC1101,
deepseek-r1-14b-8bit,open_ended,¿Qué tipos de sistemas de información se estudian como referentes de manejo interno y externo?,"En el curso Sistemas Estratégicos Empresariales de la Maestría en Gerencia de Tecnologías de la Información, ¿Qué tipos de sistemas de información se estudian como referentes de manejo interno y externo?

Da una respuesta completa y explicativa.","Los sistemas ERP, CRM y SCM.","En el curso de Sistemas Estratégicos Empresariales de la Maestría en Gerencia de Tecnologías de la Información, se estudian varios tipos de sistemas de información que actúan como referentes para el manejo interno y externo de las empresas. Estos sistemas incluyen:

1. **Sistemas de Planificación de Recursos Empresariales (ERP)**: Estos sistemas integran y gestionan información de diferentes departamentos de una empresa, como finanzas, ventas, compras y producción, permitiendo una planificación y gestión eficiente de los recursos.

2. **Sistemas de Administración de la Cadena de Abastecimiento**: Estos sistemas ayudan a gestionar el suministro de materiales y productos, optimizando el proceso de abastecimiento y asegurando que los recursos estén disponibles en el momento oportuno.

3. **Sistemas de Administración de Relación con el Cliente (CRM)**: Diseñados para mejorar las relaciones con los clientes, estos sistemas gestionan información sobre los clientes, sus preferencias y互动es, facilitando la personalización de los servicios y la fidelización de la clientela.

4. **Sistemas de Administración del Conocimiento**: Estos sistemas se centran en la gestión y compartición de conocimientos dentro de la organización, promoviendo la innovación y la toma de",MC1103-Gerencia de tecnología de información.txt;MC1103-Gerencia de tecnología de información.txt;MC2301-Planificación estratégica de tecnología de información.txt;MC1201-Administración financiera de tecnología de información.txt;MC1101-Sistemas Estratégicos Empresariales.txt,25.8,Sistemas Estratégicos Empresariales,MC1101,
deepseek-r1-14b-8bit,open_ended,¿Qué fuerzas competitivas influyen en la dinámica de una industria según Michael Porter?,"En el curso Sistemas Estratégicos Empresariales de la Maestría en Gerencia de Tecnologías de la Información, ¿Qué fuerzas competitivas influyen en la dinámica de una industria según Michael Porter?

Da una respuesta completa y explicativa.","La amenaza de nuevos entrantes, el poder de compradores y proveedores, los sustitutos y la rivalidad entre competidores.","En el curso de Sistemas Estratégicos Empresariales de la Maestría en Gerencia de Tecnologías de la Información, según Michael Porter, las fuerzas competitivas que influyen en la dinámica de una industria son:

1. **Concurrencia entre rivales**: Esto se refiere a la competencia directa entre empresas que ofrecen productos o servicios similares. La intensidad de esta competencia puede afectar los márgenes de ganancia y la necesidad de diferenciación competitiva.

2. **Poder de los proveedores**: Esto incluye la capacidad de los proveedores de suministrar recursos esenciales a la industria y el riesgo de que estos recursos sean escasos o aumenten en costo, lo que puede influir en la estructura de costos de las empresas.

3. **Poder de los clientes**: Esto se relaciona con la capacidad de los clientes de exigir precios más bajos o mejores productos, lo que puede afectar la capacidad de las empresas de ganar utilidades.

4. **Amenaza de nuevos entrantes**: Esto se refiere al riesgo de que nuevas empresas ingresen a la industria, aumentando la competencia y reduciendo las barreras de entrada.

5. **Amenaza de sustitutos**: Esto incluye la posibilidad de que los consumidores opten por productos o servicios alternativos que",MC1101-Sistemas Estratégicos Empresariales.txt;MC1101-Sistemas Estratégicos Empresariales.txt;MC1103-Gerencia de tecnología de información.txt;MC2301-Planificación estratégica de tecnología de información.txt;MC1103-Gerencia de tecnología de información.txt,25.73,Sistemas Estratégicos Empresariales,MC1101,
deepseek-r1-14b-8bit,open_ended,¿Qué papel desempeña la investigación en la metodología de enseñanza de este curso?,"En el curso Sistemas Estratégicos Empresariales de la Maestría en Gerencia de Tecnologías de la Información, ¿Qué papel desempeña la investigación en la metodología de enseñanza de este curso?

Da una respuesta completa y explicativa.",Permite al estudiante profundizar en fundamentos y tendencias mediante la creación de un estado del arte de sistemas empresariales.,"En el curso Sistemas Estratégicos Empresariales de la Maestría en Gerencia de Tecnologías de la Información, la investigación desempeña un papel fundamental en la metodología de enseñanza. Esto se refleja en la estructura de evaluación, donde la investigación en sistema empresarial (grupal) representa el 40% de la calificación total. Además, los estudiantes son invitados a realizar un estado del arte en los temas de sistemas empresariales, como ERP, CRM, KMS y SCM, lo que los lleva a buscar y sintetizar referencias específicas en cada tipo de sistema. Este enfoque no solo fortalece sus habilidades investigativas, sino que también les permite aplicar teoría a práctica, mejorando su comprensión de cómo las tecnologías de información pueden ser manejadas estratégicamente para favorecer a las organizaciones.",MC1103-Gerencia de tecnología de información.txt;MC2301-Planificación estratégica de tecnología de información.txt;MC1103-Gerencia de tecnología de información.txt;MC1101-Sistemas Estratégicos Empresariales.txt;MC1101-Sistemas Estratégicos Empresariales.txt,16.94,Sistemas Estratégicos Empresariales,MC1101,
deepseek-r1-14b-8bit,open_ended,¿Cómo se vincula el conocimiento teórico con la práctica real en este programa?,"En el curso Sistemas Estratégicos Empresariales de la Maestría en Gerencia de Tecnologías de la Información, ¿Cómo se vincula el conocimiento teórico con la práctica real en este programa?

Da una respuesta completa y explicativa.",A través de una investigación aplicada donde el estudiante enfrenta un problema real de una empresa utilizando los conocimientos adquiridos.,"En el curso de Sistemas Estratégicos Empresariales de la Maestría en Gerencia de Tecnologías de la Información, el conocimiento teórico se vincula con la práctica real a través de una metodología de enseñanza y aprendizaje que combina exposiciones magistrales, investigación aplicada, exposición de casos y aplicación del conocimiento en la Investigación Aplicada en Sistemas de Información Empresariales. Esto permite que los estudiantes no solo adquieran conceptos teóricos, sino que también los apliquen en la resolución de problemas reales, desarrollen habilidades de investigación y mejoren su capacidad para enfrentar desafíos empresariales utilizando tecnologías de la información.",MC1103-Gerencia de tecnología de información.txt;MC1103-Gerencia de tecnología de información.txt;MC2301-Planificación estratégica de tecnología de información.txt;MC1101-Sistemas Estratégicos Empresariales.txt;MC2301-Planificación estratégica de tecnología de información.txt,14.19,Sistemas Estratégicos Empresariales,MC1101,
deepseek-r1-14b-8bit,open_ended,¿Qué modelos complementarios a las fuerzas de Porter se analizan para el uso estratégico de TI?,"En el curso Sistemas Estratégicos Empresariales de la Maestría en Gerencia de Tecnologías de la Información, ¿Qué modelos complementarios a las fuerzas de Porter se analizan para el uso estratégico de TI?

Da una respuesta completa y explicativa.",El modelo basado en recursos (Resource Based View) y la competencia por capacidades.,"En el curso ""Sistemas Estratégicos Empresariales"" de la Maestría en Gerencia de Tecnologías de la Información, se analizan modelos complementarios a las fuerzas de Porter, específicamente el modelo Resource-Based View (RBV) y el enfoque de Competencia por Capacidades. Estos modelos se enfocan en el uso estratégico de tecnologías de información para fortalecer la competitividad de las empresas.",MC1103-Gerencia de tecnología de información.txt;MC2301-Planificación estratégica de tecnología de información.txt;MC1101-Sistemas Estratégicos Empresariales.txt;MC2301-Planificación estratégica de tecnología de información.txt;MC1101-Sistemas Estratégicos Empresariales.txt,8.78,Sistemas Estratégicos Empresariales,MC1101,
deepseek-r1-14b-8bit,open_ended,¿Qué elementos componen el enfoque integrado del proceso de gestión de TI?,"En el curso Gerencia de Tecnología de Información de la Maestría en Gerencia de Tecnologías de la Información, ¿Qué elementos componen el enfoque integrado del proceso de gestión de TI?

Da una respuesta completa y explicativa.","La combinación de cuatro factores clave: personas, procesos, herramientas y proveedores.","En el curso de Gerencia de Tecnología de la Información de la Maestría en Gerencia de Tecnologías de la Información, el enfoque integrado del proceso de gestión de TI se compone de los siguientes elementos:

1. **Gobernanza de TI**: Incluye el concepto de gobernanza, la diferencia entre administración y gobernanza, la importancia y beneficios de la gobernanza, políticas, procedimientos y estándares, así como la matriz de gobernanza de Weill con sus arquetipos y mecanismos.

2. **Desarrollo organizacional de TI**: Abarca el espectro centralización-descentralización, ubicación del área de TI en la estructura organizacional, etapas de desarrollo organizacional, organización interna de TI (departamentalización), diseño organizacional, mecanismos de integración, estructura lógica para proveedores de servicios de TI, concepto de TI liviano, modelos de tercerización de servicios (SaaS, IaaS, PaaS), roles principales en las áreas de TI y el modelo RACI o matriz de autoridad.

3. **Propuestas para la gestión de TI**: Se incluyen modelos como el de Broadbent y Kitzis (modelo de ""IT Demand/IT Supply""), de Scott Proctor, de Dyche, de Martha Heller, el en",MC1103-Gerencia de tecnología de información.txt;MC1103-Gerencia de tecnología de información.txt;MC1201-Administración financiera de tecnología de información.txt;MC2301-Planificación estratégica de tecnología de información.txt;MC1203-Administración y estrategia de proyectos I.txt,25.77,Gerencia de Tecnología de Información,MC1103,
deepseek-r1-14b-8bit,open_ended,¿Cuáles son los equilibrios críticos que un líder de TI debe buscar permanentemente?,"En el curso Gerencia de Tecnología de Información de la Maestría en Gerencia de Tecnologías de la Información, ¿Cuáles son los equilibrios críticos que un líder de TI debe buscar permanentemente?

Da una respuesta completa y explicativa.","El balance entre innovación y gestión de riesgos, y entre ser agente de cambio y mantener la operación impecable.","En el curso de Gerencia de Tecnología de Información de la Maestría en Gerencia de Tecnologías de la Información, los equilibrios críticos que un líder de TI debe buscar permanentemente no están explicitamente mencionados en el contexto proporcionado. El contexto incluye información sobre objetivos, contenidos, metodología y bibliografía del curso, pero no aborda directamente los equilibrios específicos que un líder de TI debe mantener. Por lo tanto, no tengo suficiente información para responder esta pregunta con precisión.

Sin embargo, basado en los contenidos del curso, se puede inferir que los líderes de TI deben equilibrar aspectos como la innovación tecnológica, el costo de implementación, el rendimiento de los sistemas, la seguridad de la información, la adaptación a cambios tecnológicos, y la alineación de la tecnología con los objetivos empresariales. Estos equilibrios son comunes en la gestión de TI y pueden ser relevantes para el curso, pero no están detallados en el material proporcionado.

Si necesitas una respuesta más específica, te recomendaría consultar directamente con el profesor o revisar los materiales del curso en profundidad para obtener información sobre los equilibrios críticos que se enfocan en particular.",MC1103-Gerencia de tecnología de información.txt;MC2301-Planificación estratégica de tecnología de información.txt;MC1101-Sistemas Estratégicos Empresariales.txt;MC1103-Gerencia de tecnología de información.txt;MC1006-Políticas y Gobernanza en Ciberseguridad.txt,23.9,Gerencia de Tecnología de Información,MC1103,
deepseek-r1-14b-8bit,open_ended,¿Qué diferencia establece el curso entre administración y gobernanza de TI?,"En el curso Gerencia de Tecnología de Información de la Maestría en Gerencia de Tecnologías de la Información, ¿Qué diferencia establece el curso entre administración y gobernanza de TI?

Da una respuesta completa y explicativa.","Se analizan como conceptos distintos, estudiando la gobernanza a través de arquetipos y mecanismos de la matriz de Weill.","En el curso de Gerencia de Tecnología de la Información de la Maestría en Gerencia de Tecnologías de la Información, se establece una diferencia entre la administración y la gobernanza de TI. La administración de TI se enfoca en la gestión diaria de los recursos tecnológicos, la planificación, dirección, control y ejecución de los procesos relacionados con la tecnología de la información. Por otro lado, la gobernanza de TI se centra en la.ALIGNEMENT, la strategia, y la toma de decisiones a nivel más alto, asegurando que la tecnología de la información esté alineada con los objetivos empresariales y cumpla con los estándares y políticas establecidos. Mientras que la administración se ocupa de la operación cotidiana, la gobernanza aborda la dirección estratégica y el marco regulatorio que guía dichas operaciones.",MC1103-Gerencia de tecnología de información.txt;MC1103-Gerencia de tecnología de información.txt;MC1006-Políticas y Gobernanza en Ciberseguridad.txt;MC1201-Administración financiera de tecnología de información.txt;MC1203-Administración y estrategia de proyectos I.txt,17.9,Gerencia de Tecnología de Información,MC1103,
deepseek-r1-14b-8bit,open_ended,¿Qué modelos de tercerización de servicios se introducen en el contenido?,"En el curso Gerencia de Tecnología de Información de la Maestría en Gerencia de Tecnologías de la Información, ¿Qué modelos de tercerización de servicios se introducen en el contenido?

Da una respuesta completa y explicativa.","SaaS, IaaS y PaaS, junto con los factores críticos de éxito para su gestión.","En el curso Gerencia de Tecnología de Información de la Maestría en Gerencia de Tecnologías de la Información, se introducen los siguientes modelos de tercerización de servicios:

1. **SaaS (Software as a Service)**: Proporciona acceso a software a través de internet, generalmente bajo un modelo de suscripción. Esto permite a las empresas utilizar aplicaciones sin necesidad de instalarlas en sus propios sistemas.

2. **IaaS (Infrastructure as a Service)**: Ofrece infraestructura computacional, como servidores y almacenamiento, a través de proveedores externos. Esto permite a las empresas escalar sus recursos según las necesidades sin invertir en hardware.

3. **PaaS (Platform as a Service)**: Suministra una plataforma en la nube para desarrollar, probar y deployar aplicaciones. Esto elimina la necesidad de administrar la infraestructura subyacente, permitiendo a los desarrolladores enfocarse en el código.

Estos modelos son parte del contenido del curso, que también aborda factores críticos de éxito, consideraciones de contratación y el cuadro de mando integral para la gestión de TI.",MC1103-Gerencia de tecnología de información.txt;MC2301-Planificación estratégica de tecnología de información.txt;MC1103-Gerencia de tecnología de información.txt;MC1006-Políticas y Gobernanza en Ciberseguridad.txt;MC1101-Sistemas Estratégicos Empresariales.txt,21.97,Gerencia de Tecnología de Información,MC1103,
deepseek-r1-14b-8bit,open_ended,¿Cómo se utiliza la metodología de casos para fomentar el aprendizaje socio-constructivista?,"En el curso Gerencia de Tecnología de Información de la Maestría en Gerencia de Tecnologías de la Información, ¿Cómo se utiliza la metodología de casos para fomentar el aprendizaje socio-constructivista?

Da una respuesta completa y explicativa.","Mediante estudio individual, análisis grupal y sesiones plenarias de discusión sobre casos comprensivos.","En el curso de Gerencia de Tecnología de Información de la Maestría en Gerencia de Tecnologías de la Información, la metodología de casos se utiliza para fomentar el aprendizaje socio-constructivista de la siguiente manera:

1. **Análisis de Casos Comprensivos**: Los casos asignados son abrangentes y requieren que los estudiantes aborden distintos aspectos del material estudiado, lo que promueve una comprensión integral y aplicada de los conceptos teóricos.

2. **Participación Activa**: Durante la introducción al método de casos, el profesor asigna una guía de estudio que guía a los estudiantes en su análisis, fomentando una participación activa y una reflexión crítica sobre los temas tratados.

3. **Discusión Virtual**: Se realizan foros de discusión virtual al menos uno por curso, lo que permite a los estudiantes interactuar, compartir ideas y construir conocimiento colectivamente, reforzando el aprendizaje colaborativo.

4. **Trabajo Grupal y Individual**: La metodología combina trabajo individual, evaluado mediante tareas cortas y trabajos en clase (como mapas mentales, infografías, etc.), con trabajo grupal en la resolución de casos, lo que fomenta la socialización del conocimiento y el aprendizaje mutuo.",MC1103-Gerencia de tecnología de información.txt;MC3010-Cibercrimen.txt;MC2301-Planificación estratégica de tecnología de información.txt;MC6102-Análisis de Algoritmos.txt;MC6102-Análisis de Algoritmos.txt,25.6,Gerencia de Tecnología de Información,MC1103,
deepseek-r1-14b-8bit,open_ended,¿Qué herramientas pedagógicas deben elaborar los estudiantes para demostrar la asimilación semanal de la teoría?,"En el curso Gerencia de Tecnología de Información de la Maestría en Gerencia de Tecnologías de la Información, ¿Qué herramientas pedagógicas deben elaborar los estudiantes para demostrar la asimilación semanal de la teoría?

Da una respuesta completa y explicativa.","Mapas mentales, conceptuales, infografías o cuadros sinópticos basados en la bibliografía.","En el curso de Gerencia de Tecnología de Información de la Maestría en Gerencia de Tecnologías de la Información, los estudiantes deben elaborar herramientas pedagógicas como mapas mentales, mapas conceptuales, esquemas de ideas, infografías o cuadros sinópticos para demostrar la asimilación semanal de la teoría.",MC1103-Gerencia de tecnología de información.txt;MC6102-Análisis de Algoritmos.txt;MC7201-Introducción a la Investigación.txt;MC2301-Planificación estratégica de tecnología de información.txt;MC7201-Introducción a la Investigación.txt,7.68,Gerencia de Tecnología de Información,MC1103,
deepseek-r1-14b-8bit,open_ended,¿Qué abarca la gestión de recursos financieros invertidos en TI?,"En el curso Administración Financiera de TI de la Maestría en Gerencia de Tecnologías de la Información, ¿Qué abarca la gestión de recursos financieros invertidos en TI?

Da una respuesta completa y explicativa.","La planificación, operación, control, evaluación y toma de decisiones fundamentadas en información financiera.","La gestión de recursos financieros invertidos en TI abarca la planificación, operación, control, evaluación y toma de decisiones fundamentadas en información financiera. Esto incluye la optimización de los recursos asignados, la gestión de riesgos inherentes a las inversiones en proyectos y servicios de tecnología de la información, y la entrega de beneficios acordados a partir de dichas inversiones.",MC1201-Administración financiera de tecnología de información.txt;MC1103-Gerencia de tecnología de información.txt;MC1103-Gerencia de tecnología de información.txt;MC1201-Administración financiera de tecnología de información.txt;MC2301-Planificación estratégica de tecnología de información.txt,8.09,Administración Financiera de TI,MC1201,
deepseek-r1-14b-8bit,open_ended,¿Cuál es el objetivo final de aplicar finanzas a los proyectos y servicios de TI?,"En el curso Administración Financiera de TI de la Maestría en Gerencia de Tecnologías de la Información, ¿Cuál es el objetivo final de aplicar finanzas a los proyectos y servicios de TI?

Da una respuesta completa y explicativa.",Optimizar los recursos asignados y gestionar los riesgos inherentes a las inversiones tecnológicas.,"En el curso de **Administración Financiera de Tecnologías de la Información** de la Maestría en Gerencia de Tecnologías de la Información, el objetivo final de aplicar finanzas a los proyectos y servicios de TI es **garantizar la asignación eficiente de recursos financieros, la toma de decisiones informadas y el aseguramiento del valor generado por los proyectos tecnológicos, alineando las inversiones con los objetivos estratégicos de la organización y maximizando el retorno de la inversión (ROI) en tecnología de la información.** Esto implica evaluar la viabilidad financiera de los proyectos, gestionar los costos, presupuestar adecuadamente y asegurar que los recursos se utilicen de manera óptima para lograr los beneficios esperados para la empresa.",MC1201-Administración financiera de tecnología de información.txt;MC1103-Gerencia de tecnología de información.txt;MC2301-Planificación estratégica de tecnología de información.txt;MC1203-Administración y estrategia de proyectos I.txt;MC1101-Sistemas Estratégicos Empresariales.txt,15.56,Administración Financiera de TI,MC1201,
deepseek-r1-14b-8bit,open_ended,¿Qué áreas de la contabilidad se estudian para respaldar la operación técnica?,"En el curso Administración Financiera de TI de la Maestría en Gerencia de Tecnologías de la Información, ¿Qué áreas de la contabilidad se estudian para respaldar la operación técnica?

Da una respuesta completa y explicativa.","Contabilidad financiera (activos, pasivos, capital), análisis financiero (razones financieras) y contabilidad de costos.","En el curso de **Administración Financiera de Tecnologías de la Información** de la Maestría en Gerencia de Tecnologías de la Información, se estudian las siguientes áreas de la contabilidad para respaldar la operación técnica:

1. **Contabilidad de Costos**: Se enfoca en el cálculo y control de los costos asociados con la operación de tecnología de la información, incluyendo la asignación de costos a proyectos y servicios específicos.

2. **Presupuestos**: Se aborda la elaboración y gestión de presupuestos para la operación de TI, lo que incluye la planificación financiera, la asignación de recursos y la evaluación del desempeño contra los objetivos presupuestales.

3. **Formulación y Evaluación Financiera de Proyectos**: Se estudian metodologías para la formulación de proyectos de TI, así como la evaluación de su viabilidad financiera, utilizando herramientas como la valoración del dinero en el tiempo y el análisis de rentabilidad.

4. **Estandares Internacionales**: Se consideran estándares como COBIT 5.0 y ITIL 2011, que proporcionan marcos para la gestión financiera y el control de los costos de TI.

Estas áreas se integran con casos de estudio y prácticas aplicadas para asegurar una comprensión práctica",MC1201-Administración financiera de tecnología de información.txt;MC1103-Gerencia de tecnología de información.txt;MC2301-Planificación estratégica de tecnología de información.txt;MC1103-Gerencia de tecnología de información.txt;MC1101-Sistemas Estratégicos Empresariales.txt,25.67,Administración Financiera de TI,MC1201,
deepseek-r1-14b-8bit,open_ended,¿Cómo se integra el presupuesto en la administración de la función de información?,"En el curso Administración Financiera de TI de la Maestría en Gerencia de Tecnologías de la Información, ¿Cómo se integra el presupuesto en la administración de la función de información?

Da una respuesta completa y explicativa.",Mediante el estudio de metodologías de elaboración presupuestaria específicas para la operación de TI.,"En el curso de **Administración Financiera de Tecnologías de la Información** de la Maestría en Gerencia de Tecnologías de la Información, el presupuesto se integra en la administración de la función de información de la siguiente manera:

1. **Conceptos Introductorios al Presupuesto**: Los estudiantes aprenden los fundamentos del presupuesto, incluyendo su importancia en la planificación y gestión de recursos financieros.

2. **Metodologías para la Elaboración de Presupuestos**: Se enseñan diferentes metodologías que permiten a los estudiantes desarrollar presupuestos adecuados para la operación de tecnología de información, considerando los objetivos y necesidades específicas de la organización.

3. **Presupuestos para la Operación de Tecnología de Información**: El curso aborda cómo aplicar los presupuestos en la operación diaria de la función de información, asegurando que los recursos asignados sean optimizados para lograr los beneficios acordados y gestionar los riesgos asociados a las inversiones en proyectos y servicios de TI.

4. **Integración con otros Componentes Financieros**: El presupuesto se une con otros aspectos como la contabilidad, el análisis financiero y la evaluación de proyectos, permitiendo una toma de decisiones fundamentada en información financiera.

5. **Aplicación Práctica",MC1201-Administración financiera de tecnología de información.txt;MC1103-Gerencia de tecnología de información.txt;MC2301-Planificación estratégica de tecnología de información.txt;MC1201-Administración financiera de tecnología de información.txt;MC1203-Administración y estrategia de proyectos I.txt,25.61,Administración Financiera de TI,MC1201,
deepseek-r1-14b-8bit,open_ended,¿Qué estándares internacionales se referencian para la gestión de costos?,"En el curso Administración Financiera de TI de la Maestría en Gerencia de Tecnologías de la Información, ¿Qué estándares internacionales se referencian para la gestión de costos?

Da una respuesta completa y explicativa.",El dominio APO06 de COBIT 5.0 y los procesos de estrategia de servicios de ITIL 2011.,"En el curso de **Administración Financiera de Tecnologías de la Información** de la Maestría en Gerencia de Tecnologías de la Información, se mencionan los siguientes estándares internacionales relacionados con la gestión de costos:

1. **Control de Tecnología de Información (COBIT 5.0)**:  
   - Objetivo: APO06: Gestionar el presupuesto y los costos de tecnología de información.  
   - Proporciona marcos y metodologías para la gestión eficiente de costos y presupuestos en TI.

2. **Information Technology Infrastructure Library (ITIL 2011)**:  
   - Se enfoca en la administración financiera para servicios de tecnología de la información, lo que incluye la gestión de costos como parte integral de los procesos de servicio.

Estos estándares son fundamentales para guiar las prácticas de gestión de costos en el contexto de la administración financiera de TI.",MC1201-Administración financiera de tecnología de información.txt;MC1201-Administración financiera de tecnología de información.txt;MC1103-Gerencia de tecnología de información.txt;MC1103-Gerencia de tecnología de información.txt;MC1006-Políticas y Gobernanza en Ciberseguridad.txt,18.81,Administración Financiera de TI,MC1201,
deepseek-r1-14b-8bit,open_ended,¿En qué tipo de actividades se concentra la evaluación del curso?,"En el curso Administración Financiera de TI de la Maestría en Gerencia de Tecnologías de la Información, ¿En qué tipo de actividades se concentra la evaluación del curso?

Da una respuesta completa y explicativa.","En exámenes parciales, investigación bibliográfica, comprobaciones de lectura y trabajo en clase.","En el curso de **Administración Financiera de Tecnología de la Información** de la Maestría en Gerencia de Tecnologías de la Información, la evaluación se concentra en actividades específicas que integran tanto aspectos teóricos como prácticos. Según el contexto proporcionado, la evaluación del curso se centra en actividades como:

1. **Investigación práctica aplicada 1**: 50%
2. **Investigación práctica aplicada 2**: 50%

Estas actividades representan el 100% de la evaluación del curso. Además, se menciona que se espera una alta participación de los estudiantes, integrando conceptos teóricos con casos de aplicación práctica. También se hace referencia a la metodología de enseñanza y aprendizaje que combina clases magistrales con estrategias de evaluación focalizadas en comprobación de lectura, casos de estudio, investigación bibliográfica, entre otros.

En resumen, la evaluación del curso se centra en actividades prácticas y aplicadas, con un énfasis en la investigación y la aplicación de los conceptos aprendidos en la teoría.",MC2301-Planificación estratégica de tecnología de información.txt;MC1103-Gerencia de tecnología de información.txt;MC1003-Seguridad y Criptografía.txt;MC1201-Administración financiera de tecnología de información.txt;MC1101-Sistemas Estratégicos Empresariales.txt,21.66,Administración Financiera de TI,MC1201,
deepseek-r1-14b-8bit,open_ended,¿Por qué la gestión de proyectos es una competencia indispensable para un gerente de TI?,"En el curso Administración y Estrategia de Proyectos I de la Maestría en Gerencia de Tecnologías de la Información, ¿Por qué la gestión de proyectos es una competencia indispensable para un gerente de TI?

Da una respuesta completa y explicativa.",Porque las transformaciones modernas de las organizaciones se ejecutan a través de proyectos tecnológicos exitosos.,"La gestión de proyectos es una competencia indispensable para un gerente de TI en el curso ""Administración y Estrategia de Proyectos I"" de la Maestría en Gerencia de Tecnologías de la Información debido a varias razones:

1. **Alineación Estratégica**: Los proyectos en TI suelen estar estrechamente ligados a los objetivos estratégicos de la organización. Un gerente de TI debe asegurar que los proyectos se alineen con las metas empresariales, lo que requiere una comprensión profunda de la estrategia general de la empresa y la capacidad de priorizar proyectos que maximicen el valor.

2. **Gestión Integral de Proyectos**: Los gerentes de TI no solo supervisan proyectos individuales, sino que también gestionan portafolios y programas de proyectos. Esto implica la capacidad de gestionar múltiples proyectos simultáneamente, priorizar recursos, y asegurar que todos contribuyan al éxito de la organización.

3. **Ejecución Efectiva**: La ejecución de proyectos en TI puede ser compleja dada la naturaleza tecnológica y el riesgo asociado. Un gerente de TI debe tener habilidades para planificar, ejecutar y controlar proyectos, asegurando que se cumplan los plazos, presupuestos y especificaciones.

4. **Control de Cambios y Alcance**: La",MC1203-Administración y estrategia de proyectos I.txt;MC1103-Gerencia de tecnología de información.txt;MC2301-Planificación estratégica de tecnología de información.txt;MC1103-Gerencia de tecnología de información.txt;MC1203-Administración y estrategia de proyectos I.txt,25.63,Administración y Estrategia de Proyectos I,MC1203,
deepseek-r1-14b-8bit,open_ended,¿Qué componentes estratégicos se analizan en las fases iniciales de un proyecto?,"En el curso Administración y Estrategia de Proyectos I de la Maestría en Gerencia de Tecnologías de la Información, ¿Qué componentes estratégicos se analizan en las fases iniciales de un proyecto?

Da una respuesta completa y explicativa.","El análisis de factibilidad, las condiciones de inicio y la planificación de alcance, calidad y costos.","En el curso ""Administración y Estrategia de Proyectos I"" de la Maestría en Gerencia de Tecnologías de la Información, los componentes estratégicos analizados en las fases iniciales de un proyecto incluyen:

1. **Enlace Estratégico de los Proyectos en TI**: Se enfoca en cómo los proyectos de TI se integran con la estrategia general de la organización, identificando su impacto en los objetivos empresariales.

2. **Análisis del Entorno en Proyectos**: Involucra la evaluación del entorno interno y externo para identificar oportunidades, amenazas, recursos y capacidades que puedan afectar el proyecto.

3. **Gestión de Portafolios y Programas**: Se analizan los modelos como el modelo OPM3 para gestionar portfolios y programas de proyectos, asegurando que estos alineen con las prioridades organizacionales.

4. **Oficina de Proyectos**: Su papel y estructura en organizaciones proyectizadas, incluyendo cómo coordina y apoya los proyectos para lograr resultados estratégicos.

5. **Visión Procesal de la Gestión de Proyectos**: Se estudia la gestión de proyectos desde un enfoque procesual, considerando la integración con procesos ingenieriles y la importancia de la planificación y ejecución.

6.",MC1203-Administración y estrategia de proyectos I.txt;MC1103-Gerencia de tecnología de información.txt;MC2301-Planificación estratégica de tecnología de información.txt;MC1203-Administración y estrategia de proyectos I.txt;MC2301-Planificación estratégica de tecnología de información.txt,25.48,Administración y Estrategia de Proyectos I,MC1203,
deepseek-r1-14b-8bit,open_ended,¿Cómo ha evolucionado la orientación de la gestión de proyectos según el curso?,"En el curso Administración y Estrategia de Proyectos I de la Maestría en Gerencia de Tecnologías de la Información, ¿Cómo ha evolucionado la orientación de la gestión de proyectos según el curso?

Da una respuesta completa y explicativa.",Ha pasado de una orientación basada exclusivamente en planes hacia una orientación ágil.,"En el curso ""Administración y Estrategia de Proyectos I"" de la Maestría en Gerencia de Tecnologías de la Información, la orientación de la gestión de proyectos se ha evolucionado de manera integral, abarcando desde la formulación inicial de los proyectos hasta su ejecución y cierre. Esto se refleja en los siguientes aspectos:

1. **Enlace Estratégico de los Proyectos en TI**: Los proyectos ya no se ven solo como actividades aisladas, sino como elementos clave para alcanzar los objetivos estratégicos de la organización. Esto implica una alineación más estrecha entre los proyectos y la estrategia general de la empresa.

2. **Análisis del Entorno en Proyectos**: La gestión moderna de proyectos exige un análisis detallado del entorno en el que se desarrollan los proyectos, considerando factores internos y externos que puedan afectar su éxito. Esto permite una planificación más adaptativa y robusta.

3. **Gestión de Portafolios y Programas**: La evolución incluye la gestión no solo de proyectos individuales, sino también de portafolios y programas, lo que permite una visión más holística y una mejor alineación con los objetivos organizacionales. Se menciona el modelo OPM3 como un marco para esta gestión.

4. **Oficina de Proyectos**:",MC1203-Administración y estrategia de proyectos I.txt;MC2301-Planificación estratégica de tecnología de información.txt;MC1203-Administración y estrategia de proyectos I.txt;MC1103-Gerencia de tecnología de información.txt;MC2301-Planificación estratégica de tecnología de información.txt,25.51,Administración y Estrategia de Proyectos I,MC1203,
deepseek-r1-14b-8bit,open_ended,¿Qué papel desempeña la Oficina de Proyectos (PMO) en las organizaciones modernas?,"En el curso Administración y Estrategia de Proyectos I de la Maestría en Gerencia de Tecnologías de la Información, ¿Qué papel desempeña la Oficina de Proyectos (PMO) en las organizaciones modernas?

Da una respuesta completa y explicativa.",Actúa como soporte estratégico para la gestión de portafolios y programas bajo modelos como OPM3.,"En el curso ""Administración y Estrategia de Proyectos I"" de la Maestría en Gerencia de Tecnologías de la Información, la Oficina de Proyectos (PMO) desempeña un papel crucial en las organizaciones modernas como el de proporcionar un marco de referencia para la gestión de proyectos, programas y portafolios. La PMO actúa como un centro de excelencia que asegura que los proyectos se alineen con los objetivos estratégicos de la organización, promueve la madurez en la gestión de proyectos y facilita la adopción de metodologías y herramientas consistentes. Además, la PMO contribuye a la mejora continua de las prácticas de gestión de proyectos, asegurando que se cumplan los estándares y que se optimicen los recursos.",MC1203-Administración y estrategia de proyectos I.txt;MC1203-Administración y estrategia de proyectos I.txt;MC2301-Planificación estratégica de tecnología de información.txt;MC1103-Gerencia de tecnología de información.txt;MC1103-Gerencia de tecnología de información.txt,15.7,Administración y Estrategia de Proyectos I,MC1203,
deepseek-r1-14b-8bit,open_ended,¿En qué consiste el proceso de formulación de un caso de negocio efectivo?,"En el curso Administración y Estrategia de Proyectos I de la Maestría en Gerencia de Tecnologías de la Información, ¿En qué consiste el proceso de formulación de un caso de negocio efectivo?

Da una respuesta completa y explicativa.",En el desarrollo de herramientas y dimensiones de decisión para presentar resultados sólidos de una idea de proyecto.,"En el curso ""Administración y Estrategia de Proyectos I"" de la Maestría en Gerencia de Tecnologías de la Información, el proceso de formulación de un caso de negocio efectivo consiste en transformar una idea inicial en un documento detallado que justifique la necesidad, el valor y la viabilidad de un proyecto. Este proceso incluye:

1. **Identificación de la Idea**: Comenzar con una idea inicial que surge de necesidades identificadas, oportunidades o problemas específicos.

2. **Análisis del Entorno**: Realizar un análisis del entorno organizacional y del mercado para entender las fuerzas externas y las condiciones internas que podrían afectar el proyecto.

3. **Definición del Alcance**: Determinar los límites del proyecto, identificando los productos y servicios que se entregarán, así como los objetivos y metas específicas.

4. **Justificación de la Necesidad**: Demostrar por qué el proyecto es necesario, identificando los problemas que resolverá o las oportunidades que aprovechará.

5. **Análisis de Alternativas**: Evaluar diferentes enfoques o soluciones posibles para alcanzar los objetivos del proyecto, considerando factores como costo, tiempo, recursos y riesgos.

6. **Planeación Inicial**: Establecer un plan básico que incluya los recursos necesarios,",MC1203-Administración y estrategia de proyectos I.txt;MC2301-Planificación estratégica de tecnología de información.txt;MC1103-Gerencia de tecnología de información.txt;MC1101-Sistemas Estratégicos Empresariales.txt;MC1203-Administración y estrategia de proyectos I.txt,25.56,Administración y Estrategia de Proyectos I,MC1203,
deepseek-r1-14b-8bit,open_ended,¿Qué dilemas se presentan comúnmente en la gestión de la calidad de proyectos de TI?,"En el curso Administración y Estrategia de Proyectos I de la Maestría en Gerencia de Tecnologías de la Información, ¿Qué dilemas se presentan comúnmente en la gestión de la calidad de proyectos de TI?

Da una respuesta completa y explicativa.",La aplicación del concepto de deuda técnica y el equilibrio entre procesos de gestión e ingeniería.,"En el curso ""Administración y Estrategia de Proyectos I"" de la Maestría en Gerencia de Tecnologías de la Información, los dilemas comunes en la gestión de la calidad de los proyectos de TI incluyen:

1. **Balance entre Calidad y Tiempo/Costo**: Asegurar que los estándares de calidad se cumplan sin sacrificar los plazos o el presupuesto asignados al proyecto.

2. **Definición de Requisitos Claros**: La falta de claridad en los requisitos del proyecto puede conducir a productos que no satisfagan las expectativas del cliente o los usuarios.

3. **Adopción de Herramientas y Métodos de Calidad**: La implementación de herramientas y metodologías avanzadas de gestión de calidad puede ser un desafío, especialmente si el equipo no está familiarizado con ellas.

4. **Control de Cambios**: La gestión efectiva de los cambios en el proyecto es crucial para mantener la calidad, pero puede resultar complicada si no se tiene un proceso estructurado.

5. **Deuda Técnica**: La acumulación de deuda técnica (problemas técnicos no resueltos) puede afectar la calidad a largo plazo y requerir recursos adicionales para resolver.

6. **Comunicación entre los Miembros del Proyecto**: Una comunicación ineficiente entre los diferentes roles del proyecto",MC1203-Administración y estrategia de proyectos I.txt;MC1103-Gerencia de tecnología de información.txt;MC1203-Administración y estrategia de proyectos I.txt;MC2301-Planificación estratégica de tecnología de información.txt;MC2301-Planificación estratégica de tecnología de información.txt,25.54,Administración y Estrategia de Proyectos I,MC1203,
deepseek-r1-14b-8bit,open_ended,¿Qué elementos integran el marco filosófico de un negocio necesario para la planificación?,"En el curso Planificación Estratégica de TI de la Maestría en Gerencia de Tecnologías de la Información, ¿Qué elementos integran el marco filosófico de un negocio necesario para la planificación?

Da una respuesta completa y explicativa.","Análisis FODA, misión, visión, valores, objetivos, estrategias, políticas y metas.","En el curso de Planificación Estratégica de Tecnologías de la Información (TI) de la Maestría en Gerencia de Tecnologías de la Información, el marco filosófico de un negocio necesario para la planificación estratégica de TI integra los siguientes elementos:

1. **Visión del Negocio y sus Procesos**: Comprende la comprensión de la misión, visión y objetivos de la empresa, así como los procesos clave que sustentan su operación. Esto incluye analizar cómo la tecnología de la información puede apoyar la consecución de los objetivos empresariales.

2. **Análisis de la Industria y del Negocio**: Implica un estudio detallado del entorno en el que opera la empresa, incluyendo la identificación de las tendencias, competidores, proveedores y las amenazas y oportunidades del mercado. Este análisis ayuda a comprender cómo la TI puede contribuir a la ventaja competitiva de la organización.

3. **Diagnóstico de la Función de la Información**: Se enfoca en evaluar el estado actual de la función de TI dentro de la empresa, identificando fortalezas, debilidades, oportunidades y amenazas. Esto incluye una revisión de los procesos, recursos y capacidades actuales de la TI.

4. **Tendencias y",MC2301-Planificación estratégica de tecnología de información.txt;MC1103-Gerencia de tecnología de información.txt;MC1203-Administración y estrategia de proyectos I.txt;MC2301-Planificación estratégica de tecnología de información.txt;MC1101-Sistemas Estratégicos Empresariales.txt,25.69,Planificación Estratégica de TI,MC2301,
deepseek-r1-14b-8bit,open_ended,¿Qué factores se consideran para derivar el plan de información desde el modelo de negocio?,"En el curso Planificación Estratégica de TI de la Maestría en Gerencia de Tecnologías de la Información, ¿Qué factores se consideran para derivar el plan de información desde el modelo de negocio?

Da una respuesta completa y explicativa.","Tendencias tecnológicas, procesos de negocio, arquitectura de aplicaciones y proyección de inversión.","En el curso de Planificación Estratégica de TI de la Maestría en Gerencia de Tecnologías de la Información, los factores considerados para derivar el plan de información desde el modelo de negocio son:

1. **Análisis de la Visión del Negocio y sus Procesos**: Se enfoca en comprender los objetivos estratégicos de la empresa, los procesos clave y cómo la tecnología puede apoyar la consecución de estos objetivos.

2. **Diagnóstico de la Función de la Información**: Se evalúa el estado actual de la tecnología de la información (TI) de la empresa, identificando fortalezas, debilidades, oportunidades y amenazas.

3. **Tendencias Actuales de la Organización de la Función de TI**: Se consideran las tendencias tecnológicas actuales y cómo estas pueden impactar la planificación estratégica de TI.

4. **Análisis de Brecha**: Se identifican las diferencias entre el estado actual y el estado deseado, lo que permite determinar las áreas que requieren mejora o inversión.

5. **Desarrollo de Recomendaciones y Alternativas de Solución**: Basado en el diagnóstico y el análisis de brecha, se proponen soluciones y recomendaciones para cerrar las diferencias y mejorar la función de TI.

6. **Identificación de",MC2301-Planificación estratégica de tecnología de información.txt;MC1103-Gerencia de tecnología de información.txt;MC2301-Planificación estratégica de tecnología de información.txt;MC1101-Sistemas Estratégicos Empresariales.txt;MC1203-Administración y estrategia de proyectos I.txt,25.69,Planificación Estratégica de TI,MC2301,
deepseek-r1-14b-8bit,open_ended,¿Qué capacidad específica adquiere el estudiante al finalizar este programa?,"En el curso Planificación Estratégica de TI de la Maestría en Gerencia de Tecnologías de la Información, ¿Qué capacidad específica adquiere el estudiante al finalizar este programa?

Da una respuesta completa y explicativa.",La capacidad de desarrollar un plan estratégico de TI basado en lineamientos del negocio y mecanismos de priorización.,"En el curso de Planificación Estratégica de TI de la Maestría en Gerencia de Tecnologías de la Información, los estudiantes adquieren la capacidad de desarrollar un plan estratégico de tecnología de información basado en los lineamientos estratégicos del negocio. Esto incluye considerar tendencias tecnológicas, modelos organizacionales, análisis de riesgos, recursos necesarios, prioridades, calendario de implementación, presupuesto y recomendaciones de transición y seguimiento. Además, comprenden cómo integrar estos elementos para lograr un plan que respalde los objetivos y estrategias de la organización, teniendo en cuenta los factores críticos de éxito en el desarrollo.",MC2301-Planificación estratégica de tecnología de información.txt;MC1103-Gerencia de tecnología de información.txt;MC2301-Planificación estratégica de tecnología de información.txt;MC1103-Gerencia de tecnología de información.txt;MC1203-Administración y estrategia de proyectos I.txt,13.01,Planificación Estratégica de TI,MC2301,
deepseek-r1-14b-8bit,open_ended,¿Cómo se define el liderazgo y la administración desde la perspectiva del CIO?,"En el curso Planificación Estratégica de TI de la Maestría en Gerencia de Tecnologías de la Información, ¿Cómo se define el liderazgo y la administración desde la perspectiva del CIO?

Da una respuesta completa y explicativa.",Se analiza como la gestión de expectativas para lograr una empresa habilitada por TI bajo un gobierno sólido.,"El contexto proporcionado no contiene información específica sobre cómo se define el liderazgo y la administración desde la perspectiva del CIO en el curso de Planificación Estratégica de TI de la Maestría en Gerencia de Tecnologías de la Información. Por lo tanto, no puedo proporcionar una respuesta basada en la información dada.",MC2301-Planificación estratégica de tecnología de información.txt;MC1203-Administración y estrategia de proyectos I.txt;MC1103-Gerencia de tecnología de información.txt;MC1103-Gerencia de tecnología de información.txt;MC1203-Administración y estrategia de proyectos I.txt,6.81,Planificación Estratégica de TI,MC2301,
deepseek-r1-14b-8bit,open_ended,¿Cómo se aborda el diagnóstico de la situación actual de TI?,"En el curso Planificación Estratégica de TI de la Maestría en Gerencia de Tecnologías de la Información, ¿Cómo se aborda el diagnóstico de la situación actual de TI?

Da una respuesta completa y explicativa.","Mediante el análisis de brecha, tendencias de organización de la función de TI y análisis de la industria.","En el curso de Planificación Estratégica de TI de la Maestría en Gerencia de Tecnologías de la Información, el diagnóstico de la situación actual de TI se aborda como un componente esencial del proceso de planificación estratégica. Este diagnóstico implica un análisis detallado de la función de TI de la empresa, con el fin de identificar fortalezas, debilidades, oportunidades y amenazas. Además, se utiliza para comprender la alineación de TI con los objetivos del negocio y para detectar áreas que requieren mejora o transformación. Este análisis se realiza mediante la revisión de procesos, infraestructura, recursos y desempeño actual de TI, con el propósito de establecer una base sólida para el desarrollo de recomendaciones y la planificación futura.",MC2301-Planificación estratégica de tecnología de información.txt;MC2301-Planificación estratégica de tecnología de información.txt;MC1103-Gerencia de tecnología de información.txt;MC1103-Gerencia de tecnología de información.txt;MC1203-Administración y estrategia de proyectos I.txt,15.44,Planificación Estratégica de TI,MC2301,
deepseek-r1-14b-8bit,open_ended,¿Bajo qué condiciones específicas un estudiante puede reprobar el curso por asistencia?,"En el curso Planificación Estratégica de TI de la Maestría en Gerencia de Tecnologías de la Información, ¿Bajo qué condiciones específicas un estudiante puede reprobar el curso por asistencia?

Da una respuesta completa y explicativa.",Si acumula 4 faltas de asistencia injustificadas durante el semestre.,"En el curso ""Planificación Estratégica de Tecnología de la Información"" de la Maestría en Gerencia de Tecnologías de la Información, no se menciona específicamente las condiciones bajo las cuales un estudiante puede reprobar el curso por asistencia. Sin embargo, se menciona que la asistencia es obligatoria, lo que sugiere que la falta de asistencia podría tener consecuencias académicas, como la posibilidad de reprobar. Para obtener información más detallada sobre las políticas de asistencia y reprobación, se recomienda consultar directamente con el profesor o las normas establecidas por la institución educativa.",MC1103-Gerencia de tecnología de información.txt;MC2301-Planificación estratégica de tecnología de información.txt;MC1103-Gerencia de tecnología de información.txt;MC2301-Planificación estratégica de tecnología de información.txt;MC1203-Administración y estrategia de proyectos I.txt,12.49,Planificación Estratégica de TI,MC2301,
deepseek-r1-14b-8bit,open_ended,¿Cuál es el concepto fundamental que modela este curso por encima de la tecnología física?,"En el curso Teoría de Autómatas de la Maestría en Computación, ¿Cuál es el concepto fundamental que modela este curso por encima de la tecnología física?

Da una respuesta completa y explicativa.","El concepto de cómputo, definido a través de mecanismos abstractos independientes de computadoras específicas.","En el curso de Teoría de Autómatas de la Maestría en Computación, el concepto fundamental que se modela por encima de la tecnología física es el de la computación abstracta. Este curso se centra en estudiar modelos formales que capturen la esencia del proceso de cómputo sin apelar a lenguajes de programación o computadoras específicas. Entre los modelos clave se encuentran los autómatas de estados finitos (FA's), las expresiones regulares, las gramáticas regulares y las máquinas de Turing. Estos modelos permiten comprender los fundamentos teóricos de la computación y su aplicación en el diseño y análisis de algoritmos, en la construcción de compiladores, en la lingüística computacional y en el manejo de bases de datos textuales.",MC7201-Introducción a la Investigación.txt;MC6102-Análisis de Algoritmos.txt;MC7201-Introducción a la Investigación.txt;MC6003-Teoría de Autómatas.txt;MC6004-Sistemas Operativos Avanzados.txt,16.11,Teoría de Autómatas,MC6003,
deepseek-r1-14b-8bit,open_ended,¿Cómo se relaciona la computación teórica con la construcción práctica de compiladores?,"En el curso Teoría de Autómatas de la Maestría en Computación, ¿Cómo se relaciona la computación teórica con la construcción práctica de compiladores?

Da una respuesta completa y explicativa.",Brinda los modelos formales necesarios para el reconocimiento y generación de lenguajes formales usados en compilación.,"La computación teórica, estudiada en el curso de Teoría de Autómatas, se relaciona con la construcción práctica de compiladores de la siguiente manera:

1. **Modelos Formales de Computación**: Los conceptos como autómatas de estados finitos (FA's) y máquinas de Turing, estudiados en el curso, proporcionan modelos matemáticos abstractos que ayudan a comprender cómo funcionan los compiladores. Un compilador puede verse como un autómata que procesa un lenguaje de programación (entrada) y genera otro lenguaje (salida, typicalmente código máquina).

2. **Análisis de Lenguajes Formales**: El curso aborda la teoría de lenguajes formales, incluyendo gramáticas regulares y contextuales. Esto es esencial para comprender cómo los compiladores analizan y transforman lenguajes de programación, ya que los compiladores deben reconocer y validar la sintaxis y semántica de un lenguaje.

3. **Construcción de Compiladores**: Los conocimientos sobre autómatas y lenguajes formales se aplican directamente en la creación de herramientas como analizadores sintácticos (parsing) y semanticos, que son componentes críticos de los compiladores.

4. **Optimización y Efectividad",MC6102-Análisis de Algoritmos.txt;MC6003-Teoría de Autómatas.txt;MC7201-Introducción a la Investigación.txt;MC7201-Introducción a la Investigación.txt;MC6102-Análisis de Algoritmos.txt,25.95,Teoría de Autómatas,MC6003,
deepseek-r1-14b-8bit,open_ended,¿Qué jerarquía se utiliza para clasificar gramáticas según su estructura de frase?,"En el curso Teoría de Autómatas de la Maestría en Computación, ¿Qué jerarquía se utiliza para clasificar gramáticas según su estructura de frase?

Da una respuesta completa y explicativa.",La jerarquía de Chomsky.,"En el curso de Teoría de Autómatas de la Maestría en Computación, se utiliza la **jerarquía de Chomsky** para clasificar las gramáticas según su estructura de frase. Esta jerarquía establece una taxonomy de las gramáticas formales, organizándolas en cuatro niveles, de más restrictivo a más general:

1. **Gramáticas regulares (Type 3)**: Estas gramáticas definen lenguajes regulares y están asociadas con autómatas de estados finitos (FA's). Sus reglas de producción tienen la forma \( A \rightarrow a \) o \( A \rightarrow aB \), donde \( A \) y \( B \) son símbolos no terminales, y \( a \) es un símbolo terminal.

2. **Gramáticas contextuales libres (Type 2)**: También conocidas como CFG (Context-Free Grammars), definen lenguajes libres de contexto y están asociadas con autómatas de pila (PDA's). Sus reglas de producción no tienen restricciones basadas en el contexto, solo en la forma \( A \rightarrow \alpha \), donde \( \alpha \) es una secuencia de símbolos.

3. **Gramáticas contextuales (Type 1)**: Estas gramáticas definen lenguajes contextuales y están asociadas con",MC6003-Teoría de Autómatas.txt;MC6102-Análisis de Algoritmos.txt;MC6102-Análisis de Algoritmos.txt;MC6003-Teoría de Autómatas.txt;MC6004-Sistemas Operativos Avanzados.txt,25.94,Teoría de Autómatas,MC6003,
deepseek-r1-14b-8bit,open_ended,¿Qué herramienta matemática se estudia para demostrar que un lenguaje no es regular?,"En el curso Teoría de Autómatas de la Maestría en Computación, ¿Qué herramienta matemática se estudia para demostrar que un lenguaje no es regular?

Da una respuesta completa y explicativa.",El Pumping Lemma.,"En el curso de Teoría de Autómatas de la Maestría en Computación, la herramienta matemática utilizada para demostrar que un lenguaje no es regular es el **Lema de bombeo (Pumping Lemma)**. Este lema es una herramienta fundamental en la teoría de lenguajes formales y se utiliza para demostrar que ciertos lenguajes no pueden ser expresados por autómatas finitos (FA's) o gramáticas regulares. El Lema de bombeo establece que si un lenguaje es regular, entonces existe un número entero \( k \) tal que cualquier cadena en el lenguaje que tenga una longitud suficiente puede ser dividida en tres partes, \( uvw \), de manera que \( uv^iw \) también pertenezca al lenguaje para cualquier número entero \( i \geq 0 \). Si se puede encontrar una cadena que viola esta condición, se concluye que el lenguaje no es regular.",MC6003-Teoría de Autómatas.txt;MC6102-Análisis de Algoritmos.txt;MC6102-Análisis de Algoritmos.txt;MC6003-Teoría de Autómatas.txt;MC7201-Introducción a la Investigación.txt,19.35,Teoría de Autómatas,MC6003,
deepseek-r1-14b-8bit,open_ended,¿Qué modelos matemáticos se analizan para el reconocimiento de lenguajes formales?,"En el curso Teoría de Autómatas de la Maestría en Computación, ¿Qué modelos matemáticos se analizan para el reconocimiento de lenguajes formales?

Da una respuesta completa y explicativa.",Desde los autómatas de estados finitos hasta las máquinas de Turing.,"En el curso de Teoría de Autómatas de la Maestría en Computación, se analizan los siguientes modelos matemáticos para el reconocimiento de lenguajes formales:

1. **Autómatas de Estados Finitos (FA’s)**: Estos son modelos abstractos que consisten en un conjunto finito de estados, un alfabeto de símbolos de entrada, una función de transición que define cómo se mueve entre los estados basada en los símbolos de entrada, un estado inicial y un conjunto de estados aceptores. Los FA’s son fundamentales para reconocer lenguajes regulares.

2. **Autómatas de Pila (PDA’s)**: Estos autómatas tienen una pila adicional que pueden leer y escribir en, lo que les permite reconocer lenguajes más complejos que los regulares, específicamente los lenguajes contextuales.

3. **Máquinas de Turing**: Este modelo es más potente y consiste en una cinta infinita dividida en casillas, una cabeza que puede leer y escribir en las casillas y un estado controlador. Las máquinas de Turing son capaces de reconocer cualquier lenguaje computable y forman la base de la teoría de la computabilidad.

Estos modelos se estudian en detalle, junto con sus propiedades,",MC6003-Teoría de Autómatas.txt;MC6102-Análisis de Algoritmos.txt;MC7201-Introducción a la Investigación.txt;MC6102-Análisis de Algoritmos.txt;MC6003-Teoría de Autómatas.txt,25.95,Teoría de Autómatas,MC6003,
deepseek-r1-14b-8bit,open_ended,¿Qué formación matemática previa se asume en los estudiantes de este curso de postgrado?,"En el curso Teoría de Autómatas de la Maestría en Computación, ¿Qué formación matemática previa se asume en los estudiantes de este curso de postgrado?

Da una respuesta completa y explicativa.",Conocimientos sólidos de matemática discreta adquiridos durante el bachillerato.,"En el curso de Teoría de Autómatas de la Maestría en Computación, no se menciona específicamente una formación matemática previa que se asuma en los estudiantes. Sin embargo, dada la naturaleza teórica y formal del curso, es probable que se requiera un fondo en matemáticas discreas, lógica matemática y quizás álgebra lineal y cálculo, aunque estos no se especifican como requisitos formales en el documento proporcionado.",MC7201-Introducción a la Investigación.txt;MC6003-Teoría de Autómatas.txt;MC6102-Análisis de Algoritmos.txt;MC7201-Introducción a la Investigación.txt;MC6104-Diseño de Experimentos.txt,10.04,Teoría de Autómatas,MC6003,
deepseek-r1-14b-8bit,open_ended,¿Qué tipo de material se revisa para estudiar las tendencias actuales de investigación?,"En el curso Sistemas Operativos Avanzados de la Maestría en Computación, ¿Qué tipo de material se revisa para estudiar las tendencias actuales de investigación?

Da una respuesta completa y explicativa.",Diferentes papers y artículos científicos seleccionados por el profesor en lugar de un libro de texto único.,"En el curso de Sistemas Operativos Avanzados de la Maestría en Computación, el material revisado para estudiar las tendencias actuales de investigación incluye:

1. **Monitores de Máquinas Virtuales**: Se estudian los conceptos y aplicaciones de los monitores de máquinas virtuales en el contexto actual de los sistemas operativos.

2. **Mecanismos de Comunicación en Sistemas Distribuidos**: Se analizan los diferentes mecanismos y protocolos utilizados para la comunicación en entornos distribuidos, incluyendo la sincronización y la coordinación de procesos.

3. **Sistemas Distribuidos y Cloud Computing**: Se revisan los conceptos básicos y las tendencias actuales en sistemas distribuidos, así como la integración con el cloud computing.

4. **File Systems**: Se abordan los sistemas de archivos avanzados, sus estructuras y optimizaciones actuales.

5. **Distributed Shared Memory (DSM)**: Se estudia el concepto y las técnicas utilizadas en la memoria compartida distribuida.

6. **Sistemas de Tiempo Real**: Se enfatiza en los conceptos básicos y las estrategias de scheduling en sistemas de tiempo real.

7. **High Performance Computing**: Se analizan los conceptos y técnicas relacionadas con el cálculo",MC2301-Planificación estratégica de tecnología de información.txt;MC7201-Introducción a la Investigación.txt;MC1103-Gerencia de tecnología de información.txt;MC6004-Sistemas Operativos Avanzados.txt;MC6102-Análisis de Algoritmos.txt,25.63,Sistemas Operativos Avanzados,MC6004,
deepseek-r1-14b-8bit,open_ended,¿Qué requisitos de calidad deben cumplir los apuntes oficiales realizados por los estudiantes?,"En el curso Sistemas Operativos Avanzados de la Maestría en Computación, ¿Qué requisitos de calidad deben cumplir los apuntes oficiales realizados por los estudiantes?

Da una respuesta completa y explicativa.","Deben ser reportes detallados con imágenes, gráficos y datos adicionales, evitando ser simples resúmenes ejecutivos.","En el curso de Sistemas Operativos Avanzados de la Maestría en Computación, los apuntes oficiales que los estudiantes deben realizar cumplen con los siguientes requisitos de calidad:

1. **Calidad del Contenido**: Los apuntes deben reflejar un entendimiento detallado y preciso del material abordado en cada clase. Esto implica que los estudiantes deben incluir una descripción clara de los conceptos, definiciones, teorías y aplicaciones prácticas discutidas durante la sesión.

2. **Estructura y Presentación**: Los apuntes deben tener una estructura lógica y bien organizada, lo que facilita la comprensión y el seguimiento de los temas. Esto puede incluir la utilización de títulos, subtítulos, listas, diagramas, gráficos y otros elementos visuales que ayuden a ilustrar los conceptos.

3. **Detallismo**: Aunque no se trata de un simple resumen ejecutivo, los apuntes deben ser detallados y enriquecidos con información adicional que complementa lo visto en clase. Esto puede incluir definiciones adicionales, ejemplos, aplicaciones prácticas y referencias bibliográficas relevantes.

4. **Formato**: Los apuntes deben seguir un formato consistente, incluyendo una portada con los datos neces",MC6004-Sistemas Operativos Avanzados.txt;MC1003-Seguridad y Criptografía.txt;MC1103-Gerencia de tecnología de información.txt;MC6102-Análisis de Algoritmos.txt;MC2301-Planificación estratégica de tecnología de información.txt,25.62,Sistemas Operativos Avanzados,MC6004,
deepseek-r1-14b-8bit,open_ended,¿Qué cinco preguntas clave deben responderse al entregar los resúmenes de los artículos científicos?,"En el curso Sistemas Operativos Avanzados de la Maestría en Computación, ¿Qué cinco preguntas clave deben responderse al entregar los resúmenes de los artículos científicos?

Da una respuesta completa y explicativa.","Problema planteado, importancia, soluciones previas, propuesta de los autores y éxito de la misma.","En el curso de Sistemas Operativos Avanzados de la Maestría en Computación, al entregar los resúmenes de los artículos científicos, los estudiantes deben responder las siguientes cinco preguntas clave:

1. **¿Cuál es el problema principal que se aborda en el artículo?**  
   - Describe brevemente el problema que los autores identificaron y pretenden resolver.

2. **¿Cuál es la hipótesis o enfoque propuesto para resolver el problema?**  
   - Explica el enfoque o hipótesis que los autores proponen para abordar el problema identificado.

3. **¿Cuáles son los resultados obtenidos y cómo se validaron?**  
   - Resume los resultados clave obtenidos y cómo fueron validados o probados.

4. **¿Cuál es la contribución principal al campo de los sistemas operativos?**  
   - Indica cómo los resultados del estudio contribuyen al avance en el campo de los sistemas operativos.

5. **¿Cuáles son las limitaciones del estudio y cómo podrían mejorarse?**  
   - Identifica las limitaciones del enfoque o resultados y sugiere posibles mejoras o extensiones al estudio.

Estas preguntas ayudan a asegurar que los resúmenes sean completos, claros y que reflejen una comprensión",MC7201-Introducción a la Investigación.txt;MC6102-Análisis de Algoritmos.txt;MC6104-Diseño de Experimentos.txt;MC6004-Sistemas Operativos Avanzados.txt;MC7201-Introducción a la Investigación.txt,25.6,Sistemas Operativos Avanzados,MC6004,
deepseek-r1-14b-8bit,open_ended,¿Cómo se evalúa la capacidad de comunicación científica de los estudiantes?,"En el curso Sistemas Operativos Avanzados de la Maestría en Computación, ¿Cómo se evalúa la capacidad de comunicación científica de los estudiantes?

Da una respuesta completa y explicativa.",Mediante una presentación oral obligatoria que sigue el formato de una conferencia científica.,"En el curso de Sistemas Operativos Avanzados de la Maestría en Computación, la capacidad de comunicación científica de los estudiantes se evalúa a través de las presentaciones orales que deben realizar durante el semestre. Estas presentaciones siguen el formato de una conferencia científica, similar al descrito en las notas de la clase de ""Introducción a la Investigación"". Cada presentación debe durar entre 16 y 20 minutos, y los estudiantes son responsables de prepararla con anticipación, utilizando Beamer para la creación de diapositivas. Además, los presentadores deben asegurarse de que el equipo funcione correctamente y deben entregar fotocopias del material al grupo una semana antes de la presentación. La presentación será analizada, criticada y evaluada por el grupo y el profesor, lo que contribuye a la calificación final del estudiante en este rubro.",MC7201-Introducción a la Investigación.txt;MC6102-Análisis de Algoritmos.txt;MC7201-Introducción a la Investigación.txt;MC1103-Gerencia de tecnología de información.txt;MC6004-Sistemas Operativos Avanzados.txt,17.56,Sistemas Operativos Avanzados,MC6004,
deepseek-r1-14b-8bit,open_ended,¿Qué experiencia técnica previa es indispensable para el éxito en los proyectos programados?,"En el curso Sistemas Operativos Avanzados de la Maestría en Computación, ¿Qué experiencia técnica previa es indispensable para el éxito en los proyectos programados?

Da una respuesta completa y explicativa.","Programación en C, lenguaje ensamblador y dominio de ambientes UNIX o Linux.","En el curso de Sistemas Operativos Avanzados de la Maestría en Computación, no se menciona específicamente una experiencia técnica previa indispensable para el éxito en los proyectos programados. Sin embargo, dada la naturaleza avanzada del curso, es probable que una base sólida en sistemas operativos, diseño de algoritmos, y una familiaridad con conceptos de programación y arquitectura de computadoras sea beneficiososa para los estudiantes.",MC2301-Planificación estratégica de tecnología de información.txt;MC6004-Sistemas Operativos Avanzados.txt;MC1103-Gerencia de tecnología de información.txt;MC6102-Análisis de Algoritmos.txt;MC7201-Introducción a la Investigación.txt,9.09,Sistemas Operativos Avanzados,MC6004,
deepseek-r1-14b-8bit,open_ended,¿Qué temas de computación moderna se incluyen en los contenidos técnicos?,"En el curso Sistemas Operativos Avanzados de la Maestría en Computación, ¿Qué temas de computación moderna se incluyen en los contenidos técnicos?

Da una respuesta completa y explicativa.","Cloud Computing, High Performance Computing, dispositivos móviles y sistemas de tiempo real.","En el curso de Sistemas Operativos Avanzados de la Maestría en Computación, los temas de computación moderna incluyen:

1. **Monitores de Máquinas Virtuales**: Estos son mecanismos utilizados para administrar y coordinar la ejecución de múltiples programas en un entorno de computación virtual, asegurando que cada programa tenga recursos suficientes y no interrumpa a otros.

2. **Mecanismos de Comunicación en Sistemas Distribuidos**: Se enfocan en cómo los sistemas distribuidos gestionan la comunicación entre procesos y dispositivos dispersos geográficamente, lo que es esencial en entornos como la nube y las redes de computadoras.

3. **Sincronización**: Este tema aborda cómo se coordina el acceso a recursos compartidos en sistemas concurrentes, evitando conflictos y asegurando la correcta ejecución de los programas.

4. **Scheduling**: Se trata de la planificación de la ejecución de procesos en un sistema operativo, optimizando el uso de recursos y asegurando que los procesos se ejecuten de manera eficiente.

5. **Sistemas Distribuidos: Conceptos Básicos y Scheduling**: Aquí se profundiza en los conceptos fundamentales de sistemas distribuidos y cómo se aplica la planificación de procesos",MC6004-Sistemas Operativos Avanzados.txt;MC7201-Introducción a la Investigación.txt;MC6102-Análisis de Algoritmos.txt;MC7201-Introducción a la Investigación.txt;MC6104-Diseño de Experimentos.txt,25.85,Sistemas Operativos Avanzados,MC6004,
deepseek-r1-14b-8bit,open_ended,¿Por qué el diseño de algoritmos se considera la actividad fundamental de la computación?,"En el curso Análisis de Algoritmos de la Maestría en Computación, ¿Por qué el diseño de algoritmos se considera la actividad fundamental de la computación?

Da una respuesta completa y explicativa.","Porque toda computación es, por definición, el resultado de la ejecución de un algoritmo.","En el curso Análisis de Algoritmos de la Maestría en Computación, el diseño de algoritmos se considera la actividad fundamental de la computación porque los algoritmos son el corazón de todas las soluciones computacionales. Un algoritmo define un conjunto de pasos bien definidos para resolver un problema específico, lo que permite a las computadoras realizar tareas complejas de manera eficiente y efectiva. 

El diseño de algoritmos no solo implica crear soluciones para problemas existentes, sino también optimizarlas para que utilicen recursos como el tiempo y el espacio de manera óptima. Esto es esencial en todas las áreas de las Ciencias de la Computación, desde la administración de sistemas operativos hasta el desarrollo de inteligencia artificial y modelado de现实. Además, el diseño de algoritmos fomenta la creatividad y la capacidad de pensar críticamente, ya que se requiere una combinación de técnicas de diseño, análisis de complejidad y una buena intuición para crear soluciones innovadoras y eficientes.

En resumen, el diseño de algoritmos es fundamental porque es la base para el progreso tecnológico, permitiendo la resolución de problemas complejos y la mejora continua de las capacidades computacionales.",MC6102-Análisis de Algoritmos.txt;MC6102-Análisis de Algoritmos.txt;MC7201-Introducción a la Investigación.txt;MC7201-Introducción a la Investigación.txt;MC6004-Sistemas Operativos Avanzados.txt,23.77,Análisis de Algoritmos,MC6102,
deepseek-r1-14b-8bit,open_ended,¿Cuál es la diferencia crítica entre la efectividad y la eficiencia de un algoritmo?,"En el curso Análisis de Algoritmos de la Maestría en Computación, ¿Cuál es la diferencia crítica entre la efectividad y la eficiencia de un algoritmo?

Da una respuesta completa y explicativa.",La efectividad asegura que resuelva el problema; la eficiencia asegura que lo haga usando pocos recursos de tiempo y espacio.,"En el curso Análisis de Algoritmos de la Maestría en Computación, la efectividad y la eficiencia de un algoritmo son dos conceptos críticos pero distintos:

1. **Efectividad**: Refiere a la capacidad de un algoritmo de resolver correctamente un problema específico. Es decir, el algoritmo debe proporcionar una solución correcta para cualquier entrada dada. Este aspecto se enfoca en la corrección del algoritmo, asegurando que siempre dé la respuesta esperada sin errores.

2. **Eficiencia**: Se relaciona con el uso de recursos como el tiempo y el espacio durante la ejecución del algoritmo. Un algoritmo es eficiente si utiliza pocos recursos en comparación con otros algoritmos que resuelven el mismo problema. Se analiza mediante la complejidad del algoritmo, que puede medirse en términos de tiempo de ejecución y espacio requerido.

La efectividad es fundamental para que un algoritmo tenga sentido, mientras que la eficiencia es crucial para su escalabilidad y rendimiento en aplicaciones prácticas.",MC6102-Análisis de Algoritmos.txt;MC6102-Análisis de Algoritmos.txt;MC7201-Introducción a la Investigación.txt;MC6004-Sistemas Operativos Avanzados.txt;MC6003-Teoría de Autómatas.txt,21.03,Análisis de Algoritmos,MC6102,
deepseek-r1-14b-8bit,open_ended,¿Qué tres componentes son necesarios para lograr algoritmos eficientes?,"En el curso Análisis de Algoritmos de la Maestría en Computación, ¿Qué tres componentes son necesarios para lograr algoritmos eficientes?

Da una respuesta completa y explicativa.","Técnicas de diseño, técnicas de análisis y la creatividad intuitiva.","En el curso Análisis de Algoritmos de la Maestría en Computación, los tres componentes necesarios para lograr algoritmos eficientes son:

1. **Técnicas de diseño**: Estas incluyen metodologías que sugieren cómo abordar un problema y cuáles estructuras de datos son apropiadas para apoyar el algoritmo. Por ejemplo, técnicas como el diseño avaricioso (greedy), el método divide y vencerás, y la programación dinámica son herramientas clave para desarrollar soluciones eficientes.

2. **Técnicas de análisis**: Estas se centran en determinar la complejidad del algoritmo, es decir, cuánto tiempo y espacio se requieren para su ejecución. Se utilizan herramientas como funciones recurrentes, notación asintótica (como la notación ""o grande""), y pruebas por inducción para evaluar y comparar la eficiencia de los algoritmos.

3. **Creatividad e intuición**: Aunque las técnicas de diseño y análisis son fundamentales, la creación de algoritmos eficientes también requiere una capacidad creativa para enfocar el problema de manera innovadora y una intuición que permita seleccionar las técnicas más adecuadas para cada situación.

Estos componentes se combinan para desarrollar algoritmos",MC6102-Análisis de Algoritmos.txt;MC6102-Análisis de Algoritmos.txt;MC6004-Sistemas Operativos Avanzados.txt;MC1003-Seguridad y Criptografía.txt;MC7201-Introducción a la Investigación.txt,25.75,Análisis de Algoritmos,MC6102,
deepseek-r1-14b-8bit,open_ended,"¿Qué herramientas se utilizan para analizar la complejidad de ""peor caso""?","En el curso Análisis de Algoritmos de la Maestría en Computación, ¿Qué herramientas se utilizan para analizar la complejidad de ""peor caso""?

Da una respuesta completa y explicativa.","Funciones recurrentes, notación asintótica (""O grande"") y pruebas por inducción.","En el curso de Análisis de Algoritmos de la Maestría en Computación, se utilizan las siguientes herramientas para analizar la complejidad de ""peor caso"":

1. **Funciones Recurrentes**: Se emplean para expresar la complejidad de un algoritmo en términos de una relación recursiva que describe su comportamiento en cada llamada o iteración.

2. **Notación Asintótica**: Entre las cuales se encuentran:
   - **O gran (O)**: Describe la complejidad superior o el peor caso, indicando que el tiempo de ejecución no excederá un valor determinado en función del tamaño de la entrada.
   - **Ω (Omega)**: Describe la complejidad inferior, indicando que el tiempo de ejecución no será menor que un valor determinado.
   - **Θ (Theta)**: Describe la complejidad exacta, indicando que el tiempo de ejecución está acotado por arriba y por abajo por el mismo valor.

3. **Inducción**: Se utiliza para probar y demostrar la validez de las funciones recurrentes y las notaciones asintóticas en el análisis de la complejidad.

Estas herramientas permiten a los estudiantes analizar y comparar la eficiencia de los algoritmos, especialmente en el peor de los casos, lo que es esencial para determin",MC6102-Análisis de Algoritmos.txt;MC6102-Análisis de Algoritmos.txt;MC1103-Gerencia de tecnología de información.txt;MC6004-Sistemas Operativos Avanzados.txt;MC7201-Introducción a la Investigación.txt,25.91,Análisis de Algoritmos,MC6102,
deepseek-r1-14b-8bit,open_ended,¿Qué tipos de algoritmos se estudian dentro de la categoría probabilista?,"En el curso Análisis de Algoritmos de la Maestría en Computación, ¿Qué tipos de algoritmos se estudian dentro de la categoría probabilista?

Da una respuesta completa y explicativa.","Algoritmos numéricos, de Monte Carlo y de Las Vegas.","En el curso de Análisis de Algoritmos de la Maestría en Computación, se estudian los siguientes tipos de algoritmos dentro de la categoría probabilista:

1. **Algoritmos de Monte Carlo**: Estos algoritmos utilizan métodos probabilísticos para aproximar soluciones a problemas complejos. Son particularmente útiles en situaciones donde una solución exacta sería computacionalmente costosa o imposible de encontrar en un tiempo razonable.

2. **Algoritmos de Las Vegas**: Estos algoritmos aseguran que, si encuentran una solución, ésta será óptima. Sin embargo, no hay garantía de que encuentren una solución en un tiempo determinado. Son ampliamente utilizados en problemas de búsqueda y en algoritmos de factorización.

Estos algoritmos son analizados en el contexto de su complejidad computacional y su eficiencia, lo que permite a los estudiantes determinar cuándo y cómo aplicar estos métodos en la resolución de problemas específicos.",MC6102-Análisis de Algoritmos.txt;MC6102-Análisis de Algoritmos.txt;MC7201-Introducción a la Investigación.txt;MC6004-Sistemas Operativos Avanzados.txt;MC6104-Diseño de Experimentos.txt,19.52,Análisis de Algoritmos,MC6102,
deepseek-r1-14b-8bit,open_ended,¿Cómo se clasifican los problemas según su complejidad en este programa?,"En el curso Análisis de Algoritmos de la Maestría en Computación, ¿Cómo se clasifican los problemas según su complejidad en este programa?

Da una respuesta completa y explicativa.","En las clases P, NP, NP-completos y NP-difíciles.","En el curso de Análisis de Algoritmos de la Maestría en Computación, los problemas se clasifican según su complejidad en las siguientes categorías:

1. **Clases de Complejidad Computacional**:
   - **P (Polinomial)**: Un problema pertenece a la clase P si puede ser resuelto por un algoritmo en tiempo polinomial, es decir, en una cantidad de pasos que es una función polinómica del tamaño de la entrada.
   - **NP (Nondeterminístico Polinomial)**: Un problema está en NP si una solución puede ser verificada en tiempo polinomial por un algoritmo determinista. Esto incluye problemas para los cuales es fácil verificar una solución una vez que se tiene una candidata.

2. **Problemas NP-completos**:
   - Un problema es NP-completo si pertenece a NP y es tan difícil como cualquier otro problema en NP. Es decir, si se pudiera resolver un problema NP-completo en tiempo polinomial, entonces todos los problemas en NP también podrían resolverse en tiempo polinomial.

3. **Problemas NP-difíciles**:
   - Un problema es NP-difícil si es al menos tan difícil como cualquier problema en NP, pero no necesariamente pertenece a NP. Es decir, si se pudiera resolver",MC6102-Análisis de Algoritmos.txt;MC6102-Análisis de Algoritmos.txt;MC6004-Sistemas Operativos Avanzados.txt;MC6104-Diseño de Experimentos.txt;MC7201-Introducción a la Investigación.txt,26.0,Análisis de Algoritmos,MC6102,
deepseek-r1-14b-8bit,open_ended,"¿Por qué la Ciencia de la Computación ha sido considerada históricamente ""débil"" en sus procedimientos?","En el curso Diseño de Experimentos de la Maestría en Computación, ¿Por qué la Ciencia de la Computación ha sido considerada históricamente ""débil"" en sus procedimientos?

Da una respuesta completa y explicativa.",Debido a la falta de uso sistemático de técnicas experimentales clásicas para validar o refutar hipótesis.,"La Ciencia de la Computación ha sido considerada históricamente débil en sus procedimientos experimentales debido a varias razones. Aunque es una disciplina científica, ha enfrentado desafíos en la validación empírica de sus teorías y hipótesis. Esto se debe, en parte, a que los sistemas computacionales son complejos y sus comportamientos pueden ser altamente contextuales, lo que hace difícil establecer controles rigurosos en experimentos. Además, en comparación con otras ciencias, como la física o la biología, la computación ha tardado en adoptar metodologías experimentales formales, lo que ha limitado la confiabilidad y reproducibilidad de许多 estudios. Sin embargo, cursos como el Diseño de Experimentos en la Maestría en Computación buscan abordar estos desafíos, enseñando técnicas para diseñar y analizar experimentos científicos robustos en el ámbito de la computación.",MC6102-Análisis de Algoritmos.txt;MC7201-Introducción a la Investigación.txt;MC7201-Introducción a la Investigación.txt;MC6104-Diseño de Experimentos.txt;MC6004-Sistemas Operativos Avanzados.txt,18.65,Diseño de Experimentos,MC6104,
deepseek-r1-14b-8bit,open_ended,¿Qué utilidad tiene el Diseño de Experimentos (DoE) en la industria del software?,"En el curso Diseño de Experimentos de la Maestría en Computación, ¿Qué utilidad tiene el Diseño de Experimentos (DoE) en la industria del software?

Da una respuesta completa y explicativa.",Permite ejercer controles de calidad rigurosos durante el desarrollo de productos de software.,"El Diseño de Experimentos (DoE) no se menciona específicamente en el contexto proporcionado, por lo que no tengo suficiente información para responder a la pregunta.

Respuesta: No tengo suficiente información para responder esta pregunta.",MC6102-Análisis de Algoritmos.txt;MC1103-Gerencia de tecnología de información.txt;MC7201-Introducción a la Investigación.txt;MC7201-Introducción a la Investigación.txt;MC6102-Análisis de Algoritmos.txt,5.05,Diseño de Experimentos,MC6104,
deepseek-r1-14b-8bit,open_ended,¿Qué capacidades adquiere el estudiante para manejar datos experimentales?,"En el curso Diseño de Experimentos de la Maestría en Computación, ¿Qué capacidades adquiere el estudiante para manejar datos experimentales?

Da una respuesta completa y explicativa.",El uso de software estadístico para analizar resultados con niveles de confianza y certeza científica.,"El curso Diseño de Experimentos de la Maestría en Computación no está directamente mencionado en el contexto proporcionado. Por lo tanto, no tengo suficiente información para responder la pregunta sobre qué capacidades adquiere el estudiante para manejar datos experimentales en dicho curso.

Sin embargo, puedo observar que en otros cursos como Análisis de Algoritmos, se enfatiza el análisis de complejidad de algoritmos y el diseño de soluciones eficientes, lo que podría ser relevante para el manejo de datos experimentales. Pero, sin información específica sobre el curso de Diseño de Experimentos, no puedo proporcionar una respuesta precisa.

Si necesitas más detalles, te recomendaría consultar el programa específico del curso de Diseño de Experimentos para obtener la información completa.",MC6102-Análisis de Algoritmos.txt;MC6102-Análisis de Algoritmos.txt;MC1103-Gerencia de tecnología de información.txt;MC1003-Seguridad y Criptografía.txt;MC7201-Introducción a la Investigación.txt,14.92,Diseño de Experimentos,MC6104,
deepseek-r1-14b-8bit,open_ended,¿Cuál es la estructura metodológica que siguen los proyectos en este curso?,"En el curso Diseño de Experimentos de la Maestría en Computación, ¿Cuál es la estructura metodológica que siguen los proyectos en este curso?

Da una respuesta completa y explicativa.","Realización de experimentos, recolección de datos, análisis de resultados y redacción de reportes técnicos.","En el curso Diseño de Experimentos de la Maestría en Computación, los proyectos siguen una estructura metodológica que incluye:

1. **Introducción al Diseño de Experimentos**: Se aborda la motivación, historia y aplicaciones científicas e industriales del diseño de experimentos, destacando su relevancia en la Ciencia de la Computación y la Ingeniería de Software.

2. **Conceptos de Experimentos**: Se estudian el Método Científico, la diferencia entre Ciencia y Pseudociencia, hipótesis y experimentos, tipos de experimentos, aleatorización, replicaciones, protocolos médicos, consideraciones éticas, y aplicaciones en control de calidad.

3. **Repaso de Estadística**: Se revisan conceptos generales de probabilidad y estadística, fundamentos necesarios para el análisis de datos experimentales.

4. **Aplicación en Proyectos**: Los estudiantes aplican estas técnicas en proyectos que involucran la validación o refutación de hipótesis, el diseño de experimentos científicos y el uso de software para analizar resultados y determinar niveles de confianza.

Esta estructura metodológica se centra en desarrollar habilidades para diseñar experimentos científicos, analizar datos y aplicar técnicas de diseño de experimentos en investigación y desarrollo de software.",MC6102-Análisis de Algoritmos.txt;MC7201-Introducción a la Investigación.txt;MC7201-Introducción a la Investigación.txt;MC6104-Diseño de Experimentos.txt;MC6004-Sistemas Operativos Avanzados.txt,25.34,Diseño de Experimentos,MC6104,
deepseek-r1-14b-8bit,open_ended,¿Qué formación técnica previa es requerida para el uso de herramientas en este curso?,"En el curso Diseño de Experimentos de la Maestría en Computación, ¿Qué formación técnica previa es requerida para el uso de herramientas en este curso?

Da una respuesta completa y explicativa.","Conocimiento de UNIX, programación en C y dominio del entorno estadístico R.","Para el curso Diseño de Experimentos en la Maestría en Computación, se requieren los siguientes requisitos técnicos previos:

- **Álgebra Lineal**: Comprensión de conceptos básicos como vectores, matrices y operaciones lineales, que son fundamentales para el análisis de datos y diseño de experimentos.

- **Cálculo**: Dominio de las técnicas de cálculo, incluyendo derivadas e integrales, necesarias para modelar y analizar funciones en contextos experimentales.

- **Probabilidades**: Conocimiento de teorías probabilísticas, distribuciones y estadísticas descriptivas, esenciales para evaluar resultados y tomar decisiones basadas en datos.

Estos requisitos aseguran que los estudiantes tengan una base sólida para abordar las herramientas y técnicas utilizadas en el curso.",MC7201-Introducción a la Investigación.txt;MC6102-Análisis de Algoritmos.txt;MC6104-Diseño de Experimentos.txt;MC6102-Análisis de Algoritmos.txt;MC7201-Introducción a la Investigación.txt,16.3,Diseño de Experimentos,MC6104,
deepseek-r1-14b-8bit,open_ended,¿Cómo influye este curso en el desarrollo de la tesis de maestría del estudiante?,"En el curso Diseño de Experimentos de la Maestría en Computación, ¿Cómo influye este curso en el desarrollo de la tesis de maestría del estudiante?

Da una respuesta completa y explicativa.",Entrena al estudiante para establecer hipótesis verificables experimentalmente en su propuesta de tesis.,"En el curso Diseño de Experimentos de la Maestría en Computación, el desarrollo del curso influye en el proceso de elaboración de la tesis de maestría de los estudiantes de manera significativa. Este curso capacita a los estudiantes para diseñar experimentos científicos aplicados a la Ciencia de la Computación, lo que es esencial para validar o refutar hipótesis y teorías en su investigación. Además, los estudiantes aprenden a usar software apropiado para analizar los resultados de los experimentos, lo que les permite obtener niveles de confianza en sus conclusiones. Esto es fundamental para el desarrollo de su tesis, ya que les permite aplicar técnicas de diseño de experimentos en el control de calidad en el desarrollo de productos de software y en su propuesta y desarrollo de tesis. Por lo tanto, este curso no solo fortalece sus habilidades en investigación, sino que también les prepara para enfrentar desafíos en la validación de sus resultados y en la presentación de sus conclusiones de manera científica y robusta.",MC7201-Introducción a la Investigación.txt;MC6102-Análisis de Algoritmos.txt;MC7201-Introducción a la Investigación.txt;MC6104-Diseño de Experimentos.txt;MC6102-Análisis de Algoritmos.txt,20.08,Diseño de Experimentos,MC6104,
deepseek-r1-14b-8bit,open_ended,¿Qué criterios separan la ciencia de la pseudociencia según los contenidos del curso?,"En el curso Introducción a la Investigación de la Maestría en Computación, ¿Qué criterios separan la ciencia de la pseudociencia según los contenidos del curso?

Da una respuesta completa y explicativa.","Los conceptos de historia y filosofía de la ciencia, aplicados a través de un exigente escepticismo científico.","En el curso ""Introducción a la Investigación"" de la Maestría en Computación, los criterios que separan la ciencia de la pseudociencia se centran en la metodología científica, la hipótesis testable, el método experimental y la replicabilidad. La ciencia se basa en la observación, la experimentación y la verificación empírica, mientras que la pseudociencia carece de estos elementos y no cumple con los estándares rigurosos de la investigación científica.",MC7201-Introducción a la Investigación.txt;MC7201-Introducción a la Investigación.txt;MC6102-Análisis de Algoritmos.txt;MC1103-Gerencia de tecnología de información.txt;MC6104-Diseño de Experimentos.txt,10.3,Introducción a la Investigación,MC7201,
deepseek-r1-14b-8bit,open_ended,¿Cuál es el deber esencial de un científico según este programa académico?,"En el curso Introducción a la Investigación de la Maestría en Computación, ¿Cuál es el deber esencial de un científico según este programa académico?

Da una respuesta completa y explicativa.",Generar y comunicar conocimiento nuevo a la comunidad.,"En el curso ""Introducción a la Investigación"" de la Maestría en Computación, el deber esencial de un científico, según el programa académico, es **generar y comunicar conocimiento nuevo**. Esto se logra a través de un proceso de trabajo científico riguroso, que incluye el desarrollo de hipótesis, diseño de experimentos, análisis estadístico y la presentación adecuada de los resultados en artículos científicos. Además, se enfatiza la importancia del escepticismo crítico y la eliminación de falacias lógicas para asegurar la calidad y validez del conocimiento generado.",MC7201-Introducción a la Investigación.txt;MC7201-Introducción a la Investigación.txt;MC6102-Análisis de Algoritmos.txt;MC1103-Gerencia de tecnología de información.txt;MC6104-Diseño de Experimentos.txt,12.41,Introducción a la Investigación,MC7201,
deepseek-r1-14b-8bit,open_ended,"¿Qué habilidades de ""infraestructura"" se desarrollan para maximizar el éxito del investigador?","En el curso Introducción a la Investigación de la Maestría en Computación, ¿Qué habilidades de ""infraestructura"" se desarrollan para maximizar el éxito del investigador?

Da una respuesta completa y explicativa.","Cómo dar presentaciones, leer y escribir papers, y administrar efectivamente el tiempo.","En el curso ""Introducción a la Investigación"" de la Maestría en Computación, se desarrollan las siguientes habilidades de ""infraestructura"" para maximizar el éxito del investigador:

1. **Dar presentaciones científicas**: Los estudiantes aprenden a comunicar eficazmente sus ideas y resultados a través de presentaciones orales, lo que es esencial para compartir su trabajo en conferencias y reuniones.

2. **Leer y analizar papers científicos**: Se enseña cómo leer y comprender artículos académicos, lo que mejora su capacidad para revisar literatura y mantenerse al día en el campo de la computación.

3. **Escritura de documentos científicos**: Los estudiantes aprenden a redactar papers y documentos científicos de manera clara y precisa, siguiendo los estándares académicos.

4. **Escogiendo tema de tesis**: Se orienta a los estudiantes en cómo seleccionar un tema de investigación adecuado, basado en sus intereses y las necesidades del campo.

5. **Escogiendo asesor de tesis**: Se les guía en cómo seleccionar un asesor adecuado que pueda apoyarles en su proceso de investigación.

6. **Escribir y juzgar propuestas de investigación**: Los estudiantes aprenden a redactar propuestas de investigación y a evaluar las de otros, lo que",MC1003-Seguridad y Criptografía.txt;MC6102-Análisis de Algoritmos.txt;MC7201-Introducción a la Investigación.txt;MC7201-Introducción a la Investigación.txt;MC2301-Planificación estratégica de tecnología de información.txt,25.55,Introducción a la Investigación,MC7201,
deepseek-r1-14b-8bit,open_ended,¿Qué aspectos administrativos se revisan para orientar al estudiante en su posgrado?,"En el curso Introducción a la Investigación de la Maestría en Computación, ¿Qué aspectos administrativos se revisan para orientar al estudiante en su posgrado?

Da una respuesta completa y explicativa.",Los reglamentos y lineamientos del programa de maestría para la presentación de propuestas y tesis.,"En el curso ""Introducción a la Investigación"" de la Maestría en Computación, se revisan los siguientes aspectos administrativos para orientar al estudiante en su posgrado:

1. **Reglamentos y Lineamientos del Programa**: Se orienta a los estudiantes sobre los reglamentos y lineamientos específicos del Programa de Maestría en Computación del ITCR, lo que incluye requisitos, estructura del plan de estudios, y expectativas para el desarrollo de la tesis.

2. **Proceso de Presentación de Propuestas de Investigación**: Se aborda cómo presentar propuestas de investigación, incluyendo la preparación y estructuración de las mismas, y el proceso de aprobación.

3. **Desarrollo de Tesis de Investigación**: Se revisa la metodología y proceso para el desarrollo de la tesis, incluyendo la selección de temas, diseño de experimentos, y metodologías de investigación.

4. **Presentaciones Orales y Escritas**: Se trabaja en habilidades de presentación, tanto orales como escritas, utilizando herramientas como Beamer para presentaciones y LateX para la elaboración de artículos científicos.

5. **Bibliografía y Herramientas de Investigación**: Se introduce a los estudiantes en la utilización de bases de datos, herramientas de investigación y citationes, y",MC1103-Gerencia de tecnología de información.txt;MC7201-Introducción a la Investigación.txt;MC7201-Introducción a la Investigación.txt;MC6102-Análisis de Algoritmos.txt;MC2301-Planificación estratégica de tecnología de información.txt,25.61,Introducción a la Investigación,MC7201,
deepseek-r1-14b-8bit,open_ended,¿Qué elementos debe contener la propuesta de un artículo científico para ser aprobada?,"En el curso Introducción a la Investigación de la Maestría en Computación, ¿Qué elementos debe contener la propuesta de un artículo científico para ser aprobada?

Da una respuesta completa y explicativa.","Definición del problema, su importancia, soluciones previas, propuesta original y efectos esperados.","En el curso ""Introducción a la Investigación"" de la Maestría en Computación, una propuesta de artículo científico debe contener los siguientes elementos para ser aprobada:

1. **Título**: Un título claro y descriptivo que refleje el enfoque y la contribución del estudio.
2. **Resumen**: Una breve descripción del estudio, incluyendo el objetivo, metodología, resultados principales y conclusiones.
3. **Introducción**: Un contexto que sitúe el estudio en el marco teórico existente, identificando lagunas o problemas que se proponen resolver.
4. **Marco Teórico**: Una revisión de la literatura relevante, que incluya definiciones clave, teorías y estudios previos relacionados con el tema.
5. **Objetivos de la Investigación**: Claro enunciado de los objetivos específicos y general del estudio.
6. **Metodología**: Detallamiento de los métodos utilizados para recoger y analizar los datos, incluyendo diseño experimental, herramientas y técnicas estadísticas.
7. **Resultados**: Presentación de los datos recolectados y su análisis, utilizando tablas, gráficos y estadísticas cuando sea apropiado.
8. **Discusión**: Interpretación de los resultados en el contexto de las hipótesis y el marco teó",MC7201-Introducción a la Investigación.txt;MC7201-Introducción a la Investigación.txt;MC6104-Diseño de Experimentos.txt;MC1103-Gerencia de tecnología de información.txt;MC2301-Planificación estratégica de tecnología de información.txt,25.75,Introducción a la Investigación,MC7201,
deepseek-r1-14b-8bit,open_ended,¿Cuál es la herramienta tecnológica obligatoria para la elaboración de presentaciones?,"En el curso Introducción a la Investigación de la Maestría en Computación, ¿Cuál es la herramienta tecnológica obligatoria para la elaboración de presentaciones?

Da una respuesta completa y explicativa.",Beamer.,"En el curso ""Introducción a la Investigación"" de la Maestría en Computación, la herramienta tecnológica obligatoria para la elaboración de presentaciones es **Beamer**. Esto se menciona en el documento de contexto, donde se indica que todas las presentaciones deben prepararse con Beamer y que los estudiantes deben entregar fotocopias del material una semana antes de la presentación. Además, se les recomienda no improvisar elementos no ensayados y que la duración de las presentaciones sea estrictamente cronometrada en 20 minutos.",MC7201-Introducción a la Investigación.txt;MC7201-Introducción a la Investigación.txt;MC6102-Análisis de Algoritmos.txt;MC1103-Gerencia de tecnología de información.txt;MC6102-Análisis de Algoritmos.txt,10.96,Introducción a la Investigación,MC7201,
