model_key,category,question,composed_question,expected_answer,predicted_answer,retrieved_sources,generation_time_s,curso,codigo,error
deepseek-r1-14b-f16,binary,¿Es la asistencia obligatoria?,"En el curso Análisis de Datos en Ciberseguridad de la Maestría en Ciberseguridad, ¿Es la asistencia obligatoria?

Responde únicamente con 'Sí' o 'No'.",Sí,Sí,MC1006-Políticas y Gobernanza en Ciberseguridad.txt;MC1006-Políticas y Gobernanza en Ciberseguridad.txt;MC1003-Seguridad y Criptografía.txt;MC3001-Seguridad de Software Avanzado.txt;MC1001-Análisis de datos en ciberseguridad.txt,1.57,Análisis de Datos en Ciberseguridad,MC1001,
deepseek-r1-14b-f16,binary,¿Tiene el curso requisitos previos?,"En el curso Análisis de Datos en Ciberseguridad de la Maestría en Ciberseguridad, ¿Tiene el curso requisitos previos?

Responde únicamente con 'Sí' o 'No'.",No,No,MC1006-Políticas y Gobernanza en Ciberseguridad.txt;MC3001-Seguridad de Software Avanzado.txt;MC1003-Seguridad y Criptografía.txt;MC1001-Análisis de datos en ciberseguridad.txt;MC3010-Cibercrimen.txt,0.9,Análisis de Datos en Ciberseguridad,MC1001,
deepseek-r1-14b-f16,binary,¿Es un curso electivo?,"En el curso Análisis de Datos en Ciberseguridad de la Maestría en Ciberseguridad, ¿Es un curso electivo?

Responde únicamente con 'Sí' o 'No'.",No,No,MC1006-Políticas y Gobernanza en Ciberseguridad.txt;MC3010-Cibercrimen.txt;MC1001-Análisis de datos en ciberseguridad.txt;MC1003-Seguridad y Criptografía.txt;MC3001-Seguridad de Software Avanzado.txt,0.91,Análisis de Datos en Ciberseguridad,MC1001,
deepseek-r1-14b-f16,binary,¿Existe la posibilidad de ganar el curso por suficiencia?,"En el curso Análisis de Datos en Ciberseguridad de la Maestría en Ciberseguridad, ¿Existe la posibilidad de ganar el curso por suficiencia?

Responde únicamente con 'Sí' o 'No'.",Sí,Sí,MC1003-Seguridad y Criptografía.txt;MC3010-Cibercrimen.txt;MC1006-Políticas y Gobernanza en Ciberseguridad.txt;MC3001-Seguridad de Software Avanzado.txt;MC1001-Análisis de datos en ciberseguridad.txt,0.96,Análisis de Datos en Ciberseguridad,MC1001,
deepseek-r1-14b-f16,binary,¿Es posible el reconocimiento del curso?,"En el curso Análisis de Datos en Ciberseguridad de la Maestría en Ciberseguridad, ¿Es posible el reconocimiento del curso?

Responde únicamente con 'Sí' o 'No'.",Sí,No,MC1003-Seguridad y Criptografía.txt;MC1001-Análisis de datos en ciberseguridad.txt;MC1001-Análisis de datos en ciberseguridad.txt;MC3010-Cibercrimen.txt;MC1006-Políticas y Gobernanza en Ciberseguridad.txt,0.91,Análisis de Datos en Ciberseguridad,MC1001,
deepseek-r1-14b-f16,binary,¿Los laboratorios representan el 75% de la nota final?,"En el curso Análisis de Datos en Ciberseguridad de la Maestría en Ciberseguridad, ¿Los laboratorios representan el 75% de la nota final?

Responde únicamente con 'Sí' o 'No'.",Sí,"No.

Step-by-step explanation:

1. **Identify the relevant course**: The question is about the course ""Análisis de Datos en Ciberseguridad"" (MC1001).

2. **Review the provided context**: Look through the context for MC1001 to find information about evaluation components.

3. **Locate the evaluation section**: In the MC1001 context, under ""Evaluación"", it states:
   - Tareas 50%
   - Laboratorios

4. **Determine the weight of labs**: The context does not specify the exact percentage for laboratorios, only that they are one of the components along with tareas.

5. **Compare with the question**: The question asks if laboratorios represent 75% of the final grade. Since the context does not provide the exact percentage and only mentions two components without their exact weights, we cannot confirm that labs make up 75%.

6. **Conclusion**: Without explicit information, the answer is ""No.""
</think>

No.",MC1003-Seguridad y Criptografía.txt;MC3010-Cibercrimen.txt;MC1006-Políticas y Gobernanza en Ciberseguridad.txt;MC3001-Seguridad de Software Avanzado.txt;MC1001-Análisis de datos en ciberseguridad.txt,10.71,Análisis de Datos en Ciberseguridad,MC1001,
deepseek-r1-14b-f16,binary,¿Es la asistencia obligatoria?,"En el curso Seguridad y Criptografía de la Maestría en Ciberseguridad, ¿Es la asistencia obligatoria?

Responde únicamente con 'Sí' o 'No'.",Sí,Sí,MC1006-Políticas y Gobernanza en Ciberseguridad.txt;MC1006-Políticas y Gobernanza en Ciberseguridad.txt;MC1003-Seguridad y Criptografía.txt;MC3001-Seguridad de Software Avanzado.txt;MC3010-Cibercrimen.txt,0.98,Seguridad y Criptografía,MC1003,
deepseek-r1-14b-f16,binary,¿Es este un curso electivo?,"En el curso Seguridad y Criptografía de la Maestría en Ciberseguridad, ¿Es este un curso electivo?

Responde únicamente con 'Sí' o 'No'.",No,No,MC1006-Políticas y Gobernanza en Ciberseguridad.txt;MC1006-Políticas y Gobernanza en Ciberseguridad.txt;MC1003-Seguridad y Criptografía.txt;MC3001-Seguridad de Software Avanzado.txt;MC3010-Cibercrimen.txt,0.92,Seguridad y Criptografía,MC1003,
deepseek-r1-14b-f16,binary,¿Tiene correquisitos establecidos?,"En el curso Seguridad y Criptografía de la Maestría en Ciberseguridad, ¿Tiene correquisitos establecidos?

Responde únicamente con 'Sí' o 'No'.",No,No,MC1006-Políticas y Gobernanza en Ciberseguridad.txt;MC1006-Políticas y Gobernanza en Ciberseguridad.txt;MC1003-Seguridad y Criptografía.txt;MC3001-Seguridad de Software Avanzado.txt;MC1001-Análisis de datos en ciberseguridad.txt,0.92,Seguridad y Criptografía,MC1003,
deepseek-r1-14b-f16,binary,"¿Es este curso requisito para ""Blockchain y Ledger Distribuidos""?","En el curso Seguridad y Criptografía de la Maestría en Ciberseguridad, ¿Es este curso requisito para ""Blockchain y Ledger Distribuidos""?

Responde únicamente con 'Sí' o 'No'.",Sí,Sí,MC1006-Políticas y Gobernanza en Ciberseguridad.txt;MC1006-Políticas y Gobernanza en Ciberseguridad.txt;MC1003-Seguridad y Criptografía.txt;MC3001-Seguridad de Software Avanzado.txt;MC3010-Cibercrimen.txt,0.95,Seguridad y Criptografía,MC1003,
deepseek-r1-14b-f16,binary,¿Se permite el reconocimiento del curso?,"En el curso Seguridad y Criptografía de la Maestría en Ciberseguridad, ¿Se permite el reconocimiento del curso?

Responde únicamente con 'Sí' o 'No'.",Sí,Sí,MC1003-Seguridad y Criptografía.txt;MC1006-Políticas y Gobernanza en Ciberseguridad.txt;MC3001-Seguridad de Software Avanzado.txt;MC1006-Políticas y Gobernanza en Ciberseguridad.txt;MC3010-Cibercrimen.txt,0.95,Seguridad y Criptografía,MC1003,
deepseek-r1-14b-f16,binary,¿El examen final tiene un valor del 30%?,"En el curso Seguridad y Criptografía de la Maestría en Ciberseguridad, ¿El examen final tiene un valor del 30%?

Responde únicamente con 'Sí' o 'No'.",Sí,No,MC1003-Seguridad y Criptografía.txt;MC3001-Seguridad de Software Avanzado.txt;MC3010-Cibercrimen.txt;MC1001-Análisis de datos en ciberseguridad.txt;MC1006-Políticas y Gobernanza en Ciberseguridad.txt,0.93,Seguridad y Criptografía,MC1003,
deepseek-r1-14b-f16,binary,¿Es el curso de tipo electivo?,"En el curso Políticas y Gobernanza en Ciberseguridad de la Maestría en Ciberseguridad, ¿Es el curso de tipo electivo?

Responde únicamente con 'Sí' o 'No'.",No,No,MC1006-Políticas y Gobernanza en Ciberseguridad.txt;MC1006-Políticas y Gobernanza en Ciberseguridad.txt;MC3010-Cibercrimen.txt;MC3001-Seguridad de Software Avanzado.txt;MC1003-Seguridad y Criptografía.txt,0.91,Políticas y Gobernanza en Ciberseguridad,MC1006,
deepseek-r1-14b-f16,binary,¿Es la asistencia obligatoria?,"En el curso Políticas y Gobernanza en Ciberseguridad de la Maestría en Ciberseguridad, ¿Es la asistencia obligatoria?

Responde únicamente con 'Sí' o 'No'.",Sí,Sí,MC1006-Políticas y Gobernanza en Ciberseguridad.txt;MC1006-Políticas y Gobernanza en Ciberseguridad.txt;MC3010-Cibercrimen.txt;MC3001-Seguridad de Software Avanzado.txt;MC1003-Seguridad y Criptografía.txt,0.98,Políticas y Gobernanza en Ciberseguridad,MC1006,
deepseek-r1-14b-f16,binary,¿Se permite el reconocimiento de este curso?,"En el curso Políticas y Gobernanza en Ciberseguridad de la Maestría en Ciberseguridad, ¿Se permite el reconocimiento de este curso?

Responde únicamente con 'Sí' o 'No'.",No,No,MC1006-Políticas y Gobernanza en Ciberseguridad.txt;MC1006-Políticas y Gobernanza en Ciberseguridad.txt;MC1003-Seguridad y Criptografía.txt;MC3010-Cibercrimen.txt;MC3001-Seguridad de Software Avanzado.txt,0.94,Políticas y Gobernanza en Ciberseguridad,MC1006,
deepseek-r1-14b-f16,binary,¿Existe la posibilidad de suficiencia?,"En el curso Políticas y Gobernanza en Ciberseguridad de la Maestría en Ciberseguridad, ¿Existe la posibilidad de suficiencia?

Responde únicamente con 'Sí' o 'No'.",Sí,Sí,MC1006-Políticas y Gobernanza en Ciberseguridad.txt;MC1006-Políticas y Gobernanza en Ciberseguridad.txt;MC3010-Cibercrimen.txt;MC1003-Seguridad y Criptografía.txt;MC3001-Seguridad de Software Avanzado.txt,0.98,Políticas y Gobernanza en Ciberseguridad,MC1006,
deepseek-r1-14b-f16,binary,¿Se ubica el curso en el primer trimestre del plan de estudios?,"En el curso Políticas y Gobernanza en Ciberseguridad de la Maestría en Ciberseguridad, ¿Se ubica el curso en el primer trimestre del plan de estudios?

Responde únicamente con 'Sí' o 'No'.",Sí,Sí,MC1006-Políticas y Gobernanza en Ciberseguridad.txt;MC1006-Políticas y Gobernanza en Ciberseguridad.txt;MC3010-Cibercrimen.txt;MC1003-Seguridad y Criptografía.txt;MC3001-Seguridad de Software Avanzado.txt,0.96,Políticas y Gobernanza en Ciberseguridad,MC1006,
deepseek-r1-14b-f16,binary,¿El estudio de casos vale un 40% de la calificación?,"En el curso Políticas y Gobernanza en Ciberseguridad de la Maestría en Ciberseguridad, ¿El estudio de casos vale un 40% de la calificación?

Responde únicamente con 'Sí' o 'No'.",Sí,No,MC1006-Políticas y Gobernanza en Ciberseguridad.txt;MC1006-Políticas y Gobernanza en Ciberseguridad.txt;MC1001-Análisis de datos en ciberseguridad.txt;MC3010-Cibercrimen.txt;MC1003-Seguridad y Criptografía.txt,0.94,Políticas y Gobernanza en Ciberseguridad,MC1006,
deepseek-r1-14b-f16,binary,¿Es un curso electivo?,"En el curso Seguridad de Software Avanzado de la Maestría en Ciberseguridad, ¿Es un curso electivo?

Responde únicamente con 'Sí' o 'No'.",No,No,MC3001-Seguridad de Software Avanzado.txt;MC1006-Políticas y Gobernanza en Ciberseguridad.txt;MC1006-Políticas y Gobernanza en Ciberseguridad.txt;MC1003-Seguridad y Criptografía.txt;MC3010-Cibercrimen.txt,0.92,Seguridad de Software Avanzado,MC3001,
deepseek-r1-14b-f16,binary,¿Es obligatoria la asistencia?,"En el curso Seguridad de Software Avanzado de la Maestría en Ciberseguridad, ¿Es obligatoria la asistencia?

Responde únicamente con 'Sí' o 'No'.",Sí,Sí,MC1006-Políticas y Gobernanza en Ciberseguridad.txt;MC1006-Políticas y Gobernanza en Ciberseguridad.txt;MC3001-Seguridad de Software Avanzado.txt;MC1003-Seguridad y Criptografía.txt;MC3010-Cibercrimen.txt,0.99,Seguridad de Software Avanzado,MC3001,
deepseek-r1-14b-f16,binary,¿Tiene requisitos previos?,"En el curso Seguridad de Software Avanzado de la Maestría en Ciberseguridad, ¿Tiene requisitos previos?

Responde únicamente con 'Sí' o 'No'.",No,No,MC3001-Seguridad de Software Avanzado.txt;MC1006-Políticas y Gobernanza en Ciberseguridad.txt;MC1006-Políticas y Gobernanza en Ciberseguridad.txt;MC1003-Seguridad y Criptografía.txt;MC3001-Seguridad de Software Avanzado.txt,0.91,Seguridad de Software Avanzado,MC3001,
deepseek-r1-14b-f16,binary,¿Es requisito para el curso de Seguridad en la Nube?,"En el curso Seguridad de Software Avanzado de la Maestría en Ciberseguridad, ¿Es requisito para el curso de Seguridad en la Nube?

Responde únicamente con 'Sí' o 'No'.",Sí,Sí,MC3001-Seguridad de Software Avanzado.txt;MC1006-Políticas y Gobernanza en Ciberseguridad.txt;MC1006-Políticas y Gobernanza en Ciberseguridad.txt;MC1003-Seguridad y Criptografía.txt;MC3010-Cibercrimen.txt,0.99,Seguridad de Software Avanzado,MC3001,
deepseek-r1-14b-f16,binary,¿Se permite la suficiencia?,"En el curso Seguridad de Software Avanzado de la Maestría en Ciberseguridad, ¿Se permite la suficiencia?

Responde únicamente con 'Sí' o 'No'.",No,No,MC1006-Políticas y Gobernanza en Ciberseguridad.txt;MC3001-Seguridad de Software Avanzado.txt;MC3001-Seguridad de Software Avanzado.txt;MC1006-Políticas y Gobernanza en Ciberseguridad.txt;MC1003-Seguridad y Criptografía.txt,0.86,Seguridad de Software Avanzado,MC3001,
deepseek-r1-14b-f16,binary,¿El examen final vale el 30% de la nota?,"En el curso Seguridad de Software Avanzado de la Maestría en Ciberseguridad, ¿El examen final vale el 30% de la nota?

Responde únicamente con 'Sí' o 'No'.",Sí,"No.

Step-by-Step Explanation:

1. **Identify the Context**: The question is about the final exam weight in the ""Seguridad de Software Avanzado"" course from the Master's in Cybersecurity.

2. **Review the Provided Context**: Look through the context documents to find information about the grading criteria for this course.

3. **Focus on MC3001 Document**: The relevant course details are in the MC3001-Seguridad de Software Avanzado document.

4. **Search for Evaluation Criteria**: In the MC3001 document, under the ""Evaluación"" section, it mentions that the evaluation consists of three components: tasks (50%), labs (50%), and a final exam.

5. **Confirm the Final Exam Weight**: The final exam is not explicitly mentioned as part of the evaluation breakdown. Tasks and labs each account for 50%, but there's no mention of a final exam contributing 30%.

6. **Conclusion**: Since the final exam's weight isn't specified in the provided context, the answer is that there's not enough information to confirm the exam's weight.

Answer: No.

Respuesta: No.",MC3001-Seguridad de Software Avanzado.txt;MC1003-Seguridad y Criptografía.txt;MC3010-Cibercrimen.txt;MC1001-Análisis de datos en ciberseguridad.txt;MC1006-Políticas y Gobernanza en Ciberseguridad.txt,11.95,Seguridad de Software Avanzado,MC3001,
deepseek-r1-14b-f16,binary,¿Es el curso de tipo electivo?,"En el curso Cibercrimen de la Maestría en Ciberseguridad, ¿Es el curso de tipo electivo?

Responde únicamente con 'Sí' o 'No'.",Sí,Sí,MC1006-Políticas y Gobernanza en Ciberseguridad.txt;MC3010-Cibercrimen.txt;MC1006-Políticas y Gobernanza en Ciberseguridad.txt;MC3001-Seguridad de Software Avanzado.txt;MC1003-Seguridad y Criptografía.txt,0.96,Cibercrimen,MC3010,
deepseek-r1-14b-f16,binary,¿Es obligatoria la asistencia?,"En el curso Cibercrimen de la Maestría en Ciberseguridad, ¿Es obligatoria la asistencia?

Responde únicamente con 'Sí' o 'No'.",Sí,Sí,MC1006-Políticas y Gobernanza en Ciberseguridad.txt;MC1006-Políticas y Gobernanza en Ciberseguridad.txt;MC3010-Cibercrimen.txt;MC3001-Seguridad de Software Avanzado.txt;MC1003-Seguridad y Criptografía.txt,0.99,Cibercrimen,MC3010,
deepseek-r1-14b-f16,binary,¿Tiene requisitos o correquisitos?,"En el curso Cibercrimen de la Maestría en Ciberseguridad, ¿Tiene requisitos o correquisitos?

Responde únicamente con 'Sí' o 'No'.",No,No,MC1006-Políticas y Gobernanza en Ciberseguridad.txt;MC1006-Políticas y Gobernanza en Ciberseguridad.txt;MC3010-Cibercrimen.txt;MC3001-Seguridad de Software Avanzado.txt;MC1003-Seguridad y Criptografía.txt,0.94,Cibercrimen,MC3010,
deepseek-r1-14b-f16,binary,¿Se permite la suficiencia para este curso?,"En el curso Cibercrimen de la Maestría en Ciberseguridad, ¿Se permite la suficiencia para este curso?

Responde únicamente con 'Sí' o 'No'.",No,No,MC3010-Cibercrimen.txt;MC1006-Políticas y Gobernanza en Ciberseguridad.txt;MC1003-Seguridad y Criptografía.txt;MC3001-Seguridad de Software Avanzado.txt;MC1006-Políticas y Gobernanza en Ciberseguridad.txt,0.92,Cibercrimen,MC3010,
deepseek-r1-14b-f16,binary,¿Existe la posibilidad de reconocimiento?,"En el curso Cibercrimen de la Maestría en Ciberseguridad, ¿Existe la posibilidad de reconocimiento?

Responde únicamente con 'Sí' o 'No'.",No,No,MC1001-Análisis de datos en ciberseguridad.txt;MC1006-Políticas y Gobernanza en Ciberseguridad.txt;MC1006-Políticas y Gobernanza en Ciberseguridad.txt;MC1003-Seguridad y Criptografía.txt;MC3010-Cibercrimen.txt,0.95,Cibercrimen,MC3010,
deepseek-r1-14b-f16,binary,¿La investigación social aplicada tiene un peso del 40%?,"En el curso Cibercrimen de la Maestría en Ciberseguridad, ¿La investigación social aplicada tiene un peso del 40%?

Responde únicamente con 'Sí' o 'No'.",Sí,"No.

La investigación social aplicada no tiene un peso del 40% en el curso Cibercrimen. Según el contexto proporcionado, la evaluación del curso se compone de tres componentes: pruebas cortas (20%), investigación social aplicada (40%) y estudio de casos (40%). Por lo tanto, la investigación social aplicada tiene un peso del 40%.

Respuesta: Sí",MC1006-Políticas y Gobernanza en Ciberseguridad.txt;MC1006-Políticas y Gobernanza en Ciberseguridad.txt;MC3010-Cibercrimen.txt;MC1001-Análisis de datos en ciberseguridad.txt;MC3010-Cibercrimen.txt,4.83,Cibercrimen,MC3010,
deepseek-r1-14b-f16,binary,¿Es un curso obligatorio?,"En el curso Sistemas Estratégicos Empresariales de la Maestría en Gerencia de Tecnologías de la Información, ¿Es un curso obligatorio?

Responde únicamente con 'Sí' o 'No'.",Sí,Sí,MC1103-Gerencia de tecnología de información.txt;MC1101-Sistemas Estratégicos Empresariales.txt;MC1101-Sistemas Estratégicos Empresariales.txt;MC2301-Planificación estratégica de tecnología de información.txt;MC2301-Planificación estratégica de tecnología de información.txt,0.79,Sistemas Estratégicos Empresariales,MC1101,
deepseek-r1-14b-f16,binary,¿Tiene requisitos o correquisitos previos?,"En el curso Sistemas Estratégicos Empresariales de la Maestría en Gerencia de Tecnologías de la Información, ¿Tiene requisitos o correquisitos previos?

Responde únicamente con 'Sí' o 'No'.",No,No,MC1101-Sistemas Estratégicos Empresariales.txt;MC2301-Planificación estratégica de tecnología de información.txt;MC1103-Gerencia de tecnología de información.txt;MC1103-Gerencia de tecnología de información.txt;MC2301-Planificación estratégica de tecnología de información.txt,0.74,Sistemas Estratégicos Empresariales,MC1101,
deepseek-r1-14b-f16,binary,¿Es la asistencia obligatoria?,"En el curso Sistemas Estratégicos Empresariales de la Maestría en Gerencia de Tecnologías de la Información, ¿Es la asistencia obligatoria?

Responde únicamente con 'Sí' o 'No'.",Sí,"No.

Respuesta: No",MC1101-Sistemas Estratégicos Empresariales.txt;MC1103-Gerencia de tecnología de información.txt;MC1006-Políticas y Gobernanza en Ciberseguridad.txt;MC1201-Administración financiera de tecnología de información.txt;MC1103-Gerencia de tecnología de información.txt,1.09,Sistemas Estratégicos Empresariales,MC1101,
deepseek-r1-14b-f16,binary,¿Existe la posibilidad de suficiencia?,"En el curso Sistemas Estratégicos Empresariales de la Maestría en Gerencia de Tecnologías de la Información, ¿Existe la posibilidad de suficiencia?

Responde únicamente con 'Sí' o 'No'.",No,No,MC1101-Sistemas Estratégicos Empresariales.txt;MC1103-Gerencia de tecnología de información.txt;MC2301-Planificación estratégica de tecnología de información.txt;MC1103-Gerencia de tecnología de información.txt;MC1006-Políticas y Gobernanza en Ciberseguridad.txt,0.76,Sistemas Estratégicos Empresariales,MC1101,
deepseek-r1-14b-f16,binary,¿Es posible el reconocimiento del curso?,"En el curso Sistemas Estratégicos Empresariales de la Maestría en Gerencia de Tecnologías de la Información, ¿Es posible el reconocimiento del curso?

Responde únicamente con 'Sí' o 'No'.",No,"No.
</think>

No.",MC1101-Sistemas Estratégicos Empresariales.txt;MC2301-Planificación estratégica de tecnología de información.txt;MC1103-Gerencia de tecnología de información.txt;MC1103-Gerencia de tecnología de información.txt;MC1101-Sistemas Estratégicos Empresariales.txt,0.99,Sistemas Estratégicos Empresariales,MC1101,
deepseek-r1-14b-f16,binary,¿La investigación en sistema empresarial vale un 40%?,"En el curso Sistemas Estratégicos Empresariales de la Maestría en Gerencia de Tecnologías de la Información, ¿La investigación en sistema empresarial vale un 40%?

Responde únicamente con 'Sí' o 'No'.",Sí,Sí,MC1101-Sistemas Estratégicos Empresariales.txt;MC2301-Planificación estratégica de tecnología de información.txt;MC1101-Sistemas Estratégicos Empresariales.txt;MC2301-Planificación estratégica de tecnología de información.txt;MC1103-Gerencia de tecnología de información.txt,0.7,Sistemas Estratégicos Empresariales,MC1101,
deepseek-r1-14b-f16,binary,¿Es la asistencia obligatoria?,"En el curso Gerencia de Tecnología de Información de la Maestría en Gerencia de Tecnologías de la Información, ¿Es la asistencia obligatoria?

Responde únicamente con 'Sí' o 'No'.",Sí,Sí,MC1103-Gerencia de tecnología de información.txt;MC1201-Administración financiera de tecnología de información.txt;MC1103-Gerencia de tecnología de información.txt;MC1006-Políticas y Gobernanza en Ciberseguridad.txt;MC2301-Planificación estratégica de tecnología de información.txt,0.81,Gerencia de Tecnología de Información,MC1103,
deepseek-r1-14b-f16,binary,¿Tiene el curso requisitos previos?,"En el curso Gerencia de Tecnología de Información de la Maestría en Gerencia de Tecnologías de la Información, ¿Tiene el curso requisitos previos?

Responde únicamente con 'Sí' o 'No'.",No,No,MC1103-Gerencia de tecnología de información.txt;MC2301-Planificación estratégica de tecnología de información.txt;MC2301-Planificación estratégica de tecnología de información.txt;MC1101-Sistemas Estratégicos Empresariales.txt;MC1203-Administración y estrategia de proyectos I.txt,0.74,Gerencia de Tecnología de Información,MC1103,
deepseek-r1-14b-f16,binary,¿Se permite la suficiencia?,"En el curso Gerencia de Tecnología de Información de la Maestría en Gerencia de Tecnologías de la Información, ¿Se permite la suficiencia?

Responde únicamente con 'Sí' o 'No'.",No,"No.
</think>

No.",MC1103-Gerencia de tecnología de información.txt;MC2301-Planificación estratégica de tecnología de información.txt;MC1103-Gerencia de tecnología de información.txt;MC1006-Políticas y Gobernanza en Ciberseguridad.txt;MC1101-Sistemas Estratégicos Empresariales.txt,1.0,Gerencia de Tecnología de Información,MC1103,
deepseek-r1-14b-f16,binary,¿Es posible el reconocimiento del curso?,"En el curso Gerencia de Tecnología de Información de la Maestría en Gerencia de Tecnologías de la Información, ¿Es posible el reconocimiento del curso?

Responde únicamente con 'Sí' o 'No'.",No,No,MC1103-Gerencia de tecnología de información.txt;MC7201-Introducción a la Investigación.txt;MC1103-Gerencia de tecnología de información.txt;MC2301-Planificación estratégica de tecnología de información.txt;MC1101-Sistemas Estratégicos Empresariales.txt,0.76,Gerencia de Tecnología de Información,MC1103,
deepseek-r1-14b-f16,binary,¿El estudio de casos vale un 40% de la nota?,"En el curso Gerencia de Tecnología de Información de la Maestría en Gerencia de Tecnologías de la Información, ¿El estudio de casos vale un 40% de la nota?

Responde únicamente con 'Sí' o 'No'.",Sí,Sí,MC1103-Gerencia de tecnología de información.txt;MC1101-Sistemas Estratégicos Empresariales.txt;MC2301-Planificación estratégica de tecnología de información.txt;MC6104-Diseño de Experimentos.txt;MC6004-Sistemas Operativos Avanzados.txt,0.53,Gerencia de Tecnología de Información,MC1103,
deepseek-r1-14b-f16,binary,¿Requiere el curso la elaboración de una investigación bibliográfica?,"En el curso Gerencia de Tecnología de Información de la Maestría en Gerencia de Tecnologías de la Información, ¿Requiere el curso la elaboración de una investigación bibliográfica?

Responde únicamente con 'Sí' o 'No'.",Sí,Sí,MC1103-Gerencia de tecnología de información.txt;MC2301-Planificación estratégica de tecnología de información.txt;MC1101-Sistemas Estratégicos Empresariales.txt;MC6004-Sistemas Operativos Avanzados.txt;MC7201-Introducción a la Investigación.txt,0.7,Gerencia de Tecnología de Información,MC1103,
deepseek-r1-14b-f16,binary,¿Es este un curso obligatorio?,"En el curso Administración Financiera de TI de la Maestría en Gerencia de Tecnologías de la Información, ¿Es este un curso obligatorio?

Responde únicamente con 'Sí' o 'No'.",Sí,Sí,MC1201-Administración financiera de tecnología de información.txt;MC1201-Administración financiera de tecnología de información.txt;MC1101-Sistemas Estratégicos Empresariales.txt;MC1103-Gerencia de tecnología de información.txt;MC1006-Políticas y Gobernanza en Ciberseguridad.txt,0.91,Administración Financiera de TI,MC1201,
deepseek-r1-14b-f16,binary,¿Se permite el reconocimiento del curso?,"En el curso Administración Financiera de TI de la Maestría en Gerencia de Tecnologías de la Información, ¿Se permite el reconocimiento del curso?

Responde únicamente con 'Sí' o 'No'.",Sí,Sí,MC1201-Administración financiera de tecnología de información.txt;MC1101-Sistemas Estratégicos Empresariales.txt;MC1103-Gerencia de tecnología de información.txt;MC2301-Planificación estratégica de tecnología de información.txt;MC1203-Administración y estrategia de proyectos I.txt,0.8,Administración Financiera de TI,MC1201,
deepseek-r1-14b-f16,binary,¿Existe la posibilidad de suficiencia?,"En el curso Administración Financiera de TI de la Maestría en Gerencia de Tecnologías de la Información, ¿Existe la posibilidad de suficiencia?

Responde únicamente con 'Sí' o 'No'.",No,No,MC1201-Administración financiera de tecnología de información.txt;MC1101-Sistemas Estratégicos Empresariales.txt;MC1103-Gerencia de tecnología de información.txt;MC1201-Administración financiera de tecnología de información.txt;MC1103-Gerencia de tecnología de información.txt,0.83,Administración Financiera de TI,MC1201,
deepseek-r1-14b-f16,binary,¿Es la asistencia obligatoria?,"En el curso Administración Financiera de TI de la Maestría en Gerencia de Tecnologías de la Información, ¿Es la asistencia obligatoria?

Responde únicamente con 'Sí' o 'No'.",Sí,Sí,MC1201-Administración financiera de tecnología de información.txt;MC1201-Administración financiera de tecnología de información.txt;MC1006-Políticas y Gobernanza en Ciberseguridad.txt;MC1103-Gerencia de tecnología de información.txt;MC1103-Gerencia de tecnología de información.txt,0.9,Administración Financiera de TI,MC1201,
deepseek-r1-14b-f16,binary,¿Se ubica en el segundo semestre del programa?,"En el curso Administración Financiera de TI de la Maestría en Gerencia de Tecnologías de la Información, ¿Se ubica en el segundo semestre del programa?

Responde únicamente con 'Sí' o 'No'.",Sí,Sí,MC1201-Administración financiera de tecnología de información.txt;MC1101-Sistemas Estratégicos Empresariales.txt;MC1201-Administración financiera de tecnología de información.txt;MC1203-Administración y estrategia de proyectos I.txt;MC2301-Planificación estratégica de tecnología de información.txt,0.9,Administración Financiera de TI,MC1201,
deepseek-r1-14b-f16,binary,¿Los dos exámenes parciales valen un 50% en total?,"En el curso Administración Financiera de TI de la Maestría en Gerencia de Tecnologías de la Información, ¿Los dos exámenes parciales valen un 50% en total?

Responde únicamente con 'Sí' o 'No'.",Sí,"No.

Respuesta: No",MC1101-Sistemas Estratégicos Empresariales.txt;MC1003-Seguridad y Criptografía.txt;MC2301-Planificación estratégica de tecnología de información.txt;MC6004-Sistemas Operativos Avanzados.txt;MC6104-Diseño de Experimentos.txt,0.62,Administración Financiera de TI,MC1201,
deepseek-r1-14b-f16,binary,¿Es un curso obligatorio?,"En el curso Administración y Estrategia de Proyectos I de la Maestría en Gerencia de Tecnologías de la Información, ¿Es un curso obligatorio?

Responde únicamente con 'Sí' o 'No'.",No,Sí,MC1103-Gerencia de tecnología de información.txt;MC1203-Administración y estrategia de proyectos I.txt;MC1203-Administración y estrategia de proyectos I.txt;MC2301-Planificación estratégica de tecnología de información.txt;MC1101-Sistemas Estratégicos Empresariales.txt,0.79,Administración y Estrategia de Proyectos I,MC1203,
deepseek-r1-14b-f16,binary,¿Es la asistencia obligatoria?,"En el curso Administración y Estrategia de Proyectos I de la Maestría en Gerencia de Tecnologías de la Información, ¿Es la asistencia obligatoria?

Responde únicamente con 'Sí' o 'No'.",Sí,"No.

Respuesta: No",MC1103-Gerencia de tecnología de información.txt;MC1006-Políticas y Gobernanza en Ciberseguridad.txt;MC1203-Administración y estrategia de proyectos I.txt;MC1201-Administración financiera de tecnología de información.txt;MC1006-Políticas y Gobernanza en Ciberseguridad.txt,1.14,Administración y Estrategia de Proyectos I,MC1203,
deepseek-r1-14b-f16,binary,¿Es requisito para el curso de Administración y Estrategia de Proyectos II?,"En el curso Administración y Estrategia de Proyectos I de la Maestría en Gerencia de Tecnologías de la Información, ¿Es requisito para el curso de Administración y Estrategia de Proyectos II?

Responde únicamente con 'Sí' o 'No'.",Sí,"No.

Respuesta: No",MC1203-Administración y estrategia de proyectos I.txt;MC1103-Gerencia de tecnología de información.txt;MC2301-Planificación estratégica de tecnología de información.txt;MC1203-Administración y estrategia de proyectos I.txt;MC1103-Gerencia de tecnología de información.txt,0.94,Administración y Estrategia de Proyectos I,MC1203,
deepseek-r1-14b-f16,binary,¿Permite el curso la suficiencia?,"En el curso Administración y Estrategia de Proyectos I de la Maestría en Gerencia de Tecnologías de la Información, ¿Permite el curso la suficiencia?

Responde únicamente con 'Sí' o 'No'.",No,No,MC1103-Gerencia de tecnología de información.txt;MC2301-Planificación estratégica de tecnología de información.txt;MC1203-Administración y estrategia de proyectos I.txt;MC1203-Administración y estrategia de proyectos I.txt;MC1101-Sistemas Estratégicos Empresariales.txt,0.74,Administración y Estrategia de Proyectos I,MC1203,
deepseek-r1-14b-f16,binary,¿Existe la posibilidad de reconocimiento?,"En el curso Administración y Estrategia de Proyectos I de la Maestría en Gerencia de Tecnologías de la Información, ¿Existe la posibilidad de reconocimiento?

Responde únicamente con 'Sí' o 'No'.",Sí,No,MC1103-Gerencia de tecnología de información.txt;MC2301-Planificación estratégica de tecnología de información.txt;MC1006-Políticas y Gobernanza en Ciberseguridad.txt;MC1006-Políticas y Gobernanza en Ciberseguridad.txt;MC1203-Administración y estrategia de proyectos I.txt,0.64,Administración y Estrategia de Proyectos I,MC1203,
deepseek-r1-14b-f16,binary,¿La resolución de casos prácticos vale un 25%?,"En el curso Administración y Estrategia de Proyectos I de la Maestría en Gerencia de Tecnologías de la Información, ¿La resolución de casos prácticos vale un 25%?

Responde únicamente con 'Sí' o 'No'.",Sí,Sí,MC1103-Gerencia de tecnología de información.txt;MC2301-Planificación estratégica de tecnología de información.txt;MC1103-Gerencia de tecnología de información.txt;MC1101-Sistemas Estratégicos Empresariales.txt;MC1203-Administración y estrategia de proyectos I.txt,0.61,Administración y Estrategia de Proyectos I,MC1203,
deepseek-r1-14b-f16,binary,¿Es un curso obligatorio?,"En el curso Planificación Estratégica de TI de la Maestría en Gerencia de Tecnologías de la Información, ¿Es un curso obligatorio?

Responde únicamente con 'Sí' o 'No'.",Sí,"No.

Respuesta: No",MC1103-Gerencia de tecnología de información.txt;MC2301-Planificación estratégica de tecnología de información.txt;MC2301-Planificación estratégica de tecnología de información.txt;MC1101-Sistemas Estratégicos Empresariales.txt;MC1203-Administración y estrategia de proyectos I.txt,0.96,Planificación Estratégica de TI,MC2301,
deepseek-r1-14b-f16,binary,¿Es la asistencia obligatoria?,"En el curso Planificación Estratégica de TI de la Maestría en Gerencia de Tecnologías de la Información, ¿Es la asistencia obligatoria?

Responde únicamente con 'Sí' o 'No'.",Sí,"No.

Respuesta: No",MC1103-Gerencia de tecnología de información.txt;MC2301-Planificación estratégica de tecnología de información.txt;MC1201-Administración financiera de tecnología de información.txt;MC2301-Planificación estratégica de tecnología de información.txt;MC1006-Políticas y Gobernanza en Ciberseguridad.txt,1.0,Planificación Estratégica de TI,MC2301,
deepseek-r1-14b-f16,binary,¿Se reprueba el curso con 4 faltas de asistencia injustificadas?,"En el curso Planificación Estratégica de TI de la Maestría en Gerencia de Tecnologías de la Información, ¿Se reprueba el curso con 4 faltas de asistencia injustificadas?

Responde únicamente con 'Sí' o 'No'.",Sí,"No.

Respuesta: No",MC1103-Gerencia de tecnología de información.txt;MC2301-Planificación estratégica de tecnología de información.txt;MC1203-Administración y estrategia de proyectos I.txt;MC6004-Sistemas Operativos Avanzados.txt;MC1101-Sistemas Estratégicos Empresariales.txt,0.86,Planificación Estratégica de TI,MC2301,
deepseek-r1-14b-f16,binary,¿Existe la posibilidad de suficiencia?,"En el curso Planificación Estratégica de TI de la Maestría en Gerencia de Tecnologías de la Información, ¿Existe la posibilidad de suficiencia?

Responde únicamente con 'Sí' o 'No'.",No,No,MC1103-Gerencia de tecnología de información.txt;MC2301-Planificación estratégica de tecnología de información.txt;MC1101-Sistemas Estratégicos Empresariales.txt;MC2301-Planificación estratégica de tecnología de información.txt;MC1006-Políticas y Gobernanza en Ciberseguridad.txt,0.76,Planificación Estratégica de TI,MC2301,
deepseek-r1-14b-f16,binary,¿Se permite el reconocimiento del curso?,"En el curso Planificación Estratégica de TI de la Maestría en Gerencia de Tecnologías de la Información, ¿Se permite el reconocimiento del curso?

Responde únicamente con 'Sí' o 'No'.",No,"No.

Respuesta: No",MC1103-Gerencia de tecnología de información.txt;MC2301-Planificación estratégica de tecnología de información.txt;MC2301-Planificación estratégica de tecnología de información.txt;MC1203-Administración y estrategia de proyectos I.txt;MC1101-Sistemas Estratégicos Empresariales.txt,1.0,Planificación Estratégica de TI,MC2301,
deepseek-r1-14b-f16,binary,¿La resolución de casos vale un 40% de la nota?,"En el curso Planificación Estratégica de TI de la Maestría en Gerencia de Tecnologías de la Información, ¿La resolución de casos vale un 40% de la nota?

Responde únicamente con 'Sí' o 'No'.",Sí,Sí,MC2301-Planificación estratégica de tecnología de información.txt;MC1103-Gerencia de tecnología de información.txt;MC1103-Gerencia de tecnología de información.txt;MC1101-Sistemas Estratégicos Empresariales.txt;MC2301-Planificación estratégica de tecnología de información.txt,0.7,Planificación Estratégica de TI,MC2301,
deepseek-r1-14b-f16,binary,¿Es un curso electivo?,"En el curso Teoría de Autómatas de la Maestría en Computación, ¿Es un curso electivo?

Responde únicamente con 'Sí' o 'No'.",No,"No.

Respuesta: No",MC6003-Teoría de Autómatas.txt;MC6102-Análisis de Algoritmos.txt;MC6104-Diseño de Experimentos.txt;MC6004-Sistemas Operativos Avanzados.txt;MC7201-Introducción a la Investigación.txt,1.19,Teoría de Autómatas,MC6003,
deepseek-r1-14b-f16,binary,¿Es la asistencia obligatoria?,"En el curso Teoría de Autómatas de la Maestría en Computación, ¿Es la asistencia obligatoria?

Responde únicamente con 'Sí' o 'No'.",Sí,Sí,MC6003-Teoría de Autómatas.txt;MC6102-Análisis de Algoritmos.txt;MC6104-Diseño de Experimentos.txt;MC6104-Diseño de Experimentos.txt;MC1103-Gerencia de tecnología de información.txt,0.99,Teoría de Autómatas,MC6003,
deepseek-r1-14b-f16,binary,¿Se permite la suficiencia?,"En el curso Teoría de Autómatas de la Maestría en Computación, ¿Se permite la suficiencia?

Responde únicamente con 'Sí' o 'No'.",Sí,Sí,MC6003-Teoría de Autómatas.txt;MC6102-Análisis de Algoritmos.txt;MC7201-Introducción a la Investigación.txt;MC6104-Diseño de Experimentos.txt;MC6004-Sistemas Operativos Avanzados.txt,1.0,Teoría de Autómatas,MC6003,
deepseek-r1-14b-f16,binary,¿Es posible el reconocimiento del curso?,"En el curso Teoría de Autómatas de la Maestría en Computación, ¿Es posible el reconocimiento del curso?

Responde únicamente con 'Sí' o 'No'.",Sí,Sí,MC6003-Teoría de Autómatas.txt;MC6102-Análisis de Algoritmos.txt;MC7201-Introducción a la Investigación.txt;MC6104-Diseño de Experimentos.txt;MC7201-Introducción a la Investigación.txt,1.0,Teoría de Autómatas,MC6003,
deepseek-r1-14b-f16,binary,¿Tiene requisitos previos?,"En el curso Teoría de Autómatas de la Maestría en Computación, ¿Tiene requisitos previos?

Responde únicamente con 'Sí' o 'No'.",No,No,MC6003-Teoría de Autómatas.txt;MC6104-Diseño de Experimentos.txt;MC6102-Análisis de Algoritmos.txt;MC7201-Introducción a la Investigación.txt;MC6004-Sistemas Operativos Avanzados.txt,0.96,Teoría de Autómatas,MC6003,
deepseek-r1-14b-f16,binary,¿El examen final vale el 30%?,"En el curso Teoría de Autómatas de la Maestría en Computación, ¿El examen final vale el 30%?

Responde únicamente con 'Sí' o 'No'.",Sí,"No.

Respuesta: No",MC6004-Sistemas Operativos Avanzados.txt;MC1003-Seguridad y Criptografía.txt;MC6003-Teoría de Autómatas.txt;MC2301-Planificación estratégica de tecnología de información.txt;MC6104-Diseño de Experimentos.txt,0.82,Teoría de Autómatas,MC6003,
deepseek-r1-14b-f16,binary,¿Es un curso electivo?,"En el curso Sistemas Operativos Avanzados de la Maestría en Computación, ¿Es un curso electivo?

Responde únicamente con 'Sí' o 'No'.",No,"No.

Respuesta: No",MC6004-Sistemas Operativos Avanzados.txt;MC6102-Análisis de Algoritmos.txt;MC6003-Teoría de Autómatas.txt;MC6104-Diseño de Experimentos.txt;MC7201-Introducción a la Investigación.txt,1.19,Sistemas Operativos Avanzados,MC6004,
deepseek-r1-14b-f16,binary,¿Es la asistencia obligatoria?,"En el curso Sistemas Operativos Avanzados de la Maestría en Computación, ¿Es la asistencia obligatoria?

Responde únicamente con 'Sí' o 'No'.",Sí,Sí,MC6004-Sistemas Operativos Avanzados.txt;MC1201-Administración financiera de tecnología de información.txt;MC6102-Análisis de Algoritmos.txt;MC1203-Administración y estrategia de proyectos I.txt;MC1006-Políticas y Gobernanza en Ciberseguridad.txt,0.91,Sistemas Operativos Avanzados,MC6004,
deepseek-r1-14b-f16,binary,"¿Es requisito para ""Redes de Computadores Avanzadas""?","En el curso Sistemas Operativos Avanzados de la Maestría en Computación, ¿Es requisito para ""Redes de Computadores Avanzadas""?

Responde únicamente con 'Sí' o 'No'.",Sí,Sí,MC6004-Sistemas Operativos Avanzados.txt;MC6102-Análisis de Algoritmos.txt;MC6104-Diseño de Experimentos.txt;MC7201-Introducción a la Investigación.txt;MC6003-Teoría de Autómatas.txt,1.02,Sistemas Operativos Avanzados,MC6004,
deepseek-r1-14b-f16,binary,¿Permite el curso la suficiencia?,"En el curso Sistemas Operativos Avanzados de la Maestría en Computación, ¿Permite el curso la suficiencia?

Responde únicamente con 'Sí' o 'No'.",Sí,No,MC6102-Análisis de Algoritmos.txt;MC6004-Sistemas Operativos Avanzados.txt;MC6104-Diseño de Experimentos.txt;MC6003-Teoría de Autómatas.txt;MC1203-Administración y estrategia de proyectos I.txt,0.95,Sistemas Operativos Avanzados,MC6004,
deepseek-r1-14b-f16,binary,¿Se permite el reconocimiento?,"En el curso Sistemas Operativos Avanzados de la Maestría en Computación, ¿Se permite el reconocimiento?

Responde únicamente con 'Sí' o 'No'.",Sí,Sí,MC3001-Seguridad de Software Avanzado.txt;MC6102-Análisis de Algoritmos.txt;MC6004-Sistemas Operativos Avanzados.txt;MC1001-Análisis de datos en ciberseguridad.txt;MC6104-Diseño de Experimentos.txt,0.97,Sistemas Operativos Avanzados,MC6004,
deepseek-r1-14b-f16,binary,¿Los proyectos programados valen un 30%?,"En el curso Sistemas Operativos Avanzados de la Maestría en Computación, ¿Los proyectos programados valen un 30%?

Responde únicamente con 'Sí' o 'No'.",Sí,"No.

Respuesta: No",MC1203-Administración y estrategia de proyectos I.txt;MC1203-Administración y estrategia de proyectos I.txt;MC3001-Seguridad de Software Avanzado.txt;MC3010-Cibercrimen.txt;MC1101-Sistemas Estratégicos Empresariales.txt,1.07,Sistemas Operativos Avanzados,MC6004,
deepseek-r1-14b-f16,binary,¿Es un curso electivo?,"En el curso Análisis de Algoritmos de la Maestría en Computación, ¿Es un curso electivo?

Responde únicamente con 'Sí' o 'No'.",No,"No.

Respuesta: No",MC6102-Análisis de Algoritmos.txt;MC6102-Análisis de Algoritmos.txt;MC6003-Teoría de Autómatas.txt;MC6104-Diseño de Experimentos.txt;MC6004-Sistemas Operativos Avanzados.txt,1.25,Análisis de Algoritmos,MC6102,
deepseek-r1-14b-f16,binary,¿Es la asistencia obligatoria?,"En el curso Análisis de Algoritmos de la Maestría en Computación, ¿Es la asistencia obligatoria?

Responde únicamente con 'Sí' o 'No'.",Sí,Sí,MC6102-Análisis de Algoritmos.txt;MC6003-Teoría de Autómatas.txt;MC6102-Análisis de Algoritmos.txt;MC6104-Diseño de Experimentos.txt;MC1203-Administración y estrategia de proyectos I.txt,1.05,Análisis de Algoritmos,MC6102,
deepseek-r1-14b-f16,binary,¿Existe la posibilidad de suficiencia?,"En el curso Análisis de Algoritmos de la Maestría en Computación, ¿Existe la posibilidad de suficiencia?

Responde únicamente con 'Sí' o 'No'.",Sí,Sí,MC6102-Análisis de Algoritmos.txt;MC6102-Análisis de Algoritmos.txt;MC6104-Diseño de Experimentos.txt;MC7201-Introducción a la Investigación.txt;MC6003-Teoría de Autómatas.txt,1.06,Análisis de Algoritmos,MC6102,
deepseek-r1-14b-f16,binary,¿Se permite el reconocimiento del curso?,"En el curso Análisis de Algoritmos de la Maestría en Computación, ¿Se permite el reconocimiento del curso?

Responde únicamente con 'Sí' o 'No'.",Sí,Sí,MC6102-Análisis de Algoritmos.txt;MC6102-Análisis de Algoritmos.txt;MC6104-Diseño de Experimentos.txt;MC6003-Teoría de Autómatas.txt;MC6004-Sistemas Operativos Avanzados.txt,1.07,Análisis de Algoritmos,MC6102,
deepseek-r1-14b-f16,binary,¿Las tareas e investigaciones valen el 50% de la nota?,"En el curso Análisis de Algoritmos de la Maestría en Computación, ¿Las tareas e investigaciones valen el 50% de la nota?

Responde únicamente con 'Sí' o 'No'.",Sí,Sí,MC6102-Análisis de Algoritmos.txt;MC6102-Análisis de Algoritmos.txt;MC6004-Sistemas Operativos Avanzados.txt;MC6104-Diseño de Experimentos.txt;MC6003-Teoría de Autómatas.txt,0.93,Análisis de Algoritmos,MC6102,
deepseek-r1-14b-f16,binary,¿Se imparte el curso los martes por la noche?,"En el curso Análisis de Algoritmos de la Maestría en Computación, ¿Se imparte el curso los martes por la noche?

Responde únicamente con 'Sí' o 'No'.",Sí,"No.

Respuesta: No",MC6104-Diseño de Experimentos.txt;MC6003-Teoría de Autómatas.txt;MC1103-Gerencia de tecnología de información.txt;MC1203-Administración y estrategia de proyectos I.txt;MC6102-Análisis de Algoritmos.txt,1.16,Análisis de Algoritmos,MC6102,
deepseek-r1-14b-f16,binary,¿Es este un curso electivo?,"En el curso Diseño de Experimentos de la Maestría en Computación, ¿Es este un curso electivo?

Responde únicamente con 'Sí' o 'No'.",Sí,Sí,MC6104-Diseño de Experimentos.txt;MC6102-Análisis de Algoritmos.txt;MC7201-Introducción a la Investigación.txt;MC7201-Introducción a la Investigación.txt;MC6104-Diseño de Experimentos.txt,0.98,Diseño de Experimentos,MC6104,
deepseek-r1-14b-f16,binary,¿Es la asistencia obligatoria?,"En el curso Diseño de Experimentos de la Maestría en Computación, ¿Es la asistencia obligatoria?

Responde únicamente con 'Sí' o 'No'.",Sí,Sí,MC6104-Diseño de Experimentos.txt;MC6104-Diseño de Experimentos.txt;MC1103-Gerencia de tecnología de información.txt;MC1003-Seguridad y Criptografía.txt;MC6102-Análisis de Algoritmos.txt,0.83,Diseño de Experimentos,MC6104,
deepseek-r1-14b-f16,binary,¿Se permite la suficiencia?,"En el curso Diseño de Experimentos de la Maestría en Computación, ¿Se permite la suficiencia?

Responde únicamente con 'Sí' o 'No'.",No,No,MC6102-Análisis de Algoritmos.txt;MC6104-Diseño de Experimentos.txt;MC7201-Introducción a la Investigación.txt;MC1003-Seguridad y Criptografía.txt;MC6104-Diseño de Experimentos.txt,0.79,Diseño de Experimentos,MC6104,
deepseek-r1-14b-f16,binary,¿Es posible el reconocimiento del curso?,"En el curso Diseño de Experimentos de la Maestría en Computación, ¿Es posible el reconocimiento del curso?

Responde únicamente con 'Sí' o 'No'.",No,"No.

Respuesta: No",MC6102-Análisis de Algoritmos.txt;MC6104-Diseño de Experimentos.txt;MC7201-Introducción a la Investigación.txt;MC6104-Diseño de Experimentos.txt;MC7201-Introducción a la Investigación.txt,1.17,Diseño de Experimentos,MC6104,
deepseek-r1-14b-f16,binary,¿Requiere conocimientos previos de Probabilidades?,"En el curso Diseño de Experimentos de la Maestría en Computación, ¿Requiere conocimientos previos de Probabilidades?

Responde únicamente con 'Sí' o 'No'.",Sí,Sí,MC7201-Introducción a la Investigación.txt;MC6104-Diseño de Experimentos.txt;MC2301-Planificación estratégica de tecnología de información.txt;MC6104-Diseño de Experimentos.txt;MC6102-Análisis de Algoritmos.txt,0.85,Diseño de Experimentos,MC6104,
deepseek-r1-14b-f16,binary,¿La presentación oral tiene un valor del 5%?,"En el curso Diseño de Experimentos de la Maestría en Computación, ¿La presentación oral tiene un valor del 5%?

Responde únicamente con 'Sí' o 'No'.",Sí,"No.

Respuesta: No",MC6004-Sistemas Operativos Avanzados.txt;MC7201-Introducción a la Investigación.txt;MC6004-Sistemas Operativos Avanzados.txt;MC1003-Seguridad y Criptografía.txt;MC6102-Análisis de Algoritmos.txt,0.82,Diseño de Experimentos,MC6104,
deepseek-r1-14b-f16,binary,¿Es un curso electivo?,"En el curso Introducción a la Investigación de la Maestría en Computación, ¿Es un curso electivo?

Responde únicamente con 'Sí' o 'No'.",No,"No.

Respuesta: No",MC7201-Introducción a la Investigación.txt;MC6102-Análisis de Algoritmos.txt;MC6104-Diseño de Experimentos.txt;MC7201-Introducción a la Investigación.txt;MC6004-Sistemas Operativos Avanzados.txt,1.21,Introducción a la Investigación,MC7201,
deepseek-r1-14b-f16,binary,¿Es la asistencia obligatoria?,"En el curso Introducción a la Investigación de la Maestría en Computación, ¿Es la asistencia obligatoria?

Responde únicamente con 'Sí' o 'No'.",Sí,Sí,MC6104-Diseño de Experimentos.txt;MC7201-Introducción a la Investigación.txt;MC1103-Gerencia de tecnología de información.txt;MC6104-Diseño de Experimentos.txt;MC6004-Sistemas Operativos Avanzados.txt,0.99,Introducción a la Investigación,MC7201,
deepseek-r1-14b-f16,binary,¿Permite el curso la suficiencia?,"En el curso Introducción a la Investigación de la Maestría en Computación, ¿Permite el curso la suficiencia?

Responde únicamente con 'Sí' o 'No'.",Sí,Sí,MC6102-Análisis de Algoritmos.txt;MC7201-Introducción a la Investigación.txt;MC6104-Diseño de Experimentos.txt;MC7201-Introducción a la Investigación.txt;MC1103-Gerencia de tecnología de información.txt,1.02,Introducción a la Investigación,MC7201,
deepseek-r1-14b-f16,binary,¿Es posible el reconocimiento?,"En el curso Introducción a la Investigación de la Maestría en Computación, ¿Es posible el reconocimiento?

Responde únicamente con 'Sí' o 'No'.",Sí,Sí,MC6102-Análisis de Algoritmos.txt;MC7201-Introducción a la Investigación.txt;MC6104-Diseño de Experimentos.txt;MC7201-Introducción a la Investigación.txt;MC6104-Diseño de Experimentos.txt,0.99,Introducción a la Investigación,MC7201,
deepseek-r1-14b-f16,binary,"¿Es ""Tema Selecto de Investigación"" un correquisito?","En el curso Introducción a la Investigación de la Maestría en Computación, ¿Es ""Tema Selecto de Investigación"" un correquisito?

Responde únicamente con 'Sí' o 'No'.",Sí,Sí,MC6104-Diseño de Experimentos.txt;MC2301-Planificación estratégica de tecnología de información.txt;MC1103-Gerencia de tecnología de información.txt;MC7201-Introducción a la Investigación.txt;MC7201-Introducción a la Investigación.txt,0.85,Introducción a la Investigación,MC7201,
deepseek-r1-14b-f16,binary,¿La presentación tiene un valor del 25%?,"En el curso Introducción a la Investigación de la Maestría en Computación, ¿La presentación tiene un valor del 25%?

Responde únicamente con 'Sí' o 'No'.",Sí,No,MC7201-Introducción a la Investigación.txt;MC6004-Sistemas Operativos Avanzados.txt;MC6004-Sistemas Operativos Avanzados.txt;MC2301-Planificación estratégica de tecnología de información.txt;MC1003-Seguridad y Criptografía.txt,0.58,Introducción a la Investigación,MC7201,
deepseek-r1-14b-f16,short_answer,¿Cuántos créditos tiene el curso?,"En el curso Análisis de Datos en Ciberseguridad de la Maestría en Ciberseguridad, ¿Cuántos créditos tiene el curso?

Da una respuesta breve y directa, en una sola frase.",4 créditos,El curso Análisis de Datos en Ciberseguridad tiene 4 créditos.,MC1001-Análisis de datos en ciberseguridad.txt;MC3010-Cibercrimen.txt;MC1006-Políticas y Gobernanza en Ciberseguridad.txt;MC1003-Seguridad y Criptografía.txt;MC3001-Seguridad de Software Avanzado.txt,1.73,Análisis de Datos en Ciberseguridad,MC1001,
deepseek-r1-14b-f16,short_answer,¿En qué trimestre del plan de estudios se ubica?,"En el curso Análisis de Datos en Ciberseguridad de la Maestría en Ciberseguridad, ¿En qué trimestre del plan de estudios se ubica?

Da una respuesta breve y directa, en una sola frase.",Tercer trimestre,El curso Análisis de Datos en Ciberseguridad se ubica en el tercer trimestre del plan de estudios.,MC1006-Políticas y Gobernanza en Ciberseguridad.txt;MC1001-Análisis de datos en ciberseguridad.txt;MC3010-Cibercrimen.txt;MC2301-Planificación estratégica de tecnología de información.txt;MC1003-Seguridad y Criptografía.txt,1.94,Análisis de Datos en Ciberseguridad,MC1001,
deepseek-r1-14b-f16,short_answer,¿Qué porcentaje de la nota final representan los laboratorios?,"En el curso Análisis de Datos en Ciberseguridad de la Maestría en Ciberseguridad, ¿Qué porcentaje de la nota final representan los laboratorios?

Da una respuesta breve y directa, en una sola frase.",75%,"En el curso Análisis de Datos en Ciberseguridad, los laboratorios representan el 40% de la nota final.",MC3010-Cibercrimen.txt;MC1003-Seguridad y Criptografía.txt;MC1001-Análisis de datos en ciberseguridad.txt;MC1006-Políticas y Gobernanza en Ciberseguridad.txt;MC1006-Políticas y Gobernanza en Ciberseguridad.txt,2.3,Análisis de Datos en Ciberseguridad,MC1001,
deepseek-r1-14b-f16,short_answer,¿Permite el curso la modalidad de suficiencia?,"En el curso Análisis de Datos en Ciberseguridad de la Maestría en Ciberseguridad, ¿Permite el curso la modalidad de suficiencia?

Da una respuesta breve y directa, en una sola frase.",Sí,"Sí, el curso Análisis de Datos en Ciberseguridad permite la modalidad de suficiencia.
</think>

Sí, el curso Análisis de Datos en Ciberseguridad permite la modalidad de suficiencia.",MC1006-Políticas y Gobernanza en Ciberseguridad.txt;MC1001-Análisis de datos en ciberseguridad.txt;MC3010-Cibercrimen.txt;MC1003-Seguridad y Criptografía.txt;MC3001-Seguridad de Software Avanzado.txt,3.19,Análisis de Datos en Ciberseguridad,MC1001,
deepseek-r1-14b-f16,short_answer,¿Cuál es la vigencia del programa?,"En el curso Análisis de Datos en Ciberseguridad de la Maestría en Ciberseguridad, ¿Cuál es la vigencia del programa?

Da una respuesta breve y directa, en una sola frase.",2023,La vigencia del programa del curso Análisis de Datos en Ciberseguridad es 2023.,MC1006-Políticas y Gobernanza en Ciberseguridad.txt;MC1006-Políticas y Gobernanza en Ciberseguridad.txt;MC1001-Análisis de datos en ciberseguridad.txt;MC3001-Seguridad de Software Avanzado.txt;MC1003-Seguridad y Criptografía.txt,2.03,Análisis de Datos en Ciberseguridad,MC1001,
deepseek-r1-14b-f16,short_answer,¿Qué porcentaje de la evaluación corresponde a la resolución de casos de estudio?,"En el curso Análisis de Datos en Ciberseguridad de la Maestría en Ciberseguridad, ¿Qué porcentaje de la evaluación corresponde a la resolución de casos de estudio?

Da una respuesta breve y directa, en una sola frase.",20%,No se menciona el porcentaje de la resolución de casos de estudio en el curso Análisis de Datos en Ciberseguridad.,MC2301-Planificación estratégica de tecnología de información.txt;MC1103-Gerencia de tecnología de información.txt;MC1003-Seguridad y Criptografía.txt;MC1001-Análisis de datos en ciberseguridad.txt;MC1101-Sistemas Estratégicos Empresariales.txt,1.84,Análisis de Datos en Ciberseguridad,MC1001,
deepseek-r1-14b-f16,short_answer,¿En qué trimestre se imparte esta materia?,"En el curso Seguridad y Criptografía de la Maestría en Ciberseguridad, ¿En qué trimestre se imparte esta materia?

Da una respuesta breve y directa, en una sola frase.",Cuarto trimestre,"El curso Seguridad y Criptografía se imparte en el cuarto trimestre de la Maestría en Ciberseguridad.
</think>

El curso Seguridad y Criptografía se imparte en el cuarto trimestre.",MC1006-Políticas y Gobernanza en Ciberseguridad.txt;MC1006-Políticas y Gobernanza en Ciberseguridad.txt;MC1003-Seguridad y Criptografía.txt;MC1001-Análisis de datos en ciberseguridad.txt;MC3001-Seguridad de Software Avanzado.txt,3.08,Seguridad y Criptografía,MC1003,
deepseek-r1-14b-f16,short_answer,¿De qué curso de Blockchain es requisito esta materia?,"En el curso Seguridad y Criptografía de la Maestría en Ciberseguridad, ¿De qué curso de Blockchain es requisito esta materia?

Da una respuesta breve y directa, en una sola frase.",MC4001 Blockchain y Ledger Distribuidos,El curso Seguridad y Criptografía no es un requisito para ningún curso de Blockchain en el programa.,MC1006-Políticas y Gobernanza en Ciberseguridad.txt;MC1006-Políticas y Gobernanza en Ciberseguridad.txt;MC3001-Seguridad de Software Avanzado.txt;MC1003-Seguridad y Criptografía.txt;MC1001-Análisis de datos en ciberseguridad.txt,1.9,Seguridad y Criptografía,MC1003,
deepseek-r1-14b-f16,short_answer,¿Qué porcentaje de la nota corresponde al examen final?,"En el curso Seguridad y Criptografía de la Maestría en Ciberseguridad, ¿Qué porcentaje de la nota corresponde al examen final?

Da una respuesta breve y directa, en una sola frase.",30%,"En el curso Seguridad y Criptografía, el examen final no está mencionado en el contexto proporcionado. Por lo tanto, no tengo suficiente información para responder la pregunta.
</think>

En el curso Seguridad y Criptografía, el examen final no está mencionado en el contexto proporcionado. Por lo tanto, no tengo suficiente información para responder la pregunta.",MC1003-Seguridad y Criptografía.txt;MC3001-Seguridad de Software Avanzado.txt;MC1006-Políticas y Gobernanza en Ciberseguridad.txt;MC1001-Análisis de datos en ciberseguridad.txt;MC3010-Cibercrimen.txt,4.54,Seguridad y Criptografía,MC1003,
deepseek-r1-14b-f16,short_answer,¿Cuántas horas de clase por semana tiene el curso?,"En el curso Seguridad y Criptografía de la Maestría en Ciberseguridad, ¿Cuántas horas de clase por semana tiene el curso?

Da una respuesta breve y directa, en una sola frase.",4 horas,El curso Seguridad y Criptografía tiene 4 horas de clase por semana.,MC3010-Cibercrimen.txt;MC1001-Análisis de datos en ciberseguridad.txt;MC1006-Políticas y Gobernanza en Ciberseguridad.txt;MC1003-Seguridad y Criptografía.txt;MC3001-Seguridad de Software Avanzado.txt,1.66,Seguridad y Criptografía,MC1003,
deepseek-r1-14b-f16,short_answer,"¿Quiénes son los autores del ""Handbook of applied cryptography"" incluido en la bibliografía?","En el curso Seguridad y Criptografía de la Maestría en Ciberseguridad, ¿Quiénes son los autores del ""Handbook of applied cryptography"" incluido en la bibliografía?

Da una respuesta breve y directa, en una sola frase.","Menezes, Van Oorschot y Vanstone","El ""Handbook of applied cryptography"" no está incluido en la bibliografía proporcionada para el curso Seguridad y Criptografía.",MC1001-Análisis de datos en ciberseguridad.txt;MC1006-Políticas y Gobernanza en Ciberseguridad.txt;MC1006-Políticas y Gobernanza en Ciberseguridad.txt;MC6104-Diseño de Experimentos.txt;MC1003-Seguridad y Criptografía.txt,2.17,Seguridad y Criptografía,MC1003,
deepseek-r1-14b-f16,short_answer,¿Qué porcentaje de la calificación representan las tareas?,"En el curso Seguridad y Criptografía de la Maestría en Ciberseguridad, ¿Qué porcentaje de la calificación representan las tareas?

Da una respuesta breve y directa, en una sola frase.",50%,Las tareas representan el 50% de la calificación en el curso de Seguridad y Criptografía.,MC1003-Seguridad y Criptografía.txt;MC3010-Cibercrimen.txt;MC3001-Seguridad de Software Avanzado.txt;MC1001-Análisis de datos en ciberseguridad.txt;MC1006-Políticas y Gobernanza en Ciberseguridad.txt,2.03,Seguridad y Criptografía,MC1003,
deepseek-r1-14b-f16,short_answer,¿Permite este curso la posibilidad de reconocimiento?,"En el curso Políticas y Gobernanza en Ciberseguridad de la Maestría en Ciberseguridad, ¿Permite este curso la posibilidad de reconocimiento?

Da una respuesta breve y directa, en una sola frase.",No,"Sí, el curso Políticas y Gobernanza en Ciberseguridad de la Maestría en Ciberseguridad permite la posibilidad de reconocimiento.",MC1006-Políticas y Gobernanza en Ciberseguridad.txt;MC1006-Políticas y Gobernanza en Ciberseguridad.txt;MC3010-Cibercrimen.txt;MC1003-Seguridad y Criptografía.txt;MC3001-Seguridad de Software Avanzado.txt,2.56,Políticas y Gobernanza en Ciberseguridad,MC1006,
deepseek-r1-14b-f16,short_answer,¿Qué porcentaje de la nota final representa el estudio de casos?,"En el curso Políticas y Gobernanza en Ciberseguridad de la Maestría en Ciberseguridad, ¿Qué porcentaje de la nota final representa el estudio de casos?

Da una respuesta breve y directa, en una sola frase.",40%,"En el curso Políticas y Gobernanza en Ciberseguridad de la Maestría en Ciberseguridad, el estudio de casos representa el 40% de la nota final.",MC1006-Políticas y Gobernanza en Ciberseguridad.txt;MC1006-Políticas y Gobernanza en Ciberseguridad.txt;MC2301-Planificación estratégica de tecnología de información.txt;MC1103-Gerencia de tecnología de información.txt;MC1101-Sistemas Estratégicos Empresariales.txt,2.58,Políticas y Gobernanza en Ciberseguridad,MC1006,
deepseek-r1-14b-f16,short_answer,¿En qué trimestre se ubica el curso?,"En el curso Políticas y Gobernanza en Ciberseguridad de la Maestría en Ciberseguridad, ¿En qué trimestre se ubica el curso?

Da una respuesta breve y directa, en una sola frase.",Primer trimestre,El curso Políticas y Gobernanza en Ciberseguridad se ubica en el primer trimestre.,MC1006-Políticas y Gobernanza en Ciberseguridad.txt;MC1006-Políticas y Gobernanza en Ciberseguridad.txt;MC3010-Cibercrimen.txt;MC1001-Análisis de datos en ciberseguridad.txt;MC1003-Seguridad y Criptografía.txt,2.0,Políticas y Gobernanza en Ciberseguridad,MC1006,
deepseek-r1-14b-f16,short_answer,¿Qué porcentaje de la nota corresponde a la investigación bibliográfica?,"En el curso Políticas y Gobernanza en Ciberseguridad de la Maestría en Ciberseguridad, ¿Qué porcentaje de la nota corresponde a la investigación bibliográfica?

Da una respuesta breve y directa, en una sola frase.",20%,"En el curso Políticas y Gobernanza en Ciberseguridad, el 20% de la nota corresponde a la investigación bibliográfica.",MC1006-Políticas y Gobernanza en Ciberseguridad.txt;MC1101-Sistemas Estratégicos Empresariales.txt;MC1006-Políticas y Gobernanza en Ciberseguridad.txt;MC6104-Diseño de Experimentos.txt;MC2301-Planificación estratégica de tecnología de información.txt,2.07,Políticas y Gobernanza en Ciberseguridad,MC1006,
deepseek-r1-14b-f16,short_answer,¿Cuál es la vigencia de este programa?,"En el curso Políticas y Gobernanza en Ciberseguridad de la Maestría en Ciberseguridad, ¿Cuál es la vigencia de este programa?

Da una respuesta breve y directa, en una sola frase.",2023,La vigencia del programa es 2023.,MC1006-Políticas y Gobernanza en Ciberseguridad.txt;MC1006-Políticas y Gobernanza en Ciberseguridad.txt;MC3001-Seguridad de Software Avanzado.txt;MC3010-Cibercrimen.txt;MC1003-Seguridad y Criptografía.txt,1.48,Políticas y Gobernanza en Ciberseguridad,MC1006,
deepseek-r1-14b-f16,short_answer,¿Cuántas horas extraclase por semana se requieren?,"En el curso Políticas y Gobernanza en Ciberseguridad de la Maestría en Ciberseguridad, ¿Cuántas horas extraclase por semana se requieren?

Da una respuesta breve y directa, en una sola frase.",14 horas,"En el curso Políticas y Gobernanza en Ciberseguridad, se requieren 14 horas extraclase por semana.",MC1006-Políticas y Gobernanza en Ciberseguridad.txt;MC1001-Análisis de datos en ciberseguridad.txt;MC3010-Cibercrimen.txt;MC3001-Seguridad de Software Avanzado.txt;MC1003-Seguridad y Criptografía.txt,2.27,Políticas y Gobernanza en Ciberseguridad,MC1006,
deepseek-r1-14b-f16,short_answer,¿En qué área del plan de estudios se ubica este curso?,"En el curso Seguridad de Software Avanzado de la Maestría en Ciberseguridad, ¿En qué área del plan de estudios se ubica este curso?

Da una respuesta breve y directa, en una sola frase.",Área de tópicos electivos profesionalizantes,El curso Seguridad de Software Avanzado se ubica en el área de tópicos electivos profesionalizantes del plan de estudios.,MC1006-Políticas y Gobernanza en Ciberseguridad.txt;MC1006-Políticas y Gobernanza en Ciberseguridad.txt;MC3001-Seguridad de Software Avanzado.txt;MC1003-Seguridad y Criptografía.txt;MC3010-Cibercrimen.txt,2.35,Seguridad de Software Avanzado,MC3001,
deepseek-r1-14b-f16,short_answer,¿Permite el curso la modalidad de suficiencia?,"En el curso Seguridad de Software Avanzado de la Maestría en Ciberseguridad, ¿Permite el curso la modalidad de suficiencia?

Da una respuesta breve y directa, en una sola frase.",No,"Sí, el curso Seguridad de Software Avanzado permite la modalidad de suficiencia.",MC3001-Seguridad de Software Avanzado.txt;MC1006-Políticas y Gobernanza en Ciberseguridad.txt;MC1003-Seguridad y Criptografía.txt;MC1006-Políticas y Gobernanza en Ciberseguridad.txt;MC3010-Cibercrimen.txt,1.86,Seguridad de Software Avanzado,MC3001,
deepseek-r1-14b-f16,short_answer,¿Qué porcentaje de la nota valen las tareas programadas?,"En el curso Seguridad de Software Avanzado de la Maestría en Ciberseguridad, ¿Qué porcentaje de la nota valen las tareas programadas?

Da una respuesta breve y directa, en una sola frase.",40%,"No se menciona el porcentaje de la nota que valen las tareas programadas en el curso Seguridad de Software Avanzado.
</think>

No se menciona el porcentaje de la nota que valen las tareas programadas en el curso Seguridad de Software Avanzado.",MC3001-Seguridad de Software Avanzado.txt;MC1003-Seguridad y Criptografía.txt;MC3010-Cibercrimen.txt;MC1001-Análisis de datos en ciberseguridad.txt;MC1006-Políticas y Gobernanza en Ciberseguridad.txt,3.64,Seguridad de Software Avanzado,MC3001,
deepseek-r1-14b-f16,short_answer,¿De qué curso de defensa y ataque es requisito esta materia?,"En el curso Seguridad de Software Avanzado de la Maestría en Ciberseguridad, ¿De qué curso de defensa y ataque es requisito esta materia?

Da una respuesta breve y directa, en una sola frase.",MC3006 Defensa y Ataque de Sistemas,"El curso Seguridad de Software Avanzado no es un requisito para el curso de defensa y ataque, sino que es un requisito para otros cursos como MC3004 Seguridad en la Nube, MC3002 Tecnologías para Mejorar la Privacidad y MC3006 Defensa y Ataque de Sistemas.",MC1006-Políticas y Gobernanza en Ciberseguridad.txt;MC1006-Políticas y Gobernanza en Ciberseguridad.txt;MC3001-Seguridad de Software Avanzado.txt;MC1003-Seguridad y Criptografía.txt;MC3010-Cibercrimen.txt,4.44,Seguridad de Software Avanzado,MC3001,
deepseek-r1-14b-f16,short_answer,¿Qué porcentaje de la nota final corresponde al examen final?,"En el curso Seguridad de Software Avanzado de la Maestría en Ciberseguridad, ¿Qué porcentaje de la nota final corresponde al examen final?

Da una respuesta breve y directa, en una sola frase.",30%,"El examen final no está mencionado en el contexto proporcionado para el curso Seguridad de Software Avanzado. Por lo tanto, no tengo suficiente información para responder la pregunta.

Respuesta: No tengo suficiente información.",MC3001-Seguridad de Software Avanzado.txt;MC1003-Seguridad y Criptografía.txt;MC6004-Sistemas Operativos Avanzados.txt;MC3010-Cibercrimen.txt;MC1001-Análisis de datos en ciberseguridad.txt,2.93,Seguridad de Software Avanzado,MC3001,
deepseek-r1-14b-f16,short_answer,¿Cuál es el valor porcentual del reporte de lecturas?,"En el curso Seguridad de Software Avanzado de la Maestría en Ciberseguridad, ¿Cuál es el valor porcentual del reporte de lecturas?

Da una respuesta breve y directa, en una sola frase.",10%,No se menciona el valor porcentual del reporte de lecturas en el curso Seguridad de Software Avanzado.,MC3001-Seguridad de Software Avanzado.txt;MC1001-Análisis de datos en ciberseguridad.txt;MC1003-Seguridad y Criptografía.txt;MC1001-Análisis de datos en ciberseguridad.txt;MC3010-Cibercrimen.txt,2.08,Seguridad de Software Avanzado,MC3001,
deepseek-r1-14b-f16,short_answer,¿Es este curso obligatorio o electivo?,"En el curso Cibercrimen de la Maestría en Ciberseguridad, ¿Es este curso obligatorio o electivo?

Da una respuesta breve y directa, en una sola frase.",Electivo,El curso de Cibercrimen es electivo.,MC1006-Políticas y Gobernanza en Ciberseguridad.txt;MC3010-Cibercrimen.txt;MC1006-Políticas y Gobernanza en Ciberseguridad.txt;MC3001-Seguridad de Software Avanzado.txt;MC1003-Seguridad y Criptografía.txt,1.44,Cibercrimen,MC3010,
deepseek-r1-14b-f16,short_answer,¿Permite la posibilidad de reconocimiento?,"En el curso Cibercrimen de la Maestría en Ciberseguridad, ¿Permite la posibilidad de reconocimiento?

Da una respuesta breve y directa, en una sola frase.",No,"Sí, el curso Cibercrimen de la Maestría en Ciberseguridad permite la posibilidad de reconocimiento.",MC1001-Análisis de datos en ciberseguridad.txt;MC1006-Políticas y Gobernanza en Ciberseguridad.txt;MC1006-Políticas y Gobernanza en Ciberseguridad.txt;MC3010-Cibercrimen.txt;MC1003-Seguridad y Criptografía.txt,2.19,Cibercrimen,MC3010,
deepseek-r1-14b-f16,short_answer,¿Qué porcentaje de la nota final representa la investigación?,"En el curso Cibercrimen de la Maestría en Ciberseguridad, ¿Qué porcentaje de la nota final representa la investigación?

Da una respuesta breve y directa, en una sola frase.",40%,La investigación representa el 20% de la nota final en el curso Cibercrimen.,MC2301-Planificación estratégica de tecnología de información.txt;MC1006-Políticas y Gobernanza en Ciberseguridad.txt;MC3010-Cibercrimen.txt;MC1006-Políticas y Gobernanza en Ciberseguridad.txt;MC1101-Sistemas Estratégicos Empresariales.txt,1.63,Cibercrimen,MC3010,
deepseek-r1-14b-f16,short_answer,¿Qué porcentaje de la evaluación corresponde al estudio de casos?,"En el curso Cibercrimen de la Maestría en Ciberseguridad, ¿Qué porcentaje de la evaluación corresponde al estudio de casos?

Da una respuesta breve y directa, en una sola frase.",40%,"En el curso Cibercrimen de la Maestría en Ciberseguridad, el 40% de la evaluación corresponde al estudio de casos.",MC1103-Gerencia de tecnología de información.txt;MC3010-Cibercrimen.txt;MC2301-Planificación estratégica de tecnología de información.txt;MC1101-Sistemas Estratégicos Empresariales.txt;MC3010-Cibercrimen.txt,2.13,Cibercrimen,MC3010,
deepseek-r1-14b-f16,short_answer,¿Qué software específico se menciona en los contenidos para el análisis de datos?,"En el curso Cibercrimen de la Maestría en Ciberseguridad, ¿Qué software específico se menciona en los contenidos para el análisis de datos?

Da una respuesta breve y directa, en una sola frase.",SPSS,No se menciona ningún software específico en los contenidos para el análisis de datos en el curso de Cibercrimen de la Maestría en Ciberseguridad.,MC1001-Análisis de datos en ciberseguridad.txt;MC1006-Políticas y Gobernanza en Ciberseguridad.txt;MC1006-Políticas y Gobernanza en Ciberseguridad.txt;MC3001-Seguridad de Software Avanzado.txt;MC1001-Análisis de datos en ciberseguridad.txt,2.53,Cibercrimen,MC3010,
deepseek-r1-14b-f16,short_answer,¿Qué porcentaje de la nota representan las pruebas cortas o comprobaciones?,"En el curso Cibercrimen de la Maestría en Ciberseguridad, ¿Qué porcentaje de la nota representan las pruebas cortas o comprobaciones?

Da una respuesta breve y directa, en una sola frase.",20%,Las pruebas cortas o comprobaciones de lectura representan el 40% de la nota en el curso de Cibercrimen.,MC1003-Seguridad y Criptografía.txt;MC3010-Cibercrimen.txt;MC1001-Análisis de datos en ciberseguridad.txt;MC6004-Sistemas Operativos Avanzados.txt;MC2301-Planificación estratégica de tecnología de información.txt,2.12,Cibercrimen,MC3010,
deepseek-r1-14b-f16,short_answer,¿En qué año se aprobó y actualizó este programa?,"En el curso Sistemas Estratégicos Empresariales de la Maestría en Gerencia de Tecnologías de la Información, ¿En qué año se aprobó y actualizó este programa?

Da una respuesta breve y directa, en una sola frase.",2025,El programa se aprobó y actualizó en el año 2025.,MC1101-Sistemas Estratégicos Empresariales.txt;MC2301-Planificación estratégica de tecnología de información.txt;MC2301-Planificación estratégica de tecnología de información.txt;MC1201-Administración financiera de tecnología de información.txt;MC1103-Gerencia de tecnología de información.txt,1.6,Sistemas Estratégicos Empresariales,MC1101,
deepseek-r1-14b-f16,short_answer,¿Qué porcentaje de la nota final es la investigación en sistema empresarial?,"En el curso Sistemas Estratégicos Empresariales de la Maestría en Gerencia de Tecnologías de la Información, ¿Qué porcentaje de la nota final es la investigación en sistema empresarial?

Da una respuesta breve y directa, en una sola frase.",40%,"En el curso Sistemas Estratégicos Empresariales, la investigación en sistema empresarial (grupal) representa el 40% de la nota final.",MC1101-Sistemas Estratégicos Empresariales.txt;MC2301-Planificación estratégica de tecnología de información.txt;MC1101-Sistemas Estratégicos Empresariales.txt;MC2301-Planificación estratégica de tecnología de información.txt;MC1103-Gerencia de tecnología de información.txt,2.18,Sistemas Estratégicos Empresariales,MC1101,
deepseek-r1-14b-f16,short_answer,¿En qué semestre del programa se ubica este curso?,"En el curso Sistemas Estratégicos Empresariales de la Maestría en Gerencia de Tecnologías de la Información, ¿En qué semestre del programa se ubica este curso?

Da una respuesta breve y directa, en una sola frase.",I semestre,El curso Sistemas Estratégicos Empresariales se ubica en el primer semestre del programa de Maestría en Gerencia de Tecnologías de la Información.,MC1101-Sistemas Estratégicos Empresariales.txt;MC2301-Planificación estratégica de tecnología de información.txt;MC1203-Administración y estrategia de proyectos I.txt;MC2301-Planificación estratégica de tecnología de información.txt;MC1201-Administración financiera de tecnología de información.txt,2.43,Sistemas Estratégicos Empresariales,MC1101,
deepseek-r1-14b-f16,short_answer,¿Qué porcentaje total suman los dos exámenes parciales?,"En el curso Sistemas Estratégicos Empresariales de la Maestría en Gerencia de Tecnologías de la Información, ¿Qué porcentaje total suman los dos exámenes parciales?

Da una respuesta breve y directa, en una sola frase.",40%,"En el curso Sistemas Estratégicos Empresariales, los dos exámenes parciales suman un total de 40%.
</think>

En el curso Sistemas Estratégicos Empresariales, los dos exámenes parciales suman un total de 40%.",MC1101-Sistemas Estratégicos Empresariales.txt;MC2301-Planificación estratégica de tecnología de información.txt;MC1003-Seguridad y Criptografía.txt;MC6004-Sistemas Operativos Avanzados.txt;MC6104-Diseño de Experimentos.txt,3.28,Sistemas Estratégicos Empresariales,MC1101,
deepseek-r1-14b-f16,short_answer,¿Cuántas horas de clase por semana tiene la materia?,"En el curso Sistemas Estratégicos Empresariales de la Maestría en Gerencia de Tecnologías de la Información, ¿Cuántas horas de clase por semana tiene la materia?

Da una respuesta breve y directa, en una sola frase.",3 horas,"El curso Sistemas Estratégicos Empresariales tiene 3 horas de clase por semana.
</think>

El curso Sistemas Estratégicos Empresariales tiene 3 horas de clase por semana.",MC1101-Sistemas Estratégicos Empresariales.txt;MC1103-Gerencia de tecnología de información.txt;MC1201-Administración financiera de tecnología de información.txt;MC1203-Administración y estrategia de proyectos I.txt;MC2301-Planificación estratégica de tecnología de información.txt,2.77,Sistemas Estratégicos Empresariales,MC1101,
deepseek-r1-14b-f16,short_answer,¿Quién es el autor de los artículos sobre las cinco fuerzas competitivas citados?,"En el curso Sistemas Estratégicos Empresariales de la Maestría en Gerencia de Tecnologías de la Información, ¿Quién es el autor de los artículos sobre las cinco fuerzas competitivas citados?

Da una respuesta breve y directa, en una sola frase.",Michael Porter,"Michael E. Porter es el autor de los artículos sobre las cinco fuerzas competitivas citados en el curso Sistemas Estratégicos Empresariales de la Maestría en Gerencia de Tecnologías de la Información.
</think>

Michael E. Porter es el autor de los artículos sobre las cinco fuerzas competitivas citados.",MC1101-Sistemas Estratégicos Empresariales.txt;MC1101-Sistemas Estratégicos Empresariales.txt;MC1006-Políticas y Gobernanza en Ciberseguridad.txt;MC2301-Planificación estratégica de tecnología de información.txt;MC1006-Políticas y Gobernanza en Ciberseguridad.txt,3.97,Sistemas Estratégicos Empresariales,MC1101,
deepseek-r1-14b-f16,short_answer,¿Permite este curso la suficiencia?,"En el curso Gerencia de Tecnología de Información de la Maestría en Gerencia de Tecnologías de la Información, ¿Permite este curso la suficiencia?

Da una respuesta breve y directa, en una sola frase.",No,"No, el curso Gerencia de Tecnología de Información de la Maestría en Gerencia de Tecnologías de la Información no permite la suficiencia, ya que no es un requisito de ningún curso y no figura como suficiente en el plan de estudios proporcionado.
</think>

No, el curso Gerencia de Tecnología de Información de la Maestría en Gerencia de Tecnologías de la Información no permite la suficiencia, ya que no es un requisito de ningún curso y no figura como suficiente en el plan de estudios proporcionado.",MC2301-Planificación estratégica de tecnología de información.txt;MC1103-Gerencia de tecnología de información.txt;MC7201-Introducción a la Investigación.txt;MC1101-Sistemas Estratégicos Empresariales.txt;MC1103-Gerencia de tecnología de información.txt,6.22,Gerencia de Tecnología de Información,MC1103,
deepseek-r1-14b-f16,short_answer,¿En qué semestre del programa se ubica (indicado como código)?,"En el curso Gerencia de Tecnología de Información de la Maestría en Gerencia de Tecnologías de la Información, ¿En qué semestre del programa se ubica (indicado como código)?

Da una respuesta breve y directa, en una sola frase.",P4 semestre,El curso Gerencia de Tecnología de Información se ubica en el 4to semestre del programa de Maestría de Gerencia de Tecnologías de la Información.,MC1103-Gerencia de tecnología de información.txt;MC1201-Administración financiera de tecnología de información.txt;MC1101-Sistemas Estratégicos Empresariales.txt;MC1203-Administración y estrategia de proyectos I.txt;MC2301-Planificación estratégica de tecnología de información.txt,2.51,Gerencia de Tecnología de Información,MC1103,
deepseek-r1-14b-f16,short_answer,¿Qué porcentaje de la evaluación corresponde al estudio de casos?,"En el curso Gerencia de Tecnología de Información de la Maestría en Gerencia de Tecnologías de la Información, ¿Qué porcentaje de la evaluación corresponde al estudio de casos?

Da una respuesta breve y directa, en una sola frase.",40%,"En el curso Gerencia de Tecnología de Información, el estudio de casos corresponde al 40% de la evaluación.",MC1103-Gerencia de tecnología de información.txt;MC1101-Sistemas Estratégicos Empresariales.txt;MC2301-Planificación estratégica de tecnología de información.txt;MC1003-Seguridad y Criptografía.txt;MC6004-Sistemas Operativos Avanzados.txt,1.69,Gerencia de Tecnología de Información,MC1103,
deepseek-r1-14b-f16,short_answer,¿Qué porcentaje de la nota es la investigación bibliográfica y exposición?,"En el curso Gerencia de Tecnología de Información de la Maestría en Gerencia de Tecnologías de la Información, ¿Qué porcentaje de la nota es la investigación bibliográfica y exposición?

Da una respuesta breve y directa, en una sola frase.",20%,"En el curso Gerencia de Tecnología de Información de la Maestría en Gerencia de Tecnologías de la Información, la investigación bibliográfica y exposición representan el 20% de la nota.",MC1101-Sistemas Estratégicos Empresariales.txt;MC2301-Planificación estratégica de tecnología de información.txt;MC6104-Diseño de Experimentos.txt;MC6004-Sistemas Operativos Avanzados.txt;MC1103-Gerencia de tecnología de información.txt,2.55,Gerencia de Tecnología de Información,MC1103,
deepseek-r1-14b-f16,short_answer,¿Cuántas horas extraclase se requieren semanalmente?,"En el curso Gerencia de Tecnología de Información de la Maestría en Gerencia de Tecnologías de la Información, ¿Cuántas horas extraclase se requieren semanalmente?

Da una respuesta breve y directa, en una sola frase.",9 horas,"En el curso Gerencia de Tecnología de Información, se requieren 9 horas extraclase semanalmente.",MC1103-Gerencia de tecnología de información.txt;MC1201-Administración financiera de tecnología de información.txt;MC1203-Administración y estrategia de proyectos I.txt;MC1101-Sistemas Estratégicos Empresariales.txt;MC2301-Planificación estratégica de tecnología de información.txt,1.94,Gerencia de Tecnología de Información,MC1103,
deepseek-r1-14b-f16,short_answer,¿Es posible el reconocimiento del curso?,"En el curso Gerencia de Tecnología de Información de la Maestría en Gerencia de Tecnologías de la Información, ¿Es posible el reconocimiento del curso?

Da una respuesta breve y directa, en una sola frase.",No,No es posible el reconocimiento del curso.,MC7201-Introducción a la Investigación.txt;MC1103-Gerencia de tecnología de información.txt;MC2301-Planificación estratégica de tecnología de información.txt;MC6004-Sistemas Operativos Avanzados.txt;MC1103-Gerencia de tecnología de información.txt,1.16,Gerencia de Tecnología de Información,MC1103,
deepseek-r1-14b-f16,short_answer,¿Permite este curso la posibilidad de reconocimiento?,"En el curso Administración Financiera de TI de la Maestría en Gerencia de Tecnologías de la Información, ¿Permite este curso la posibilidad de reconocimiento?

Da una respuesta breve y directa, en una sola frase.",Sí,"Sí, el curso de Administración Financiera de TI permite la posibilidad de reconocimiento.",MC2301-Planificación estratégica de tecnología de información.txt;MC1201-Administración financiera de tecnología de información.txt;MC1101-Sistemas Estratégicos Empresariales.txt;MC1103-Gerencia de tecnología de información.txt;MC1103-Gerencia de tecnología de información.txt,1.7,Administración Financiera de TI,MC1201,
deepseek-r1-14b-f16,short_answer,¿En qué semestre se ubica la materia?,"En el curso Administración Financiera de TI de la Maestría en Gerencia de Tecnologías de la Información, ¿En qué semestre se ubica la materia?

Da una respuesta breve y directa, en una sola frase.",2do semestre,"El curso se ubica en el 2do semestre del Programa de Maestría de Gerencia de Tecnologías de la Información.
</think>

El curso se ubica en el 2do semestre del Programa de Maestría de Gerencia de Tecnologías de la Información.",MC1201-Administración financiera de tecnología de información.txt;MC1101-Sistemas Estratégicos Empresariales.txt;MC1201-Administración financiera de tecnología de información.txt;MC2301-Planificación estratégica de tecnología de información.txt;MC2301-Planificación estratégica de tecnología de información.txt,3.63,Administración Financiera de TI,MC1201,
deepseek-r1-14b-f16,short_answer,¿Qué porcentaje total de la nota suman los dos exámenes parciales?,"En el curso Administración Financiera de TI de la Maestría en Gerencia de Tecnologías de la Información, ¿Qué porcentaje total de la nota suman los dos exámenes parciales?

Da una respuesta breve y directa, en una sola frase.",50%,"En el curso Administración Financiera de TI, no se mencionan exámenes parciales en la información proporcionada. Por lo tanto, no se puede determinar el porcentaje total de la nota que suman los dos exámenes parciales.

Respuesta: No se tiene suficiente información para determinar el porcentaje total de los dos exámenes parciales en el curso de Administración Financiera de TI.",MC6004-Sistemas Operativos Avanzados.txt;MC1101-Sistemas Estratégicos Empresariales.txt;MC1003-Seguridad y Criptografía.txt;MC2301-Planificación estratégica de tecnología de información.txt;MC1201-Administración financiera de tecnología de información.txt,4.67,Administración Financiera de TI,MC1201,
deepseek-r1-14b-f16,short_answer,¿Qué porcentaje de la evaluación corresponde a la investigación bibliográfica?,"En el curso Administración Financiera de TI de la Maestría en Gerencia de Tecnologías de la Información, ¿Qué porcentaje de la evaluación corresponde a la investigación bibliográfica?

Da una respuesta breve y directa, en una sola frase.",20%,"No se proporciona información sobre el curso Administración Financiera de TI en la Maestría en Gerencia de Tecnologías de la Información en el contexto dado. Por lo tanto, no puedo determinar el porcentaje de evaluación correspondiente a la investigación bibliográfica.
</think>

No se proporciona información sobre el curso Administración Financiera de TI en la Maestría en Gerencia de Tecnologías de la Información en el contexto dado. Por lo tanto, no puedo determinar el porcentaje de evaluación correspondiente a la investigación bibliográfica.",MC1101-Sistemas Estratégicos Empresariales.txt;MC2301-Planificación estratégica de tecnología de información.txt;MC1003-Seguridad y Criptografía.txt;MC1103-Gerencia de tecnología de información.txt;MC6104-Diseño de Experimentos.txt,5.73,Administración Financiera de TI,MC1201,
deepseek-r1-14b-f16,short_answer,¿Qué porcentaje de la nota representan las comprobaciones de lectura?,"En el curso Administración Financiera de TI de la Maestría en Gerencia de Tecnologías de la Información, ¿Qué porcentaje de la nota representan las comprobaciones de lectura?

Da una respuesta breve y directa, en una sola frase.",15%,"No se proporciona información sobre el curso Administración Financiera de TI de la Maestría en Gerencia de Tecnologías de la Información en el contexto dado. Por lo tanto, no puedo responder la pregunta con la información disponible.
</think>

No se proporciona información sobre el curso Administración Financiera de TI de la Maestría en Gerencia de Tecnologías de la Información en el contexto dado. Por lo tanto, no puedo responder la pregunta con la información disponible.",MC6004-Sistemas Operativos Avanzados.txt;MC1101-Sistemas Estratégicos Empresariales.txt;MC2301-Planificación estratégica de tecnología de información.txt;MC1003-Seguridad y Criptografía.txt;MC6104-Diseño de Experimentos.txt,4.8,Administración Financiera de TI,MC1201,
deepseek-r1-14b-f16,short_answer,¿Permite el curso la suficiencia?,"En el curso Administración Financiera de TI de la Maestría en Gerencia de Tecnologías de la Información, ¿Permite el curso la suficiencia?

Da una respuesta breve y directa, en una sola frase.",No,"No, el curso no permite la suficiencia.",MC2301-Planificación estratégica de tecnología de información.txt;MC1201-Administración financiera de tecnología de información.txt;MC1101-Sistemas Estratégicos Empresariales.txt;MC1103-Gerencia de tecnología de información.txt;MC1201-Administración financiera de tecnología de información.txt,1.23,Administración Financiera de TI,MC1201,
deepseek-r1-14b-f16,short_answer,¿De qué curso de nivel II es requisito esta materia?,"En el curso Administración y Estrategia de Proyectos I de la Maestría en Gerencia de Tecnologías de la Información, ¿De qué curso de nivel II es requisito esta materia?

Da una respuesta breve y directa, en una sola frase.",MC-6204 Administración y estrategia de proyectos II,"No se menciona en el contexto proporcionado que haya un curso de nivel II requisito para el curso ""Administración y Estrategia de Proyectos I"" en la Maestría en Gerencia de Tecnologías de la Información.",MC1103-Gerencia de tecnología de información.txt;MC2301-Planificación estratégica de tecnología de información.txt;MC1203-Administración y estrategia de proyectos I.txt;MC1203-Administración y estrategia de proyectos I.txt;MC1003-Seguridad y Criptografía.txt,2.67,Administración y Estrategia de Proyectos I,MC1203,
deepseek-r1-14b-f16,short_answer,¿Cuál es el tipo de curso según los datos generales?,"En el curso Administración y Estrategia de Proyectos I de la Maestría en Gerencia de Tecnologías de la Información, ¿Cuál es el tipo de curso según los datos generales?

Da una respuesta breve y directa, en una sola frase.",Teórico,El curso es teórico.,MC2301-Planificación estratégica de tecnología de información.txt;MC1103-Gerencia de tecnología de información.txt;MC1101-Sistemas Estratégicos Empresariales.txt;MC1203-Administración y estrategia de proyectos I.txt;MC1203-Administración y estrategia de proyectos I.txt,1.03,Administración y Estrategia de Proyectos I,MC1203,
deepseek-r1-14b-f16,short_answer,¿En qué semestre del programa se ubica?,"En el curso Administración y Estrategia de Proyectos I de la Maestría en Gerencia de Tecnologías de la Información, ¿En qué semestre del programa se ubica?

Da una respuesta breve y directa, en una sola frase.",3er semestre,"El curso se ubica en el tercer semestre del programa de Maestría en Gerencia de Tecnologías de la Información.
</think>

El curso se ubica en el tercer semestre del programa de Maestría en Gerencia de Tecnologías de la Información.",MC1203-Administración y estrategia de proyectos I.txt;MC2301-Planificación estratégica de tecnología de información.txt;MC1103-Gerencia de tecnología de información.txt;MC1203-Administración y estrategia de proyectos I.txt;MC1101-Sistemas Estratégicos Empresariales.txt,3.15,Administración y Estrategia de Proyectos I,MC1203,
deepseek-r1-14b-f16,short_answer,¿Qué porcentaje de la nota final corresponde a la escritura de dos ensayos individuales?,"En el curso Administración y Estrategia de Proyectos I de la Maestría en Gerencia de Tecnologías de la Información, ¿Qué porcentaje de la nota final corresponde a la escritura de dos ensayos individuales?

Da una respuesta breve y directa, en una sola frase.",30%,"No se proporciona información sobre la escritura de ensayos individuales en el curso Administración y Estrategia de Proyectos I de la Maestría en Gerencia de Tecnologías de la Información en el contexto dado.
</think>

No se proporciona información sobre la escritura de ensayos individuales en el contexto dado.",MC6004-Sistemas Operativos Avanzados.txt;MC2301-Planificación estratégica de tecnología de información.txt;MC1003-Seguridad y Criptografía.txt;MC1101-Sistemas Estratégicos Empresariales.txt;MC1103-Gerencia de tecnología de información.txt,3.57,Administración y Estrategia de Proyectos I,MC1203,
deepseek-r1-14b-f16,short_answer,¿Qué porcentaje de la evaluación es la resolución de casos prácticos?,"En el curso Administración y Estrategia de Proyectos I de la Maestría en Gerencia de Tecnologías de la Información, ¿Qué porcentaje de la evaluación es la resolución de casos prácticos?

Da una respuesta breve y directa, en una sola frase.",25%,"En el curso Administración y Estrategia de Proyectos I de la Maestría en Gerencia de Tecnologías de la Información, el porcentaje de la evaluación correspondiente a la resolución de casos prácticos es del 25%.",MC2301-Planificación estratégica de tecnología de información.txt;MC1103-Gerencia de tecnología de información.txt;MC1003-Seguridad y Criptografía.txt;MC1101-Sistemas Estratégicos Empresariales.txt;MC1203-Administración y estrategia de proyectos I.txt,2.8,Administración y Estrategia de Proyectos I,MC1203,
deepseek-r1-14b-f16,short_answer,¿Qué porcentaje de la nota vale la investigación sobre un tema seleccionado?,"En el curso Administración y Estrategia de Proyectos I de la Maestría en Gerencia de Tecnologías de la Información, ¿Qué porcentaje de la nota vale la investigación sobre un tema seleccionado?

Da una respuesta breve y directa, en una sola frase.",25%,"La investigación sobre un tema seleccionado no está mencionada en el contexto proporcionado para el curso Administración y Estrategia de Proyectos I de la Maestría en Gerencia de Tecnologías de la Información. Por lo tanto, no tengo suficiente información para responder la pregunta.

Respuesta: No tengo suficiente información.",MC2301-Planificación estratégica de tecnología de información.txt;MC1101-Sistemas Estratégicos Empresariales.txt;MC1003-Seguridad y Criptografía.txt;MC1103-Gerencia de tecnología de información.txt;MC6004-Sistemas Operativos Avanzados.txt,3.53,Administración y Estrategia de Proyectos I,MC1203,
deepseek-r1-14b-f16,short_answer,¿Con cuántas faltas de asistencia injustificadas se reprueba el curso?,"En el curso Planificación Estratégica de TI de la Maestría en Gerencia de Tecnologías de la Información, ¿Con cuántas faltas de asistencia injustificadas se reprueba el curso?

Da una respuesta breve y directa, en una sola frase.",4 faltas,"El curso Planificación Estratégica de TI no menciona un límite específico de faltas de asistencia injustificadas para reprobar el curso. Por lo tanto, no tengo suficiente información para responder cuántas faltas de asistencia injustificadas se necesitan para reprobar el curso.
</think>

No se menciona un límite específico de faltas de asistencia injustificadas para reprobar el curso en el contexto proporcionado.

Respuesta: No se menciona un límite específico de faltas de asistencia injustificadas para reprobar el curso en el contexto proporcionado.",MC2301-Planificación estratégica de tecnología de información.txt;MC6004-Sistemas Operativos Avanzados.txt;MC1103-Gerencia de tecnología de información.txt;MC1203-Administración y estrategia de proyectos I.txt;MC1101-Sistemas Estratégicos Empresariales.txt,6.26,Planificación Estratégica de TI,MC2301,
deepseek-r1-14b-f16,short_answer,¿Qué porcentaje de la nota final representa la resolución de casos?,"En el curso Planificación Estratégica de TI de la Maestría en Gerencia de Tecnologías de la Información, ¿Qué porcentaje de la nota final representa la resolución de casos?

Da una respuesta breve y directa, en una sola frase.",40%,"En el curso Planificación Estratégica de TI de la Maestría en Gerencia de Tecnologías de la Información, la resolución de casos representa el 40% de la nota final.",MC2301-Planificación estratégica de tecnología de información.txt;MC1103-Gerencia de tecnología de información.txt;MC6004-Sistemas Operativos Avanzados.txt;MC1101-Sistemas Estratégicos Empresariales.txt;MC1103-Gerencia de tecnología de información.txt,2.47,Planificación Estratégica de TI,MC2301,
deepseek-r1-14b-f16,short_answer,¿Cuántos minutos después de la hora oficial de entrada se consideran para marcar ausencia?,"En el curso Planificación Estratégica de TI de la Maestría en Gerencia de Tecnologías de la Información, ¿Cuántos minutos después de la hora oficial de entrada se consideran para marcar ausencia?

Da una respuesta breve y directa, en una sola frase.",30 minutos,"El curso Planificación Estratégica de TI no proporciona información específica sobre los minutos después de la hora oficial de entrada para marcar ausencia. Por lo tanto, no se puede determinar una respuesta basada en el contexto dado.

Respuesta: No se tiene suficiente información para responder esta pregunta.",MC1203-Administración y estrategia de proyectos I.txt;MC1101-Sistemas Estratégicos Empresariales.txt;MC2301-Planificación estratégica de tecnología de información.txt;MC6004-Sistemas Operativos Avanzados.txt;MC1103-Gerencia de tecnología de información.txt,3.59,Planificación Estratégica de TI,MC2301,
deepseek-r1-14b-f16,short_answer,¿Qué porcentaje de la evaluación corresponde a la investigación bibliográfica?,"En el curso Planificación Estratégica de TI de la Maestría en Gerencia de Tecnologías de la Información, ¿Qué porcentaje de la evaluación corresponde a la investigación bibliográfica?

Da una respuesta breve y directa, en una sola frase.",20%,"En el curso Planificación Estratégica de TI, el 20% de la evaluación corresponde a la investigación bibliográfica.",MC2301-Planificación estratégica de tecnología de información.txt;MC1101-Sistemas Estratégicos Empresariales.txt;MC1003-Seguridad y Criptografía.txt;MC1103-Gerencia de tecnología de información.txt;MC1103-Gerencia de tecnología de información.txt,1.85,Planificación Estratégica de TI,MC2301,
deepseek-r1-14b-f16,short_answer,¿Permite el curso la suficiencia?,"En el curso Planificación Estratégica de TI de la Maestría en Gerencia de Tecnologías de la Información, ¿Permite el curso la suficiencia?

Da una respuesta breve y directa, en una sola frase.",No,"No, el curso no permite la suficiencia.
</think>

No, el curso no permite la suficiencia.",MC1103-Gerencia de tecnología de información.txt;MC2301-Planificación estratégica de tecnología de información.txt;MC2301-Planificación estratégica de tecnología de información.txt;MC1101-Sistemas Estratégicos Empresariales.txt;MC1203-Administración y estrategia de proyectos I.txt,1.81,Planificación Estratégica de TI,MC2301,
deepseek-r1-14b-f16,short_answer,"¿Qué porcentaje de la nota representan las pruebas cortas, comprobaciones y ensayos?","En el curso Planificación Estratégica de TI de la Maestría en Gerencia de Tecnologías de la Información, ¿Qué porcentaje de la nota representan las pruebas cortas, comprobaciones y ensayos?

Da una respuesta breve y directa, en una sola frase.",40%,"Las pruebas cortas, comprobaciones y ensayos representan el 40% de la nota en el curso Planificación Estratégica de TI de la Maestría en Gerencia de Tecnologías de la Información.
</think>

Las pruebas cortas, comprobaciones y ensayos representan el 40% de la nota en el curso Planificación Estratégica de TI de la Maestría en Gerencia de Tecnologías de la Información.",MC2301-Planificación estratégica de tecnología de información.txt;MC6004-Sistemas Operativos Avanzados.txt;MC1101-Sistemas Estratégicos Empresariales.txt;MC1003-Seguridad y Criptografía.txt;MC1103-Gerencia de tecnología de información.txt,4.95,Planificación Estratégica de TI,MC2301,
deepseek-r1-14b-f16,short_answer,¿En qué periodo del plan de estudios se ubica?,"En el curso Teoría de Autómatas de la Maestría en Computación, ¿En qué periodo del plan de estudios se ubica?

Da una respuesta breve y directa, en una sola frase.",II Periodo,El curso Teoría de Autómatas se ubica en el II Periodo del Plan de Estudios de la Maestría en Computación con Énfasis en Ciencias de la Computación.,MC6003-Teoría de Autómatas.txt;MC6104-Diseño de Experimentos.txt;MC7201-Introducción a la Investigación.txt;MC6102-Análisis de Algoritmos.txt;MC2301-Planificación estratégica de tecnología de información.txt,2.73,Teoría de Autómatas,MC6003,
deepseek-r1-14b-f16,short_answer,¿Quién es el profesor titular del curso?,"En el curso Teoría de Autómatas de la Maestría en Computación, ¿Quién es el profesor titular del curso?

Da una respuesta breve y directa, en una sola frase.",Erick Mata Montero,El profesor titular del curso Teoría de Autómatas no está mencionado en el contexto proporcionado.,MC7201-Introducción a la Investigación.txt;MC6003-Teoría de Autómatas.txt;MC6102-Análisis de Algoritmos.txt;MC7201-Introducción a la Investigación.txt;MC6104-Diseño de Experimentos.txt,2.04,Teoría de Autómatas,MC6003,
deepseek-r1-14b-f16,short_answer,¿Qué porcentaje de la nota final representa el examen final?,"En el curso Teoría de Autómatas de la Maestría en Computación, ¿Qué porcentaje de la nota final representa el examen final?

Da una respuesta breve y directa, en una sola frase.",30%,No se menciona un examen final en el contexto proporcionado para el curso de Teoría de Autómatas.,MC6004-Sistemas Operativos Avanzados.txt;MC1003-Seguridad y Criptografía.txt;MC6104-Diseño de Experimentos.txt;MC6003-Teoría de Autómatas.txt;MC2301-Planificación estratégica de tecnología de información.txt,1.71,Teoría de Autómatas,MC6003,
deepseek-r1-14b-f16,short_answer,¿Cuál es el porcentaje asignado al examen parcial?,"En el curso Teoría de Autómatas de la Maestría en Computación, ¿Cuál es el porcentaje asignado al examen parcial?

Da una respuesta breve y directa, en una sola frase.",20%,"No se menciona el porcentaje asignado al examen parcial en el curso de Teoría de Autómatas.
</think>

No se menciona el porcentaje asignado al examen parcial en el curso de Teoría de Autómatas.",MC1003-Seguridad y Criptografía.txt;MC6003-Teoría de Autómatas.txt;MC6004-Sistemas Operativos Avanzados.txt;MC2301-Planificación estratégica de tecnología de información.txt;MC1101-Sistemas Estratégicos Empresariales.txt,2.94,Teoría de Autómatas,MC6003,
deepseek-r1-14b-f16,short_answer,¿Permite el curso la modalidad de suficiencia?,"En el curso Teoría de Autómatas de la Maestría en Computación, ¿Permite el curso la modalidad de suficiencia?

Da una respuesta breve y directa, en una sola frase.",Sí,"Sí, el curso de Teoría de Autómatas permite la modalidad de suficiencia.",MC6003-Teoría de Autómatas.txt;MC6102-Análisis de Algoritmos.txt;MC6102-Análisis de Algoritmos.txt;MC7201-Introducción a la Investigación.txt;MC6104-Diseño de Experimentos.txt,2.03,Teoría de Autómatas,MC6003,
deepseek-r1-14b-f16,short_answer,¿Quiénes son los autores principales del libro de texto base?,"En el curso Teoría de Autómatas de la Maestría en Computación, ¿Quiénes son los autores principales del libro de texto base?

Da una respuesta breve y directa, en una sola frase.",Hopcroft et al.,El libro de texto base no está mencionado en el contexto proporcionado.,MC6104-Diseño de Experimentos.txt;MC7201-Introducción a la Investigación.txt;MC7201-Introducción a la Investigación.txt;MC6102-Análisis de Algoritmos.txt;MC6003-Teoría de Autómatas.txt,1.63,Teoría de Autómatas,MC6003,
deepseek-r1-14b-f16,short_answer,¿De qué curso de redes es requisito esta materia?,"En el curso Sistemas Operativos Avanzados de la Maestría en Computación, ¿De qué curso de redes es requisito esta materia?

Da una respuesta breve y directa, en una sola frase.",MC-6006 Redes de Computadores Avanzadas,"No se menciona un curso específico de redes como requisito para el curso de Sistemas Operativos Avanzados.
</think>

No se menciona un curso específico de redes como requisito para el curso de Sistemas Operativos Avanzados.",MC6004-Sistemas Operativos Avanzados.txt;MC6102-Análisis de Algoritmos.txt;MC6104-Diseño de Experimentos.txt;MC1103-Gerencia de tecnología de información.txt;MC7201-Introducción a la Investigación.txt,3.25,Sistemas Operativos Avanzados,MC6004,
deepseek-r1-14b-f16,short_answer,¿Cuál es la duración mínima exigida para la presentación oral?,"En el curso Sistemas Operativos Avanzados de la Maestría en Computación, ¿Cuál es la duración mínima exigida para la presentación oral?

Da una respuesta breve y directa, en una sola frase.",16 minutos,La duración mínima exigida para la presentación oral es de 16 minutos.,MC6004-Sistemas Operativos Avanzados.txt;MC6004-Sistemas Operativos Avanzados.txt;MC7201-Introducción a la Investigación.txt;MC6104-Diseño de Experimentos.txt;MC1103-Gerencia de tecnología de información.txt,1.59,Sistemas Operativos Avanzados,MC6004,
deepseek-r1-14b-f16,short_answer,¿En qué formato deben confeccionarse los reportes de proyectos y el paper?,"En el curso Sistemas Operativos Avanzados de la Maestría en Computación, ¿En qué formato deben confeccionarse los reportes de proyectos y el paper?

Da una respuesta breve y directa, en una sola frase.",IEEE Transactions,"Los reportes de proyectos y el paper deben confeccionarse en formato PDF, con un nombre que incluya la fecha y un número secuencial, y deben incluir una portada, tabla de contenido, imágenes, gráficos y datos adicionales.",MC6004-Sistemas Operativos Avanzados.txt;MC6004-Sistemas Operativos Avanzados.txt;MC1103-Gerencia de tecnología de información.txt;MC2301-Planificación estratégica de tecnología de información.txt;MC1103-Gerencia de tecnología de información.txt,3.17,Sistemas Operativos Avanzados,MC6004,
deepseek-r1-14b-f16,short_answer,¿En qué idioma debe estar escrito el paper de investigación?,"En el curso Sistemas Operativos Avanzados de la Maestría en Computación, ¿En qué idioma debe estar escrito el paper de investigación?

Da una respuesta breve y directa, en una sola frase.",Inglés,"El curso Sistemas Operativos Avanzados no está mencionado en el contexto proporcionado, por lo que no tengo suficiente información para responder la pregunta.

Respuesta: No tengo suficiente información.",MC6003-Teoría de Autómatas.txt;MC7201-Introducción a la Investigación.txt;MC6102-Análisis de Algoritmos.txt;MC2301-Planificación estratégica de tecnología de información.txt;MC7201-Introducción a la Investigación.txt,2.67,Sistemas Operativos Avanzados,MC6004,
deepseek-r1-14b-f16,short_answer,¿Qué porcentaje total de la nota suman los tres proyectos programados?,"En el curso Sistemas Operativos Avanzados de la Maestría en Computación, ¿Qué porcentaje total de la nota suman los tres proyectos programados?

Da una respuesta breve y directa, en una sola frase.",30%,"En el curso Sistemas Operativos Avanzados, los tres proyectos programados suman un total de 30% de la nota.
</think>

En el curso Sistemas Operativos Avanzados, los tres proyectos programados suman un total de 30% de la nota.",MC6004-Sistemas Operativos Avanzados.txt;MC2301-Planificación estratégica de tecnología de información.txt;MC1203-Administración y estrategia de proyectos I.txt;MC1203-Administración y estrategia de proyectos I.txt;MC1003-Seguridad y Criptografía.txt,3.11,Sistemas Operativos Avanzados,MC6004,
deepseek-r1-14b-f16,short_answer,¿Quién es el profesor titular del curso?,"En el curso Sistemas Operativos Avanzados de la Maestría en Computación, ¿Quién es el profesor titular del curso?

Da una respuesta breve y directa, en una sola frase.",Dr. Francisco J. Torres-Rojas,El profesor titular del curso Sistemas Operativos Avanzados no está mencionado en el contexto proporcionado.,MC7201-Introducción a la Investigación.txt;MC6004-Sistemas Operativos Avanzados.txt;MC6102-Análisis de Algoritmos.txt;MC6104-Diseño de Experimentos.txt;MC6104-Diseño de Experimentos.txt,2.04,Sistemas Operativos Avanzados,MC6004,
deepseek-r1-14b-f16,short_answer,¿En qué periodo del plan de estudios se imparte?,"En el curso Análisis de Algoritmos de la Maestría en Computación, ¿En qué periodo del plan de estudios se imparte?

Da una respuesta breve y directa, en una sola frase.",I Periodo,"En el curso Análisis de Algoritmos de la Maestría en Computación, se imparte en el I Periodo del Plan de Estudios.",MC6102-Análisis de Algoritmos.txt;MC6104-Diseño de Experimentos.txt;MC6102-Análisis de Algoritmos.txt;MC7201-Introducción a la Investigación.txt;MC6003-Teoría de Autómatas.txt,2.5,Análisis de Algoritmos,MC6102,
deepseek-r1-14b-f16,short_answer,¿En qué horario se dictan las clases los martes?,"En el curso Análisis de Algoritmos de la Maestría en Computación, ¿En qué horario se dictan las clases los martes?

Da una respuesta breve y directa, en una sola frase.",6:00 p. m. a 8:50 p. m.,No se proporciona información sobre el horario de clases en el contexto dado.,MC6003-Teoría de Autómatas.txt;MC6104-Diseño de Experimentos.txt;MC1103-Gerencia de tecnología de información.txt;MC1203-Administración y estrategia de proyectos I.txt;MC6102-Análisis de Algoritmos.txt,1.63,Análisis de Algoritmos,MC6102,
deepseek-r1-14b-f16,short_answer,¿Quién es el profesor del curso?,"En el curso Análisis de Algoritmos de la Maestría en Computación, ¿Quién es el profesor del curso?

Da una respuesta breve y directa, en una sola frase.",José E. Araya,No se proporciona información sobre el profesor del curso Análisis de Algoritmos en el contexto dado.,MC6102-Análisis de Algoritmos.txt;MC7201-Introducción a la Investigación.txt;MC6102-Análisis de Algoritmos.txt;MC6104-Diseño de Experimentos.txt;MC6004-Sistemas Operativos Avanzados.txt,2.04,Análisis de Algoritmos,MC6102,
deepseek-r1-14b-f16,short_answer,¿Qué porcentaje de la nota final representan las tareas e investigaciones?,"En el curso Análisis de Algoritmos de la Maestría en Computación, ¿Qué porcentaje de la nota final representan las tareas e investigaciones?

Da una respuesta breve y directa, en una sola frase.",50%,"En el curso Análisis de Algoritmos de la Maestría en Computación, las tareas e investigaciones representan el 50% de la nota final.",MC6004-Sistemas Operativos Avanzados.txt;MC6102-Análisis de Algoritmos.txt;MC1003-Seguridad y Criptografía.txt;MC6102-Análisis de Algoritmos.txt;MC6104-Diseño de Experimentos.txt,2.36,Análisis de Algoritmos,MC6102,
deepseek-r1-14b-f16,short_answer,¿Qué porcentaje de la evaluación corresponde a los exámenes parciales?,"En el curso Análisis de Algoritmos de la Maestría en Computación, ¿Qué porcentaje de la evaluación corresponde a los exámenes parciales?

Da una respuesta breve y directa, en una sola frase.",50%,"En el curso Análisis de Algoritmos de la Maestría en Computación, los exámenes parciales representan el 50% de la evaluación.",MC1003-Seguridad y Criptografía.txt;MC6004-Sistemas Operativos Avanzados.txt;MC6102-Análisis de Algoritmos.txt;MC2301-Planificación estratégica de tecnología de información.txt;MC6102-Análisis de Algoritmos.txt,2.26,Análisis de Algoritmos,MC6102,
deepseek-r1-14b-f16,short_answer,¿Cuál es el libro de texto de carácter obligatorio?,"En el curso Análisis de Algoritmos de la Maestría en Computación, ¿Cuál es el libro de texto de carácter obligatorio?

Da una respuesta breve y directa, en una sola frase.",Fundamentos de Algoritmia de Brassard y Bratley,"El libro de texto obligatorio es ""Fundamentos de Algoritmia"" de Gilles Brassard y Paul Bratley.
</think>

El libro de texto obligatorio es ""Fundamentos de Algoritmia"" de Gilles Brassard y Paul Bratley.",MC6102-Análisis de Algoritmos.txt;MC6102-Análisis de Algoritmos.txt;MC7201-Introducción a la Investigación.txt;MC6003-Teoría de Autómatas.txt;MC7201-Introducción a la Investigación.txt,3.45,Análisis de Algoritmos,MC6102,
deepseek-r1-14b-f16,short_answer,¿Es este curso obligatorio o electivo?,"En el curso Diseño de Experimentos de la Maestría en Computación, ¿Es este curso obligatorio o electivo?

Da una respuesta breve y directa, en una sola frase.",Electivo,El curso Diseño de Experimentos es obligatorio.,MC6104-Diseño de Experimentos.txt;MC6102-Análisis de Algoritmos.txt;MC7201-Introducción a la Investigación.txt;MC7201-Introducción a la Investigación.txt;MC6004-Sistemas Operativos Avanzados.txt,1.41,Diseño de Experimentos,MC6104,
deepseek-r1-14b-f16,short_answer,¿De qué curso de Seminario de Investigación es requisito?,"En el curso Diseño de Experimentos de la Maestría en Computación, ¿De qué curso de Seminario de Investigación es requisito?

Da una respuesta breve y directa, en una sola frase.",MC-7203 – Seminario de Investigación - Tesis II,El curso Diseño de Experimentos (MC-6104) es requisito de Seminario de Investigación - Tesis II (MC-7203).,MC7201-Introducción a la Investigación.txt;MC6104-Diseño de Experimentos.txt;MC6004-Sistemas Operativos Avanzados.txt;MC7201-Introducción a la Investigación.txt;MC6102-Análisis de Algoritmos.txt,2.45,Diseño de Experimentos,MC6104,
deepseek-r1-14b-f16,short_answer,¿Qué porcentaje de la nota final representan los proyectos?,"En el curso Diseño de Experimentos de la Maestría en Computación, ¿Qué porcentaje de la nota final representan los proyectos?

Da una respuesta breve y directa, en una sola frase.",35%,"En el curso Diseño de Experimentos de la Maestría en Computación, los proyectos representan el 35% de la nota final.",MC6004-Sistemas Operativos Avanzados.txt;MC1003-Seguridad y Criptografía.txt;MC2301-Planificación estratégica de tecnología de información.txt;MC6104-Diseño de Experimentos.txt;MC6104-Diseño de Experimentos.txt,1.93,Diseño de Experimentos,MC6104,
deepseek-r1-14b-f16,short_answer,¿En qué idioma deben escribirse los reportes de los proyectos?,"En el curso Diseño de Experimentos de la Maestría en Computación, ¿En qué idioma deben escribirse los reportes de los proyectos?

Da una respuesta breve y directa, en una sola frase.",Inglés,"En el curso Diseño de Experimentos de la Maestría en Computación, los reportes de los proyectos deben escribirse en inglés.",MC7201-Introducción a la Investigación.txt;MC6104-Diseño de Experimentos.txt;MC1103-Gerencia de tecnología de información.txt;MC6102-Análisis de Algoritmos.txt;MC2301-Planificación estratégica de tecnología de información.txt,2.11,Diseño de Experimentos,MC6104,
deepseek-r1-14b-f16,short_answer,¿Permite el curso la suficiencia?,"En el curso Diseño de Experimentos de la Maestría en Computación, ¿Permite el curso la suficiencia?

Da una respuesta breve y directa, en una sola frase.",No,"No, el curso Diseño de Experimentos no permite la suficiencia.",MC6102-Análisis de Algoritmos.txt;MC6104-Diseño de Experimentos.txt;MC7201-Introducción a la Investigación.txt;MC7201-Introducción a la Investigación.txt;MC6102-Análisis de Algoritmos.txt,1.7,Diseño de Experimentos,MC6104,
deepseek-r1-14b-f16,short_answer,¿Qué porcentaje de la nota corresponde al segundo examen parcial?,"En el curso Diseño de Experimentos de la Maestría en Computación, ¿Qué porcentaje de la nota corresponde al segundo examen parcial?

Da una respuesta breve y directa, en una sola frase.",25%,"En el curso Diseño de Experimentos de la Maestría en Computación, el segundo examen parcial corresponde al 25% de la nota.",MC1003-Seguridad y Criptografía.txt;MC6004-Sistemas Operativos Avanzados.txt;MC7201-Introducción a la Investigación.txt;MC2301-Planificación estratégica de tecnología de información.txt;MC6104-Diseño de Experimentos.txt,1.91,Diseño de Experimentos,MC6104,
deepseek-r1-14b-f16,short_answer,¿Cuál es el correquisito obligatorio de este curso?,"En el curso Introducción a la Investigación de la Maestría en Computación, ¿Cuál es el correquisito obligatorio de este curso?

Da una respuesta breve y directa, en una sola frase.",MC-7205 Tema Selecto de Investigación,El correquisito obligatorio del curso Introducción a la Investigación es MC-7205 Tema Selecto de Investigación.,MC7201-Introducción a la Investigación.txt;MC7201-Introducción a la Investigación.txt;MC6104-Diseño de Experimentos.txt;MC6102-Análisis de Algoritmos.txt;MC2301-Planificación estratégica de tecnología de información.txt,2.14,Introducción a la Investigación,MC7201,
deepseek-r1-14b-f16,short_answer,¿Qué porcentaje de la nota final representa la presentación?,"En el curso Introducción a la Investigación de la Maestría en Computación, ¿Qué porcentaje de la nota final representa la presentación?

Da una respuesta breve y directa, en una sola frase.",25%,"En el curso Introducción a la Investigación de la Maestría en Computación, la presentación oral representa un 5% de la nota final.",MC6004-Sistemas Operativos Avanzados.txt;MC7201-Introducción a la Investigación.txt;MC6004-Sistemas Operativos Avanzados.txt;MC1003-Seguridad y Criptografía.txt;MC6104-Diseño de Experimentos.txt,2.06,Introducción a la Investigación,MC7201,
deepseek-r1-14b-f16,short_answer,¿Qué herramienta es obligatoria para preparar las presentaciones?,"En el curso Introducción a la Investigación de la Maestría en Computación, ¿Qué herramienta es obligatoria para preparar las presentaciones?

Da una respuesta breve y directa, en una sola frase.",Beamer,"La herramienta obligatoria para preparar las presentaciones en el curso Introducción a la Investigación es Beamer.
</think>

Beamer",MC7201-Introducción a la Investigación.txt;MC6004-Sistemas Operativos Avanzados.txt;MC7201-Introducción a la Investigación.txt;MC6102-Análisis de Algoritmos.txt;MC1103-Gerencia de tecnología de información.txt,2.06,Introducción a la Investigación,MC7201,
deepseek-r1-14b-f16,short_answer,¿En qué idioma debe escribirse el paper de investigación?,"En el curso Introducción a la Investigación de la Maestría en Computación, ¿En qué idioma debe escribirse el paper de investigación?

Da una respuesta breve y directa, en una sola frase.",Inglés,"En el curso Introducción a la Investigación de la Maestría en Computación, el paper de investigación debe escribirse en inglés.
</think>

En el curso Introducción a la Investigación de la Maestría en Computación, el paper de investigación debe escribirse en inglés.",MC7201-Introducción a la Investigación.txt;MC7201-Introducción a la Investigación.txt;MC6003-Teoría de Autómatas.txt;MC1103-Gerencia de tecnología de información.txt;MC6004-Sistemas Operativos Avanzados.txt,3.63,Introducción a la Investigación,MC7201,
deepseek-r1-14b-f16,short_answer,¿Quién es el profesor titular del curso?,"En el curso Introducción a la Investigación de la Maestría en Computación, ¿Quién es el profesor titular del curso?

Da una respuesta breve y directa, en una sola frase.",Dr. Francisco J. Torres-Rojas,El profesor titular del curso Introducción a la Investigación de la Maestría en Computación no está mencionado en el contexto proporcionado.,MC7201-Introducción a la Investigación.txt;MC6102-Análisis de Algoritmos.txt;MC6104-Diseño de Experimentos.txt;MC7201-Introducción a la Investigación.txt;MC6104-Diseño de Experimentos.txt,2.34,Introducción a la Investigación,MC7201,
deepseek-r1-14b-f16,short_answer,¿Permite el curso la posibilidad de reconocimiento?,"En el curso Introducción a la Investigación de la Maestría en Computación, ¿Permite el curso la posibilidad de reconocimiento?

Da una respuesta breve y directa, en una sola frase.",Sí,"Sí, el curso Introducción a la Investigación de la Maestría en Computación permite la posibilidad de reconocimiento.",MC6102-Análisis de Algoritmos.txt;MC7201-Introducción a la Investigación.txt;MC7201-Introducción a la Investigación.txt;MC6104-Diseño de Experimentos.txt;MC1103-Gerencia de tecnología de información.txt,2.17,Introducción a la Investigación,MC7201,
deepseek-r1-14b-f16,open_ended,¿Cuál es el propósito principal de integrar inteligencia artificial en un Centro de Operaciones en Seguridad (SOC)?,"En el curso Análisis de Datos en Ciberseguridad de la Maestría en Ciberseguridad, ¿Cuál es el propósito principal de integrar inteligencia artificial en un Centro de Operaciones en Seguridad (SOC)?

Da una respuesta completa y explicativa.",Facilitar la distinción de vectores de ataque y permitir una toma de decisiones más precisa en la respuesta a incidentes.,"En el curso Análisis de Datos en Ciberseguridad de la Maestría en Ciberseguridad, el propósito principal de integrar inteligencia artificial en un Centro de Operaciones en Seguridad (SOC) es mejorar la capacidad de detección y respuesta a amenazas cibernéticas. La inteligencia artificial (IA) se utiliza para analizar grandes volúmenes de datos en tiempo real, identificar patrones anómalos y predecir posibles incidentes de seguridad. Esto permite a los profesionales del SOC tomar decisiones más rápidas y precisas, optimizando la eficiencia y reduciendo el riesgo de ataques no detectados. Además, la IA puede ayudar en la automatización de tareas repetitivas, como la monitorización de logs y la generación de alertas, liberando recursos humanos para enfocarse en tareas más estratégicas y complejas.",MC1006-Políticas y Gobernanza en Ciberseguridad.txt;MC1006-Políticas y Gobernanza en Ciberseguridad.txt;MC1001-Análisis de datos en ciberseguridad.txt;MC3001-Seguridad de Software Avanzado.txt;MC1003-Seguridad y Criptografía.txt,9.82,Análisis de Datos en Ciberseguridad,MC1001,
deepseek-r1-14b-f16,open_ended,¿Qué temas matemáticos específicos debe dominar el estudiante para tener un buen desempeño?,"En el curso Análisis de Datos en Ciberseguridad de la Maestría en Ciberseguridad, ¿Qué temas matemáticos específicos debe dominar el estudiante para tener un buen desempeño?

Da una respuesta completa y explicativa.","Conceptos de estadística y cálculo diferencial integral, como distribuciones de probabilidad, regresiones y optimización.","Para tener un buen desempeño en el curso Análisis de Datos en Ciberseguridad de la Maestría en Ciberseguridad, el estudiante debe dominar los siguientes temas matemáticos específicos:

1. **Distribuciones de Probabilidad**: Comprender diferentes tipos de distribuciones, como la normal, binomial, poisson, etc., y su aplicación en el análisis de datos cibernéticos.

2. **Regresión Lineal Simple**: Capacidad para modelar relaciones lineales entre variables independientes y dependientes, útil para predecir comportamientos y tendencias en los datos.

3. **Regresión Logarítmica**: Utilizar modelos logísticos para analizar datos binomiales y predecir probabilidades en contextos de seguridad cibernética.

4. **Árboles de Regresión y Decisión**: Conocer cómo construir y utilizar árboles para clasificar y predecir patrones en los datos, aplicando técnicas de aprendizaje automático.

5. **Validación Cruzada**: Entender cómo evaluar el rendimiento de los modelos estadísticos mediante la división de los datos en conjuntos de entrenamiento y prueba.

6. **Clustering**: Saber cómo agrupar datos similares en clusters para identificar patrones y segmentar información en ciberseguridad.

7. **Optimización de",MC3010-Cibercrimen.txt;MC1003-Seguridad y Criptografía.txt;MC1001-Análisis de datos en ciberseguridad.txt;MC3010-Cibercrimen.txt;MC1006-Políticas y Gobernanza en Ciberseguridad.txt,14.3,Análisis de Datos en Ciberseguridad,MC1001,
deepseek-r1-14b-f16,open_ended,¿Cómo contribuye este curso a la perfilación del comportamiento humano y de software?,"En el curso Análisis de Datos en Ciberseguridad de la Maestría en Ciberseguridad, ¿Cómo contribuye este curso a la perfilación del comportamiento humano y de software?

Da una respuesta completa y explicativa.","Provee técnicas de detección de anomalías, minería de datos en tiempo real y procesamiento distribuido para analizar grandes volúmenes de datos.","El curso Análisis de Datos en Ciberseguridad contribuye a la perfilación del comportamiento humano y de software de manera significativa a través de varios enfoques y técnicas. En primer lugar, el curso utiliza modelos de aprendizaje automático para analizar grandes volúmenes de datos, lo que permite identificar patrones y comportamientos anómalos que podrían indicar actividades fraudulentas o maliciosas. Esto incluye el uso de algoritmos avanzados como árboles de decisión, regresión logística y clustering, que ayudan a construir perfiles detallados de comportamiento.

Además, el curso aborda técnicas específicas para la minería de datos en tiempo real (stream mining), lo que permite una detección rápida de anomalías y un monitoreo continuo de actividades sospechosas. Esto es esencial para la profilaxis en tiempo real, donde se pueden采取 medidas preventivas inmediatas en respuesta a comportamientos detectados.

El curso también se centra en la privacidad, asegurando que los perfiles de comportamiento se construyan de manera respetuosa con la privacidad de las personas y el software. Esto implica el uso de metodologías que minimizan el riesgo de violación de datos personales, manteniendo la efectividad de los perfiles sin comprometer la privacidad.

Finalmente, el",MC1001-Análisis de datos en ciberseguridad.txt;MC1006-Políticas y Gobernanza en Ciberseguridad.txt;MC1001-Análisis de datos en ciberseguridad.txt;MC3010-Cibercrimen.txt;MC3001-Seguridad de Software Avanzado.txt,14.48,Análisis de Datos en Ciberseguridad,MC1001,
deepseek-r1-14b-f16,open_ended,¿Qué capacidades desarrolla el estudiante respecto al diagnóstico de software?,"En el curso Análisis de Datos en Ciberseguridad de la Maestría en Ciberseguridad, ¿Qué capacidades desarrolla el estudiante respecto al diagnóstico de software?

Da una respuesta completa y explicativa.",La capacidad de desarrollar soluciones para el descubrimiento de conocimiento y análisis de amenazas mediante herramientas de análisis de datos.,"En el curso Análisis de Datos en Ciberseguridad de la Maestría en Ciberseguridad, el estudiante desarrolla las siguientes capacidades relacionadas con el diagnóstico de software:

1. **Aplicación de Modelos de Aprendizaje Automático**: El estudiante aprende a utilizar algoritmos de aprendizaje automático para analizar múltiples fuentes de datos, como sitios web, código fuente y trazas de red, con el fin de descubrir y analizar amenazas en los componentes de software.

2. **Análisis de Anomalías en Bitácoras de Sistemas**: Se capacita para identificar conductas fraudulentas mediante el uso de modelos de aprendizaje automático en bitácoras de sistemas, lo que permite detectar comportamientos anómalos que podrían indicar actividades fraudulentas.

3. **Construcción de Perfiles de Comportamiento**: El estudiante aprende a construir perfiles de comportamiento de personas y software, respetando la privacidad, con el propósito de optimizar los controles de seguridad y mejorar la detección de amenazas.

Estas capacidades se adquieren mediante el estudio de técnicas avanzadas de análisis de datos, como la minería de datos en tiempo real, el procesamiento de datos distribuidos y la ingeniería inversa automatizada,",MC1001-Análisis de datos en ciberseguridad.txt;MC3001-Seguridad de Software Avanzado.txt;MC1001-Análisis de datos en ciberseguridad.txt;MC3010-Cibercrimen.txt;MC1003-Seguridad y Criptografía.txt,14.47,Análisis de Datos en Ciberseguridad,MC1001,
deepseek-r1-14b-f16,open_ended,¿En qué consiste la metodología de evaluación práctica del curso?,"En el curso Análisis de Datos en Ciberseguridad de la Maestría en Ciberseguridad, ¿En qué consiste la metodología de evaluación práctica del curso?

Da una respuesta completa y explicativa.",Se basa principalmente en laboratorios (75% de la nota) y la resolución de casos de estudio (20%).,"La metodología de evaluación práctica del curso Análisis de Datos en Ciberseguridad de la Maestría en Ciberseguridad se compone de tres componentes principales:

1. **Pruebas Cortas o Comprobaciones de Lectura**: Representan el 40% de la calificación. Estas pruebas sirven para evaluar la comprensión y asimilación de los conceptos teóricos abordados en clase.

2. **Investigación Bibliográfica**: Constituye el 20% de la calificación. Los estudiantes deben realizar una investigación sobre las tendencias en políticas y gobernanza de la ciberseguridad, lo que fomenta el desarrollo de habilidades investigativas y el análisis crítico.

3. **Estudio de Casos**: Este componente también representa el 40% de la calificación. Los estudiantes trabajan en estudios de casos en escenarios de gestión de procesos de TI, aplicando los conceptos teóricos aprendidos en clase a situaciones prácticas. Esto permite una integración entre lo teórico y lo aplicado, promoviendo la resolución de problemas y la aplicación práctica de las habilidades adquiridas.

La combinación de estos componentes asegura una evaluación integral que no solo mide el conocimiento teórico, sino también la capacidad de aplicar los conceptos en contextos re",MC1006-Políticas y Gobernanza en Ciberseguridad.txt;MC1001-Análisis de datos en ciberseguridad.txt;MC1003-Seguridad y Criptografía.txt;MC3010-Cibercrimen.txt;MC3010-Cibercrimen.txt,14.33,Análisis de Datos en Ciberseguridad,MC1001,
deepseek-r1-14b-f16,open_ended,¿Qué técnicas de minería de datos se aplican específicamente para el procesamiento en tiempo real?,"En el curso Análisis de Datos en Ciberseguridad de la Maestría en Ciberseguridad, ¿Qué técnicas de minería de datos se aplican específicamente para el procesamiento en tiempo real?

Da una respuesta completa y explicativa.","Se estudian los filtros de Bloom, hashes localmente sensibles y árboles de Hoeffding.","En el curso Análisis de Datos en Ciberseguridad de la Maestría en Ciberseguridad, se aplican las siguientes técnicas de minería de datos específicamente para el procesamiento en tiempo real:

1. **Identificación de información relevante**: Se enfoca en detectar patrones y datos significativos en tiempo real para tomar decisiones rápidas.

2. **Filtros de Bloom**: Son utilizados para reducir el volumen de datos en tiempo real, permitiendo una rápida identificación de elementos relevantes.

3. **Hashes localmente sensibles (LSH)**: Sirven para acelerar la búsqueda de similitudes en grandes conjuntos de datos en tiempo real.

4. **Árboles de Hoeffding**: Son empleados para construir modelos de decisión en tiempo real, permitiendo la detección de anomalías y patrones emergentes.

Estas técnicas son fundamentales para el análisis de datos en tiempo real, especialmente en contextos de ciberseguridad donde la rapidez y precisión son esenciales para detectar y responder a amenazas.",MC1001-Análisis de datos en ciberseguridad.txt;MC1001-Análisis de datos en ciberseguridad.txt;MC1006-Políticas y Gobernanza en Ciberseguridad.txt;MC1003-Seguridad y Criptografía.txt;MC1006-Políticas y Gobernanza en Ciberseguridad.txt,11.67,Análisis de Datos en Ciberseguridad,MC1001,
deepseek-r1-14b-f16,open_ended,¿Qué rol desempeña la criptografía en la infraestructura de Internet actual?,"En el curso Seguridad y Criptografía de la Maestría en Ciberseguridad, ¿Qué rol desempeña la criptografía en la infraestructura de Internet actual?

Da una respuesta completa y explicativa.","Actúa como el medio para asegurar la confidencialidad, autenticidad e integridad de las comunicaciones y los datos almacenados.","En el curso Seguridad y Criptografía de la Maestría en Ciberseguridad, la criptografía desempeña un papel fundamental en la infraestructura de Internet actual. Su principal función es garantizar la confidencialidad, autenticidad, integridad y disponibilidad de las comunicaciones y datos en línea. Esto se logra mediante el uso de algoritmos criptográficos avanzados, como los cifrados simétricos (AES) y asimétricos (RSA), así como funciones de hash y protocolos como Diffie-Hellman y PKI. Estos mecanismos protegen contra amenazas cibernéticas, asegurando que la información sensible no caiga en manos no autorizadas y que las transacciones en línea sean seguras y fiables.",MC1006-Políticas y Gobernanza en Ciberseguridad.txt;MC1001-Análisis de datos en ciberseguridad.txt;MC1006-Políticas y Gobernanza en Ciberseguridad.txt;MC1003-Seguridad y Criptografía.txt;MC3001-Seguridad de Software Avanzado.txt,8.81,Seguridad y Criptografía,MC1003,
deepseek-r1-14b-f16,open_ended,¿Qué aspectos avanzados de la matemática se exploran para entender los cifrados modernos?,"En el curso Seguridad y Criptografía de la Maestría en Ciberseguridad, ¿Qué aspectos avanzados de la matemática se exploran para entender los cifrados modernos?

Da una respuesta completa y explicativa.","El estudio de curvas elípticas, ataques diferenciales y lineales, y el protocolo Diffie-Hellman.","Lo siento, pero no puedo proporcionar una respuesta completa y explicativa sobre los aspectos avanzados de la matemática en el curso de Seguridad y Criptografía de la Maestría en Ciberseguridad, ya que no tengo suficiente información del contexto proporcionado. El material que se me ha dado no incluye detalles específicos sobre los temas matemáticos avanzados relacionados con los cifrados modernos.",MC1001-Análisis de datos en ciberseguridad.txt;MC1006-Políticas y Gobernanza en Ciberseguridad.txt;MC6102-Análisis de Algoritmos.txt;MC1006-Políticas y Gobernanza en Ciberseguridad.txt;MC7201-Introducción a la Investigación.txt,5.05,Seguridad y Criptografía,MC1003,
deepseek-r1-14b-f16,open_ended,¿Qué diferencias conceptuales se analizan entre las primitivas de criptografía simétrica y asimétrica?,"En el curso Seguridad y Criptografía de la Maestría en Ciberseguridad, ¿Qué diferencias conceptuales se analizan entre las primitivas de criptografía simétrica y asimétrica?

Da una respuesta completa y explicativa.","Se estudia el rol de las funciones hash, las firmas digitales y la infraestructura de llave pública y privada (PKI).","En el curso Seguridad y Criptografía de la Maestría en Ciberseguridad, se analizan las siguientes diferencias conceptuales entre las primitivas de criptografía simétrica y asimétrica:

1. **Clave Única vs. Claves Públicas y Privadas**:
   - **Criptografía Simétrica**: Utiliza una sola clave para ambos procesos de encriptación y desencriptación. Ejemplo: Algoritmo AES.
   - **Criptografía Asimétrica**: Utiliza dos claves diferentes, una pública para encriptar y otra privada para desencriptar. Ejemplo: Algoritmo RSA.

2. **Rendimiento**:
   - **Criptografía Simétrica**: Ofrece un rendimiento más alto debido a su simplicidad, lo que la hace ideal para grandes volúmenes de datos.
   - **Criptografía Asimétrica**: Es más lenta debido a su complejidad, lo que la hace menos adecuada para encriptar grandes cantidades de datos directamente.

3. **Uso Principal**:
   - **Criptografía Simétrica**: Se utiliza principalmente para proteger la confidencialidad de los datos.
   - **Criptografía Asimétrica**: Se utiliza para garantizar la confidencialidad, autenticidad y integridad de los datos,",MC1001-Análisis de datos en ciberseguridad.txt;MC1006-Políticas y Gobernanza en Ciberseguridad.txt;MC1006-Políticas y Gobernanza en Ciberseguridad.txt;MC3001-Seguridad de Software Avanzado.txt;MC1003-Seguridad y Criptografía.txt,14.44,Seguridad y Criptografía,MC1003,
deepseek-r1-14b-f16,open_ended,¿Sobre qué tendencias futuras en el campo de la seguridad se discute en clase?,"En el curso Seguridad y Criptografía de la Maestría en Ciberseguridad, ¿Sobre qué tendencias futuras en el campo de la seguridad se discute en clase?

Da una respuesta completa y explicativa.",Sobre los avances y desafíos que presenta la criptografía cuántica.,"En el curso Seguridad y Criptografía de la Maestría en Ciberseguridad, se discute la tendencia futura en el campo de la seguridad relacionada con la criptografía cuántica. Este tema avanza la discusión sobre cómo la tecnología cuántica puede revolucionar los sistemas de encriptación actuales, ofreciendo una capa adicional de seguridad contra amenazas cibernéticas emergentes.",MC1006-Políticas y Gobernanza en Ciberseguridad.txt;MC1006-Políticas y Gobernanza en Ciberseguridad.txt;MC1003-Seguridad y Criptografía.txt;MC3001-Seguridad de Software Avanzado.txt;MC3010-Cibercrimen.txt,5.14,Seguridad y Criptografía,MC1003,
deepseek-r1-14b-f16,open_ended,¿Qué elementos históricos sirven de base para comprender la evolución del cifrado?,"En el curso Seguridad y Criptografía de la Maestría en Ciberseguridad, ¿Qué elementos históricos sirven de base para comprender la evolución del cifrado?

Da una respuesta completa y explicativa.","El estudio del Cifrado César, la máquina Enigma y el cifrado por permutación, entre otros.","En el curso Seguridad y Criptografía de la Maestría en Ciberseguridad, los elementos históricos que sirven de base para comprender la evolución del cifrado incluyen:

1. **Historia del cifrado**: El curso comienza con una introducción a la historia del cifrado, destacando hitos clave que han moldeado el desarrollo de las técnicas criptográficas. Esto incluye:
   - **Cifrado César**: Uno de los métodos de cifrado más antiguos, utilizado por Julio César para comunicarse con sus generales.
   - **Cifrado por sustitución**: Un método en el que cada letra del alfabeto es reemplazada por otra letra, como el famoso Cifrado de Playfair.
   - **Cifrado Vigènere**: Un método más avanzado que utiliza un alfabeto polialfabetico para cifrar el texto, introducido en el siglo XVI.
   - **Cifrado por permutación**: Involucra cambios en el orden de las letras del texto plano para crear el texto cifrado.

2. **La máquina Enigma**: Un dispositivo histórico crucial en la evolución del cifrado, utilizado durante la Segunda Guerra Mundial por los alemanes para cifrar sus comunicaciones. El curso probablemente aborda cómo fue crackeado por los aliados,",MC1006-Políticas y Gobernanza en Ciberseguridad.txt;MC1006-Políticas y Gobernanza en Ciberseguridad.txt;MC1001-Análisis de datos en ciberseguridad.txt;MC1003-Seguridad y Criptografía.txt;MC3001-Seguridad de Software Avanzado.txt,14.5,Seguridad y Criptografía,MC1003,
deepseek-r1-14b-f16,open_ended,¿Cómo se estructura el sistema de evaluación del aprendizaje en esta materia?,"En el curso Seguridad y Criptografía de la Maestría en Ciberseguridad, ¿Cómo se estructura el sistema de evaluación del aprendizaje en esta materia?

Da una respuesta completa y explicativa.","Se compone de tareas para asimilación de materia (50%), laboratorios prácticos (20%) y un examen final (30%).","En el curso ""Seguridad y Criptografía"" de la Maestría en Ciberseguridad, el sistema de evaluación del aprendizaje se estructura de la siguiente manera:

1. **Tareas**: Representan el 50% de la calificación. Estas tareas están diseñadas para permitir a los estudiantes aplicar los conceptos teóricos aprendidos en clase a situaciones prácticas, reforzando su comprensión y habilidades en criptografía.

2. **Laboratorios Prácticos**: Constituyen el 30% de la calificación. Los laboratorios son una parte esencial del curso, ya que permiten a los estudiantes adquirir experiencia práctica en el uso de algoritmos y protocolos criptográficos, así como en la implementación de soluciones seguras.

3. **Examen Final**: Este componente evalúa el conocimiento global adquirido durante el curso y representa el 20% de la calificación. El examen final busca asegurar que los estudiantes hayan internalizado los fundamentos teóricos y puedan aplicarlos en contextos más complejos.

Este sistema de evaluación está diseñado para promover una combinación equilibrada de aprendizaje teórico y práctico, asegurando que los estudiantes no solo comprendan los conceptos sino que también puedan implementarlos en situ",MC1006-Políticas y Gobernanza en Ciberseguridad.txt;MC1001-Análisis de datos en ciberseguridad.txt;MC1003-Seguridad y Criptografía.txt;MC1006-Políticas y Gobernanza en Ciberseguridad.txt;MC3001-Seguridad de Software Avanzado.txt,14.51,Seguridad y Criptografía,MC1003,
deepseek-r1-14b-f16,open_ended,¿Por qué es fundamental la gestión de procesos ante la vulnerabilidad tecnológica de los negocios?,"En el curso Políticas y Gobernanza en Ciberseguridad de la Maestría en Ciberseguridad, ¿Por qué es fundamental la gestión de procesos ante la vulnerabilidad tecnológica de los negocios?

Da una respuesta completa y explicativa.","Porque permite minimizar riesgos y amenazas de manera efectiva, asegurando la continuidad del negocio y el ahorro en costos.","En el curso ""Políticas y Gobernanza en Ciberseguridad"" de la Maestría en Ciberseguridad, la gestión de procesos es fundamental ante la vulnerabilidad tecnológica de los negocios debido a varios motivos:

1. **Identificación y Evaluación de Riesgos**: La gestión de procesos permite identificar y evaluar los riesgos cibernéticos que pueden afectar los negocios. Esto incluye la detección de amenazas internas y externas, el análisis de vulnerabilidades en el desarrollo de software, y la implementación de métricas de seguridad para evaluar la efectividad de los controles.

2. **Alineación con la Estrategia de la Organización**: La gestión de procesos asegura que las políticas y planes de ciberseguridad estén alineados con la misión y visión de la organización. Esto implica la definición de políticas en ciberseguridad, la creación de programas y proyectos estratégicos, y la alineación de los KPI de ciberseguridad con los objetivos empresariales.

3. **Gobernanza y Políticas Efectivas**: La gestión de procesos contribuye a la definición y promoción de políticas, planes o programas que fomentan el entendimiento y concienciación de la seguridad de la información dentro de la organización. Esto incl",MC1006-Políticas y Gobernanza en Ciberseguridad.txt;MC1006-Políticas y Gobernanza en Ciberseguridad.txt;MC1101-Sistemas Estratégicos Empresariales.txt;MC1103-Gerencia de tecnología de información.txt;MC1001-Análisis de datos en ciberseguridad.txt,14.36,Políticas y Gobernanza en Ciberseguridad,MC1006,
deepseek-r1-14b-f16,open_ended,¿Qué áreas de especialización se utilizan como marco de referencia para el conocimiento en este curso?,"En el curso Políticas y Gobernanza en Ciberseguridad de la Maestría en Ciberseguridad, ¿Qué áreas de especialización se utilizan como marco de referencia para el conocimiento en este curso?

Da una respuesta completa y explicativa.",El Framework NICE y las áreas de conocimiento en ciberseguridad según la ACM.,"En el curso ""Políticas y Gobernanza en Ciberseguridad"" de la Maestría en Ciberseguridad, se utilizan como marco de referencia las siguientes áreas de especialización:

1. **Áreas de Conocimiento en Ciberseguridad según ACM (Asociación para el Avance de la Computación)**: Esto implica el uso de marcos y categorías establecidas por la ACM para organizar el conocimiento en ciberseguridad, lo que puede incluir temas como la gestión de riesgos, la seguridad de las redes, la privacidad y la ética en la informática.

2. **Áreas de Especialización en Ciberseguridad según el Framework NICE (National Initiative for Cybersecurity Education)**: El Framework NICE proporciona un marco para la educación y capacitación en ciberseguridad, enfocado en habilidades y roles específicos dentro del campo. Esto incluye áreas como la prevención de amenazas, la detección de incidentes, la gestión de riesgos y la respuesta a incidentes.

Estas áreas de especialización se integran en el curso para proporcionar una base sólida y estructurada en ciberseguridad, permitiendo a los estudiantes comprender y aplicar conceptos clave en políticas y gobernanza.",MC1006-Políticas y Gobernanza en Ciberseguridad.txt;MC1006-Políticas y Gobernanza en Ciberseguridad.txt;MC3010-Cibercrimen.txt;MC1003-Seguridad y Criptografía.txt;MC1001-Análisis de datos en ciberseguridad.txt,13.73,Políticas y Gobernanza en Ciberseguridad,MC1006,
deepseek-r1-14b-f16,open_ended,¿Cómo se aborda el diagnóstico del riesgo organizacional en este programa?,"En el curso Políticas y Gobernanza en Ciberseguridad de la Maestría en Ciberseguridad, ¿Cómo se aborda el diagnóstico del riesgo organizacional en este programa?

Da una respuesta completa y explicativa.",Mediante el uso de métricas de seguridad para la toma de decisiones estratégicas y modelos de evaluación de riesgo.,"En el curso ""Políticas y Gobernanza en Ciberseguridad"" de la Maestría en Ciberseguridad, el diagnóstico del riesgo organizacional se aborda de manera integral y estructurada a través de los siguientes componentes:

1. **Identificación de Riesgos**: Los estudiantes aprenden a identificar los riesgos cibernéticos relevantes para la organización, considerando tanto amenazas externas como vulnerabilidades internas.

2. **Modelos y Metodologías de Evaluación**: Se utilizan modelos y metodologías avanzadas para medir y evaluar el riesgo, lo que incluye la implementación de métricas de ciberseguridad.

3. **Análisis y Aseguramiento del Riesgo**: Se enfatiza en el análisis de riesgos, priorización de amenazas y la implementación de estrategias para mitigar o eliminar los riesgos identificados.

4. **Control de Riesgos**: Los estudiantes aprenden a implementar controles efectivos, tanto técnicos como administrativos, para reducir el impacto de los riesgos en la organización.

5. **Planeamiento Estratégico**: El diagnóstico del riesgo organizacional se integra en el planeamiento estratégico, asegurando que las políticas y programas de ciberseguridad estén alineados con la misión y visión",MC1006-Políticas y Gobernanza en Ciberseguridad.txt;MC1006-Políticas y Gobernanza en Ciberseguridad.txt;MC1001-Análisis de datos en ciberseguridad.txt;MC3001-Seguridad de Software Avanzado.txt;MC1003-Seguridad y Criptografía.txt,14.52,Políticas y Gobernanza en Ciberseguridad,MC1006,
deepseek-r1-14b-f16,open_ended,"¿Qué importancia tiene el principio de ""Seguridad por diseño"" en el ciclo de vida del software?","En el curso Políticas y Gobernanza en Ciberseguridad de la Maestría en Ciberseguridad, ¿Qué importancia tiene el principio de ""Seguridad por diseño"" en el ciclo de vida del software?

Da una respuesta completa y explicativa.",Es un criterio clave para el aprovisionamiento de soluciones tecnológicas seguras y la planificación de requerimientos.,"En el curso ""Políticas y Gobernanza en Ciberseguridad"" de la Maestría en Ciberseguridad, el principio de ""Seguridad por diseño"" (Security by Design) adquiere una importancia significativa en el ciclo de vida del software. Este enfoque proactivo se centra en integrar las consideraciones de seguridad desde las etapas iniciales del desarrollo, lo que permite identificar y mitigar riesgos tempranamente, antes de que estos se conviertan en vulnerabilidades costosas de corregir. 

El ""Seguridad por diseño"" se alinea con los objetivos del curso, que promueven la gobernanza y la gestión estratégica en ciberseguridad. Este principio no solo mejora la robustez del software, sino que también contribuye a garantizar la confidencialidad, integridad y disponibilidad de los datos, aspectos clave en la seguridad de la información. Además, su implementación permite una mejor alineación de las políticas y planes de ciberseguridad con la misión y visión de la organización, facilitando la toma de decisiones informadas y el cumplimiento de regulaciones y estándares. Por lo tanto, el ""Seguridad por diseño"" es esencial para construir soluciones tecnológicas seguras y resistentes a amenazas cibernéticas.",MC1006-Políticas y Gobernanza en Ciberseguridad.txt;MC1006-Políticas y Gobernanza en Ciberseguridad.txt;MC3001-Seguridad de Software Avanzado.txt;MC1003-Seguridad y Criptografía.txt;MC1001-Análisis de datos en ciberseguridad.txt,14.4,Políticas y Gobernanza en Ciberseguridad,MC1006,
deepseek-r1-14b-f16,open_ended,¿Qué elementos legales se analizan respecto a la protección de datos en Costa Rica?,"En el curso Políticas y Gobernanza en Ciberseguridad de la Maestría en Ciberseguridad, ¿Qué elementos legales se analizan respecto a la protección de datos en Costa Rica?

Da una respuesta completa y explicativa.",La legislación sobre delitos informáticos y la Ley 8968 de Protección de los Datos.,"En el curso ""Políticas y Gobernanza en Ciberseguridad"" de la Maestría en Ciberseguridad, se analizan varios elementos legales relacionados con la protección de datos en Costa Rica. Entre ellos se encuentran:

1. **Ley 8968 de Protección de los Datos**: Esta ley es un marco legal fundamental para la protección de datos personales en Costa Rica. Se enfoca en regular el tratamiento de datos personales, estableciendo normas para su recolección, uso, almacenamiento y transferencia, con el fin de garantizar la privacidad y seguridad de la información de los ciudadanos.

2. **General Data Protection Regulation (GDPR)**: Aunque el GDPR es una regulación de la Unión Europea, su impacto global lo hace relevante en el contexto legal internacional. En el curso, se estudia cómo este marco puede influir en las políticas y prácticas de ciberseguridad, especialmente en el manejo de datos personales de ciudadanos europeos.

3. **Regulaciones y Leyes en Ciberseguridad**: El curso aborda otras regulaciones y leyes que afectan la protección de datos, como las relacionadas con la lucha contra el cibercrimen, la privacidad en línea y la seguridad de las transacciones electrónicas.

4. **Privacidad y Protección de Datos**:",MC1006-Políticas y Gobernanza en Ciberseguridad.txt;MC1006-Políticas y Gobernanza en Ciberseguridad.txt;MC1001-Análisis de datos en ciberseguridad.txt;MC3001-Seguridad de Software Avanzado.txt;MC1003-Seguridad y Criptografía.txt,14.54,Políticas y Gobernanza en Ciberseguridad,MC1006,
deepseek-r1-14b-f16,open_ended,¿Cuál es el objetivo de integrar los KPI de ciberseguridad con la visión de la empresa?,"En el curso Políticas y Gobernanza en Ciberseguridad de la Maestría en Ciberseguridad, ¿Cuál es el objetivo de integrar los KPI de ciberseguridad con la visión de la empresa?

Da una respuesta completa y explicativa.",Lograr una alineación estratégica que permita gestionar el portafolio de proyectos de seguridad según la misión organizacional.,"En el curso ""Políticas y Gobernanza en Ciberseguridad"" de la Maestría en Ciberseguridad, el objetivo de integrar los KPI (Indicadores Clave de Performance) de ciberseguridad con la visión de la empresa es para alinear las métricas de seguridad con los objetivos estratégicos y operativos de la organización. Esto permite evaluar cómo los esfuerzos en ciberseguridad contribuyen al logro de los resultados empresariales, asegurando que las iniciativas de seguridad estén alineadas con la misión y visión de la empresa, y permiten una toma de decisiones informada basada en el rendimiento.",MC1006-Políticas y Gobernanza en Ciberseguridad.txt;MC1006-Políticas y Gobernanza en Ciberseguridad.txt;MC1001-Análisis de datos en ciberseguridad.txt;MC1101-Sistemas Estratégicos Empresariales.txt;MC1003-Seguridad y Criptografía.txt,7.75,Políticas y Gobernanza en Ciberseguridad,MC1006,
deepseek-r1-14b-f16,open_ended,¿Desde qué perspectiva se analizan vulnerabilidades como el Buffer Overflow?,"En el curso Seguridad de Software Avanzado de la Maestría en Ciberseguridad, ¿Desde qué perspectiva se analizan vulnerabilidades como el Buffer Overflow?

Da una respuesta completa y explicativa.",Desde una perspectiva avanzada que estudia vectores de ataque utilizados para violentar el software creado.,"En el curso Seguridad de Software Avanzado de la Maestría en Ciberseguridad, las vulnerabilidades como el Buffer Overflow se analizan desde una perspectiva avanzada que incluye la identificación de vectores de ataque, la evaluación de estrategias de defensa y la implementación de técnicas de mitigación. El curso aborda estos temas mediante un enfoque teórico y práctico, integrando conceptos como la programación segura, el modelado de vulnerabilidades y las técnicas de prueba de penetración. Además, se enfatiza en la importancia de la ""Seguridad por Diseño"" para prevenir y mitigar estos tipos de amenazas, garantizando la confidencialidad, integridad y disponibilidad de los datos en las aplicaciones.",MC1006-Políticas y Gobernanza en Ciberseguridad.txt;MC1001-Análisis de datos en ciberseguridad.txt;MC3001-Seguridad de Software Avanzado.txt;MC1006-Políticas y Gobernanza en Ciberseguridad.txt;MC3001-Seguridad de Software Avanzado.txt,8.74,Seguridad de Software Avanzado,MC3001,
deepseek-r1-14b-f16,open_ended,¿Qué estrategias de defensa se consideran para prevenir ataques a las aplicaciones?,"En el curso Seguridad de Software Avanzado de la Maestría en Ciberseguridad, ¿Qué estrategias de defensa se consideran para prevenir ataques a las aplicaciones?

Da una respuesta completa y explicativa.","Técnicas de programación segura, modelado de vulnerabilidades y técnicas avanzadas de pruebas de seguridad.","En el curso Seguridad de Software Avanzado de la Maestría en Ciberseguridad, se consideran varias estrategias de defensa para prevenir ataques a las aplicaciones. Entre ellas se encuentran:

1. **Seguridad por Diseño (Security by Design):** Se enfoca en integrar la seguridad desde el inicio del proceso de desarrollo del software, lo que permite identificar y mitigar riesgos tempranamente. Esto incluye el uso de modelos de amenazas, la definición de una base de confianza segura (Trusted Computing Base) y la implementación de estándares de codificación segura.

2. **Validación de Entrada:** Una de las estrategias más efectivas para prevenir ataques es asegurarse de que toda la entrada al sistema se valida correctamente. Esto implica restringir, filtrar y sanear los datos antes de procesarlos, lo que ayuda a evitar exploits como la inyección de código (SQL, XSS) y el desbordamiento de buffers.

3. **Control de Privilegios Mínimos:** Este principio consiste en otorgar solo los niveles de acceso y privilegios necesarios para que cada usuario o componente del sistema cumpla con su función. Esto minimiza el impacto de un posible ataque, ya que limita la capacidad de un atacante de acceder a información o modificar",MC1006-Políticas y Gobernanza en Ciberseguridad.txt;MC1006-Políticas y Gobernanza en Ciberseguridad.txt;MC3001-Seguridad de Software Avanzado.txt;MC1001-Análisis de datos en ciberseguridad.txt;MC1003-Seguridad y Criptografía.txt,14.52,Seguridad de Software Avanzado,MC3001,
deepseek-r1-14b-f16,open_ended,"¿Cómo influye el concepto de ""Seguridad por Diseño"" en el estudiante?","En el curso Seguridad de Software Avanzado de la Maestría en Ciberseguridad, ¿Cómo influye el concepto de ""Seguridad por Diseño"" en el estudiante?

Da una respuesta completa y explicativa.","Lo capacita para diseñar soluciones que garanticen la tríada de la seguridad (confidencialidad, integridad y disponibilidad) desde el inicio del desarrollo.","En el curso de Seguridad de Software Avanzado de la Maestría en Ciberseguridad, el concepto de ""Seguridad por Diseño"" influye en los estudiantes de manera significativa al capacitarlos para integrar la seguridad en todas las etapas del desarrollo de software. Esto se logra a través de la comprensión de vulnerabilidades comunes, como buffer overflows y inyecciones SQL, y de las técnicas de defensa para mitigar estos riesgos. Además, los estudiantes aprenden a diseñar soluciones seguras desde el inicio, considerando principios como el menor privilegio y la validación de entradas, lo que les permite crear aplicaciones más resistentes a amenazas. Este enfoque no solo mejora la confidencialidad, integridad y disponibilidad de los datos, sino que también forma profesionales capaces de prevenir incidentes de seguridad de manera proactiva.",MC3001-Seguridad de Software Avanzado.txt;MC1006-Políticas y Gobernanza en Ciberseguridad.txt;MC1003-Seguridad y Criptografía.txt;MC1006-Políticas y Gobernanza en Ciberseguridad.txt;MC3010-Cibercrimen.txt,9.97,Seguridad de Software Avanzado,MC3001,
deepseek-r1-14b-f16,open_ended,¿Qué temas abarca la administración de riesgo aplicada específicamente al software?,"En el curso Seguridad de Software Avanzado de la Maestría en Ciberseguridad, ¿Qué temas abarca la administración de riesgo aplicada específicamente al software?

Da una respuesta completa y explicativa.","Identificación de riesgos técnicos y de negocio, priorización de riesgos y validación de correcciones.","En el curso Seguridad de Software Avanzado de la Maestría en Ciberseguridad, la administración de riesgo aplicada específicamente al software abarca los siguientes temas:

1. **Comprendiendo el contexto del negocio**: Se enfoca en entender cómo el entorno del negocio influye en la identificación y gestión de riesgos, considerando aspectos como las amenazas, vulnerabilidades y el impacto en los objetivos empresariales.

2. **Identificando los riesgos técnicos y de negocio**: Incluye la detección de amenazas y vulnerabilidades que pueden afectar al software, así como el análisis de los riesgos desde una perspectiva técnica y comercial.

3. **Sintetizado y priorización del riesgo**: Se trata de la compilación de información sobre riesgos y su priorización basada en factores como el impacto y la probabilidad de ocurrencia.

4. **Definición de estrategias de mitigación**: Se centra en desarrollar planes y medidas para reducir o eliminar los riesgos identificados, asegurando la confidencialidad, integridad y disponibilidad de los datos.

5. **Creación de correcciones y validación**: Implica la implementación de soluciones para corregir las vulnerabilidades identificadas y la validación de que estas soluciones sean efectivas.

Estos temas",MC1006-Políticas y Gobernanza en Ciberseguridad.txt;MC1006-Políticas y Gobernanza en Ciberseguridad.txt;MC3001-Seguridad de Software Avanzado.txt;MC1001-Análisis de datos en ciberseguridad.txt;MC1003-Seguridad y Criptografía.txt,14.51,Seguridad de Software Avanzado,MC3001,
deepseek-r1-14b-f16,open_ended,¿Qué se entiende por seguridad basada en el lenguaje de programación en este contexto?,"En el curso Seguridad de Software Avanzado de la Maestría en Ciberseguridad, ¿Qué se entiende por seguridad basada en el lenguaje de programación en este contexto?

Da una respuesta completa y explicativa.","El estudio del tipado seguro, el aseguramiento de memoria y el control de acceso en ambientes abiertos.","En el curso Seguridad de Software Avanzado de la Maestría en Ciberseguridad, la seguridad basada en el lenguaje de programación se refiere a una serie de técnicas y principios que se enfocan en diseñar y desarrollar software de manera segura, mitigando vulnerabilidades y exposiciones a amenazas. Esto incluye conceptos como el tipado seguro, la sondeabilidad de tipo (Type Soundness), el aseguramiento de memoria, el control de acceso y la autenticación por contraseñas. Además, se abordan metodologías avanzadas como RBAC (Control de Acceso Basado en Roles) y nuevos mecanismos de autenticación e identificación, que buscan prevenir y mitigar ataques dirigidos contra el software.",MC1006-Políticas y Gobernanza en Ciberseguridad.txt;MC1006-Políticas y Gobernanza en Ciberseguridad.txt;MC3001-Seguridad de Software Avanzado.txt;MC3001-Seguridad de Software Avanzado.txt;MC1001-Análisis de datos en ciberseguridad.txt,8.57,Seguridad de Software Avanzado,MC3001,
deepseek-r1-14b-f16,open_ended,¿Cómo se aplican las técnicas de análisis estático para mejorar la calidad del código?,"En el curso Seguridad de Software Avanzado de la Maestría en Ciberseguridad, ¿Cómo se aplican las técnicas de análisis estático para mejorar la calidad del código?

Da una respuesta completa y explicativa.","Mediante el análisis de flujo de datos, la ejecución simbólica y la ofuscación.","En el curso Seguridad de Software Avanzado de la Maestría en Ciberseguridad, las técnicas de análisis estático se aplican para mejorar la calidad del código de las siguientes maneras:

1. **Análisis de Flujo de Datos e Información**: Se utiliza para identificar cómo los datos se mueven a través del código, detectando posibles fugas de información o accesos no autorizados.

2. **Ofuscación**: Se aplica para dificultar el análisis del código por parte de posibles atacantes, protegiendo así las vulnerabilidades.

3. **Pruebas de Penetración en Análisis Estático**: Se realizan para detectar vectores de ataque y vulnerabilidades sin necesidad de ejecutar el código, lo que permite una evaluación más segura y eficiente.

4. **Ejecución Simbólica**: Se emplea para analizar el comportamiento del código sin ejecutarlo, lo que facilita la detección de errores y vulnerabilidades.

Estas técnicas, junto con el código de revisión y el análisis de riesgos de la arquitectura, contribuyen a diseñar software más seguro y robusto, evitando amenazas como desbordamientos de buffers, inyecciones de código y fugas de información.",MC1001-Análisis de datos en ciberseguridad.txt;MC3001-Seguridad de Software Avanzado.txt;MC3001-Seguridad de Software Avanzado.txt;MC1003-Seguridad y Criptografía.txt;MC1006-Políticas y Gobernanza en Ciberseguridad.txt,13.6,Seguridad de Software Avanzado,MC3001,
deepseek-r1-14b-f16,open_ended,¿Por qué el cibercrimen se estudia también desde la perspectiva de las ciencias sociales?,"En el curso Cibercrimen de la Maestría en Ciberseguridad, ¿Por qué el cibercrimen se estudia también desde la perspectiva de las ciencias sociales?

Da una respuesta completa y explicativa.","Porque muchos problemas, como el phishing, ocurren por motivadores conductuales y debilidades en el comportamiento humano, no solo por fallas técnicas.","En el curso Cibercrimen de la Maestría en Ciberseguridad, el cibercrimen se estudia también desde la perspectiva de las ciencias sociales porque, según el documento MC3010-Cibercrimen.txt, muchos de los problemas relacionados con la ciberseguridad no son exclusivamente técnicos. Por ejemplo, el phishing ocurre porque las personas suelen ser el eslabón más débil, y la legislación dificulta abordar los problemas de manera transnacional. Este enfoque permite analizar aspectos como la psicología del cibercrimen, los motivadores sociales y las perspectivas legales, lo que fortalece la identificación de amenazas y la planificación de medidas de prevención.",MC3010-Cibercrimen.txt;MC1006-Políticas y Gobernanza en Ciberseguridad.txt;MC1006-Políticas y Gobernanza en Ciberseguridad.txt;MC1001-Análisis de datos en ciberseguridad.txt;MC3010-Cibercrimen.txt,8.36,Cibercrimen,MC3010,
deepseek-r1-14b-f16,open_ended,¿Qué objetivos persiguen los criminales al manipular a usuarios legítimos?,"En el curso Cibercrimen de la Maestría en Ciberseguridad, ¿Qué objetivos persiguen los criminales al manipular a usuarios legítimos?

Da una respuesta completa y explicativa.","Obtener información confidencial mediante ingeniería social, espionaje industrial e investigación de recopilación de datos.","En el curso Cibercrimen de la Maestría en Ciberseguridad, los criminales persiguen varios objetivos al manipular a usuarios legítimos. Estos objetivos incluyen:

1. **Obtener información confidencial**: Los criminales buscan acceder a datos personales, financieros o de otro tipo que puedan ser utilizados para cometer fraudes o actividades ilícitas.

2. **Realizar transacciones fraudulentas**: A través de técnicas como el phishing o el vishing, los criminales诱导 usuarios a realizar transferencias bancarias o comprar productos con tarjetas de crédito robadas.

3. **Instalar malware en dispositivos**: Los criminales pueden manipular a los usuarios para que descarguen archivos infectados o visiten sitios web maliciosos, lo que les permite controlar los dispositivos de la víctima.

4. **Cometer espionaje industrial**: En algunos casos, los criminales buscan información sensible de empresas mediante el engaño de empleados o partners, lo que les permite obtener ventajas competitivas.

5. **Difundir propaganda o mensajes ilegales**: Al manipular a usuarios legítimos, los criminales pueden difundir contenido ilegal, como spam, malware o mensajes de odio, utilizando las cuentas de las víctimas.

6. **Realizar actividades de extorsión**: Los crimina",MC1001-Análisis de datos en ciberseguridad.txt;MC1006-Políticas y Gobernanza en Ciberseguridad.txt;MC1006-Políticas y Gobernanza en Ciberseguridad.txt;MC3010-Cibercrimen.txt;MC3010-Cibercrimen.txt,14.29,Cibercrimen,MC3010,
deepseek-r1-14b-f16,open_ended,¿Cómo ayudan los motivadores sociales a identificar la naturaleza de las amenazas?,"En el curso Cibercrimen de la Maestría en Ciberseguridad, ¿Cómo ayudan los motivadores sociales a identificar la naturaleza de las amenazas?

Da una respuesta completa y explicativa.",Permiten valorar las acciones de los individuos y potenciar la identificación temprana de actos delictivos.,"En el curso de Cibercrimen de la Maestría en Ciberseguridad, los motivadores sociales son utilizados para comprender cómo las dinámicas sociales y las emociones humanas pueden influir en el comportamiento de los criminales en línea. Esto ayuda a identificar la naturaleza de las amenazas al analizar los factores que驱动 las actividades cibernéticas ilícitas, como la necesidad de atención, venganza, o ganancias económicas. A través de casos de estudio y la investigación aplicada, los estudiantes aprenden a descomponer las motivaciones subyacentes detrás de los ataques cibernéticos, lo que les permite desarrollar estrategias más efectivas para prevenir y combatir el cibercrimen.",MC1006-Políticas y Gobernanza en Ciberseguridad.txt;MC1006-Políticas y Gobernanza en Ciberseguridad.txt;MC1001-Análisis de datos en ciberseguridad.txt;MC3010-Cibercrimen.txt;MC3001-Seguridad de Software Avanzado.txt,8.43,Cibercrimen,MC3010,
deepseek-r1-14b-f16,open_ended,¿Qué métodos de investigación social se aplican para entender el fenómeno criminal?,"En el curso Cibercrimen de la Maestría en Ciberseguridad, ¿Qué métodos de investigación social se aplican para entender el fenómeno criminal?

Da una respuesta completa y explicativa.","La teorización, el diseño experimental, la validación de hipótesis y el análisis de datos con SPSS.","En el curso de Cibercrimen de la Maestría en Ciberseguridad, se aplican métodos de investigación social para entender el fenómeno criminal a través de:

1. **Investigación Social Aplicada**: Los estudiantes desarrollan estudios sociales que analizan cómo el cibercrimen afecta a las víctimas y las comunidades, identificando patrones y factores que influyen en el comportamiento criminal en línea.

2. **Estudio de Casos**: Se analizan casos específicos de cibercrimen para explorar las dinámicas sociales, las motivaciones de los criminales y las consecuencias para las víctimas, lo que permite una comprensión práctica del fenómeno.

3. **Investigación Bibliográfica**: Se realiza una revisión de literatura que recoge y analiza estudios previos sobre cibercrimen, identificando tendencias y avances en la comprensión del problema.

Estos métodos se integran con la participación activa de los estudiantes y la combinación de clases magistrales con actividades prácticas, facilitando una comprensión integral del cibercrimen desde una perspectiva social y estratégica.",MC3010-Cibercrimen.txt;MC1006-Políticas y Gobernanza en Ciberseguridad.txt;MC1006-Políticas y Gobernanza en Ciberseguridad.txt;MC1001-Análisis de datos en ciberseguridad.txt;MC1103-Gerencia de tecnología de información.txt,12.71,Cibercrimen,MC3010,
deepseek-r1-14b-f16,open_ended,"¿Qué aspectos analiza la ""Ciencia del Crimen"" respecto a los actos delictivos?","En el curso Cibercrimen de la Maestría en Ciberseguridad, ¿Qué aspectos analiza la ""Ciencia del Crimen"" respecto a los actos delictivos?

Da una respuesta completa y explicativa.","La elección racional del criminal, las actividades de rutina y los estudios de victimización y autoreporte.","En el curso Cibercrimen de la Maestría en Ciberseguridad, la ""Ciencia del Crimen"" analiza varios aspectos relevantes respecto a los actos delictivos. Estos incluyen:

1. **Orígenes del Crimen**: Se estudian los factores y circunstancias que llevan a individuos a cometer actos delictivos, considerando aspectos sociales, psicológicos y ambientales.

2. **Elección racional**: Se examina cómo los criminales evalúan los costos y beneficios de realizar un crimen, así como las decisiones basadas en esta evaluación.

3. **Actividades de Rutina**: Se analizan las rutinas y patrones de conducta que siguen los criminales en el curso de sus actividades ilícitas.

4. **Estudios de autoreporte**: Se consideran las declaraciones y reportes de los mismos criminales sobre sus acciones, proporcionando una perspectiva directa de sus motivaciones y métodos.

5. **Estudios de Victimización**: Se investigan las experiencias y perfiles de las víctimas, identificando patrones y vulnerabilidades que pueden ser explotadas.

6. **Registros policiales**: Se recurre a datos estadísticos y reportes policiales para analizar la incidencia, naturaleza y tendencias de los",MC3010-Cibercrimen.txt;MC1006-Políticas y Gobernanza en Ciberseguridad.txt;MC1006-Políticas y Gobernanza en Ciberseguridad.txt;MC1001-Análisis de datos en ciberseguridad.txt;MC3010-Cibercrimen.txt,14.31,Cibercrimen,MC3010,
deepseek-r1-14b-f16,open_ended,¿En qué consiste la teoría de prevención del crimen en situación según el curso?,"En el curso Cibercrimen de la Maestría en Ciberseguridad, ¿En qué consiste la teoría de prevención del crimen en situación según el curso?

Da una respuesta completa y explicativa.","Analiza la oportunidad del crimen, el triángulo del crimen y el desplazamiento del beneficio delictivo.","La teoría de prevención del crimen en situación, según el curso Cibercrimen de la Maestría en Ciberseguridad, se enfoca en entender cómo el entorno físico y social influye en la ocurrencia del crimen. Esto incluye conceptos clave como:

1. **Teoría de la Oportunidad**: Explica que los criminales actúan cuando ven una oportunidad fácil, aprovechando debilidades en el entorno.
2. **Triángulo del Crimen**: Este modelo identifica tres componentes esenciales para la comisión de un crimen: el criminal, la víctima y el entorno. La prevención busca interrumpir al menos uno de estos elementos.
3. **Desplazamiento**: Refiere a la capacidad de los criminales de adaptarse a nuevas oportunidades o modificar sus comportamientos ante cambios en el entorno.
4. **Difusión de Beneficio**: Se centra en cómo la información sobre beneficios potenciales del crimen se disemina entre los criminales, facilitando su acción.

La teoría se aplica para diseñar estrategias preventivas que modifiquen el entorno, disminuyendo las oportunidades de comisión del crimen y promoviendo un ambiente menos propicio para la delincuencia.",MC3010-Cibercrimen.txt;MC1006-Políticas y Gobernanza en Ciberseguridad.txt;MC1006-Políticas y Gobernanza en Ciberseguridad.txt;MC1001-Análisis de datos en ciberseguridad.txt;MC3010-Cibercrimen.txt,13.78,Cibercrimen,MC3010,
deepseek-r1-14b-f16,open_ended,¿Cómo se articulan las TI con la propuesta de valor de un negocio?,"En el curso Sistemas Estratégicos Empresariales de la Maestría en Gerencia de Tecnologías de la Información, ¿Cómo se articulan las TI con la propuesta de valor de un negocio?

Da una respuesta completa y explicativa.",Se integran coherentemente dentro de un sistema de actividades para fortalecer la posición estratégica de la empresa.,"En el curso Sistemas Estratégicos Empresariales de la Maestría en Gerencia de Tecnologías de la Información, las Tecnologías de la Información (TI) se articulan con la propuesta de valor de un negocio de manera integral y estratégica. Esto se logra a través de la creación de valor en las empresas, la definición de una propuesta de valor y el posicionamiento hacia los clientes, considerando los sistemas de información. Además, se enfatiza en la creación de un sistema de actividades en función de la propuesta de valor, las cadenas de valor y los modelos basados en recursos. La visión de una arquitectura de información, que incluye las funciones de la empresa, el entorno y los niveles de decisión, también es esencial para comprender cómo las TI contribuyen a la estrategia empresarial. Por medio de la Investigación Aplicada, los estudiantes pueden enfrentar problemas reales aplicando los conocimientos adquiridos, lo que refuerza la integración entre los conceptos teóricos y las aplicaciones prácticas en la creación de valor y la competitividad.",MC1101-Sistemas Estratégicos Empresariales.txt;MC2301-Planificación estratégica de tecnología de información.txt;MC1103-Gerencia de tecnología de información.txt;MC1203-Administración y estrategia de proyectos I.txt;MC1201-Administración financiera de tecnología de información.txt,12.04,Sistemas Estratégicos Empresariales,MC1101,
deepseek-r1-14b-f16,open_ended,¿Qué tipos de sistemas de información se estudian como referentes de manejo interno y externo?,"En el curso Sistemas Estratégicos Empresariales de la Maestría en Gerencia de Tecnologías de la Información, ¿Qué tipos de sistemas de información se estudian como referentes de manejo interno y externo?

Da una respuesta completa y explicativa.","Los sistemas ERP, CRM y SCM.","En el curso Sistemas Estratégicos Empresariales de la Maestría en Gerencia de Tecnologías de la Información, se estudian varios tipos de sistemas de información que actúan como referentes para el manejo interno y externo de las empresas. Estos sistemas incluyen:

1. **Sistemas de Planificación de Recursos Empresariales (ERP)**: Estos sistemas integran y gestionan información de diferentes departamentos de una empresa, como finanzas, ventas, compras y producción, permitiendo una planificación y gestión más eficiente.

2. **Sistemas de Administración de la Cadena de Suministro (SCM)**: Diseñados para mejorar la coordinación entre proveedores, fabricantes, distribuidores y clientes, estos sistemas ayudan a optimizar el flujo de materiales y información a lo largo de la cadena de suministro.

3. **Sistemas de Administración de Relación con el Cliente (CRM)**: Estos sistemas se centran en gestionar las interacciones con los clientes, desde la captación hasta la fidelización, mejorando la experiencia del cliente y las relaciones comerciales.

4. **Sistemas de Administración del Conocimiento (KMS)**: Estos sistemas buscan capturar, organizar y compartir el conocimiento dentro de una organización, facilitando la toma de decisiones y el aprend",MC1103-Gerencia de tecnología de información.txt;MC1103-Gerencia de tecnología de información.txt;MC2301-Planificación estratégica de tecnología de información.txt;MC1201-Administración financiera de tecnología de información.txt;MC1101-Sistemas Estratégicos Empresariales.txt,14.31,Sistemas Estratégicos Empresariales,MC1101,
deepseek-r1-14b-f16,open_ended,¿Qué fuerzas competitivas influyen en la dinámica de una industria según Michael Porter?,"En el curso Sistemas Estratégicos Empresariales de la Maestría en Gerencia de Tecnologías de la Información, ¿Qué fuerzas competitivas influyen en la dinámica de una industria según Michael Porter?

Da una respuesta completa y explicativa.","La amenaza de nuevos entrantes, el poder de compradores y proveedores, los sustitutos y la rivalidad entre competidores.","En el curso Sistemas Estratégicos Empresariales de la Maestría en Gerencia de Tecnologías de la Información, según Michael Porter, las siguientes fuerzas competitivas influyen en la dinámica de una industria:

1. **Concurrentes**: Esto incluye a los rivales directos y indirectos que compiten por el mismo mercado o clientes.

2. **Proveedores**: La capacidad de los proveedores de suministrar bienes y servicios esenciales para la operación de la empresa.

3. **Sustitutos**:Productos o servicios alternativos que pueden reemplazar los ofrecidos por la empresa.

4. **Clientes**: La negociación del poder de compra y las expectativas de los clientes en relación con los productos y servicios ofrecidos.

5. **Entrada de nuevos competidores**:La facilidad con la que nuevos actores pueden ingresar al mercado, afectando la competencia existente.

Estas fuerzas, conocidas como el ""Análisis de las Cinco Fuerzas de Porter"", ayudan a entender la estructura competitiva de una industria y a identificar las amenazas y oportunidades para una empresa.",MC1101-Sistemas Estratégicos Empresariales.txt;MC1101-Sistemas Estratégicos Empresariales.txt;MC1103-Gerencia de tecnología de información.txt;MC2301-Planificación estratégica de tecnología de información.txt;MC1103-Gerencia de tecnología de información.txt,11.94,Sistemas Estratégicos Empresariales,MC1101,
deepseek-r1-14b-f16,open_ended,¿Qué papel desempeña la investigación en la metodología de enseñanza de este curso?,"En el curso Sistemas Estratégicos Empresariales de la Maestría en Gerencia de Tecnologías de la Información, ¿Qué papel desempeña la investigación en la metodología de enseñanza de este curso?

Da una respuesta completa y explicativa.",Permite al estudiante profundizar en fundamentos y tendencias mediante la creación de un estado del arte de sistemas empresariales.,"En el curso Sistemas Estratégicos Empresariales de la Maestría en Gerencia de Tecnologías de la Información, la investigación desempeña un papel fundamental en la metodología de enseñanza. Esto se refleja en los siguientes aspectos:

1. **Investigación en Sistemas Empresariales**: Los estudiantes son requeridos para realizar un estado del arte en sistemas empresariales, lo que implica una investigación exhaustiva sobre temas específicos como ERP, CRM, KMS y SCM. Esto les permite adquirir habilidades en la búsqueda y síntesis de información relevante, además de fortalecer sus capacidades de investigación.

2. **Exposición Individual**: Además de la investigación grupal, cada estudiante debe presentar un artículo individual basado en su investigación. Esto no solo fomenta el aprendizaje individual, sino que también promueve la capacidad de comunicación y presentación de ideas.

3. **Participación en Clase**: La investigación también se integra en la participación activa en clase, donde los estudiantes comparten sus hallazgos y análisis, lo que enriquece el debate y la comprensión colectiva de los temas abordados.

En resumen, la investigación es una componente clave del curso, que no solo contribuye al desarrollo de habilidades investigativas, sino que también promueve la aplicación práctica de los conceptos teó",MC1103-Gerencia de tecnología de información.txt;MC2301-Planificación estratégica de tecnología de información.txt;MC1103-Gerencia de tecnología de información.txt;MC1101-Sistemas Estratégicos Empresariales.txt;MC1101-Sistemas Estratégicos Empresariales.txt,13.99,Sistemas Estratégicos Empresariales,MC1101,
deepseek-r1-14b-f16,open_ended,¿Cómo se vincula el conocimiento teórico con la práctica real en este programa?,"En el curso Sistemas Estratégicos Empresariales de la Maestría en Gerencia de Tecnologías de la Información, ¿Cómo se vincula el conocimiento teórico con la práctica real en este programa?

Da una respuesta completa y explicativa.",A través de una investigación aplicada donde el estudiante enfrenta un problema real de una empresa utilizando los conocimientos adquiridos.,"En el curso de Sistemas Estratégicos Empresariales de la Maestría en Gerencia de Tecnologías de la Información, el conocimiento teórico se vincula con la práctica real a través de una metodología de enseñanza y aprendizaje que combina exposiciones magistrales con actividades prácticas y casos de estudio. Los estudiantes no solo adquieren conceptos teóricos, sino que también los aplican en la resolución de casos y en la Investigación Aplicada, donde enfrentan problemas reales relacionados con los sistemas empresariales. Además, la participación activa en clase y la exposición de casos permiten al estudiante desarrollar habilidades de análisis y solución de problemas, lo que fortalece la integración entre la teoría y la práctica.",MC1103-Gerencia de tecnología de información.txt;MC1103-Gerencia de tecnología de información.txt;MC2301-Planificación estratégica de tecnología de información.txt;MC1101-Sistemas Estratégicos Empresariales.txt;MC2301-Planificación estratégica de tecnología de información.txt,8.49,Sistemas Estratégicos Empresariales,MC1101,
deepseek-r1-14b-f16,open_ended,¿Qué modelos complementarios a las fuerzas de Porter se analizan para el uso estratégico de TI?,"En el curso Sistemas Estratégicos Empresariales de la Maestría en Gerencia de Tecnologías de la Información, ¿Qué modelos complementarios a las fuerzas de Porter se analizan para el uso estratégico de TI?

Da una respuesta completa y explicativa.",El modelo basado en recursos (Resource Based View) y la competencia por capacidades.,"En el curso Sistemas Estratégicos Empresariales de la Maestría en Gerencia de Tecnologías de la Información, se analizan los siguientes modelos complementarios a las fuerzas de Porter para el uso estratégico de TI:

1. **Modelo basado en Recursos (Resource-Based View - RBV)**: Este modelo se centra en cómo las empresas pueden obtener una ventaja competitiva a través de sus recursos internos, como activos tangibles e intangibles, habilidades, y relaciones. En el contexto de TI, se enfoca en cómo los sistemas de información pueden actuar como un recurso clave para la empresa, proporcionando una ventaja competitiva.

2. **Modelo de Competencia por Capacidades (Capabilities-Based View - CBV)**: Este modelo se centra en las capacidades de una empresa para crear valor y mantener una ventaja competitiva. En el marco de TI, se analiza cómo las capacidades tecnológicas y de gestión de la información pueden fortalecer las capacidades organizacionales, permitiendo a las empresas adaptarse y responder más efectivamente a los cambios en el entorno competitivo.

Estos modelos complementan la perspectiva de Porter, proporcionando una visión más integral de cómo las tecnologías de la información pueden ser utilizadas estratégicamente para lograr ventajas competitivas y mejorar el desempeño empresarial.",MC1103-Gerencia de tecnología de información.txt;MC2301-Planificación estratégica de tecnología de información.txt;MC1101-Sistemas Estratégicos Empresariales.txt;MC2301-Planificación estratégica de tecnología de información.txt;MC1101-Sistemas Estratégicos Empresariales.txt,13.84,Sistemas Estratégicos Empresariales,MC1101,
deepseek-r1-14b-f16,open_ended,¿Qué elementos componen el enfoque integrado del proceso de gestión de TI?,"En el curso Gerencia de Tecnología de Información de la Maestría en Gerencia de Tecnologías de la Información, ¿Qué elementos componen el enfoque integrado del proceso de gestión de TI?

Da una respuesta completa y explicativa.","La combinación de cuatro factores clave: personas, procesos, herramientas y proveedores.","En el curso Gerencia de Tecnología de Información de la Maestría en Gerencia de Tecnologías de la Información, el enfoque integrado del proceso de gestión de TI se compone de los siguientes elementos:

1. **Gobernanza de TI**: Incluye el concepto de gobernanza, la diferencia entre administración y gobernanza, la importancia y beneficios de la gobernanza, políticas, procedimientos y estándares, y la matriz de gobernanza de Weill con sus arquetipos y mecanismos.

2. **Desarrollo organizacional de TI**: Abarca el espectro centralización-descentralización, ubicación del área de TI en la estructura organizacional, etapas de desarrollo organizacional, organización interna de TI (departamentalización), diseño organizacional, mecanismos de integración, estructura lógica para proveedores de servicios de TI, concepto de TI liviano, modelos de tercerización de servicios (SaaS, IaaS, PaaS), roles principales en las áreas de TI, y el modelo RACI o matriz de autoridad.

3. **Propuestas para la gestión de TI**: Se incluyen modelos como el de Broadbent y Kitzis (IT Demand/IT Supply), Scott Proctor, Dyche, Martha Heller, el enfoque holístico de Al Klue",MC1103-Gerencia de tecnología de información.txt;MC1103-Gerencia de tecnología de información.txt;MC1201-Administración financiera de tecnología de información.txt;MC2301-Planificación estratégica de tecnología de información.txt;MC1203-Administración y estrategia de proyectos I.txt,14.29,Gerencia de Tecnología de Información,MC1103,
deepseek-r1-14b-f16,open_ended,¿Cuáles son los equilibrios críticos que un líder de TI debe buscar permanentemente?,"En el curso Gerencia de Tecnología de Información de la Maestría en Gerencia de Tecnologías de la Información, ¿Cuáles son los equilibrios críticos que un líder de TI debe buscar permanentemente?

Da una respuesta completa y explicativa.","El balance entre innovación y gestión de riesgos, y entre ser agente de cambio y mantener la operación impecable.","En el curso Gerencia de Tecnología de Información de la Maestría en Gerencia de Tecnologías de la Información, los equilibrios críticos que un líder de TI debe buscar permanentemente no están explicitamente mencionados en el contexto proporcionado. El contexto incluye información sobre objetivos, contenidos, metodología y bibliografía del curso, pero no aborda directamente los equilibrios específicos que un líder de TI debe buscar. Por lo tanto, no tengo suficiente información para responder esta pregunta concretamente.",MC1103-Gerencia de tecnología de información.txt;MC2301-Planificación estratégica de tecnología de información.txt;MC1101-Sistemas Estratégicos Empresariales.txt;MC1103-Gerencia de tecnología de información.txt;MC1006-Políticas y Gobernanza en Ciberseguridad.txt,5.86,Gerencia de Tecnología de Información,MC1103,
deepseek-r1-14b-f16,open_ended,¿Qué diferencia establece el curso entre administración y gobernanza de TI?,"En el curso Gerencia de Tecnología de Información de la Maestría en Gerencia de Tecnologías de la Información, ¿Qué diferencia establece el curso entre administración y gobernanza de TI?

Da una respuesta completa y explicativa.","Se analizan como conceptos distintos, estudiando la gobernanza a través de arquetipos y mecanismos de la matriz de Weill.","En el curso de Gerencia de Tecnología de la Información de la Maestría en Gerencia de Tecnologías de la Información, se establece una diferencia clara entre la administración y la gobernanza de TI. La administración de TI se enfoca en la gestión diaria de los recursos tecnológicos, la planificación, la dirección y el control de los procesos operativos para asegurar que las tecnologías de la información cumplan con los objetivos inmediatos de la organización. Por otro lado, la gobernanza de TI se centra en la dirección estratégica, la supervisión y la toma de decisiones para asegurar que la tecnología de la información contribuya al logro de los objetivos de negocio a largo plazo de la empresa. La gobernanza implica una perspectiva más amplia, incluyendo la alineación de la TI con la estrategia organizacional, la gestión de riesgos, la definición de políticas y estándares, y la optimización del valor generado por la tecnología.",MC1103-Gerencia de tecnología de información.txt;MC1103-Gerencia de tecnología de información.txt;MC1006-Políticas y Gobernanza en Ciberseguridad.txt;MC1201-Administración financiera de tecnología de información.txt;MC1203-Administración y estrategia de proyectos I.txt,11.13,Gerencia de Tecnología de Información,MC1103,
deepseek-r1-14b-f16,open_ended,¿Qué modelos de tercerización de servicios se introducen en el contenido?,"En el curso Gerencia de Tecnología de Información de la Maestría en Gerencia de Tecnologías de la Información, ¿Qué modelos de tercerización de servicios se introducen en el contenido?

Da una respuesta completa y explicativa.","SaaS, IaaS y PaaS, junto con los factores críticos de éxito para su gestión.","En el curso Gerencia de Tecnología de Información de la Maestría en Gerencia de Tecnologías de la Información, se introducen los siguientes modelos de tercerización de servicios:

1. **SaaS (Software as a Service)**: Proporciona acceso a software a través de internet, generalmente bajo un modelo de suscripción. Esto permite a las empresas no tener que comprar licencias costosas ni mantener el software en sus propias instalaciones.

2. **IaaS (Infrastructure as a Service)**: Ofrece infraestructura computacional, como servidores y almacenamiento, a través de internet. Esto permite a las empresas escalar su capacidad de cómputo según sea necesario sin invertir en hardware propio.

3. **PaaS (Platform as a Service)**: Suministra una plataforma en la nube para desarrollar, probar y deployar aplicaciones. Esto elimina la necesidad de mantener infraestructura y herramientas de desarrollo, permitiendo a los desarrolladores enfocarse en el código.

Estos modelos son parte del contenido del curso, que también aborda consideraciones de contratación, factores críticos de éxito y el cuadro de mando integral para la gestión de estos servicios.",MC1103-Gerencia de tecnología de información.txt;MC2301-Planificación estratégica de tecnología de información.txt;MC1103-Gerencia de tecnología de información.txt;MC1006-Políticas y Gobernanza en Ciberseguridad.txt;MC1101-Sistemas Estratégicos Empresariales.txt,12.39,Gerencia de Tecnología de Información,MC1103,
deepseek-r1-14b-f16,open_ended,¿Cómo se utiliza la metodología de casos para fomentar el aprendizaje socio-constructivista?,"En el curso Gerencia de Tecnología de Información de la Maestría en Gerencia de Tecnologías de la Información, ¿Cómo se utiliza la metodología de casos para fomentar el aprendizaje socio-constructivista?

Da una respuesta completa y explicativa.","Mediante estudio individual, análisis grupal y sesiones plenarias de discusión sobre casos comprensivos.","En el curso de Gerencia de Tecnología de la Información de la Maestría en Gerencia de Tecnologías de la Información, la metodología de casos se utiliza para fomentar el aprendizaje socio-constructivista de la siguiente manera:

1. **Análisis de Casos Comprensivos**: Los casos asignados son comprensivos, lo que significa que los estudiantes deben abordar distintos aspectos del material estudiado. Esto permite que los estudiantes construyan su conocimiento de manera activa y significativa.

2. **Participación Activa**: Durante la introducción al curso, los estudiantes son guiados por el profesor a través de una guía de estudio, lo que fomenta su participación activa y colaboración en el proceso de aprendizaje.

3. **Discusión Virtual**: Se realiza al menos un foro de discusión virtual para asegurar un buen aprovechamiento de las plataformas y recursos tecnológicos disponibles. Este foro促发了 estudiantes a interactuar y compartir ideas, lo que es esencial en un enfoque socio-constructivista.

4. **Trabajo Individual y Grupal**: La metodología combina trabajo individual, principalmente en actividades iniciales como organizadores previos y estudio de teoría, con trabajo grupal a través del análisis de casos de estudio. Esto permite que los estudiantes construyan conocimientos",MC1103-Gerencia de tecnología de información.txt;MC3010-Cibercrimen.txt;MC2301-Planificación estratégica de tecnología de información.txt;MC6102-Análisis de Algoritmos.txt;MC6102-Análisis de Algoritmos.txt,14.04,Gerencia de Tecnología de Información,MC1103,
deepseek-r1-14b-f16,open_ended,¿Qué herramientas pedagógicas deben elaborar los estudiantes para demostrar la asimilación semanal de la teoría?,"En el curso Gerencia de Tecnología de Información de la Maestría en Gerencia de Tecnologías de la Información, ¿Qué herramientas pedagógicas deben elaborar los estudiantes para demostrar la asimilación semanal de la teoría?

Da una respuesta completa y explicativa.","Mapas mentales, conceptuales, infografías o cuadros sinópticos basados en la bibliografía.","En el curso de Gerencia de Tecnología de Información de la Maestría en Gerencia de Tecnologías de la Información, los estudiantes deben elaborar herramientas pedagógicas como mapas mentales, mapas conceptuales, esquemas de ideas, infografías o cuadros sinópticos para demostrar la asimilación semanal de la teoría.",MC1103-Gerencia de tecnología de información.txt;MC6102-Análisis de Algoritmos.txt;MC7201-Introducción a la Investigación.txt;MC2301-Planificación estratégica de tecnología de información.txt;MC7201-Introducción a la Investigación.txt,4.47,Gerencia de Tecnología de Información,MC1103,
deepseek-r1-14b-f16,open_ended,¿Qué abarca la gestión de recursos financieros invertidos en TI?,"En el curso Administración Financiera de TI de la Maestría en Gerencia de Tecnologías de la Información, ¿Qué abarca la gestión de recursos financieros invertidos en TI?

Da una respuesta completa y explicativa.","La planificación, operación, control, evaluación y toma de decisiones fundamentadas en información financiera.","La gestión de recursos financieros invertidos en TI abarca la planificación, operación, control, evaluación y toma de decisiones fundamentadas en información financiera. Esto incluye la optimización de los recursos asignados, la gestión de riesgos inherentes a las inversiones en proyectos y servicios de tecnología de la información, y la entrega de los beneficios acordados a partir de estas inversiones.",MC1201-Administración financiera de tecnología de información.txt;MC1103-Gerencia de tecnología de información.txt;MC1103-Gerencia de tecnología de información.txt;MC1201-Administración financiera de tecnología de información.txt;MC2301-Planificación estratégica de tecnología de información.txt,4.74,Administración Financiera de TI,MC1201,
deepseek-r1-14b-f16,open_ended,¿Cuál es el objetivo final de aplicar finanzas a los proyectos y servicios de TI?,"En el curso Administración Financiera de TI de la Maestría en Gerencia de Tecnologías de la Información, ¿Cuál es el objetivo final de aplicar finanzas a los proyectos y servicios de TI?

Da una respuesta completa y explicativa.",Optimizar los recursos asignados y gestionar los riesgos inherentes a las inversiones tecnológicas.,"En el curso de **Administración Financiera de Tecnologías de la Información** de la Maestría en Gerencia de Tecnologías de la Información, el objetivo final de aplicar finanzas a los proyectos y servicios de TI es **garantizar la alineación estratégica de las inversiones en tecnología con los objetivos empresariales**, mediante la planificación, asignación, control y evaluación adecuada de los recursos financieros. Esto busca maximizar el valor generado para la organización, asegurar la sostenibilidad financiera de los proyectos y servicios de TI, y contribuir a la toma de decisiones informadas que impulsen el éxito del negocio.",MC1201-Administración financiera de tecnología de información.txt;MC1103-Gerencia de tecnología de información.txt;MC2301-Planificación estratégica de tecnología de información.txt;MC1203-Administración y estrategia de proyectos I.txt;MC1101-Sistemas Estratégicos Empresariales.txt,7.34,Administración Financiera de TI,MC1201,
deepseek-r1-14b-f16,open_ended,¿Qué áreas de la contabilidad se estudian para respaldar la operación técnica?,"En el curso Administración Financiera de TI de la Maestría en Gerencia de Tecnologías de la Información, ¿Qué áreas de la contabilidad se estudian para respaldar la operación técnica?

Da una respuesta completa y explicativa.","Contabilidad financiera (activos, pasivos, capital), análisis financiero (razones financieras) y contabilidad de costos.","En el curso de Administración Financiera de Tecnologías de la Información de la Maestría en Gerencia de Tecnologías de la Información, se estudian las siguientes áreas de la contabilidad para respaldar la operación técnica:

1. **Contabilidad de Costos**: Se enfoca en el cálculo y control de los costos asociados a la operación de la tecnología de la información, incluyendo la asignación de costos a proyectos y servicios específicos.

2. **Presupuestos**: Se aborda la elaboración y gestión de presupuestos, incluyendo metodologías para预估 recursos y evaluar el desempeño financiero de la operación técnica.

3. **Formulación y Evaluación Financiera de Proyectos**: Se estudian técnicas para evaluar la viabilidad financiera de proyectos de tecnología de la información, utilizando herramientas como la valoración del dinero en el tiempo y el análisis de rentabilidad.

4. **Estandares Internacionales**: Se consideran estándares como COBIT 5.0 y ITIL 2011, que proporcionan marcos para la gestión financiera y presupuestaria de la tecnología de la información.

Estas áreas se integran con casos de estudio y aplicaciones prácticas para asegurar una comprensión práctica y aplicada de los conceptos teóricos.",MC1201-Administración financiera de tecnología de información.txt;MC1103-Gerencia de tecnología de información.txt;MC2301-Planificación estratégica de tecnología de información.txt;MC1103-Gerencia de tecnología de información.txt;MC1101-Sistemas Estratégicos Empresariales.txt,13.91,Administración Financiera de TI,MC1201,
deepseek-r1-14b-f16,open_ended,¿Cómo se integra el presupuesto en la administración de la función de información?,"En el curso Administración Financiera de TI de la Maestría en Gerencia de Tecnologías de la Información, ¿Cómo se integra el presupuesto en la administración de la función de información?

Da una respuesta completa y explicativa.",Mediante el estudio de metodologías de elaboración presupuestaria específicas para la operación de TI.,"En el curso de **Administración Financiera de Tecnologías de la Información** de la Maestría en Gerencia de Tecnologías de la Información, el presupuesto se integra en la administración de la función de información de la siguiente manera:

1. **Conceptos Introductorios al Presupuesto**: Los estudiantes aprenden los fundamentos del presupuesto, incluyendo su importancia en la planificación y gestión de recursos financieros.

2. **Metodologías para la Elaboración de Presupuestos**: Se enseñan diferentes metodologías para crear presupuestos, adaptadas al contexto de la tecnología de la información.

3. **Presupuestos para la Operación de Tecnología de la Información**: Se enfatiza en cómo los presupuestos se aplican específicamente a la operación y proyectos de TI, asegurando que los recursos asignados sean optimizados para lograr los objetivos estratégicos.

4. **Integración con Proyectos y Servicios de TI**: Los estudiantes aprenden a aplicar los conceptos de presupuesto a la formulación y evaluación financiera de proyectos de tecnología de la información, asegurando que las inversiones sean rentables y los riesgos sean gestionados adecuadamente.

5. **Evaluación y Toma de Decisiones**: El presupuesto se utiliza como herramienta clave para la toma de decisiones financieras, permitiendo a",MC1201-Administración financiera de tecnología de información.txt;MC1103-Gerencia de tecnología de información.txt;MC2301-Planificación estratégica de tecnología de información.txt;MC1201-Administración financiera de tecnología de información.txt;MC1203-Administración y estrategia de proyectos I.txt,14.11,Administración Financiera de TI,MC1201,
deepseek-r1-14b-f16,open_ended,¿Qué estándares internacionales se referencian para la gestión de costos?,"En el curso Administración Financiera de TI de la Maestría en Gerencia de Tecnologías de la Información, ¿Qué estándares internacionales se referencian para la gestión de costos?

Da una respuesta completa y explicativa.",El dominio APO06 de COBIT 5.0 y los procesos de estrategia de servicios de ITIL 2011.,"En el curso de **Administración Financiera de Tecnologías de la Información** de la Maestría en Gerencia de Tecnologías de la Información, se mencionan los siguientes **estándares internacionales** para la gestión de costos:

1. **Control de Tecnología de la Información (COBIT 5.0)**:  
   - Objetivo: APO06: Gestionar el presupuesto y los costos de tecnología de la información.  
   - Proporciona marcos y directrices para la gestión eficiente de los costos y presupuestos en TI.

2. **Information Technology Infrastructure Library (ITIL 2011)**:  
   - Se enfoca en la administración financiera para servicios de tecnología de la información.  
   - Proporciona metodologías para la planificación y gestión de costos en el contexto de los servicios de TI.

Estos estándares son fundamentales para la gestión financiera de TI, ya que ayudan a los profesionales a adoptar prácticas consistentes y probadas para el control de costos y la asignación de presupuestos en el entorno tecnológico.",MC1201-Administración financiera de tecnología de información.txt;MC1201-Administración financiera de tecnología de información.txt;MC1103-Gerencia de tecnología de información.txt;MC1103-Gerencia de tecnología de información.txt;MC1006-Políticas y Gobernanza en Ciberseguridad.txt,11.96,Administración Financiera de TI,MC1201,
deepseek-r1-14b-f16,open_ended,¿En qué tipo de actividades se concentra la evaluación del curso?,"En el curso Administración Financiera de TI de la Maestría en Gerencia de Tecnologías de la Información, ¿En qué tipo de actividades se concentra la evaluación del curso?

Da una respuesta completa y explicativa.","En exámenes parciales, investigación bibliográfica, comprobaciones de lectura y trabajo en clase.","En el curso de **Administración Financiera de Tecnología de la Información** de la Maestría en Gerencia de Tecnologías de la Información, la evaluación se concentra en actividades específicas que integran conceptos teóricos con aplicaciones prácticas. Las actividades principales son:

1. **Investigación Práctica Aplicada 1**: 50%
2. **Investigación Práctica Aplicada 2**: 50%

Estas actividades buscan evaluar la capacidad de los estudiantes para aplicar los conceptos y metodologías aprendidas en la resolución de problemas reales relacionados con la administración financiera de la tecnología de la información.",MC2301-Planificación estratégica de tecnología de información.txt;MC1103-Gerencia de tecnología de información.txt;MC1003-Seguridad y Criptografía.txt;MC1201-Administración financiera de tecnología de información.txt;MC1101-Sistemas Estratégicos Empresariales.txt,7.26,Administración Financiera de TI,MC1201,
deepseek-r1-14b-f16,open_ended,¿Por qué la gestión de proyectos es una competencia indispensable para un gerente de TI?,"En el curso Administración y Estrategia de Proyectos I de la Maestría en Gerencia de Tecnologías de la Información, ¿Por qué la gestión de proyectos es una competencia indispensable para un gerente de TI?

Da una respuesta completa y explicativa.",Porque las transformaciones modernas de las organizaciones se ejecutan a través de proyectos tecnológicos exitosos.,"La gestión de proyectos es una competencia indispensable para un gerente de TI en el curso ""Administración y Estrategia de Proyectos I"" de la Maestría en Gerencia de Tecnologías de la Información"" debido a varias razones:

1. **Alineación Estratégica**: Los proyectos en TI suelen estar estrechamente ligados a la estrategia de la empresa. Un gerente de TI debe asegurar que los proyectos contribuyan a los objetivos empresariales, lo que requiere una comprensión profunda de la misión y visión de la organización.

2. **Gestión Integral de Proyectos**: Los gerentes de TI lideran proyectos complejos que involucran recursos técnicos, humanos y financieros. La gestión de proyectos les permite planificar, ejecutar y controlar estos esfuerzos, asegurando que se cumplan dentro de los tiempos,预算 y calidad establecidos.

3. **Optimización de Recursos**: En el entorno de TI, los recursos son esenciales pero a menudo limitados. La gestión eficiente de proyectos permite asignar recursos de manera óptima, maximizando el valor generado y minimizando los costos.

4. **Adaptación al Cambio**: La tecnología está en constante evolución, lo que hace que los proyectos de TI sean dinámicos y sujetos a cambios. Una",MC1203-Administración y estrategia de proyectos I.txt;MC1103-Gerencia de tecnología de información.txt;MC2301-Planificación estratégica de tecnología de información.txt;MC1103-Gerencia de tecnología de información.txt;MC1203-Administración y estrategia de proyectos I.txt,13.99,Administración y Estrategia de Proyectos I,MC1203,
deepseek-r1-14b-f16,open_ended,¿Qué componentes estratégicos se analizan en las fases iniciales de un proyecto?,"En el curso Administración y Estrategia de Proyectos I de la Maestría en Gerencia de Tecnologías de la Información, ¿Qué componentes estratégicos se analizan en las fases iniciales de un proyecto?

Da una respuesta completa y explicativa.","El análisis de factibilidad, las condiciones de inicio y la planificación de alcance, calidad y costos.","En el curso ""Administración y Estrategia de Proyectos I"" de la Maestría en Gerencia de Tecnologías de la Información, los componentes estratégicos analizados en las fases iniciales de un proyecto incluyen:

1. **Enlace Estratégico de los Proyectos en TI**: Se enfoca en cómo los proyectos de TI se integran con la estrategia general de la organización, identificando su impacto en los objetivos empresariales.

2. **Análisis del Entorno en Proyectos**: Involucra la evaluación del entorno interno y externo para identificar oportunidades, amenazas, recursos y capacidades que puedan afectar el proyecto.

3. **Gestión de Portafolios y Programas**: Se analizan los modelos como el modelo OPM3 para gestionar portfolios y programas de proyectos, asegurando que estos alineen con las prioridades organizacionales.

4. **La Oficina de Proyectos y su Papel**: Se estudia el rol de la Oficina de Proyectos (PMO) en la dirección y estandarización de los proyectos, así como en la implementación de prácticas consistentes.

5. **Visión Procesal de la Gestión de Proyectos**: Se aborda la gestión de proyectos desde un enfoque procesual, considerando los procesos de inicio, planeación",MC1203-Administración y estrategia de proyectos I.txt;MC1103-Gerencia de tecnología de información.txt;MC2301-Planificación estratégica de tecnología de información.txt;MC1203-Administración y estrategia de proyectos I.txt;MC2301-Planificación estratégica de tecnología de información.txt,13.86,Administración y Estrategia de Proyectos I,MC1203,
deepseek-r1-14b-f16,open_ended,¿Cómo ha evolucionado la orientación de la gestión de proyectos según el curso?,"En el curso Administración y Estrategia de Proyectos I de la Maestría en Gerencia de Tecnologías de la Información, ¿Cómo ha evolucionado la orientación de la gestión de proyectos según el curso?

Da una respuesta completa y explicativa.",Ha pasado de una orientación basada exclusivamente en planes hacia una orientación ágil.,"En el curso ""Administración y Estrategia de Proyectos I"" de la Maestría en Gerencia de Tecnologías de la Información, la orientación de la gestión de proyectos se centra en abordar de manera integral y estratégica los desafíos de la gestión de proyectos en el entorno tecnológico. La evolución de esta orientación se refleja en los siguientes aspectos:

1. **Enlace Estratégico de los Proyectos en TI**: Se enfatiza la importancia de alinear los proyectos con los objetivos estratégicos de la organización, lo que permite una mejor alineación entre las tecnologías de la información y los negocios.

2. **Análisis del Entorno en Proyectos**: Se desarrolla la capacidad para analizar y comprender el entorno en el que se desarrollan los proyectos, lo que incluye factores internos y externos que pueden afectar el proyecto.

3. **Gestión de Portafolios y Programas**: Se introduce el modelo OPM3 para la gestión de portafolios y programas, lo que permite una visión más holística y estructurada de la gestión de proyectos en las organizaciones.

4. **Oficina de Proyectos**: Se aborda el papel de la Oficina de Proyectos en las organizaciones proyectizadas, destacando su importancia en la coordinación y dirección de los proyectos.",MC1203-Administración y estrategia de proyectos I.txt;MC2301-Planificación estratégica de tecnología de información.txt;MC1203-Administración y estrategia de proyectos I.txt;MC1103-Gerencia de tecnología de información.txt;MC2301-Planificación estratégica de tecnología de información.txt,13.87,Administración y Estrategia de Proyectos I,MC1203,
deepseek-r1-14b-f16,open_ended,¿Qué papel desempeña la Oficina de Proyectos (PMO) en las organizaciones modernas?,"En el curso Administración y Estrategia de Proyectos I de la Maestría en Gerencia de Tecnologías de la Información, ¿Qué papel desempeña la Oficina de Proyectos (PMO) en las organizaciones modernas?

Da una respuesta completa y explicativa.",Actúa como soporte estratégico para la gestión de portafolios y programas bajo modelos como OPM3.,"En el curso ""Administración y Estrategia de Proyectos I"" de la Maestría en Gerencia de Tecnologías de la Información, la Oficina de Proyectos (PMO) desempeña un papel crucial en las organizaciones modernas. Su función principal es actuar como un ente centralizador que coordina y supervisa todos los proyectos dentro de la organización, asegurando que estos se alineen con los objetivos estratégicos de la empresa. La PMO no solo proporciona dirección y apoyo a los proyectos, sino que también establece estándares, metodologías y herramientas uniformes para garantizar la consistencia y el éxito de los proyectos. Además, la PMO contribuye a la gestión del portafolio de proyectos, priorizando y seleccionando aquellos que mejor contribuyen a los objetivos organizacionales. En resumen, la Oficina de Proyectos es esencial para maximizar el valor de los proyectos y asegurar el logro de los objetivos estratégicos de la organización.",MC1203-Administración y estrategia de proyectos I.txt;MC1203-Administración y estrategia de proyectos I.txt;MC2301-Planificación estratégica de tecnología de información.txt;MC1103-Gerencia de tecnología de información.txt;MC1103-Gerencia de tecnología de información.txt,10.42,Administración y Estrategia de Proyectos I,MC1203,
deepseek-r1-14b-f16,open_ended,¿En qué consiste el proceso de formulación de un caso de negocio efectivo?,"En el curso Administración y Estrategia de Proyectos I de la Maestría en Gerencia de Tecnologías de la Información, ¿En qué consiste el proceso de formulación de un caso de negocio efectivo?

Da una respuesta completa y explicativa.",En el desarrollo de herramientas y dimensiones de decisión para presentar resultados sólidos de una idea de proyecto.,"En el curso ""Administración y Estrategia de Proyectos I"" de la Maestría en Gerencia de Tecnologías de la Información, el proceso de formulación de un caso de negocio efectivo consiste en transformar una idea inicial en un documento detallado que justifique el proyecto, identifique sus objetivos, alcances, beneficios y recursos necesarios. Este proceso incluye:

1. **De la idea al caso de negocio**: Comenzar con una idea inicial y desarrollarla en un caso de negocio completo.
2. **El proceso de formulación y sus herramientas**: Utilizar herramientas y metodologías para estructurar y documentar el proyecto.
3. **Dimensiones y decisiones en la formulación efectiva**: Considerar aspectos clave como el alcance, los recursos, los riesgos y las expectativas de los stakeholders.
4. **La presentación de resultados del proceso de formulación**: Presentar el caso de negocio de manera clara y persuasiva para获得aprobación.

Este proceso forma parte integral de la gestión de proyectos y es fundamental para asegurar que los proyectos se alineen con los objetivos estratégicos de la organización.",MC1203-Administración y estrategia de proyectos I.txt;MC2301-Planificación estratégica de tecnología de información.txt;MC1103-Gerencia de tecnología de información.txt;MC1101-Sistemas Estratégicos Empresariales.txt;MC1203-Administración y estrategia de proyectos I.txt,11.72,Administración y Estrategia de Proyectos I,MC1203,
deepseek-r1-14b-f16,open_ended,¿Qué dilemas se presentan comúnmente en la gestión de la calidad de proyectos de TI?,"En el curso Administración y Estrategia de Proyectos I de la Maestría en Gerencia de Tecnologías de la Información, ¿Qué dilemas se presentan comúnmente en la gestión de la calidad de proyectos de TI?

Da una respuesta completa y explicativa.",La aplicación del concepto de deuda técnica y el equilibrio entre procesos de gestión e ingeniería.,"En el curso ""Administración y Estrategia de Proyectos I"" de la Maestría en Gerencia de Tecnologías de la Información, se abordan varios dilemas comunes en la gestión de la calidad de los proyectos de TI. Algunos de estos dilemas incluyen:

1. **Balance entre Calidad y Tiempo/Costo**: A menudo, los proyectos de TI enfrentan la presión de cumplir con los plazos y presupuestos establecidos, lo que puede llevar a comprometer la calidad del producto final. Gerentes de proyectos deben decidir cuánto tiempo y recursos asignar a actividades de calidad sin sacrificar los objetivos iniciales.

2. **Definición Fuzzy de la Calidad**: La calidad en los proyectos de TI puede ser subjetiva y difícil de definir. Diferentes stakeholders pueden tener expectativas variadas sobre qué constituye una calidad adecuada, lo que puede generar conflictos y complicar la gestión.

3. **Control de Cambios y Mantenimiento de la Calidad**: Durante la ejecución de un proyecto, es común que se requieran cambios para adaptarse a nuevas condiciones o requisitos. Sin embargo, estos cambios pueden afectar la calidad del proyecto si no se gestionan adecuadamente.

4. **Uso de Herramientas y Métodos de Gestión de Calidad**: La elección y aplicación correcta de herramientas y",MC1203-Administración y estrategia de proyectos I.txt;MC1103-Gerencia de tecnología de información.txt;MC1203-Administración y estrategia de proyectos I.txt;MC2301-Planificación estratégica de tecnología de información.txt;MC2301-Planificación estratégica de tecnología de información.txt,13.88,Administración y Estrategia de Proyectos I,MC1203,
deepseek-r1-14b-f16,open_ended,¿Qué elementos integran el marco filosófico de un negocio necesario para la planificación?,"En el curso Planificación Estratégica de TI de la Maestría en Gerencia de Tecnologías de la Información, ¿Qué elementos integran el marco filosófico de un negocio necesario para la planificación?

Da una respuesta completa y explicativa.","Análisis FODA, misión, visión, valores, objetivos, estrategias, políticas y metas.","En el curso de Planificación Estratégica de TI de la Maestría en Gerencia de Tecnologías de la Información, el marco filosófico de un negocio necesario para la planificación estratégica de TI integra los siguientes elementos:

1. **Visión del negocio y sus procesos**: Comprende la comprensión de la misión, visión y objetivos de la empresa, así como los procesos clave que sustentan su operación.

2. **Análisis de la industria y del negocio**: Involucra el estudio del entorno competitivo, las tendencias del mercado, las amenazas y oportunidades, y la posición de la empresa en el mercado.

3. **Diagnóstico de la función de la información**: Se enfoca en evaluar el estado actual de la función de TI, identificando fortalezas, debilidades, oportunidades y amenazas, y determinando cómo la tecnología actualmente contribuye al negocio.

4. **Tendencias actuales de la organización de la Función de TI**: Considera las tendencias emergentes en la gestión de TI, como la tercerización de servicios, la nube, el Big Data, la inteligencia artificial, y cómo estas afectan la planificación estratégica.

5. **Análisis de brecha**: Identifica la差距 entre el estado actual de la TI y las necesidades futuras",MC2301-Planificación estratégica de tecnología de información.txt;MC1103-Gerencia de tecnología de información.txt;MC1203-Administración y estrategia de proyectos I.txt;MC2301-Planificación estratégica de tecnología de información.txt;MC1101-Sistemas Estratégicos Empresariales.txt,14.12,Planificación Estratégica de TI,MC2301,
deepseek-r1-14b-f16,open_ended,¿Qué factores se consideran para derivar el plan de información desde el modelo de negocio?,"En el curso Planificación Estratégica de TI de la Maestría en Gerencia de Tecnologías de la Información, ¿Qué factores se consideran para derivar el plan de información desde el modelo de negocio?

Da una respuesta completa y explicativa.","Tendencias tecnológicas, procesos de negocio, arquitectura de aplicaciones y proyección de inversión.","En el curso de Planificación Estratégica de TI de la Maestría en Gerencia de Tecnologías de la Información, los factores considerados para derivar el plan de información desde el modelo de negocio son:

1. **Análisis de la Visión del Negocio y sus Procesos**: Se enfoca en comprender los objetivos estratégicos de la empresa, los procesos clave y cómo la tecnología puede apoyar la consecución de estos objetivos.

2. **Diagnóstico de la Función de la Información**: Se realiza un análisis detallado de la situación actual de la función de TI, identificando fortalezas, debilidades, oportunidades y amenazas.

3. **Tendencias Actuales de la Organización de la Función de TI**: Se consideran las tendencias actuales en la organización de la función de TI, como la centralización, descentralización, tercerización de servicios, entre otros.

4. **Análisis de Brecha**: Se identifican las diferencias entre la situación actual y la deseada, lo que permite desarrollar recomendaciones y alternativas de solución.

5. **Desarrollo de la Visión y Dirección de TI**: Se define una visión clara para la función de TI y se establecen directrices para guiar la planificación.

6. **Identificación de Proyectos de TI y Manejo del Port",MC2301-Planificación estratégica de tecnología de información.txt;MC1103-Gerencia de tecnología de información.txt;MC2301-Planificación estratégica de tecnología de información.txt;MC1101-Sistemas Estratégicos Empresariales.txt;MC1203-Administración y estrategia de proyectos I.txt,14.1,Planificación Estratégica de TI,MC2301,
deepseek-r1-14b-f16,open_ended,¿Qué capacidad específica adquiere el estudiante al finalizar este programa?,"En el curso Planificación Estratégica de TI de la Maestría en Gerencia de Tecnologías de la Información, ¿Qué capacidad específica adquiere el estudiante al finalizar este programa?

Da una respuesta completa y explicativa.",La capacidad de desarrollar un plan estratégico de TI basado en lineamientos del negocio y mecanismos de priorización.,"En el curso de Planificación Estratégica de TI de la Maestría en Gerencia de Tecnologías de la Información, los estudiantes adquieren la capacidad de desarrollar un plan estratégico de tecnología de información basado en los lineamientos estratégicos del negocio. Esto incluye considerar tendencias tecnológicas, modelos organizacionales, análisis de riesgos, recursos necesarios, prioridades, calendario de implementación, presupuesto y recomendaciones de transición y seguimiento. Además, comprenden los elementos clave para diagnosticar y definir la función de información en una organización, aplicando técnicas de análisis y tomando en cuenta los factores críticos de éxito en el desarrollo del plan estratégico.",MC2301-Planificación estratégica de tecnología de información.txt;MC1103-Gerencia de tecnología de información.txt;MC2301-Planificación estratégica de tecnología de información.txt;MC1103-Gerencia de tecnología de información.txt;MC1203-Administración y estrategia de proyectos I.txt,7.45,Planificación Estratégica de TI,MC2301,
deepseek-r1-14b-f16,open_ended,¿Cómo se define el liderazgo y la administración desde la perspectiva del CIO?,"En el curso Planificación Estratégica de TI de la Maestría en Gerencia de Tecnologías de la Información, ¿Cómo se define el liderazgo y la administración desde la perspectiva del CIO?

Da una respuesta completa y explicativa.",Se analiza como la gestión de expectativas para lograr una empresa habilitada por TI bajo un gobierno sólido.,"El contexto proporcionado no contiene información específica sobre cómo se define el liderazgo y la administración desde la perspectiva del CIO en el curso de Planificación Estratégica de TI de la Maestría en Gerencia de Tecnologías de la Información. Por lo tanto, no puedo proporcionar una respuesta basada en el contenido disponible.",MC2301-Planificación estratégica de tecnología de información.txt;MC1203-Administración y estrategia de proyectos I.txt;MC1103-Gerencia de tecnología de información.txt;MC1103-Gerencia de tecnología de información.txt;MC1203-Administración y estrategia de proyectos I.txt,3.89,Planificación Estratégica de TI,MC2301,
deepseek-r1-14b-f16,open_ended,¿Cómo se aborda el diagnóstico de la situación actual de TI?,"En el curso Planificación Estratégica de TI de la Maestría en Gerencia de Tecnologías de la Información, ¿Cómo se aborda el diagnóstico de la situación actual de TI?

Da una respuesta completa y explicativa.","Mediante el análisis de brecha, tendencias de organización de la función de TI y análisis de la industria.","En el curso de Planificación Estratégica de TI de la Maestría en Gerencia de Tecnologías de la Información, el diagnóstico de la situación actual de TI se aborda como un componente esencial del proceso de planificación estratégica. Este diagnóstico implica un análisis detallado de la función de TI de la empresa, con el fin de identificar fortalezas, debilidades, oportunidades y amenazas (SWOT), así como de evaluar la alineación de la tecnología con los objetivos empresariales. 

El diagnóstico se realiza mediante la revisión de documentos internos, entrevistas con los stakeholders clave, y el uso de herramientas y frameworks específicos, como la matriz de gobernanza de Weill, que ayudan a comprender la estructura organizacional y el espectro centralización-descentralización de la función de TI. Además, se analizan los procesos actuales, las capacidades tecnológicas y las relaciones de servicios para determinar la madurez de la función de TI y las áreas que requieren mejora.

Este análisis permite desarrollar recomendaciones y alternativas de solución, que son fundamentales para el desarrollo de la visión y dirección de TI, así como para la identificación de proyectos de TI y el manejo del portafolio. El diagnóstico también contribuye al desarrollo del ""roadmap"" y del ""business",MC2301-Planificación estratégica de tecnología de información.txt;MC2301-Planificación estratégica de tecnología de información.txt;MC1103-Gerencia de tecnología de información.txt;MC1103-Gerencia de tecnología de información.txt;MC1203-Administración y estrategia de proyectos I.txt,13.88,Planificación Estratégica de TI,MC2301,
deepseek-r1-14b-f16,open_ended,¿Bajo qué condiciones específicas un estudiante puede reprobar el curso por asistencia?,"En el curso Planificación Estratégica de TI de la Maestría en Gerencia de Tecnologías de la Información, ¿Bajo qué condiciones específicas un estudiante puede reprobar el curso por asistencia?

Da una respuesta completa y explicativa.",Si acumula 4 faltas de asistencia injustificadas durante el semestre.,"En el curso ""Planificación Estratégica de Tecnología de la Información"" de la Maestría en Gerencia de Tecnologías de la Información, un estudiante puede reprobar el curso por asistencia bajo la siguiente condición específica:

- **Asistencia Obligatoria**: El curso exige una asistencia obligatoria a las clases. Si un estudiante incumple con el umbral mínimo de asistencia establecido por la institución, lo que generalmente se define como un porcentaje de asistencia inferior al 75% o un número específico de faltas, puede resultar en la calificación de ""Reprobado"" por motivos de asistencia.

Es importante consultar con el profesor o la secretaría académica para conocer el umbral exacto de asistencia requerido y evitar riesgos de reprobar por este motivo.",MC1103-Gerencia de tecnología de información.txt;MC2301-Planificación estratégica de tecnología de información.txt;MC1103-Gerencia de tecnología de información.txt;MC2301-Planificación estratégica de tecnología de información.txt;MC1203-Administración y estrategia de proyectos I.txt,8.8,Planificación Estratégica de TI,MC2301,
deepseek-r1-14b-f16,open_ended,¿Cuál es el concepto fundamental que modela este curso por encima de la tecnología física?,"En el curso Teoría de Autómatas de la Maestría en Computación, ¿Cuál es el concepto fundamental que modela este curso por encima de la tecnología física?

Da una respuesta completa y explicativa.","El concepto de cómputo, definido a través de mecanismos abstractos independientes de computadoras específicas.","En el curso de Teoría de Autómatas de la Maestría en Computación, el concepto fundamental que se modela por encima de la tecnología física es el de **""cómputo""**. Este curso se centra en desarrollar una comprensión abstracta de los modelos formales que subyacen en el análisis y diseño de algoritmos, sin apelar a lenguajes de programación o computadoras específicas. Su objetivo principal es estudiar los modelos clásicos de computación abstracta, sus propiedades, límites, relaciones y aplicaciones, especialmente en el contexto de la generación y reconocimiento de lenguajes formales. Esto incluye el estudio de autómatas de estados finitos, expresiones regulares, gramáticas regulares y máquinas de Turing, entre otros temas clave.",MC7201-Introducción a la Investigación.txt;MC6102-Análisis de Algoritmos.txt;MC7201-Introducción a la Investigación.txt;MC6003-Teoría de Autómatas.txt;MC6004-Sistemas Operativos Avanzados.txt,9.17,Teoría de Autómatas,MC6003,
deepseek-r1-14b-f16,open_ended,¿Cómo se relaciona la computación teórica con la construcción práctica de compiladores?,"En el curso Teoría de Autómatas de la Maestría en Computación, ¿Cómo se relaciona la computación teórica con la construcción práctica de compiladores?

Da una respuesta completa y explicativa.",Brinda los modelos formales necesarios para el reconocimiento y generación de lenguajes formales usados en compilación.,"La computación teórica, estudiada en el curso de Teoría de Autómatas, se relaciona con la construcción práctica de compiladores de la siguiente manera:

1. **Modelos Formales de Computación**: Los conceptos como autómatas de estados finitos (FA's) y máquinas de Turing, estudiados en el curso, proporcionan modelos matemáticos abstractos que ayudan a comprender cómo funcionan los compiladores a nivel teórico. Estos modelos sirven de base para diseñar y analizar algoritmos eficientes.

2. **Análisis de Lenguajes Formales**: El curso aborda la teoría de lenguajes formales, incluyendo gramáticas regulares y contextuales. Esto es esencial para la comprensión de cómo los compiladores procesan y verifican sintaxis y semántica en lenguajes de programación.

3. **Construcción de Compiladores**: Los conocimientos sobre autómatas y gramáticas se aplican directamente en la creación de herramientas como analizadores sintácticos (parsing) y en la generación de código optimizado, etapas críticas en la construcción de compiladores.

4. **Optimización y Eficiencia**: La teoría de autómatas y lenguajes formales contribuye a desarrollar algorit",MC6102-Análisis de Algoritmos.txt;MC6003-Teoría de Autómatas.txt;MC7201-Introducción a la Investigación.txt;MC7201-Introducción a la Investigación.txt;MC6102-Análisis de Algoritmos.txt,14.65,Teoría de Autómatas,MC6003,
deepseek-r1-14b-f16,open_ended,¿Qué jerarquía se utiliza para clasificar gramáticas según su estructura de frase?,"En el curso Teoría de Autómatas de la Maestría en Computación, ¿Qué jerarquía se utiliza para clasificar gramáticas según su estructura de frase?

Da una respuesta completa y explicativa.",La jerarquía de Chomsky.,"En el curso de Teoría de Autómatas de la Maestría en Computación, se utiliza la **jerarquía de Chomsky** para clasificar las gramáticas según su estructura de frase. Esta jerarquía establece una taxonomy de las gramáticas formales, organizándolas en cuatro niveles, de más restrictivo a más general:

1. **Gramáticas regulares (Regular Grammars):**  
   Estas gramáticas generan lenguajes regulares y están asociadas con autómatas de estados finitos (FA's). Son las más restrictivas y tienen una estructura de frase limitada a combinaciones y concatenaciones.

2. **Gramáticas contextuales libres (Context-Free Grammars - CFG):**  
   Estas gramáticas generan lenguajes libres de contexto y están asociadas con autómatas de pila (PDA's). Permiten reglas de producción que reemplazan variables por cadenas de símbolos, pero no consideran el contexto de los símbolos.

3. **Gramáticas contextuales (Context-Sensitive Grammars):**  
   Estas gramáticas generan lenguajes contextuales y están asociadas con autómatas de pila con almacenamiento (PDA's con almacenamiento). Las reglas de producción solo pueden reemplazar variables por símbolos o cadenas que contienen",MC6003-Teoría de Autómatas.txt;MC6102-Análisis de Algoritmos.txt;MC6102-Análisis de Algoritmos.txt;MC6003-Teoría de Autómatas.txt;MC6004-Sistemas Operativos Avanzados.txt,14.63,Teoría de Autómatas,MC6003,
deepseek-r1-14b-f16,open_ended,¿Qué herramienta matemática se estudia para demostrar que un lenguaje no es regular?,"En el curso Teoría de Autómatas de la Maestría en Computación, ¿Qué herramienta matemática se estudia para demostrar que un lenguaje no es regular?

Da una respuesta completa y explicativa.",El Pumping Lemma.,"En el curso de Teoría de Autómatas de la Maestría en Computación, la herramienta matemática utilizada para demostrar que un lenguaje no es regular es el **Lema de bombeo (Pumping Lemma)**. Este método se estudia en la sección 4 del programa del curso, dedicada a las propiedades de los lenguajes regulares, y permite demostrar que ciertos lenguajes no cumplen con las características de los lenguajes regulares, estableciendo así su irregularidad.",MC6003-Teoría de Autómatas.txt;MC6102-Análisis de Algoritmos.txt;MC6102-Análisis de Algoritmos.txt;MC6003-Teoría de Autómatas.txt;MC7201-Introducción a la Investigación.txt,6.31,Teoría de Autómatas,MC6003,
deepseek-r1-14b-f16,open_ended,¿Qué modelos matemáticos se analizan para el reconocimiento de lenguajes formales?,"En el curso Teoría de Autómatas de la Maestría en Computación, ¿Qué modelos matemáticos se analizan para el reconocimiento de lenguajes formales?

Da una respuesta completa y explicativa.",Desde los autómatas de estados finitos hasta las máquinas de Turing.,"En el curso de Teoría de Autómatas de la Maestría en Computación, se analizan los siguientes modelos matemáticos para el reconocimiento de lenguajes formales:

1. **Autómatas de Estados Finitos (FA’s)**: Estos incluyen:
   - Sistemas de estados finitos.
   - Modelo básico de autómatas.
   - Conceptos de no determinismo y transiciones ε.
   - Expresiones regulares y su equivalencia con FA’s.
   - Otros autómatas equivalentes.

2. **Autómatas de Pila (PDA’s)**: 
   - Modelo básico de autómatas de pila.
   - Aplicaciones en el reconocimiento de lenguajes.

3. **Máquinas de Turing**:
   - Modelo básico y sus interpretaciones.
   - Variaciones del modelo básico.

Estos modelos forman la base para entender cómo se generan y reconocen lenguajes formales en el contexto de las Ciencias de la Computación.",MC6003-Teoría de Autómatas.txt;MC6102-Análisis de Algoritmos.txt;MC7201-Introducción a la Investigación.txt;MC6102-Análisis de Algoritmos.txt;MC6003-Teoría de Autómatas.txt,11.45,Teoría de Autómatas,MC6003,
deepseek-r1-14b-f16,open_ended,¿Qué formación matemática previa se asume en los estudiantes de este curso de postgrado?,"En el curso Teoría de Autómatas de la Maestría en Computación, ¿Qué formación matemática previa se asume en los estudiantes de este curso de postgrado?

Da una respuesta completa y explicativa.",Conocimientos sólidos de matemática discreta adquiridos durante el bachillerato.,"En el curso de Teoría de Autómatas de la Maestría en Computación, no se menciona específicamente una formación matemática previa que se asuma en los estudiantes. Sin embargo, dada la naturaleza teórica y formal del curso, es probable que se requiera un fondo en matemáticas discreas, lógica matemática y quizás álgebra lineal y cálculo, aunque estos no se especifican como requisitos formales en el documento proporcionado.",MC7201-Introducción a la Investigación.txt;MC6003-Teoría de Autómatas.txt;MC6102-Análisis de Algoritmos.txt;MC7201-Introducción a la Investigación.txt;MC6104-Diseño de Experimentos.txt,5.92,Teoría de Autómatas,MC6003,
deepseek-r1-14b-f16,open_ended,¿Qué tipo de material se revisa para estudiar las tendencias actuales de investigación?,"En el curso Sistemas Operativos Avanzados de la Maestría en Computación, ¿Qué tipo de material se revisa para estudiar las tendencias actuales de investigación?

Da una respuesta completa y explicativa.",Diferentes papers y artículos científicos seleccionados por el profesor en lugar de un libro de texto único.,"En el curso de Sistemas Operativos Avanzados de la Maestría en Computación, el material revisado para estudiar las tendencias actuales de investigación incluye:

1. **Monitores de Máquinas Virtuales**: Se estudian los mecanismos y técnicas utilizadas para gestionar máquinas virtuales en sistemas operativos avanzados.

2. **Mecanismos de Comunicación en Sistemas Distribuidos**: Se analizan los métodos y protocolos empleados para la comunicación eficiente en entornos distribuidos.

3. **Sincronización**: Se revisan técnicas y algoritmos para garantizar la sincronización correcta en sistemas concurrentes.

4. **Scheduling**: Se estudian estrategias de planificación de procesos y tareas en sistemas operativos.

5. **Sistemas Distribuidos**: Se abordan los conceptos fundamentales y las tendencias actuales en el diseño y gestión de sistemas distribuidos.

6. **File Systems**: Se examinan los sistemas de archivos avanzados, incluyendo sus estructuras y optimizaciones.

7. **Distributed Shared Memory (DSM)**: Se investigan los mecanismos para compartir memoria en sistemas distribuidos.

8. **Memoria Virtual Recuperable – Atomicidad**: Se analizan los sistemas de memoria virtual y la garantía de atomicidad",MC2301-Planificación estratégica de tecnología de información.txt;MC7201-Introducción a la Investigación.txt;MC1103-Gerencia de tecnología de información.txt;MC6004-Sistemas Operativos Avanzados.txt;MC6102-Análisis de Algoritmos.txt,14.11,Sistemas Operativos Avanzados,MC6004,
deepseek-r1-14b-f16,open_ended,¿Qué requisitos de calidad deben cumplir los apuntes oficiales realizados por los estudiantes?,"En el curso Sistemas Operativos Avanzados de la Maestría en Computación, ¿Qué requisitos de calidad deben cumplir los apuntes oficiales realizados por los estudiantes?

Da una respuesta completa y explicativa.","Deben ser reportes detallados con imágenes, gráficos y datos adicionales, evitando ser simples resúmenes ejecutivos.","En el curso Sistemas Operativos Avanzados de la Maestría en Computación, los apuntes oficiales realizados por los estudiantes deben cumplir con los siguientes requisitos de calidad:

1. **Calidad del Contenido**: Los apuntes deben ser detallados y reflejar todo lo que se discute y ocurre durante las clases, incluyendo definiciones, conceptos clave, ejemplos, diagramas, y cualquier otro material presentado.

2. **Formato Profesional**: Los apuntes deben tener una portada, tabla de contenido, imágenes, gráficos, y cualquier otro recurso que enriquezca el documento, asegurando que no sea un simple resumen ejecutivo.

3. **Clarity and Organization**: La información debe estar bien organizada, estructurada y fácil de seguir, utilizando formatos consistentes para títulos, subtítulos, listas, etc.

4. **Puntualidad**: Los apuntes deben ser subidos al foro del curso antes de la siguiente clase, lo que implica un seguimiento riguroso del calendario y las fechas límite establecidas.

5. **Relevancia**: Los apuntes deben estar directamente relacionados con el material abordado en clase, evitando la inclusión de información irrelevante o no pertinente.

6. **Originalidad**: Los",MC6004-Sistemas Operativos Avanzados.txt;MC1003-Seguridad y Criptografía.txt;MC1103-Gerencia de tecnología de información.txt;MC6102-Análisis de Algoritmos.txt;MC2301-Planificación estratégica de tecnología de información.txt,13.96,Sistemas Operativos Avanzados,MC6004,
deepseek-r1-14b-f16,open_ended,¿Qué cinco preguntas clave deben responderse al entregar los resúmenes de los artículos científicos?,"En el curso Sistemas Operativos Avanzados de la Maestría en Computación, ¿Qué cinco preguntas clave deben responderse al entregar los resúmenes de los artículos científicos?

Da una respuesta completa y explicativa.","Problema planteado, importancia, soluciones previas, propuesta de los autores y éxito de la misma.","En el curso de Sistemas Operativos Avanzados de la Maestría en Computación, los resúmenes de los artículos científicos deben responder a las siguientes cinco preguntas clave:

1. **¿Cuál es el problema o investigación que se aborda en el artículo?**  
   Describe el problema central que los autores están intentando resolver o el tema de investigación que están explorando.

2. **¿Cuál es la contribución o aporte del estudio?**  
   Explica qué aportan los autores al campo de los sistemas operativos avanzados, ya sea a través de un nuevo algoritmo, una mejora en el diseño, una teoría innovadora, etc.

3. **¿Cuáles son los métodos o enfoques utilizados para resolver el problema?**  
   Detalla los métodos, herramientas o enfoques que los autores emplearon para abordar el problema o desarrollar su investigación.

4. **¿Cuáles son los resultados obtenidos?**  
   Resume los principales resultados o hallazgos del estudio, sin entrar en detalles técnicos excesivos.

5. **¿Cuál es la relevancia o impacto del trabajo?**  
   Analiza la importancia del estudio en el contexto actual de los sistemas operativos avanzados, su posible impacto en la investigación o en la industria, y cómo puede influir en",MC7201-Introducción a la Investigación.txt;MC6102-Análisis de Algoritmos.txt;MC6104-Diseño de Experimentos.txt;MC6004-Sistemas Operativos Avanzados.txt;MC7201-Introducción a la Investigación.txt,14.04,Sistemas Operativos Avanzados,MC6004,
deepseek-r1-14b-f16,open_ended,¿Cómo se evalúa la capacidad de comunicación científica de los estudiantes?,"En el curso Sistemas Operativos Avanzados de la Maestría en Computación, ¿Cómo se evalúa la capacidad de comunicación científica de los estudiantes?

Da una respuesta completa y explicativa.",Mediante una presentación oral obligatoria que sigue el formato de una conferencia científica.,"En el curso de Sistemas Operativos Avanzados de la Maestría en Computación, la capacidad de comunicación científica de los estudiantes se evalúa a través de presentaciones orales y la elaboración de un paper de investigación. 

1. **Presentaciones Orales**: Los estudiantes deben realizar presentaciones que sigan el formato de una conferencia científica. Estas presentaciones deben durar entre 16 y 20 minutos, y los estudiantes son evaluados en su capacidad para comunicar claramente el material asignado, utilizando Beamer y siguiendo las reglas establecidas, como la preparación previa y la duración exacta.

2. **Paper de Investigación**: Los estudiantes, trabajando en grupos, escriben un artículo científico en inglés utilizando LATEX y siguiendo el formato de IEEE Transactions. Este proyecto incluye etapas como la aprobación del tema, entrega de abstract y referencias, versión preliminar y versión final. El paper evalúa su capacidad para comunicar ideas científicas de manera clara y estructurada.

Ambas actividades contribuyen a evaluar la habilidad de los estudiantes para comunicar conocimientos científicos de manera efectiva y profesional.",MC7201-Introducción a la Investigación.txt;MC6102-Análisis de Algoritmos.txt;MC7201-Introducción a la Investigación.txt;MC1103-Gerencia de tecnología de información.txt;MC6004-Sistemas Operativos Avanzados.txt,12.4,Sistemas Operativos Avanzados,MC6004,
deepseek-r1-14b-f16,open_ended,¿Qué experiencia técnica previa es indispensable para el éxito en los proyectos programados?,"En el curso Sistemas Operativos Avanzados de la Maestría en Computación, ¿Qué experiencia técnica previa es indispensable para el éxito en los proyectos programados?

Da una respuesta completa y explicativa.","Programación en C, lenguaje ensamblador y dominio de ambientes UNIX o Linux.","En el curso Sistemas Operativos Avanzados de la Maestría en Computación, no se menciona específicamente una experiencia técnica previa indispensable para el éxito en los proyectos programados. Sin embargo, dada la naturaleza avanzada del curso, es probable que se recomiende tener conocimientos previos en sistemas operativos, diseño de algoritmos, y quizás experiencia en programación. Para una respuesta más precisa, se recomienda consultar directamente con el profesor o revisar el material del curso en detalle.",MC2301-Planificación estratégica de tecnología de información.txt;MC6004-Sistemas Operativos Avanzados.txt;MC1103-Gerencia de tecnología de información.txt;MC6102-Análisis de Algoritmos.txt;MC7201-Introducción a la Investigación.txt,5.73,Sistemas Operativos Avanzados,MC6004,
deepseek-r1-14b-f16,open_ended,¿Qué temas de computación moderna se incluyen en los contenidos técnicos?,"En el curso Sistemas Operativos Avanzados de la Maestría en Computación, ¿Qué temas de computación moderna se incluyen en los contenidos técnicos?

Da una respuesta completa y explicativa.","Cloud Computing, High Performance Computing, dispositivos móviles y sistemas de tiempo real.","En el curso de Sistemas Operativos Avanzados de la Maestría en Computación, los temas de computación moderna incluyen:

1. **Monitores de Máquinas Virtuales**: Estos son mecanismos utilizados para administrar y coordinar la ejecución de múltiples máquinas virtuales en un entorno hiperesvirtual, lo que es esencial en entornos cloud y computación en nube.

2. **Mecanismos de Comunicación en Sistemas Distribuidos**: Esto incluye protocolos y técnicas para permitir la comunicación eficiente y segura entre diferentes sistemas distribuidos, lo cual es fundamental en la era de la computación en la nube y los sistemas microservicios.

3. **Sincronización**: Se refiere a los métodos y algoritmos utilizados para manejar el tiempo y asegurar que diferentes componentes de un sistema operativo actúen de manera coordinada, especialmente en entornos multihilo y distribuidos.

4. **Scheduling**: Este tema aborda la planificación de la ejecución de procesos y tareas en un sistema operativo, lo cual es crítico para maximizar el rendimiento en sistemas modernos con múltiples核procesadores y dispositivos móviles.

5. **Sistemas Distribuidos: Conceptos Básicos y Scheduling",MC6004-Sistemas Operativos Avanzados.txt;MC7201-Introducción a la Investigación.txt;MC6102-Análisis de Algoritmos.txt;MC7201-Introducción a la Investigación.txt;MC6104-Diseño de Experimentos.txt,14.57,Sistemas Operativos Avanzados,MC6004,
deepseek-r1-14b-f16,open_ended,¿Por qué el diseño de algoritmos se considera la actividad fundamental de la computación?,"En el curso Análisis de Algoritmos de la Maestría en Computación, ¿Por qué el diseño de algoritmos se considera la actividad fundamental de la computación?

Da una respuesta completa y explicativa.","Porque toda computación es, por definición, el resultado de la ejecución de un algoritmo.","En el curso Análisis de Algoritmos de la Maestría en Computación, el diseño de algoritmos se considera la actividad fundamental de la computación porque los algoritmos son el corazón de todas las soluciones computacionales. Un algoritmo define un conjunto de pasos bien definidos para resolver un problema específico, lo que permite a las computadoras realizar tareas complejas de manera eficiente y efectiva. 

El diseño de algoritmos no solo implica crear soluciones para problemas existentes, sino también optimizarlas para que utilicen recursos como el tiempo y el espacio de manera óptima. Además, los algoritmos son esenciales en casi todas las áreas de las Ciencias de la Computación, desde los sistemas operativos hasta la inteligencia artificial y la modelación de现实. Por lo tanto, el diseño de algoritmos es fundamental porque permite avanzar en la resolución de problemas computacionales y en la innovación tecnológica.",MC6102-Análisis de Algoritmos.txt;MC6102-Análisis de Algoritmos.txt;MC7201-Introducción a la Investigación.txt;MC7201-Introducción a la Investigación.txt;MC6004-Sistemas Operativos Avanzados.txt,10.35,Análisis de Algoritmos,MC6102,
deepseek-r1-14b-f16,open_ended,¿Cuál es la diferencia crítica entre la efectividad y la eficiencia de un algoritmo?,"En el curso Análisis de Algoritmos de la Maestría en Computación, ¿Cuál es la diferencia crítica entre la efectividad y la eficiencia de un algoritmo?

Da una respuesta completa y explicativa.",La efectividad asegura que resuelva el problema; la eficiencia asegura que lo haga usando pocos recursos de tiempo y espacio.,"En el curso Análisis de Algoritmos de la Maestría en Computación, la efectividad y la eficiencia de un algoritmo son dos conceptos críticos pero distintos:

1. **Efectividad**: Refiere a la capacidad de un algoritmo para resolver correctamente un problema específico. Es decir, el algoritmo debe proporcionar una solución correcta para cualquier entrada dada. Este aspecto se enfoca en la lógica y el diseño del algoritmo para asegurar que siempre dé resultados precisos y responda al problema planteado.

2. **Eficiencia**: Por otro lado, la eficiencia se relaciona con el uso de recursos como el tiempo y el espacio durante la ejecución del algoritmo. Un algoritmo es eficiente si utiliza ""pocos"" recursos en comparación con otros algoritmos que resuelven el mismo problema. Esto se analiza a través de la complejidad del algoritmo, que puede medirse en términos de tiempo de ejecución y espacio requerido.

En resumen, mientras la efectividad se centra en la correctitud de la solución, la eficiencia se enfoca en cómo utiliza los recursos para lograr esa solución. Ambos aspectos son esenciales en el diseño y análisis de algoritmos, pero responden a necesidades diferentes: una garantiza que el algoritmo funcione correctamente",MC6102-Análisis de Algoritmos.txt;MC6102-Análisis de Algoritmos.txt;MC7201-Introducción a la Investigación.txt;MC6004-Sistemas Operativos Avanzados.txt;MC6003-Teoría de Autómatas.txt,14.65,Análisis de Algoritmos,MC6102,
deepseek-r1-14b-f16,open_ended,¿Qué tres componentes son necesarios para lograr algoritmos eficientes?,"En el curso Análisis de Algoritmos de la Maestría en Computación, ¿Qué tres componentes son necesarios para lograr algoritmos eficientes?

Da una respuesta completa y explicativa.","Técnicas de diseño, técnicas de análisis y la creatividad intuitiva.","En el curso Análisis de Algoritmos de la Maestría en Computación, los tres componentes necesarios para lograr algoritmos eficientes son:

1. **Técnicas de diseño**: Estas técnicas ayudan a los estudiantes a abordar problemas de manera efectiva y a seleccionar las estructuras de datos más adecuadas para apoyar el algoritmo. Ejemplos incluyen el diseño avaricioso (voraz), el diseño de dividir y vencerás, y la programación dinámica.

2. **Técnicas de análisis**: Estas herramientas permiten determinar la complejidad de un algoritmo, es decir, cuánto tiempo y espacio recursos consume. Entre ellas se encuentran las funciones recurrentes, la notación asintótica (como la notación ""o grande""), y la inducción matemática.

3. **Creatividad e intuición**: Aunque no tan formales, son esenciales para enfocar problemas de manera innovadora y encontrar soluciones optimales. Esto se ilustra con ejemplos clásicos de algoritmos creativos y con la capacidad de combinar técnicas aprendidas para resolver problemas nuevos y complejos.

Estos componentes se trabajan durante el curso para equiparar a los estudiantes con las habilidades necesarias para diseñar y analizar algoritmos eficientes",MC6102-Análisis de Algoritmos.txt;MC6102-Análisis de Algoritmos.txt;MC6004-Sistemas Operativos Avanzados.txt;MC1003-Seguridad y Criptografía.txt;MC7201-Introducción a la Investigación.txt,14.29,Análisis de Algoritmos,MC6102,
deepseek-r1-14b-f16,open_ended,"¿Qué herramientas se utilizan para analizar la complejidad de ""peor caso""?","En el curso Análisis de Algoritmos de la Maestría en Computación, ¿Qué herramientas se utilizan para analizar la complejidad de ""peor caso""?

Da una respuesta completa y explicativa.","Funciones recurrentes, notación asintótica (""O grande"") y pruebas por inducción.","En el curso de Análisis de Algoritmos de la Maestría en Computación, se utilizan las siguientes herramientas para analizar la complejidad de ""peor caso"":

1. **Funciones Recurrentes**: Se emplean para expresar la complejidad de un algoritmo en términos de su tamaño de entrada, permitiendo resolver ecuaciones que describen el tiempo de ejecución.

2. **Notación Asintótica**: Entre las cuales se encuentran:
   - **O gran (O)**: Describe el límite superior del tiempo de ejecución.
   - **Ω gran (Ω)**: Describe el límite inferior del tiempo de ejecución.
   - **Θ gran (Θ)**: Describe la界 limite exacto del tiempo de ejecución.

3. **Inducción**: Se utiliza para probar y demostrar la corrección de las funciones recurrentes y las notaciones asintóticas en el análisis de la complejidad.

Estas herramientas permiten a los estudiantes analizar y comparar la eficiencia de los algoritmos en el peor de los casos, lo que es esencial para determinar la solución más adecuada para problemas específicos.",MC6102-Análisis de Algoritmos.txt;MC6102-Análisis de Algoritmos.txt;MC1103-Gerencia de tecnología de información.txt;MC6004-Sistemas Operativos Avanzados.txt;MC7201-Introducción a la Investigación.txt,12.64,Análisis de Algoritmos,MC6102,
deepseek-r1-14b-f16,open_ended,¿Qué tipos de algoritmos se estudian dentro de la categoría probabilista?,"En el curso Análisis de Algoritmos de la Maestría en Computación, ¿Qué tipos de algoritmos se estudian dentro de la categoría probabilista?

Da una respuesta completa y explicativa.","Algoritmos numéricos, de Monte Carlo y de Las Vegas.","En el curso Análisis de Algoritmos de la Maestría en Computación, se estudian los siguientes tipos de algoritmos dentro de la categoría probabilista:

1. **Algoritmos de Monte Carlo**: Estos algoritmos utilizan métodos estocásticos para aproximar soluciones a problemas complejos. Son conocidos por su eficiencia en términos de tiempo de ejecución, aunque pueden tener una probabilidad de error aceptable.

2. **Algoritmos de Las Vegas**: Estos algoritmos aseguran una respuesta correcta pero pueden variar en el tiempo de ejecución. Son particularmente útiles en problemas donde la exactitud es crítica, pero se acepta un tiempo de ejecución variable.

Estos algoritmos son parte del contenido del curso, específicamente en la sección 9. Algoritmos probabilistas, que también incluye introducción, ejemplos de algoritmos numéricos, y aplicaciones de ambos tipos.",MC6102-Análisis de Algoritmos.txt;MC6102-Análisis de Algoritmos.txt;MC7201-Introducción a la Investigación.txt;MC6004-Sistemas Operativos Avanzados.txt;MC6104-Diseño de Experimentos.txt,10.46,Análisis de Algoritmos,MC6102,
deepseek-r1-14b-f16,open_ended,¿Cómo se clasifican los problemas según su complejidad en este programa?,"En el curso Análisis de Algoritmos de la Maestría en Computación, ¿Cómo se clasifican los problemas según su complejidad en este programa?

Da una respuesta completa y explicativa.","En las clases P, NP, NP-completos y NP-difíciles.","En el curso Análisis de Algoritmos de la Maestría en Computación, los problemas se clasifican según su complejidad en las siguientes categorías:

1. **Clases de Complejidad Computacional**:
   - **Clase P (P-Class)**: Problemas que se pueden resolver en tiempo polinomial. Es decir, existen algoritmos que resuelven el problema en un tiempo que es una función polinómica del tamaño de la entrada.
   - **Clase NP (Nondeterministic Polynomial time)**: Problemas para los cuales una solución propuesta se puede verificar en tiempo polinomial, pero no se sabe si pueden resolverse en tiempo polinomial. Incluye problemas que son candidatos para algoritmos de verificación rápida.

2. **Problemas NP-completos**:
   - Son problemas que pertenecen a la clase NP y son tan difíciles que si se demostrara que uno de ellos se puede resolver en tiempo polinomial, todos los problemas en NP podrían resolverse en tiempo polinomial.
   - Ejemplos incluyen problemas como el problema del viajero comercial (TSP), el problema de la satisfacción de cláusulas booleanas (SAT), y otros problemas clásicos en la teoría de grafos y algoritmos.

3. **Problemas NP-difíciles**",MC6102-Análisis de Algoritmos.txt;MC6102-Análisis de Algoritmos.txt;MC6004-Sistemas Operativos Avanzados.txt;MC6104-Diseño de Experimentos.txt;MC7201-Introducción a la Investigación.txt,14.65,Análisis de Algoritmos,MC6102,
deepseek-r1-14b-f16,open_ended,"¿Por qué la Ciencia de la Computación ha sido considerada históricamente ""débil"" en sus procedimientos?","En el curso Diseño de Experimentos de la Maestría en Computación, ¿Por qué la Ciencia de la Computación ha sido considerada históricamente ""débil"" en sus procedimientos?

Da una respuesta completa y explicativa.",Debido a la falta de uso sistemático de técnicas experimentales clásicas para validar o refutar hipótesis.,"La Ciencia de la Computación ha sido considerada históricamente ""débil"" en sus procedimientos experimentales debido a varias razones. Aunque es una disciplina científica, ha enfrentado desafíos en la aplicación de metodologías experimentales rigurosas. Esto se debe, en parte, a que los sistemas computacionales son complejos y sus comportamientos pueden ser influenciados por numerosos factores, lo que hace difícil controlar variables y reproducir resultados. Además, en comparación con otras ciencias, como la física o la biología, la computación ha tenido una historia más reciente y, por lo tanto, ha tenido menos tiempo para desarrollar y consolidar prácticas experimentales maduras. Sin embargo, cursos como el Diseño de Experimentos en la Maestría en Computación buscan abordar esta situación, enseñando técnicas experimentales para validar hipótesis, diseñar experimentos científicos y aplicar estadísticas para analizar resultados, mejorando así la robustez y confiabilidad de las investigaciones en el campo.",MC6102-Análisis de Algoritmos.txt;MC7201-Introducción a la Investigación.txt;MC7201-Introducción a la Investigación.txt;MC6104-Diseño de Experimentos.txt;MC6004-Sistemas Operativos Avanzados.txt,11.45,Diseño de Experimentos,MC6104,
deepseek-r1-14b-f16,open_ended,¿Qué utilidad tiene el Diseño de Experimentos (DoE) en la industria del software?,"En el curso Diseño de Experimentos de la Maestría en Computación, ¿Qué utilidad tiene el Diseño de Experimentos (DoE) en la industria del software?

Da una respuesta completa y explicativa.",Permite ejercer controles de calidad rigurosos durante el desarrollo de productos de software.,"El Diseño de Experimentos (DoE) no se menciona específicamente en el contexto proporcionado. Por lo tanto, no tengo suficiente información para responder a la pregunta.",MC6102-Análisis de Algoritmos.txt;MC1103-Gerencia de tecnología de información.txt;MC7201-Introducción a la Investigación.txt;MC7201-Introducción a la Investigación.txt;MC6102-Análisis de Algoritmos.txt,2.66,Diseño de Experimentos,MC6104,
deepseek-r1-14b-f16,open_ended,¿Qué capacidades adquiere el estudiante para manejar datos experimentales?,"En el curso Diseño de Experimentos de la Maestría en Computación, ¿Qué capacidades adquiere el estudiante para manejar datos experimentales?

Da una respuesta completa y explicativa.",El uso de software estadístico para analizar resultados con niveles de confianza y certeza científica.,"Lo siento, pero no puedo responder a su pregunta. El contexto proporcionado no incluye información sobre el curso ""Diseño de Experimentos"" de la Maestría en Computación. Por favor, proporcione contexto relevante para recibir una respuesta adecuada.",MC6102-Análisis de Algoritmos.txt;MC6102-Análisis de Algoritmos.txt;MC1103-Gerencia de tecnología de información.txt;MC1003-Seguridad y Criptografía.txt;MC7201-Introducción a la Investigación.txt,3.3,Diseño de Experimentos,MC6104,
deepseek-r1-14b-f16,open_ended,¿Cuál es la estructura metodológica que siguen los proyectos en este curso?,"En el curso Diseño de Experimentos de la Maestría en Computación, ¿Cuál es la estructura metodológica que siguen los proyectos en este curso?

Da una respuesta completa y explicativa.","Realización de experimentos, recolección de datos, análisis de resultados y redacción de reportes técnicos.","En el curso Diseño de Experimentos de la Maestría en Computación, los proyectos siguen una estructura metodológica que incluye:

1. **Introducción al Diseño de Experimentos**: Se aborda la motivación, historia y aplicaciones científicas e industriales del diseño de experimentos. Se discute el estado experimental de la Ciencia de la Computación y la Ingeniería de Software.

2. **Conceptos de Experimentos**: Se estudian el Método Científico, la diferencia entre Ciencia y Pseudociencia, hipótesis y experimentos, tipos de experimentos, aleatorización, replicaciones, protocolos médicos, consideraciones éticas, y aplicaciones en control de calidad.

3. **Repaso de Estadística**: Se revisan conceptos generales de probabilidad y estadística, que son fundamentales para el análisis de datos experimentales.

4. **Aplicación práctica**: Los estudiantes aplican estas técnicas en proyectos que incluyen la establecimiento de hipótesis, diseño de experimentos, uso de software para análisis de resultados, y aplicación de técnicas experimentales en propuestas de tesis e investigaciones científicas.

Esta estructura metodológica permite a los estudiantes desarrollar habilidades para diseñar y analizar experimentos científicos en el ámbito de la Computación.",MC6102-Análisis de Algoritmos.txt;MC7201-Introducción a la Investigación.txt;MC7201-Introducción a la Investigación.txt;MC6104-Diseño de Experimentos.txt;MC6004-Sistemas Operativos Avanzados.txt,13.84,Diseño de Experimentos,MC6104,
deepseek-r1-14b-f16,open_ended,¿Qué formación técnica previa es requerida para el uso de herramientas en este curso?,"En el curso Diseño de Experimentos de la Maestría en Computación, ¿Qué formación técnica previa es requerida para el uso de herramientas en este curso?

Da una respuesta completa y explicativa.","Conocimiento de UNIX, programación en C y dominio del entorno estadístico R.","Para el curso Diseño de Experimentos en la Maestría en Computación, se requieren los siguientes requisitos técnicos previos:

1. **Álgebra Lineal**: Comprensión de conceptos básicos como vectores, matrices y operaciones lineales, que son fundamentales para el análisis de datos y la interpretación de resultados experimentales.

2. **Cálculo**: Dominio de las técnicas de cálculo diferencial e integral, esenciales para entender y aplicar métodos estadísticos en el diseño de experimentos.

3. **Probabilidades**: Conocimiento de los principios básicos de probabilidad, distribuciones estadísticas y teorías relacionadas, que son cruciales para evaluar la variabilidad y不确定性 en los experimentos.

Estos requisitos aseguran que los estudiantes tengan una base sólida para utilizar herramientas y técnicas avanzadas en el diseño y análisis de experimentos computacionales.",MC7201-Introducción a la Investigación.txt;MC6102-Análisis de Algoritmos.txt;MC6104-Diseño de Experimentos.txt;MC6102-Análisis de Algoritmos.txt;MC7201-Introducción a la Investigación.txt,9.84,Diseño de Experimentos,MC6104,
deepseek-r1-14b-f16,open_ended,¿Cómo influye este curso en el desarrollo de la tesis de maestría del estudiante?,"En el curso Diseño de Experimentos de la Maestría en Computación, ¿Cómo influye este curso en el desarrollo de la tesis de maestría del estudiante?

Da una respuesta completa y explicativa.",Entrena al estudiante para establecer hipótesis verificables experimentalmente en su propuesta de tesis.,"En el curso Diseño de Experimentos de la Maestría en Computación, el estudiante adquiere habilidades y conocimientos esenciales que influyen significativamente en el desarrollo de su tesis de maestría. Algunas de las maneras en que este curso influye en el proceso de elaboración de la tesis son:

1. **Establecimiento de Hipótesis**: El curso capacita a los estudiantes para establecer hipótesis claras y verificables respecto a sistemas computacionales. Esto es fundamental para la tesis, ya que ésta se centra en proponer y validar soluciones a problemas específicos.

2. **Diseño de Experimentos Científicos**: A través de este curso, los estudiantes aprenden a diseñar experimentos científicos aplicados a la Ciencia de la Computación. Esto permite que, en su tesis, puedan diseñar estudios rigurosos para validar sus hipótesis y asegurar que sus resultados sean confiables y reproducibles.

3. **Análisis de Resultados con Software**: El curso también enseña el uso de herramientas y software apropiadas para analizar los resultados de los experimentos, lo que permite al estudiante presentar conclusiones con un nivel alto de confianza. Esta habilidad es esencial para la tesis, donde los resultados deben ser presentados de manera clara",MC7201-Introducción a la Investigación.txt;MC6102-Análisis de Algoritmos.txt;MC7201-Introducción a la Investigación.txt;MC6104-Diseño de Experimentos.txt;MC6102-Análisis de Algoritmos.txt,14.28,Diseño de Experimentos,MC6104,
deepseek-r1-14b-f16,open_ended,¿Qué criterios separan la ciencia de la pseudociencia según los contenidos del curso?,"En el curso Introducción a la Investigación de la Maestría en Computación, ¿Qué criterios separan la ciencia de la pseudociencia según los contenidos del curso?

Da una respuesta completa y explicativa.","Los conceptos de historia y filosofía de la ciencia, aplicados a través de un exigente escepticismo científico.","En el curso ""Introducción a la Investigación"" de la Maestría en Computación, los criterios que separan la ciencia de la pseudociencia, según los contenidos del curso, son los siguientes:

1. **Método Científico**: La ciencia se basa en el método científico, que implica observación, formulación de hipótesis, experimentación y verificación empírica. En cambio, la pseudociencia a menudo carece de un marco metodológico sistemático y reproducible.

2. **Hipótesis Testeables**: Las hipótesis científicas son específicas, testables y falsables, lo que permite su verificación mediante experimentos. Por el contrario, las pseudociencias a menudo presentan afirmaciones que no son susceptibles de prueba o que no pueden ser refutadas.

3. **Evidencia Empírica**: La ciencia exige evidencia empírica sólida para respaldar las teorías y conclusiones. La pseudociencia, por otro lado, puede recurrir a evidencia anecdótica, insuficiente o manipulada para sostener sus claims.

4. **Reproducibilidad**: Los resultados científicos deben ser reproducibles por otros investigadores bajo condiciones similares. La pseudociencia a menudo no permite esta reproducción, lo que dificulta su validación.",MC7201-Introducción a la Investigación.txt;MC7201-Introducción a la Investigación.txt;MC6102-Análisis de Algoritmos.txt;MC1103-Gerencia de tecnología de información.txt;MC6104-Diseño de Experimentos.txt,14.56,Introducción a la Investigación,MC7201,
deepseek-r1-14b-f16,open_ended,¿Cuál es el deber esencial de un científico según este programa académico?,"En el curso Introducción a la Investigación de la Maestría en Computación, ¿Cuál es el deber esencial de un científico según este programa académico?

Da una respuesta completa y explicativa.",Generar y comunicar conocimiento nuevo a la comunidad.,"En el curso ""Introducción a la Investigación"" de la Maestría en Computación, el deber esencial de un científico, según el programa académico, es **generar y comunicar conocimiento nuevo**. Esto se logra a través de un proceso de trabajo esencial que incluye el diseño de experimentos, el uso de metodologías científicas, la recolección y análisis de datos, y la presentación adecuada de los resultados en artículos científicos. Además, se inculca en los estudiantes un espíritu crítico y escepticismo, lo que los orienta en el desarrollo de investigación científica en computación.",MC7201-Introducción a la Investigación.txt;MC7201-Introducción a la Investigación.txt;MC6102-Análisis de Algoritmos.txt;MC1103-Gerencia de tecnología de información.txt;MC6104-Diseño de Experimentos.txt,7.29,Introducción a la Investigación,MC7201,
deepseek-r1-14b-f16,open_ended,"¿Qué habilidades de ""infraestructura"" se desarrollan para maximizar el éxito del investigador?","En el curso Introducción a la Investigación de la Maestría en Computación, ¿Qué habilidades de ""infraestructura"" se desarrollan para maximizar el éxito del investigador?

Da una respuesta completa y explicativa.","Cómo dar presentaciones, leer y escribir papers, y administrar efectivamente el tiempo.","En el curso ""Introducción a la Investigación"" de la Maestría en Computación, se desarrollan las siguientes habilidades de ""infraestructura"" para maximizar el éxito del investigador:

1. **Dar presentaciones científicas**: Los estudiantes aprenden a comunicar eficazmente sus ideas y resultados frente a un público, utilizando herramientas y técnicas adecuadas para presentaciones académicas.

2. **Leer y analizar papers científicos**: Se les enseña a comprender, sintetizar y evaluar artículos científicos, lo que es esencial para mantenerse al día en la literatura de su campo.

3. **Escritura de documentos científicos**: Los estudiantes adquieren habilidades en la redacción de artículos, informes y otros documentos científicos, siguiendo los estándares y formatos requeridos en la investigación.

4. **Escogiendo tema de tesis**: Se les guía en cómo seleccionar un tema de investigación adecuado, relevante y viable, basado en sus intereses y las necesidades del campo.

5. **Escogiendo asesor de tesis**: Los estudiantes aprenden a identificar y seleccionar un asesor adecuado que pueda brindarles orientación y apoyo durante el desarrollo de su investigación.

6. **Escribir y juzgar propuestas de investigación**: Se les capacita para redact",MC1003-Seguridad y Criptografía.txt;MC6102-Análisis de Algoritmos.txt;MC7201-Introducción a la Investigación.txt;MC7201-Introducción a la Investigación.txt;MC2301-Planificación estratégica de tecnología de información.txt,13.95,Introducción a la Investigación,MC7201,
deepseek-r1-14b-f16,open_ended,¿Qué aspectos administrativos se revisan para orientar al estudiante en su posgrado?,"En el curso Introducción a la Investigación de la Maestría en Computación, ¿Qué aspectos administrativos se revisan para orientar al estudiante en su posgrado?

Da una respuesta completa y explicativa.",Los reglamentos y lineamientos del programa de maestría para la presentación de propuestas y tesis.,"En el curso ""Introducción a la Investigación"" de la Maestría en Computación, se revisan los siguientes aspectos administrativos para orientar al estudiante en su posgrado:

1. **Reglamentos y Lineamientos del Programa**: Se orienta a los estudiantes sobre los reglamentos y lineamientos específicos del Programa de Maestría en Computación del ITCR, lo que incluye requisitos, estructura del plan de estudios, y expectativas generales.

2. **Proceso de Presentación de Propuestas de Investigación**: Se aborda cómo presentar propuestas de investigación, incluyendo la importancia de la claridad, el rigor metodológico y el cumplimiento de los formatos establecidos.

3. **Desarrollo de Tesis de Investigación**: Se revisa el proceso de desarrollo de una tesis de investigación, desde la selección del tema hasta la redacción y defensa final, asegurando que los estudiantes comprendan los estándares y expectativas del programa.

4. **Formatos y Normas de Publicación**: Se introduce a los estudiantes en los formatos y normas necesarios para la publicación de artículos científicos, destacando la importancia del uso de herramientas como LaTeX y el cumplimiento de los estándares de publicación en revistas científicas.

5. **Evaluación y Cronograma**: Se explica",MC1103-Gerencia de tecnología de información.txt;MC7201-Introducción a la Investigación.txt;MC7201-Introducción a la Investigación.txt;MC6102-Análisis de Algoritmos.txt;MC2301-Planificación estratégica de tecnología de información.txt,14.1,Introducción a la Investigación,MC7201,
deepseek-r1-14b-f16,open_ended,¿Qué elementos debe contener la propuesta de un artículo científico para ser aprobada?,"En el curso Introducción a la Investigación de la Maestría en Computación, ¿Qué elementos debe contener la propuesta de un artículo científico para ser aprobada?

Da una respuesta completa y explicativa.","Definición del problema, su importancia, soluciones previas, propuesta original y efectos esperados.","En el curso ""Introducción a la Investigación"" de la Maestría en Computación, una propuesta de artículo científico debe contener los siguientes elementos para ser aprobada:

1. **Título**: Un título claro y descriptivo que refleje el enfoque y la contribución del estudio.
2. **Resumen**: Una síntesis concisa del estudio, incluyendo el objetivo, metodología, resultados principales y conclusiones.
3. **Introducción**: Un contexto que sitúa el estudio en el marco teórico existente, identificando la problemática o pregunta de investigación, y justificando su relevancia.
4. **Marco Teórico**: Una revisión de la literatura relevante que fundamenta el estudio, identificando lagunas o vacíos que se proponen llenar.
5. **Objetivos de la Investigación**: Claro enunciado de los objetivos generales y específicos del estudio.
6. **Metodología**: Detallamiento de los métodos utilizados para recoger y analizar los datos, incluyendo diseño experimental, herramientas y técnicas estadísticas.
7. **Resultados**: Presentación clara y organizada de los datos obtenidos, utilizando tablas, gráficos y estadísticas cuando sea apropiado.
8. **Discusión**: Interpretación de los resultados en el contexto teórico",MC7201-Introducción a la Investigación.txt;MC7201-Introducción a la Investigación.txt;MC6104-Diseño de Experimentos.txt;MC1103-Gerencia de tecnología de información.txt;MC2301-Planificación estratégica de tecnología de información.txt,14.15,Introducción a la Investigación,MC7201,
deepseek-r1-14b-f16,open_ended,¿Cuál es la herramienta tecnológica obligatoria para la elaboración de presentaciones?,"En el curso Introducción a la Investigación de la Maestría en Computación, ¿Cuál es la herramienta tecnológica obligatoria para la elaboración de presentaciones?

Da una respuesta completa y explicativa.",Beamer.,"En el curso ""Introducción a la Investigación"" de la Maestría en Computación, la herramienta tecnológica obligatoria para la elaboración de presentaciones es **Beamer**. Esto se menciona en el apartado de ""Presentaciones Orales"", donde se indica que todas las presentaciones deben prepararse con Beamer y que los estudiantes deben familiarizarse con esta herramienta para crear sus presentaciones. Además, se especifica que el material debe entregarse en formato LATEX y PDF, lo que refuerza el uso de Beamer como la herramienta requerida.",MC7201-Introducción a la Investigación.txt;MC7201-Introducción a la Investigación.txt;MC6102-Análisis de Algoritmos.txt;MC1103-Gerencia de tecnología de información.txt;MC6102-Análisis de Algoritmos.txt,6.38,Introducción a la Investigación,MC7201,
