model_key,category,question,composed_question,expected_answer,predicted_answer,retrieved_sources,generation_time_s,curso,codigo,error
llama3.1-8b-f16,binary,¿Es la asistencia obligatoria?,"En el curso Análisis de Datos en Ciberseguridad de la Maestría en Ciberseguridad, ¿Es la asistencia obligatoria?

Responde únicamente con 'Sí' o 'No'.",Sí,Sí.,MC1006-Políticas y Gobernanza en Ciberseguridad.txt;MC1006-Políticas y Gobernanza en Ciberseguridad.txt;MC1003-Seguridad y Criptografía.txt;MC3001-Seguridad de Software Avanzado.txt;MC1001-Análisis de datos en ciberseguridad.txt,3.52,Análisis de Datos en Ciberseguridad,MC1001,
llama3.1-8b-f16,binary,¿Tiene el curso requisitos previos?,"En el curso Análisis de Datos en Ciberseguridad de la Maestría en Ciberseguridad, ¿Tiene el curso requisitos previos?

Responde únicamente con 'Sí' o 'No'.",No,No,MC1006-Políticas y Gobernanza en Ciberseguridad.txt;MC3001-Seguridad de Software Avanzado.txt;MC1003-Seguridad y Criptografía.txt;MC1001-Análisis de datos en ciberseguridad.txt;MC3010-Cibercrimen.txt,0.48,Análisis de Datos en Ciberseguridad,MC1001,
llama3.1-8b-f16,binary,¿Es un curso electivo?,"En el curso Análisis de Datos en Ciberseguridad de la Maestría en Ciberseguridad, ¿Es un curso electivo?

Responde únicamente con 'Sí' o 'No'.",No,No,MC1006-Políticas y Gobernanza en Ciberseguridad.txt;MC3010-Cibercrimen.txt;MC1001-Análisis de datos en ciberseguridad.txt;MC1003-Seguridad y Criptografía.txt;MC3001-Seguridad de Software Avanzado.txt,0.46,Análisis de Datos en Ciberseguridad,MC1001,
llama3.1-8b-f16,binary,¿Existe la posibilidad de ganar el curso por suficiencia?,"En el curso Análisis de Datos en Ciberseguridad de la Maestría en Ciberseguridad, ¿Existe la posibilidad de ganar el curso por suficiencia?

Responde únicamente con 'Sí' o 'No'.",Sí,Sí.,MC1003-Seguridad y Criptografía.txt;MC3010-Cibercrimen.txt;MC1006-Políticas y Gobernanza en Ciberseguridad.txt;MC3001-Seguridad de Software Avanzado.txt;MC1001-Análisis de datos en ciberseguridad.txt,0.52,Análisis de Datos en Ciberseguridad,MC1001,
llama3.1-8b-f16,binary,¿Es posible el reconocimiento del curso?,"En el curso Análisis de Datos en Ciberseguridad de la Maestría en Ciberseguridad, ¿Es posible el reconocimiento del curso?

Responde únicamente con 'Sí' o 'No'.",Sí,Sí.,MC1003-Seguridad y Criptografía.txt;MC1001-Análisis de datos en ciberseguridad.txt;MC1001-Análisis de datos en ciberseguridad.txt;MC3010-Cibercrimen.txt;MC1006-Políticas y Gobernanza en Ciberseguridad.txt,0.51,Análisis de Datos en Ciberseguridad,MC1001,
llama3.1-8b-f16,binary,¿Los laboratorios representan el 75% de la nota final?,"En el curso Análisis de Datos en Ciberseguridad de la Maestría en Ciberseguridad, ¿Los laboratorios representan el 75% de la nota final?

Responde únicamente con 'Sí' o 'No'.",Sí,No,MC1003-Seguridad y Criptografía.txt;MC3010-Cibercrimen.txt;MC1006-Políticas y Gobernanza en Ciberseguridad.txt;MC3001-Seguridad de Software Avanzado.txt;MC1001-Análisis de datos en ciberseguridad.txt,0.46,Análisis de Datos en Ciberseguridad,MC1001,
llama3.1-8b-f16,binary,¿Es la asistencia obligatoria?,"En el curso Seguridad y Criptografía de la Maestría en Ciberseguridad, ¿Es la asistencia obligatoria?

Responde únicamente con 'Sí' o 'No'.",Sí,Sí.,MC1006-Políticas y Gobernanza en Ciberseguridad.txt;MC1006-Políticas y Gobernanza en Ciberseguridad.txt;MC1003-Seguridad y Criptografía.txt;MC3001-Seguridad de Software Avanzado.txt;MC3010-Cibercrimen.txt,0.52,Seguridad y Criptografía,MC1003,
llama3.1-8b-f16,binary,¿Es este un curso electivo?,"En el curso Seguridad y Criptografía de la Maestría en Ciberseguridad, ¿Es este un curso electivo?

Responde únicamente con 'Sí' o 'No'.",No,No,MC1006-Políticas y Gobernanza en Ciberseguridad.txt;MC1006-Políticas y Gobernanza en Ciberseguridad.txt;MC1003-Seguridad y Criptografía.txt;MC3001-Seguridad de Software Avanzado.txt;MC3010-Cibercrimen.txt,0.46,Seguridad y Criptografía,MC1003,
llama3.1-8b-f16,binary,¿Tiene correquisitos establecidos?,"En el curso Seguridad y Criptografía de la Maestría en Ciberseguridad, ¿Tiene correquisitos establecidos?

Responde únicamente con 'Sí' o 'No'.",No,No,MC1006-Políticas y Gobernanza en Ciberseguridad.txt;MC1006-Políticas y Gobernanza en Ciberseguridad.txt;MC1003-Seguridad y Criptografía.txt;MC3001-Seguridad de Software Avanzado.txt;MC1001-Análisis de datos en ciberseguridad.txt,0.46,Seguridad y Criptografía,MC1003,
llama3.1-8b-f16,binary,"¿Es este curso requisito para ""Blockchain y Ledger Distribuidos""?","En el curso Seguridad y Criptografía de la Maestría en Ciberseguridad, ¿Es este curso requisito para ""Blockchain y Ledger Distribuidos""?

Responde únicamente con 'Sí' o 'No'.",Sí,No.,MC1006-Políticas y Gobernanza en Ciberseguridad.txt;MC1006-Políticas y Gobernanza en Ciberseguridad.txt;MC1003-Seguridad y Criptografía.txt;MC3001-Seguridad de Software Avanzado.txt;MC3010-Cibercrimen.txt,0.49,Seguridad y Criptografía,MC1003,
llama3.1-8b-f16,binary,¿Se permite el reconocimiento del curso?,"En el curso Seguridad y Criptografía de la Maestría en Ciberseguridad, ¿Se permite el reconocimiento del curso?

Responde únicamente con 'Sí' o 'No'.",Sí,Sí.,MC1003-Seguridad y Criptografía.txt;MC1006-Políticas y Gobernanza en Ciberseguridad.txt;MC3001-Seguridad de Software Avanzado.txt;MC1006-Políticas y Gobernanza en Ciberseguridad.txt;MC3010-Cibercrimen.txt,0.52,Seguridad y Criptografía,MC1003,
llama3.1-8b-f16,binary,¿El examen final tiene un valor del 30%?,"En el curso Seguridad y Criptografía de la Maestría en Ciberseguridad, ¿El examen final tiene un valor del 30%?

Responde únicamente con 'Sí' o 'No'.",Sí,No,MC1003-Seguridad y Criptografía.txt;MC3001-Seguridad de Software Avanzado.txt;MC3010-Cibercrimen.txt;MC1001-Análisis de datos en ciberseguridad.txt;MC1006-Políticas y Gobernanza en Ciberseguridad.txt,0.46,Seguridad y Criptografía,MC1003,
llama3.1-8b-f16,binary,¿Es el curso de tipo electivo?,"En el curso Políticas y Gobernanza en Ciberseguridad de la Maestría en Ciberseguridad, ¿Es el curso de tipo electivo?

Responde únicamente con 'Sí' o 'No'.",No,No,MC1006-Políticas y Gobernanza en Ciberseguridad.txt;MC1006-Políticas y Gobernanza en Ciberseguridad.txt;MC3010-Cibercrimen.txt;MC3001-Seguridad de Software Avanzado.txt;MC1003-Seguridad y Criptografía.txt,0.46,Políticas y Gobernanza en Ciberseguridad,MC1006,
llama3.1-8b-f16,binary,¿Es la asistencia obligatoria?,"En el curso Políticas y Gobernanza en Ciberseguridad de la Maestría en Ciberseguridad, ¿Es la asistencia obligatoria?

Responde únicamente con 'Sí' o 'No'.",Sí,Sí,MC1006-Políticas y Gobernanza en Ciberseguridad.txt;MC1006-Políticas y Gobernanza en Ciberseguridad.txt;MC3010-Cibercrimen.txt;MC3001-Seguridad de Software Avanzado.txt;MC1003-Seguridad y Criptografía.txt,0.48,Políticas y Gobernanza en Ciberseguridad,MC1006,
llama3.1-8b-f16,binary,¿Se permite el reconocimiento de este curso?,"En el curso Políticas y Gobernanza en Ciberseguridad de la Maestría en Ciberseguridad, ¿Se permite el reconocimiento de este curso?

Responde únicamente con 'Sí' o 'No'.",No,Sí.,MC1006-Políticas y Gobernanza en Ciberseguridad.txt;MC1006-Políticas y Gobernanza en Ciberseguridad.txt;MC1003-Seguridad y Criptografía.txt;MC3010-Cibercrimen.txt;MC3001-Seguridad de Software Avanzado.txt,0.51,Políticas y Gobernanza en Ciberseguridad,MC1006,
llama3.1-8b-f16,binary,¿Existe la posibilidad de suficiencia?,"En el curso Políticas y Gobernanza en Ciberseguridad de la Maestría en Ciberseguridad, ¿Existe la posibilidad de suficiencia?

Responde únicamente con 'Sí' o 'No'.",Sí,Sí.,MC1006-Políticas y Gobernanza en Ciberseguridad.txt;MC1006-Políticas y Gobernanza en Ciberseguridad.txt;MC3010-Cibercrimen.txt;MC1003-Seguridad y Criptografía.txt;MC3001-Seguridad de Software Avanzado.txt,0.51,Políticas y Gobernanza en Ciberseguridad,MC1006,
llama3.1-8b-f16,binary,¿Se ubica el curso en el primer trimestre del plan de estudios?,"En el curso Políticas y Gobernanza en Ciberseguridad de la Maestría en Ciberseguridad, ¿Se ubica el curso en el primer trimestre del plan de estudios?

Responde únicamente con 'Sí' o 'No'.",Sí,Sí.,MC1006-Políticas y Gobernanza en Ciberseguridad.txt;MC1006-Políticas y Gobernanza en Ciberseguridad.txt;MC3010-Cibercrimen.txt;MC1003-Seguridad y Criptografía.txt;MC3001-Seguridad de Software Avanzado.txt,0.51,Políticas y Gobernanza en Ciberseguridad,MC1006,
llama3.1-8b-f16,binary,¿El estudio de casos vale un 40% de la calificación?,"En el curso Políticas y Gobernanza en Ciberseguridad de la Maestría en Ciberseguridad, ¿El estudio de casos vale un 40% de la calificación?

Responde únicamente con 'Sí' o 'No'.",Sí,Sí.,MC1006-Políticas y Gobernanza en Ciberseguridad.txt;MC1006-Políticas y Gobernanza en Ciberseguridad.txt;MC1001-Análisis de datos en ciberseguridad.txt;MC3010-Cibercrimen.txt;MC1003-Seguridad y Criptografía.txt,0.51,Políticas y Gobernanza en Ciberseguridad,MC1006,
llama3.1-8b-f16,binary,¿Es un curso electivo?,"En el curso Seguridad de Software Avanzado de la Maestría en Ciberseguridad, ¿Es un curso electivo?

Responde únicamente con 'Sí' o 'No'.",No,No,MC3001-Seguridad de Software Avanzado.txt;MC1006-Políticas y Gobernanza en Ciberseguridad.txt;MC1006-Políticas y Gobernanza en Ciberseguridad.txt;MC1003-Seguridad y Criptografía.txt;MC3010-Cibercrimen.txt,0.46,Seguridad de Software Avanzado,MC3001,
llama3.1-8b-f16,binary,¿Es obligatoria la asistencia?,"En el curso Seguridad de Software Avanzado de la Maestría en Ciberseguridad, ¿Es obligatoria la asistencia?

Responde únicamente con 'Sí' o 'No'.",Sí,Sí.,MC1006-Políticas y Gobernanza en Ciberseguridad.txt;MC1006-Políticas y Gobernanza en Ciberseguridad.txt;MC3001-Seguridad de Software Avanzado.txt;MC1003-Seguridad y Criptografía.txt;MC3010-Cibercrimen.txt,0.51,Seguridad de Software Avanzado,MC3001,
llama3.1-8b-f16,binary,¿Tiene requisitos previos?,"En el curso Seguridad de Software Avanzado de la Maestría en Ciberseguridad, ¿Tiene requisitos previos?

Responde únicamente con 'Sí' o 'No'.",No,No,MC3001-Seguridad de Software Avanzado.txt;MC1006-Políticas y Gobernanza en Ciberseguridad.txt;MC1006-Políticas y Gobernanza en Ciberseguridad.txt;MC1003-Seguridad y Criptografía.txt;MC3001-Seguridad de Software Avanzado.txt,0.42,Seguridad de Software Avanzado,MC3001,
llama3.1-8b-f16,binary,¿Es requisito para el curso de Seguridad en la Nube?,"En el curso Seguridad de Software Avanzado de la Maestría en Ciberseguridad, ¿Es requisito para el curso de Seguridad en la Nube?

Responde únicamente con 'Sí' o 'No'.",Sí,Sí,MC3001-Seguridad de Software Avanzado.txt;MC1006-Políticas y Gobernanza en Ciberseguridad.txt;MC1006-Políticas y Gobernanza en Ciberseguridad.txt;MC1003-Seguridad y Criptografía.txt;MC3010-Cibercrimen.txt,0.49,Seguridad de Software Avanzado,MC3001,
llama3.1-8b-f16,binary,¿Se permite la suficiencia?,"En el curso Seguridad de Software Avanzado de la Maestría en Ciberseguridad, ¿Se permite la suficiencia?

Responde únicamente con 'Sí' o 'No'.",No,Sí.,MC1006-Políticas y Gobernanza en Ciberseguridad.txt;MC3001-Seguridad de Software Avanzado.txt;MC3001-Seguridad de Software Avanzado.txt;MC1006-Políticas y Gobernanza en Ciberseguridad.txt;MC1003-Seguridad y Criptografía.txt,0.48,Seguridad de Software Avanzado,MC3001,
llama3.1-8b-f16,binary,¿El examen final vale el 30% de la nota?,"En el curso Seguridad de Software Avanzado de la Maestría en Ciberseguridad, ¿El examen final vale el 30% de la nota?

Responde únicamente con 'Sí' o 'No'.",Sí,No,MC3001-Seguridad de Software Avanzado.txt;MC1003-Seguridad y Criptografía.txt;MC3010-Cibercrimen.txt;MC1001-Análisis de datos en ciberseguridad.txt;MC1006-Políticas y Gobernanza en Ciberseguridad.txt,0.47,Seguridad de Software Avanzado,MC3001,
llama3.1-8b-f16,binary,¿Es el curso de tipo electivo?,"En el curso Cibercrimen de la Maestría en Ciberseguridad, ¿Es el curso de tipo electivo?

Responde únicamente con 'Sí' o 'No'.",Sí,Sí,MC1006-Políticas y Gobernanza en Ciberseguridad.txt;MC3010-Cibercrimen.txt;MC1006-Políticas y Gobernanza en Ciberseguridad.txt;MC3001-Seguridad de Software Avanzado.txt;MC1003-Seguridad y Criptografía.txt,0.48,Cibercrimen,MC3010,
llama3.1-8b-f16,binary,¿Es obligatoria la asistencia?,"En el curso Cibercrimen de la Maestría en Ciberseguridad, ¿Es obligatoria la asistencia?

Responde únicamente con 'Sí' o 'No'.",Sí,Sí.,MC1006-Políticas y Gobernanza en Ciberseguridad.txt;MC1006-Políticas y Gobernanza en Ciberseguridad.txt;MC3010-Cibercrimen.txt;MC3001-Seguridad de Software Avanzado.txt;MC1003-Seguridad y Criptografía.txt,0.51,Cibercrimen,MC3010,
llama3.1-8b-f16,binary,¿Tiene requisitos o correquisitos?,"En el curso Cibercrimen de la Maestría en Ciberseguridad, ¿Tiene requisitos o correquisitos?

Responde únicamente con 'Sí' o 'No'.",No,No,MC1006-Políticas y Gobernanza en Ciberseguridad.txt;MC1006-Políticas y Gobernanza en Ciberseguridad.txt;MC3010-Cibercrimen.txt;MC3001-Seguridad de Software Avanzado.txt;MC1003-Seguridad y Criptografía.txt,0.46,Cibercrimen,MC3010,
llama3.1-8b-f16,binary,¿Se permite la suficiencia para este curso?,"En el curso Cibercrimen de la Maestría en Ciberseguridad, ¿Se permite la suficiencia para este curso?

Responde únicamente con 'Sí' o 'No'.",No,No,MC3010-Cibercrimen.txt;MC1006-Políticas y Gobernanza en Ciberseguridad.txt;MC1003-Seguridad y Criptografía.txt;MC3001-Seguridad de Software Avanzado.txt;MC1006-Políticas y Gobernanza en Ciberseguridad.txt,0.46,Cibercrimen,MC3010,
llama3.1-8b-f16,binary,¿Existe la posibilidad de reconocimiento?,"En el curso Cibercrimen de la Maestría en Ciberseguridad, ¿Existe la posibilidad de reconocimiento?

Responde únicamente con 'Sí' o 'No'.",No,No,MC1001-Análisis de datos en ciberseguridad.txt;MC1006-Políticas y Gobernanza en Ciberseguridad.txt;MC1006-Políticas y Gobernanza en Ciberseguridad.txt;MC1003-Seguridad y Criptografía.txt;MC3010-Cibercrimen.txt,0.46,Cibercrimen,MC3010,
llama3.1-8b-f16,binary,¿La investigación social aplicada tiene un peso del 40%?,"En el curso Cibercrimen de la Maestría en Ciberseguridad, ¿La investigación social aplicada tiene un peso del 40%?

Responde únicamente con 'Sí' o 'No'.",Sí,Sí,MC1006-Políticas y Gobernanza en Ciberseguridad.txt;MC1006-Políticas y Gobernanza en Ciberseguridad.txt;MC3010-Cibercrimen.txt;MC1001-Análisis de datos en ciberseguridad.txt;MC3010-Cibercrimen.txt,0.42,Cibercrimen,MC3010,
llama3.1-8b-f16,binary,¿Es un curso obligatorio?,"En el curso Sistemas Estratégicos Empresariales de la Maestría en Gerencia de Tecnologías de la Información, ¿Es un curso obligatorio?

Responde únicamente con 'Sí' o 'No'.",Sí,No,MC1103-Gerencia de tecnología de información.txt;MC1101-Sistemas Estratégicos Empresariales.txt;MC1101-Sistemas Estratégicos Empresariales.txt;MC2301-Planificación estratégica de tecnología de información.txt;MC2301-Planificación estratégica de tecnología de información.txt,0.38,Sistemas Estratégicos Empresariales,MC1101,
llama3.1-8b-f16,binary,¿Tiene requisitos o correquisitos previos?,"En el curso Sistemas Estratégicos Empresariales de la Maestría en Gerencia de Tecnologías de la Información, ¿Tiene requisitos o correquisitos previos?

Responde únicamente con 'Sí' o 'No'.",No,No,MC1101-Sistemas Estratégicos Empresariales.txt;MC2301-Planificación estratégica de tecnología de información.txt;MC1103-Gerencia de tecnología de información.txt;MC1103-Gerencia de tecnología de información.txt;MC2301-Planificación estratégica de tecnología de información.txt,0.37,Sistemas Estratégicos Empresariales,MC1101,
llama3.1-8b-f16,binary,¿Es la asistencia obligatoria?,"En el curso Sistemas Estratégicos Empresariales de la Maestría en Gerencia de Tecnologías de la Información, ¿Es la asistencia obligatoria?

Responde únicamente con 'Sí' o 'No'.",Sí,No,MC1101-Sistemas Estratégicos Empresariales.txt;MC1103-Gerencia de tecnología de información.txt;MC1006-Políticas y Gobernanza en Ciberseguridad.txt;MC1201-Administración financiera de tecnología de información.txt;MC1103-Gerencia de tecnología de información.txt,0.42,Sistemas Estratégicos Empresariales,MC1101,
llama3.1-8b-f16,binary,¿Existe la posibilidad de suficiencia?,"En el curso Sistemas Estratégicos Empresariales de la Maestría en Gerencia de Tecnologías de la Información, ¿Existe la posibilidad de suficiencia?

Responde únicamente con 'Sí' o 'No'.",No,No,MC1101-Sistemas Estratégicos Empresariales.txt;MC1103-Gerencia de tecnología de información.txt;MC2301-Planificación estratégica de tecnología de información.txt;MC1103-Gerencia de tecnología de información.txt;MC1006-Políticas y Gobernanza en Ciberseguridad.txt,0.39,Sistemas Estratégicos Empresariales,MC1101,
llama3.1-8b-f16,binary,¿Es posible el reconocimiento del curso?,"En el curso Sistemas Estratégicos Empresariales de la Maestría en Gerencia de Tecnologías de la Información, ¿Es posible el reconocimiento del curso?

Responde únicamente con 'Sí' o 'No'.",No,No,MC1101-Sistemas Estratégicos Empresariales.txt;MC2301-Planificación estratégica de tecnología de información.txt;MC1103-Gerencia de tecnología de información.txt;MC1103-Gerencia de tecnología de información.txt;MC1101-Sistemas Estratégicos Empresariales.txt,0.38,Sistemas Estratégicos Empresariales,MC1101,
llama3.1-8b-f16,binary,¿La investigación en sistema empresarial vale un 40%?,"En el curso Sistemas Estratégicos Empresariales de la Maestría en Gerencia de Tecnologías de la Información, ¿La investigación en sistema empresarial vale un 40%?

Responde únicamente con 'Sí' o 'No'.",Sí,Sí,MC1101-Sistemas Estratégicos Empresariales.txt;MC2301-Planificación estratégica de tecnología de información.txt;MC1101-Sistemas Estratégicos Empresariales.txt;MC2301-Planificación estratégica de tecnología de información.txt;MC1103-Gerencia de tecnología de información.txt,0.37,Sistemas Estratégicos Empresariales,MC1101,
llama3.1-8b-f16,binary,¿Es la asistencia obligatoria?,"En el curso Gerencia de Tecnología de Información de la Maestría en Gerencia de Tecnologías de la Información, ¿Es la asistencia obligatoria?

Responde únicamente con 'Sí' o 'No'.",Sí,Sí,MC1103-Gerencia de tecnología de información.txt;MC1201-Administración financiera de tecnología de información.txt;MC1103-Gerencia de tecnología de información.txt;MC1006-Políticas y Gobernanza en Ciberseguridad.txt;MC2301-Planificación estratégica de tecnología de información.txt,0.41,Gerencia de Tecnología de Información,MC1103,
llama3.1-8b-f16,binary,¿Tiene el curso requisitos previos?,"En el curso Gerencia de Tecnología de Información de la Maestría en Gerencia de Tecnologías de la Información, ¿Tiene el curso requisitos previos?

Responde únicamente con 'Sí' o 'No'.",No,No,MC1103-Gerencia de tecnología de información.txt;MC2301-Planificación estratégica de tecnología de información.txt;MC2301-Planificación estratégica de tecnología de información.txt;MC1101-Sistemas Estratégicos Empresariales.txt;MC1203-Administración y estrategia de proyectos I.txt,0.38,Gerencia de Tecnología de Información,MC1103,
llama3.1-8b-f16,binary,¿Se permite la suficiencia?,"En el curso Gerencia de Tecnología de Información de la Maestría en Gerencia de Tecnologías de la Información, ¿Se permite la suficiencia?

Responde únicamente con 'Sí' o 'No'.",No,No,MC1103-Gerencia de tecnología de información.txt;MC2301-Planificación estratégica de tecnología de información.txt;MC1103-Gerencia de tecnología de información.txt;MC1006-Políticas y Gobernanza en Ciberseguridad.txt;MC1101-Sistemas Estratégicos Empresariales.txt,0.38,Gerencia de Tecnología de Información,MC1103,
llama3.1-8b-f16,binary,¿Es posible el reconocimiento del curso?,"En el curso Gerencia de Tecnología de Información de la Maestría en Gerencia de Tecnologías de la Información, ¿Es posible el reconocimiento del curso?

Responde únicamente con 'Sí' o 'No'.",No,No,MC1103-Gerencia de tecnología de información.txt;MC7201-Introducción a la Investigación.txt;MC1103-Gerencia de tecnología de información.txt;MC2301-Planificación estratégica de tecnología de información.txt;MC1101-Sistemas Estratégicos Empresariales.txt,0.38,Gerencia de Tecnología de Información,MC1103,
llama3.1-8b-f16,binary,¿El estudio de casos vale un 40% de la nota?,"En el curso Gerencia de Tecnología de Información de la Maestría en Gerencia de Tecnologías de la Información, ¿El estudio de casos vale un 40% de la nota?

Responde únicamente con 'Sí' o 'No'.",Sí,Sí,MC1103-Gerencia de tecnología de información.txt;MC1101-Sistemas Estratégicos Empresariales.txt;MC2301-Planificación estratégica de tecnología de información.txt;MC6104-Diseño de Experimentos.txt;MC6004-Sistemas Operativos Avanzados.txt,0.28,Gerencia de Tecnología de Información,MC1103,
llama3.1-8b-f16,binary,¿Requiere el curso la elaboración de una investigación bibliográfica?,"En el curso Gerencia de Tecnología de Información de la Maestría en Gerencia de Tecnologías de la Información, ¿Requiere el curso la elaboración de una investigación bibliográfica?

Responde únicamente con 'Sí' o 'No'.",Sí,Sí,MC1103-Gerencia de tecnología de información.txt;MC2301-Planificación estratégica de tecnología de información.txt;MC1101-Sistemas Estratégicos Empresariales.txt;MC6004-Sistemas Operativos Avanzados.txt;MC7201-Introducción a la Investigación.txt,0.37,Gerencia de Tecnología de Información,MC1103,
llama3.1-8b-f16,binary,¿Es este un curso obligatorio?,"En el curso Administración Financiera de TI de la Maestría en Gerencia de Tecnologías de la Información, ¿Es este un curso obligatorio?

Responde únicamente con 'Sí' o 'No'.",Sí,Sí,MC1201-Administración financiera de tecnología de información.txt;MC1201-Administración financiera de tecnología de información.txt;MC1101-Sistemas Estratégicos Empresariales.txt;MC1103-Gerencia de tecnología de información.txt;MC1006-Políticas y Gobernanza en Ciberseguridad.txt,0.46,Administración Financiera de TI,MC1201,
llama3.1-8b-f16,binary,¿Se permite el reconocimiento del curso?,"En el curso Administración Financiera de TI de la Maestría en Gerencia de Tecnologías de la Información, ¿Se permite el reconocimiento del curso?

Responde únicamente con 'Sí' o 'No'.",Sí,Sí.,MC1201-Administración financiera de tecnología de información.txt;MC1101-Sistemas Estratégicos Empresariales.txt;MC1103-Gerencia de tecnología de información.txt;MC2301-Planificación estratégica de tecnología de información.txt;MC1203-Administración y estrategia de proyectos I.txt,0.44,Administración Financiera de TI,MC1201,
llama3.1-8b-f16,binary,¿Existe la posibilidad de suficiencia?,"En el curso Administración Financiera de TI de la Maestría en Gerencia de Tecnologías de la Información, ¿Existe la posibilidad de suficiencia?

Responde únicamente con 'Sí' o 'No'.",No,No,MC1201-Administración financiera de tecnología de información.txt;MC1101-Sistemas Estratégicos Empresariales.txt;MC1103-Gerencia de tecnología de información.txt;MC1201-Administración financiera de tecnología de información.txt;MC1103-Gerencia de tecnología de información.txt,0.42,Administración Financiera de TI,MC1201,
llama3.1-8b-f16,binary,¿Es la asistencia obligatoria?,"En el curso Administración Financiera de TI de la Maestría en Gerencia de Tecnologías de la Información, ¿Es la asistencia obligatoria?

Responde únicamente con 'Sí' o 'No'.",Sí,Sí,MC1201-Administración financiera de tecnología de información.txt;MC1201-Administración financiera de tecnología de información.txt;MC1006-Políticas y Gobernanza en Ciberseguridad.txt;MC1103-Gerencia de tecnología de información.txt;MC1103-Gerencia de tecnología de información.txt,0.45,Administración Financiera de TI,MC1201,
llama3.1-8b-f16,binary,¿Se ubica en el segundo semestre del programa?,"En el curso Administración Financiera de TI de la Maestría en Gerencia de Tecnologías de la Información, ¿Se ubica en el segundo semestre del programa?

Responde únicamente con 'Sí' o 'No'.",Sí,Sí,MC1201-Administración financiera de tecnología de información.txt;MC1101-Sistemas Estratégicos Empresariales.txt;MC1201-Administración financiera de tecnología de información.txt;MC1203-Administración y estrategia de proyectos I.txt;MC2301-Planificación estratégica de tecnología de información.txt,0.45,Administración Financiera de TI,MC1201,
llama3.1-8b-f16,binary,¿Los dos exámenes parciales valen un 50% en total?,"En el curso Administración Financiera de TI de la Maestría en Gerencia de Tecnologías de la Información, ¿Los dos exámenes parciales valen un 50% en total?

Responde únicamente con 'Sí' o 'No'.",Sí,No,MC1101-Sistemas Estratégicos Empresariales.txt;MC1003-Seguridad y Criptografía.txt;MC2301-Planificación estratégica de tecnología de información.txt;MC6004-Sistemas Operativos Avanzados.txt;MC6104-Diseño de Experimentos.txt,0.19,Administración Financiera de TI,MC1201,
llama3.1-8b-f16,binary,¿Es un curso obligatorio?,"En el curso Administración y Estrategia de Proyectos I de la Maestría en Gerencia de Tecnologías de la Información, ¿Es un curso obligatorio?

Responde únicamente con 'Sí' o 'No'.",No,Sí,MC1103-Gerencia de tecnología de información.txt;MC1203-Administración y estrategia de proyectos I.txt;MC1203-Administración y estrategia de proyectos I.txt;MC2301-Planificación estratégica de tecnología de información.txt;MC1101-Sistemas Estratégicos Empresariales.txt,0.4,Administración y Estrategia de Proyectos I,MC1203,
llama3.1-8b-f16,binary,¿Es la asistencia obligatoria?,"En el curso Administración y Estrategia de Proyectos I de la Maestría en Gerencia de Tecnologías de la Información, ¿Es la asistencia obligatoria?

Responde únicamente con 'Sí' o 'No'.",Sí,No,MC1103-Gerencia de tecnología de información.txt;MC1006-Políticas y Gobernanza en Ciberseguridad.txt;MC1203-Administración y estrategia de proyectos I.txt;MC1201-Administración financiera de tecnología de información.txt;MC1006-Políticas y Gobernanza en Ciberseguridad.txt,0.43,Administración y Estrategia de Proyectos I,MC1203,
llama3.1-8b-f16,binary,¿Es requisito para el curso de Administración y Estrategia de Proyectos II?,"En el curso Administración y Estrategia de Proyectos I de la Maestría en Gerencia de Tecnologías de la Información, ¿Es requisito para el curso de Administración y Estrategia de Proyectos II?

Responde únicamente con 'Sí' o 'No'.",Sí,No,MC1203-Administración y estrategia de proyectos I.txt;MC1103-Gerencia de tecnología de información.txt;MC2301-Planificación estratégica de tecnología de información.txt;MC1203-Administración y estrategia de proyectos I.txt;MC1103-Gerencia de tecnología de información.txt,0.35,Administración y Estrategia de Proyectos I,MC1203,
llama3.1-8b-f16,binary,¿Permite el curso la suficiencia?,"En el curso Administración y Estrategia de Proyectos I de la Maestría en Gerencia de Tecnologías de la Información, ¿Permite el curso la suficiencia?

Responde únicamente con 'Sí' o 'No'.",No,No,MC1103-Gerencia de tecnología de información.txt;MC2301-Planificación estratégica de tecnología de información.txt;MC1203-Administración y estrategia de proyectos I.txt;MC1203-Administración y estrategia de proyectos I.txt;MC1101-Sistemas Estratégicos Empresariales.txt,0.37,Administración y Estrategia de Proyectos I,MC1203,
llama3.1-8b-f16,binary,¿Existe la posibilidad de reconocimiento?,"En el curso Administración y Estrategia de Proyectos I de la Maestría en Gerencia de Tecnologías de la Información, ¿Existe la posibilidad de reconocimiento?

Responde únicamente con 'Sí' o 'No'.",Sí,No,MC1103-Gerencia de tecnología de información.txt;MC2301-Planificación estratégica de tecnología de información.txt;MC1006-Políticas y Gobernanza en Ciberseguridad.txt;MC1006-Políticas y Gobernanza en Ciberseguridad.txt;MC1203-Administración y estrategia de proyectos I.txt,0.33,Administración y Estrategia de Proyectos I,MC1203,
llama3.1-8b-f16,binary,¿La resolución de casos prácticos vale un 25%?,"En el curso Administración y Estrategia de Proyectos I de la Maestría en Gerencia de Tecnologías de la Información, ¿La resolución de casos prácticos vale un 25%?

Responde únicamente con 'Sí' o 'No'.",Sí,Sí.,MC1103-Gerencia de tecnología de información.txt;MC2301-Planificación estratégica de tecnología de información.txt;MC1103-Gerencia de tecnología de información.txt;MC1101-Sistemas Estratégicos Empresariales.txt;MC1203-Administración y estrategia de proyectos I.txt,0.33,Administración y Estrategia de Proyectos I,MC1203,
llama3.1-8b-f16,binary,¿Es un curso obligatorio?,"En el curso Planificación Estratégica de TI de la Maestría en Gerencia de Tecnologías de la Información, ¿Es un curso obligatorio?

Responde únicamente con 'Sí' o 'No'.",Sí,No,MC1103-Gerencia de tecnología de información.txt;MC2301-Planificación estratégica de tecnología de información.txt;MC2301-Planificación estratégica de tecnología de información.txt;MC1101-Sistemas Estratégicos Empresariales.txt;MC1203-Administración y estrategia de proyectos I.txt,0.37,Planificación Estratégica de TI,MC2301,
llama3.1-8b-f16,binary,¿Es la asistencia obligatoria?,"En el curso Planificación Estratégica de TI de la Maestría en Gerencia de Tecnologías de la Información, ¿Es la asistencia obligatoria?

Responde únicamente con 'Sí' o 'No'.",Sí,No,MC1103-Gerencia de tecnología de información.txt;MC2301-Planificación estratégica de tecnología de información.txt;MC1201-Administración financiera de tecnología de información.txt;MC2301-Planificación estratégica de tecnología de información.txt;MC1006-Políticas y Gobernanza en Ciberseguridad.txt,0.39,Planificación Estratégica de TI,MC2301,
llama3.1-8b-f16,binary,¿Se reprueba el curso con 4 faltas de asistencia injustificadas?,"En el curso Planificación Estratégica de TI de la Maestría en Gerencia de Tecnologías de la Información, ¿Se reprueba el curso con 4 faltas de asistencia injustificadas?

Responde únicamente con 'Sí' o 'No'.",Sí,No,MC1103-Gerencia de tecnología de información.txt;MC2301-Planificación estratégica de tecnología de información.txt;MC1203-Administración y estrategia de proyectos I.txt;MC6004-Sistemas Operativos Avanzados.txt;MC1101-Sistemas Estratégicos Empresariales.txt,0.33,Planificación Estratégica de TI,MC2301,
llama3.1-8b-f16,binary,¿Existe la posibilidad de suficiencia?,"En el curso Planificación Estratégica de TI de la Maestría en Gerencia de Tecnologías de la Información, ¿Existe la posibilidad de suficiencia?

Responde únicamente con 'Sí' o 'No'.",No,No,MC1103-Gerencia de tecnología de información.txt;MC2301-Planificación estratégica de tecnología de información.txt;MC1101-Sistemas Estratégicos Empresariales.txt;MC2301-Planificación estratégica de tecnología de información.txt;MC1006-Políticas y Gobernanza en Ciberseguridad.txt,0.38,Planificación Estratégica de TI,MC2301,
llama3.1-8b-f16,binary,¿Se permite el reconocimiento del curso?,"En el curso Planificación Estratégica de TI de la Maestría en Gerencia de Tecnologías de la Información, ¿Se permite el reconocimiento del curso?

Responde únicamente con 'Sí' o 'No'.",No,Sí.,MC1103-Gerencia de tecnología de información.txt;MC2301-Planificación estratégica de tecnología de información.txt;MC2301-Planificación estratégica de tecnología de información.txt;MC1203-Administración y estrategia de proyectos I.txt;MC1101-Sistemas Estratégicos Empresariales.txt,0.43,Planificación Estratégica de TI,MC2301,
llama3.1-8b-f16,binary,¿La resolución de casos vale un 40% de la nota?,"En el curso Planificación Estratégica de TI de la Maestría en Gerencia de Tecnologías de la Información, ¿La resolución de casos vale un 40% de la nota?

Responde únicamente con 'Sí' o 'No'.",Sí,Sí,MC2301-Planificación estratégica de tecnología de información.txt;MC1103-Gerencia de tecnología de información.txt;MC1103-Gerencia de tecnología de información.txt;MC1101-Sistemas Estratégicos Empresariales.txt;MC2301-Planificación estratégica de tecnología de información.txt,0.37,Planificación Estratégica de TI,MC2301,
llama3.1-8b-f16,binary,¿Es un curso electivo?,"En el curso Teoría de Autómatas de la Maestría en Computación, ¿Es un curso electivo?

Responde únicamente con 'Sí' o 'No'.",No,No,MC6003-Teoría de Autómatas.txt;MC6102-Análisis de Algoritmos.txt;MC6104-Diseño de Experimentos.txt;MC6004-Sistemas Operativos Avanzados.txt;MC7201-Introducción a la Investigación.txt,0.47,Teoría de Autómatas,MC6003,
llama3.1-8b-f16,binary,¿Es la asistencia obligatoria?,"En el curso Teoría de Autómatas de la Maestría en Computación, ¿Es la asistencia obligatoria?

Responde únicamente con 'Sí' o 'No'.",Sí,Sí,MC6003-Teoría de Autómatas.txt;MC6102-Análisis de Algoritmos.txt;MC6104-Diseño de Experimentos.txt;MC6104-Diseño de Experimentos.txt;MC1103-Gerencia de tecnología de información.txt,0.49,Teoría de Autómatas,MC6003,
llama3.1-8b-f16,binary,¿Se permite la suficiencia?,"En el curso Teoría de Autómatas de la Maestría en Computación, ¿Se permite la suficiencia?

Responde únicamente con 'Sí' o 'No'.",Sí,Sí.,MC6003-Teoría de Autómatas.txt;MC6102-Análisis de Algoritmos.txt;MC7201-Introducción a la Investigación.txt;MC6104-Diseño de Experimentos.txt;MC6004-Sistemas Operativos Avanzados.txt,0.52,Teoría de Autómatas,MC6003,
llama3.1-8b-f16,binary,¿Es posible el reconocimiento del curso?,"En el curso Teoría de Autómatas de la Maestría en Computación, ¿Es posible el reconocimiento del curso?

Responde únicamente con 'Sí' o 'No'.",Sí,Sí.,MC6003-Teoría de Autómatas.txt;MC6102-Análisis de Algoritmos.txt;MC7201-Introducción a la Investigación.txt;MC6104-Diseño de Experimentos.txt;MC7201-Introducción a la Investigación.txt,0.52,Teoría de Autómatas,MC6003,
llama3.1-8b-f16,binary,¿Tiene requisitos previos?,"En el curso Teoría de Autómatas de la Maestría en Computación, ¿Tiene requisitos previos?

Responde únicamente con 'Sí' o 'No'.",No,No,MC6003-Teoría de Autómatas.txt;MC6104-Diseño de Experimentos.txt;MC6102-Análisis de Algoritmos.txt;MC7201-Introducción a la Investigación.txt;MC6004-Sistemas Operativos Avanzados.txt,0.47,Teoría de Autómatas,MC6003,
llama3.1-8b-f16,binary,¿El examen final vale el 30%?,"En el curso Teoría de Autómatas de la Maestría en Computación, ¿El examen final vale el 30%?

Responde únicamente con 'Sí' o 'No'.",Sí,No,MC6004-Sistemas Operativos Avanzados.txt;MC1003-Seguridad y Criptografía.txt;MC6003-Teoría de Autómatas.txt;MC2301-Planificación estratégica de tecnología de información.txt;MC6104-Diseño de Experimentos.txt,0.3,Teoría de Autómatas,MC6003,
llama3.1-8b-f16,binary,¿Es un curso electivo?,"En el curso Sistemas Operativos Avanzados de la Maestría en Computación, ¿Es un curso electivo?

Responde únicamente con 'Sí' o 'No'.",No,No,MC6004-Sistemas Operativos Avanzados.txt;MC6102-Análisis de Algoritmos.txt;MC6003-Teoría de Autómatas.txt;MC6104-Diseño de Experimentos.txt;MC7201-Introducción a la Investigación.txt,0.47,Sistemas Operativos Avanzados,MC6004,
llama3.1-8b-f16,binary,¿Es la asistencia obligatoria?,"En el curso Sistemas Operativos Avanzados de la Maestría en Computación, ¿Es la asistencia obligatoria?

Responde únicamente con 'Sí' o 'No'.",Sí,Sí,MC6004-Sistemas Operativos Avanzados.txt;MC1201-Administración financiera de tecnología de información.txt;MC6102-Análisis de Algoritmos.txt;MC1203-Administración y estrategia de proyectos I.txt;MC1006-Políticas y Gobernanza en Ciberseguridad.txt,0.45,Sistemas Operativos Avanzados,MC6004,
llama3.1-8b-f16,binary,"¿Es requisito para ""Redes de Computadores Avanzadas""?","En el curso Sistemas Operativos Avanzados de la Maestría en Computación, ¿Es requisito para ""Redes de Computadores Avanzadas""?

Responde únicamente con 'Sí' o 'No'.",Sí,Sí,MC6004-Sistemas Operativos Avanzados.txt;MC6102-Análisis de Algoritmos.txt;MC6104-Diseño de Experimentos.txt;MC7201-Introducción a la Investigación.txt;MC6003-Teoría de Autómatas.txt,0.5,Sistemas Operativos Avanzados,MC6004,
llama3.1-8b-f16,binary,¿Permite el curso la suficiencia?,"En el curso Sistemas Operativos Avanzados de la Maestría en Computación, ¿Permite el curso la suficiencia?

Responde únicamente con 'Sí' o 'No'.",Sí,Sí.,MC6102-Análisis de Algoritmos.txt;MC6004-Sistemas Operativos Avanzados.txt;MC6104-Diseño de Experimentos.txt;MC6003-Teoría de Autómatas.txt;MC1203-Administración y estrategia de proyectos I.txt,0.52,Sistemas Operativos Avanzados,MC6004,
llama3.1-8b-f16,binary,¿Se permite el reconocimiento?,"En el curso Sistemas Operativos Avanzados de la Maestría en Computación, ¿Se permite el reconocimiento?

Responde únicamente con 'Sí' o 'No'.",Sí,Sí,MC3001-Seguridad de Software Avanzado.txt;MC6102-Análisis de Algoritmos.txt;MC6004-Sistemas Operativos Avanzados.txt;MC1001-Análisis de datos en ciberseguridad.txt;MC6104-Diseño de Experimentos.txt,0.45,Sistemas Operativos Avanzados,MC6004,
llama3.1-8b-f16,binary,¿Los proyectos programados valen un 30%?,"En el curso Sistemas Operativos Avanzados de la Maestría en Computación, ¿Los proyectos programados valen un 30%?

Responde únicamente con 'Sí' o 'No'.",Sí,No tengo suficiente información.,MC1203-Administración y estrategia de proyectos I.txt;MC1203-Administración y estrategia de proyectos I.txt;MC3001-Seguridad de Software Avanzado.txt;MC3010-Cibercrimen.txt;MC1101-Sistemas Estratégicos Empresariales.txt,0.55,Sistemas Operativos Avanzados,MC6004,
llama3.1-8b-f16,binary,¿Es un curso electivo?,"En el curso Análisis de Algoritmos de la Maestría en Computación, ¿Es un curso electivo?

Responde únicamente con 'Sí' o 'No'.",No,No.,MC6102-Análisis de Algoritmos.txt;MC6102-Análisis de Algoritmos.txt;MC6003-Teoría de Autómatas.txt;MC6104-Diseño de Experimentos.txt;MC6004-Sistemas Operativos Avanzados.txt,0.53,Análisis de Algoritmos,MC6102,
llama3.1-8b-f16,binary,¿Es la asistencia obligatoria?,"En el curso Análisis de Algoritmos de la Maestría en Computación, ¿Es la asistencia obligatoria?

Responde únicamente con 'Sí' o 'No'.",Sí,Sí,MC6102-Análisis de Algoritmos.txt;MC6003-Teoría de Autómatas.txt;MC6102-Análisis de Algoritmos.txt;MC6104-Diseño de Experimentos.txt;MC1203-Administración y estrategia de proyectos I.txt,0.52,Análisis de Algoritmos,MC6102,
llama3.1-8b-f16,binary,¿Existe la posibilidad de suficiencia?,"En el curso Análisis de Algoritmos de la Maestría en Computación, ¿Existe la posibilidad de suficiencia?

Responde únicamente con 'Sí' o 'No'.",Sí,Sí.,MC6102-Análisis de Algoritmos.txt;MC6102-Análisis de Algoritmos.txt;MC6104-Diseño de Experimentos.txt;MC7201-Introducción a la Investigación.txt;MC6003-Teoría de Autómatas.txt,0.55,Análisis de Algoritmos,MC6102,
llama3.1-8b-f16,binary,¿Se permite el reconocimiento del curso?,"En el curso Análisis de Algoritmos de la Maestría en Computación, ¿Se permite el reconocimiento del curso?

Responde únicamente con 'Sí' o 'No'.",Sí,Sí.,MC6102-Análisis de Algoritmos.txt;MC6102-Análisis de Algoritmos.txt;MC6104-Diseño de Experimentos.txt;MC6003-Teoría de Autómatas.txt;MC6004-Sistemas Operativos Avanzados.txt,0.56,Análisis de Algoritmos,MC6102,
llama3.1-8b-f16,binary,¿Las tareas e investigaciones valen el 50% de la nota?,"En el curso Análisis de Algoritmos de la Maestría en Computación, ¿Las tareas e investigaciones valen el 50% de la nota?

Responde únicamente con 'Sí' o 'No'.",Sí,Sí,MC6102-Análisis de Algoritmos.txt;MC6102-Análisis de Algoritmos.txt;MC6004-Sistemas Operativos Avanzados.txt;MC6104-Diseño de Experimentos.txt;MC6003-Teoría de Autómatas.txt,0.45,Análisis de Algoritmos,MC6102,
llama3.1-8b-f16,binary,¿Se imparte el curso los martes por la noche?,"En el curso Análisis de Algoritmos de la Maestría en Computación, ¿Se imparte el curso los martes por la noche?

Responde únicamente con 'Sí' o 'No'.",Sí,No,MC6104-Diseño de Experimentos.txt;MC6003-Teoría de Autómatas.txt;MC1103-Gerencia de tecnología de información.txt;MC1203-Administración y estrategia de proyectos I.txt;MC6102-Análisis de Algoritmos.txt,0.46,Análisis de Algoritmos,MC6102,
llama3.1-8b-f16,binary,¿Es este un curso electivo?,"En el curso Diseño de Experimentos de la Maestría en Computación, ¿Es este un curso electivo?

Responde únicamente con 'Sí' o 'No'.",Sí,Sí,MC6104-Diseño de Experimentos.txt;MC6102-Análisis de Algoritmos.txt;MC7201-Introducción a la Investigación.txt;MC7201-Introducción a la Investigación.txt;MC6104-Diseño de Experimentos.txt,0.49,Diseño de Experimentos,MC6104,
llama3.1-8b-f16,binary,¿Es la asistencia obligatoria?,"En el curso Diseño de Experimentos de la Maestría en Computación, ¿Es la asistencia obligatoria?

Responde únicamente con 'Sí' o 'No'.",Sí,Sí,MC6104-Diseño de Experimentos.txt;MC6104-Diseño de Experimentos.txt;MC1103-Gerencia de tecnología de información.txt;MC1003-Seguridad y Criptografía.txt;MC6102-Análisis de Algoritmos.txt,0.41,Diseño de Experimentos,MC6104,
llama3.1-8b-f16,binary,¿Se permite la suficiencia?,"En el curso Diseño de Experimentos de la Maestría en Computación, ¿Se permite la suficiencia?

Responde únicamente con 'Sí' o 'No'.",No,No,MC6102-Análisis de Algoritmos.txt;MC6104-Diseño de Experimentos.txt;MC7201-Introducción a la Investigación.txt;MC1003-Seguridad y Criptografía.txt;MC6104-Diseño de Experimentos.txt,0.38,Diseño de Experimentos,MC6104,
llama3.1-8b-f16,binary,¿Es posible el reconocimiento del curso?,"En el curso Diseño de Experimentos de la Maestría en Computación, ¿Es posible el reconocimiento del curso?

Responde únicamente con 'Sí' o 'No'.",No,Sí.,MC6102-Análisis de Algoritmos.txt;MC6104-Diseño de Experimentos.txt;MC7201-Introducción a la Investigación.txt;MC6104-Diseño de Experimentos.txt;MC7201-Introducción a la Investigación.txt,0.51,Diseño de Experimentos,MC6104,
llama3.1-8b-f16,binary,¿Requiere conocimientos previos de Probabilidades?,"En el curso Diseño de Experimentos de la Maestría en Computación, ¿Requiere conocimientos previos de Probabilidades?

Responde únicamente con 'Sí' o 'No'.",Sí,Sí,MC7201-Introducción a la Investigación.txt;MC6104-Diseño de Experimentos.txt;MC2301-Planificación estratégica de tecnología de información.txt;MC6104-Diseño de Experimentos.txt;MC6102-Análisis de Algoritmos.txt,0.42,Diseño de Experimentos,MC6104,
llama3.1-8b-f16,binary,¿La presentación oral tiene un valor del 5%?,"En el curso Diseño de Experimentos de la Maestría en Computación, ¿La presentación oral tiene un valor del 5%?

Responde únicamente con 'Sí' o 'No'.",Sí,No,MC6004-Sistemas Operativos Avanzados.txt;MC7201-Introducción a la Investigación.txt;MC6004-Sistemas Operativos Avanzados.txt;MC1003-Seguridad y Criptografía.txt;MC6102-Análisis de Algoritmos.txt,0.28,Diseño de Experimentos,MC6104,
llama3.1-8b-f16,binary,¿Es un curso electivo?,"En el curso Introducción a la Investigación de la Maestría en Computación, ¿Es un curso electivo?

Responde únicamente con 'Sí' o 'No'.",No,No,MC7201-Introducción a la Investigación.txt;MC6102-Análisis de Algoritmos.txt;MC6104-Diseño de Experimentos.txt;MC7201-Introducción a la Investigación.txt;MC6004-Sistemas Operativos Avanzados.txt,0.47,Introducción a la Investigación,MC7201,
llama3.1-8b-f16,binary,¿Es la asistencia obligatoria?,"En el curso Introducción a la Investigación de la Maestría en Computación, ¿Es la asistencia obligatoria?

Responde únicamente con 'Sí' o 'No'.",Sí,Sí,MC6104-Diseño de Experimentos.txt;MC7201-Introducción a la Investigación.txt;MC1103-Gerencia de tecnología de información.txt;MC6104-Diseño de Experimentos.txt;MC6004-Sistemas Operativos Avanzados.txt,0.49,Introducción a la Investigación,MC7201,
llama3.1-8b-f16,binary,¿Permite el curso la suficiencia?,"En el curso Introducción a la Investigación de la Maestría en Computación, ¿Permite el curso la suficiencia?

Responde únicamente con 'Sí' o 'No'.",Sí,Sí,MC6102-Análisis de Algoritmos.txt;MC7201-Introducción a la Investigación.txt;MC6104-Diseño de Experimentos.txt;MC7201-Introducción a la Investigación.txt;MC1103-Gerencia de tecnología de información.txt,0.49,Introducción a la Investigación,MC7201,
llama3.1-8b-f16,binary,¿Es posible el reconocimiento?,"En el curso Introducción a la Investigación de la Maestría en Computación, ¿Es posible el reconocimiento?

Responde únicamente con 'Sí' o 'No'.",Sí,Sí.,MC6102-Análisis de Algoritmos.txt;MC7201-Introducción a la Investigación.txt;MC6104-Diseño de Experimentos.txt;MC7201-Introducción a la Investigación.txt;MC6104-Diseño de Experimentos.txt,0.51,Introducción a la Investigación,MC7201,
llama3.1-8b-f16,binary,"¿Es ""Tema Selecto de Investigación"" un correquisito?","En el curso Introducción a la Investigación de la Maestría en Computación, ¿Es ""Tema Selecto de Investigación"" un correquisito?

Responde únicamente con 'Sí' o 'No'.",Sí,No,MC6104-Diseño de Experimentos.txt;MC2301-Planificación estratégica de tecnología de información.txt;MC1103-Gerencia de tecnología de información.txt;MC7201-Introducción a la Investigación.txt;MC7201-Introducción a la Investigación.txt,0.39,Introducción a la Investigación,MC7201,
llama3.1-8b-f16,binary,¿La presentación tiene un valor del 25%?,"En el curso Introducción a la Investigación de la Maestría en Computación, ¿La presentación tiene un valor del 25%?

Responde únicamente con 'Sí' o 'No'.",Sí,No,MC7201-Introducción a la Investigación.txt;MC6004-Sistemas Operativos Avanzados.txt;MC6004-Sistemas Operativos Avanzados.txt;MC2301-Planificación estratégica de tecnología de información.txt;MC1003-Seguridad y Criptografía.txt,0.28,Introducción a la Investigación,MC7201,
llama3.1-8b-f16,short_answer,¿Cuántos créditos tiene el curso?,"En el curso Análisis de Datos en Ciberseguridad de la Maestría en Ciberseguridad, ¿Cuántos créditos tiene el curso?

Da una respuesta breve y directa, en una sola frase.",4 créditos,El curso Análisis de Datos en Ciberseguridad tiene 4 créditos.,MC1001-Análisis de datos en ciberseguridad.txt;MC3010-Cibercrimen.txt;MC1006-Políticas y Gobernanza en Ciberseguridad.txt;MC1003-Seguridad y Criptografía.txt;MC3001-Seguridad de Software Avanzado.txt,0.9,Análisis de Datos en Ciberseguridad,MC1001,
llama3.1-8b-f16,short_answer,¿En qué trimestre del plan de estudios se ubica?,"En el curso Análisis de Datos en Ciberseguridad de la Maestría en Ciberseguridad, ¿En qué trimestre del plan de estudios se ubica?

Da una respuesta breve y directa, en una sola frase.",Tercer trimestre,El curso Análisis de Datos en Ciberseguridad de la Maestría en Ciberseguridad se ubica en el tercer trimestre del plan de estudios.,MC1006-Políticas y Gobernanza en Ciberseguridad.txt;MC1001-Análisis de datos en ciberseguridad.txt;MC3010-Cibercrimen.txt;MC2301-Planificación estratégica de tecnología de información.txt;MC1003-Seguridad y Criptografía.txt,1.29,Análisis de Datos en Ciberseguridad,MC1001,
llama3.1-8b-f16,short_answer,¿Qué porcentaje de la nota final representan los laboratorios?,"En el curso Análisis de Datos en Ciberseguridad de la Maestría en Ciberseguridad, ¿Qué porcentaje de la nota final representan los laboratorios?

Da una respuesta breve y directa, en una sola frase.",75%,No tengo suficiente información para responder a la pregunta.,MC3010-Cibercrimen.txt;MC1003-Seguridad y Criptografía.txt;MC1001-Análisis de datos en ciberseguridad.txt;MC1006-Políticas y Gobernanza en Ciberseguridad.txt;MC1006-Políticas y Gobernanza en Ciberseguridad.txt,0.72,Análisis de Datos en Ciberseguridad,MC1001,
llama3.1-8b-f16,short_answer,¿Permite el curso la modalidad de suficiencia?,"En el curso Análisis de Datos en Ciberseguridad de la Maestría en Ciberseguridad, ¿Permite el curso la modalidad de suficiencia?

Da una respuesta breve y directa, en una sola frase.",Sí,"Sí, el curso Análisis de Datos en Ciberseguridad permite la modalidad de suficiencia.",MC1006-Políticas y Gobernanza en Ciberseguridad.txt;MC1001-Análisis de datos en ciberseguridad.txt;MC3010-Cibercrimen.txt;MC1003-Seguridad y Criptografía.txt;MC3001-Seguridad de Software Avanzado.txt,1.05,Análisis de Datos en Ciberseguridad,MC1001,
llama3.1-8b-f16,short_answer,¿Cuál es la vigencia del programa?,"En el curso Análisis de Datos en Ciberseguridad de la Maestría en Ciberseguridad, ¿Cuál es la vigencia del programa?

Da una respuesta breve y directa, en una sola frase.",2023,La vigencia del programa del curso Análisis de Datos en Ciberseguridad es 2023.,MC1006-Políticas y Gobernanza en Ciberseguridad.txt;MC1006-Políticas y Gobernanza en Ciberseguridad.txt;MC1001-Análisis de datos en ciberseguridad.txt;MC3001-Seguridad de Software Avanzado.txt;MC1003-Seguridad y Criptografía.txt,1.0,Análisis de Datos en Ciberseguridad,MC1001,
llama3.1-8b-f16,short_answer,¿Qué porcentaje de la evaluación corresponde a la resolución de casos de estudio?,"En el curso Análisis de Datos en Ciberseguridad de la Maestría en Ciberseguridad, ¿Qué porcentaje de la evaluación corresponde a la resolución de casos de estudio?

Da una respuesta breve y directa, en una sola frase.",20%,No tengo suficiente información para responder a la pregunta.,MC2301-Planificación estratégica de tecnología de información.txt;MC1103-Gerencia de tecnología de información.txt;MC1003-Seguridad y Criptografía.txt;MC1001-Análisis de datos en ciberseguridad.txt;MC1101-Sistemas Estratégicos Empresariales.txt,0.54,Análisis de Datos en Ciberseguridad,MC1001,
llama3.1-8b-f16,short_answer,¿En qué trimestre se imparte esta materia?,"En el curso Seguridad y Criptografía de la Maestría en Ciberseguridad, ¿En qué trimestre se imparte esta materia?

Da una respuesta breve y directa, en una sola frase.",Cuarto trimestre,El curso Seguridad y Criptografía de la Maestría en Ciberseguridad se imparte en el cuarto trimestre.,MC1006-Políticas y Gobernanza en Ciberseguridad.txt;MC1006-Políticas y Gobernanza en Ciberseguridad.txt;MC1003-Seguridad y Criptografía.txt;MC1001-Análisis de datos en ciberseguridad.txt;MC3001-Seguridad de Software Avanzado.txt,1.18,Seguridad y Criptografía,MC1003,
llama3.1-8b-f16,short_answer,¿De qué curso de Blockchain es requisito esta materia?,"En el curso Seguridad y Criptografía de la Maestría en Ciberseguridad, ¿De qué curso de Blockchain es requisito esta materia?

Da una respuesta breve y directa, en una sola frase.",MC4001 Blockchain y Ledger Distribuidos,No tengo suficiente información para responder a la pregunta.,MC1006-Políticas y Gobernanza en Ciberseguridad.txt;MC1006-Políticas y Gobernanza en Ciberseguridad.txt;MC3001-Seguridad de Software Avanzado.txt;MC1003-Seguridad y Criptografía.txt;MC1001-Análisis de datos en ciberseguridad.txt,0.72,Seguridad y Criptografía,MC1003,
llama3.1-8b-f16,short_answer,¿Qué porcentaje de la nota corresponde al examen final?,"En el curso Seguridad y Criptografía de la Maestría en Ciberseguridad, ¿Qué porcentaje de la nota corresponde al examen final?

Da una respuesta breve y directa, en una sola frase.",30%,El examen final corresponde al 30% de la nota.,MC1003-Seguridad y Criptografía.txt;MC3001-Seguridad de Software Avanzado.txt;MC1006-Políticas y Gobernanza en Ciberseguridad.txt;MC1001-Análisis de datos en ciberseguridad.txt;MC3010-Cibercrimen.txt,0.79,Seguridad y Criptografía,MC1003,
llama3.1-8b-f16,short_answer,¿Cuántas horas de clase por semana tiene el curso?,"En el curso Seguridad y Criptografía de la Maestría en Ciberseguridad, ¿Cuántas horas de clase por semana tiene el curso?

Da una respuesta breve y directa, en una sola frase.",4 horas,El curso Seguridad y Criptografía tiene 4 horas de clase por semana.,MC3010-Cibercrimen.txt;MC1001-Análisis de datos en ciberseguridad.txt;MC1006-Políticas y Gobernanza en Ciberseguridad.txt;MC1003-Seguridad y Criptografía.txt;MC3001-Seguridad de Software Avanzado.txt,0.9,Seguridad y Criptografía,MC1003,
llama3.1-8b-f16,short_answer,"¿Quiénes son los autores del ""Handbook of applied cryptography"" incluido en la bibliografía?","En el curso Seguridad y Criptografía de la Maestría en Ciberseguridad, ¿Quiénes son los autores del ""Handbook of applied cryptography"" incluido en la bibliografía?

Da una respuesta breve y directa, en una sola frase.","Menezes, Van Oorschot y Vanstone",No tengo suficiente información para responder a la pregunta.,MC1001-Análisis de datos en ciberseguridad.txt;MC1006-Políticas y Gobernanza en Ciberseguridad.txt;MC1006-Políticas y Gobernanza en Ciberseguridad.txt;MC6104-Diseño de Experimentos.txt;MC1003-Seguridad y Criptografía.txt,0.72,Seguridad y Criptografía,MC1003,
llama3.1-8b-f16,short_answer,¿Qué porcentaje de la calificación representan las tareas?,"En el curso Seguridad y Criptografía de la Maestría en Ciberseguridad, ¿Qué porcentaje de la calificación representan las tareas?

Da una respuesta breve y directa, en una sola frase.",50%,Las tareas representan el 50% de la calificación en el curso Seguridad y Criptografía de la Maestría en Ciberseguridad.,MC1003-Seguridad y Criptografía.txt;MC3010-Cibercrimen.txt;MC3001-Seguridad de Software Avanzado.txt;MC1001-Análisis de datos en ciberseguridad.txt;MC1006-Políticas y Gobernanza en Ciberseguridad.txt,1.31,Seguridad y Criptografía,MC1003,
llama3.1-8b-f16,short_answer,¿Permite este curso la posibilidad de reconocimiento?,"En el curso Políticas y Gobernanza en Ciberseguridad de la Maestría en Ciberseguridad, ¿Permite este curso la posibilidad de reconocimiento?

Da una respuesta breve y directa, en una sola frase.",No,"Sí, el curso Políticas y Gobernanza en Ciberseguridad de la Maestría en Ciberseguridad permite la posibilidad de reconocimiento.",MC1006-Políticas y Gobernanza en Ciberseguridad.txt;MC1006-Políticas y Gobernanza en Ciberseguridad.txt;MC3010-Cibercrimen.txt;MC1003-Seguridad y Criptografía.txt;MC3001-Seguridad de Software Avanzado.txt,1.36,Políticas y Gobernanza en Ciberseguridad,MC1006,
llama3.1-8b-f16,short_answer,¿Qué porcentaje de la nota final representa el estudio de casos?,"En el curso Políticas y Gobernanza en Ciberseguridad de la Maestría en Ciberseguridad, ¿Qué porcentaje de la nota final representa el estudio de casos?

Da una respuesta breve y directa, en una sola frase.",40%,"En el curso Políticas y Gobernanza en Ciberseguridad de la Maestría en Ciberseguridad, el estudio de casos representa el 40% de la nota final.",MC1006-Políticas y Gobernanza en Ciberseguridad.txt;MC1006-Políticas y Gobernanza en Ciberseguridad.txt;MC2301-Planificación estratégica de tecnología de información.txt;MC1103-Gerencia de tecnología de información.txt;MC1101-Sistemas Estratégicos Empresariales.txt,1.36,Políticas y Gobernanza en Ciberseguridad,MC1006,
llama3.1-8b-f16,short_answer,¿En qué trimestre se ubica el curso?,"En el curso Políticas y Gobernanza en Ciberseguridad de la Maestría en Ciberseguridad, ¿En qué trimestre se ubica el curso?

Da una respuesta breve y directa, en una sola frase.",Primer trimestre,El curso Políticas y Gobernanza en Ciberseguridad se ubica en el primer trimestre.,MC1006-Políticas y Gobernanza en Ciberseguridad.txt;MC1006-Políticas y Gobernanza en Ciberseguridad.txt;MC3010-Cibercrimen.txt;MC1001-Análisis de datos en ciberseguridad.txt;MC1003-Seguridad y Criptografía.txt,1.06,Políticas y Gobernanza en Ciberseguridad,MC1006,
llama3.1-8b-f16,short_answer,¿Qué porcentaje de la nota corresponde a la investigación bibliográfica?,"En el curso Políticas y Gobernanza en Ciberseguridad de la Maestría en Ciberseguridad, ¿Qué porcentaje de la nota corresponde a la investigación bibliográfica?

Da una respuesta breve y directa, en una sola frase.",20%,"En el curso Políticas y Gobernanza en Ciberseguridad de la Maestría en Ciberseguridad, el 20% de la nota corresponde a la investigación bibliográfica.",MC1006-Políticas y Gobernanza en Ciberseguridad.txt;MC1101-Sistemas Estratégicos Empresariales.txt;MC1006-Políticas y Gobernanza en Ciberseguridad.txt;MC6104-Diseño de Experimentos.txt;MC2301-Planificación estratégica de tecnología de información.txt,1.34,Políticas y Gobernanza en Ciberseguridad,MC1006,
llama3.1-8b-f16,short_answer,¿Cuál es la vigencia de este programa?,"En el curso Políticas y Gobernanza en Ciberseguridad de la Maestría en Ciberseguridad, ¿Cuál es la vigencia de este programa?

Da una respuesta breve y directa, en una sola frase.",2023,No tengo suficiente información para responder a la pregunta.,MC1006-Políticas y Gobernanza en Ciberseguridad.txt;MC1006-Políticas y Gobernanza en Ciberseguridad.txt;MC3001-Seguridad de Software Avanzado.txt;MC3010-Cibercrimen.txt;MC1003-Seguridad y Criptografía.txt,0.73,Políticas y Gobernanza en Ciberseguridad,MC1006,
llama3.1-8b-f16,short_answer,¿Cuántas horas extraclase por semana se requieren?,"En el curso Políticas y Gobernanza en Ciberseguridad de la Maestría en Ciberseguridad, ¿Cuántas horas extraclase por semana se requieren?

Da una respuesta breve y directa, en una sola frase.",14 horas,"En el curso Políticas y Gobernanza en Ciberseguridad de la Maestría en Ciberseguridad, se requieren 14 horas extraclase por semana.",MC1006-Políticas y Gobernanza en Ciberseguridad.txt;MC1001-Análisis de datos en ciberseguridad.txt;MC3010-Cibercrimen.txt;MC3001-Seguridad de Software Avanzado.txt;MC1003-Seguridad y Criptografía.txt,1.44,Políticas y Gobernanza en Ciberseguridad,MC1006,
llama3.1-8b-f16,short_answer,¿En qué área del plan de estudios se ubica este curso?,"En el curso Seguridad de Software Avanzado de la Maestría en Ciberseguridad, ¿En qué área del plan de estudios se ubica este curso?

Da una respuesta breve y directa, en una sola frase.",Área de tópicos electivos profesionalizantes,El curso Seguridad de Software Avanzado de la Maestría en Ciberseguridad se ubica en el área de tópicos electivos profesionalizantes.,MC1006-Políticas y Gobernanza en Ciberseguridad.txt;MC1006-Políticas y Gobernanza en Ciberseguridad.txt;MC3001-Seguridad de Software Avanzado.txt;MC1003-Seguridad y Criptografía.txt;MC3010-Cibercrimen.txt,1.37,Seguridad de Software Avanzado,MC3001,
llama3.1-8b-f16,short_answer,¿Permite el curso la modalidad de suficiencia?,"En el curso Seguridad de Software Avanzado de la Maestría en Ciberseguridad, ¿Permite el curso la modalidad de suficiencia?

Da una respuesta breve y directa, en una sola frase.",No,"No, según el contexto, el curso Seguridad de Software Avanzado no permite la modalidad de suficiencia.",MC3001-Seguridad de Software Avanzado.txt;MC1006-Políticas y Gobernanza en Ciberseguridad.txt;MC1003-Seguridad y Criptografía.txt;MC1006-Políticas y Gobernanza en Ciberseguridad.txt;MC3010-Cibercrimen.txt,1.08,Seguridad de Software Avanzado,MC3001,
llama3.1-8b-f16,short_answer,¿Qué porcentaje de la nota valen las tareas programadas?,"En el curso Seguridad de Software Avanzado de la Maestría en Ciberseguridad, ¿Qué porcentaje de la nota valen las tareas programadas?

Da una respuesta breve y directa, en una sola frase.",40%,No tengo suficiente información para responder a la pregunta.,MC3001-Seguridad de Software Avanzado.txt;MC1003-Seguridad y Criptografía.txt;MC3010-Cibercrimen.txt;MC1001-Análisis de datos en ciberseguridad.txt;MC1006-Políticas y Gobernanza en Ciberseguridad.txt,0.72,Seguridad de Software Avanzado,MC3001,
llama3.1-8b-f16,short_answer,¿De qué curso de defensa y ataque es requisito esta materia?,"En el curso Seguridad de Software Avanzado de la Maestría en Ciberseguridad, ¿De qué curso de defensa y ataque es requisito esta materia?

Da una respuesta breve y directa, en una sola frase.",MC3006 Defensa y Ataque de Sistemas,No tengo suficiente información para responder a la pregunta.,MC1006-Políticas y Gobernanza en Ciberseguridad.txt;MC1006-Políticas y Gobernanza en Ciberseguridad.txt;MC3001-Seguridad de Software Avanzado.txt;MC1003-Seguridad y Criptografía.txt;MC3010-Cibercrimen.txt,0.72,Seguridad de Software Avanzado,MC3001,
llama3.1-8b-f16,short_answer,¿Qué porcentaje de la nota final corresponde al examen final?,"En el curso Seguridad de Software Avanzado de la Maestría en Ciberseguridad, ¿Qué porcentaje de la nota final corresponde al examen final?

Da una respuesta breve y directa, en una sola frase.",30%,No tengo suficiente información para responder a la pregunta.,MC3001-Seguridad de Software Avanzado.txt;MC1003-Seguridad y Criptografía.txt;MC6004-Sistemas Operativos Avanzados.txt;MC3010-Cibercrimen.txt;MC1001-Análisis de datos en ciberseguridad.txt,0.65,Seguridad de Software Avanzado,MC3001,
llama3.1-8b-f16,short_answer,¿Cuál es el valor porcentual del reporte de lecturas?,"En el curso Seguridad de Software Avanzado de la Maestría en Ciberseguridad, ¿Cuál es el valor porcentual del reporte de lecturas?

Da una respuesta breve y directa, en una sola frase.",10%,El valor porcentual del reporte de lecturas en el curso Seguridad de Software Avanzado es 5%.,MC3001-Seguridad de Software Avanzado.txt;MC1001-Análisis de datos en ciberseguridad.txt;MC1003-Seguridad y Criptografía.txt;MC1001-Análisis de datos en ciberseguridad.txt;MC3010-Cibercrimen.txt,1.08,Seguridad de Software Avanzado,MC3001,
llama3.1-8b-f16,short_answer,¿Es este curso obligatorio o electivo?,"En el curso Cibercrimen de la Maestría en Ciberseguridad, ¿Es este curso obligatorio o electivo?

Da una respuesta breve y directa, en una sola frase.",Electivo,El curso Cibercrimen de la Maestría en Ciberseguridad es electivo.,MC1006-Políticas y Gobernanza en Ciberseguridad.txt;MC3010-Cibercrimen.txt;MC1006-Políticas y Gobernanza en Ciberseguridad.txt;MC3001-Seguridad de Software Avanzado.txt;MC1003-Seguridad y Criptografía.txt,0.98,Cibercrimen,MC3010,
llama3.1-8b-f16,short_answer,¿Permite la posibilidad de reconocimiento?,"En el curso Cibercrimen de la Maestría en Ciberseguridad, ¿Permite la posibilidad de reconocimiento?

Da una respuesta breve y directa, en una sola frase.",No,"Sí, el curso Cibercrimen de la Maestría en Ciberseguridad permite la posibilidad de reconocimiento.",MC1001-Análisis de datos en ciberseguridad.txt;MC1006-Políticas y Gobernanza en Ciberseguridad.txt;MC1006-Políticas y Gobernanza en Ciberseguridad.txt;MC3010-Cibercrimen.txt;MC1003-Seguridad y Criptografía.txt,1.16,Cibercrimen,MC3010,
llama3.1-8b-f16,short_answer,¿Qué porcentaje de la nota final representa la investigación?,"En el curso Cibercrimen de la Maestría en Ciberseguridad, ¿Qué porcentaje de la nota final representa la investigación?

Da una respuesta breve y directa, en una sola frase.",40%,No tengo suficiente información para responder a la pregunta.,MC2301-Planificación estratégica de tecnología de información.txt;MC1006-Políticas y Gobernanza en Ciberseguridad.txt;MC3010-Cibercrimen.txt;MC1006-Políticas y Gobernanza en Ciberseguridad.txt;MC1101-Sistemas Estratégicos Empresariales.txt,0.6,Cibercrimen,MC3010,
llama3.1-8b-f16,short_answer,¿Qué porcentaje de la evaluación corresponde al estudio de casos?,"En el curso Cibercrimen de la Maestría en Ciberseguridad, ¿Qué porcentaje de la evaluación corresponde al estudio de casos?

Da una respuesta breve y directa, en una sola frase.",40%,No tengo suficiente información para responder a la pregunta.,MC1103-Gerencia de tecnología de información.txt;MC3010-Cibercrimen.txt;MC2301-Planificación estratégica de tecnología de información.txt;MC1101-Sistemas Estratégicos Empresariales.txt;MC3010-Cibercrimen.txt,0.56,Cibercrimen,MC3010,
llama3.1-8b-f16,short_answer,¿Qué software específico se menciona en los contenidos para el análisis de datos?,"En el curso Cibercrimen de la Maestría en Ciberseguridad, ¿Qué software específico se menciona en los contenidos para el análisis de datos?

Da una respuesta breve y directa, en una sola frase.",SPSS,No tengo suficiente información para responder a la pregunta.,MC1001-Análisis de datos en ciberseguridad.txt;MC1006-Políticas y Gobernanza en Ciberseguridad.txt;MC1006-Políticas y Gobernanza en Ciberseguridad.txt;MC3001-Seguridad de Software Avanzado.txt;MC1001-Análisis de datos en ciberseguridad.txt,0.69,Cibercrimen,MC3010,
llama3.1-8b-f16,short_answer,¿Qué porcentaje de la nota representan las pruebas cortas o comprobaciones?,"En el curso Cibercrimen de la Maestría en Ciberseguridad, ¿Qué porcentaje de la nota representan las pruebas cortas o comprobaciones?

Da una respuesta breve y directa, en una sola frase.",20%,Las pruebas cortas o comprobaciones representan el 40% de la nota en el curso Cibercrimen de la Maestría en Ciberseguridad.,MC1003-Seguridad y Criptografía.txt;MC3010-Cibercrimen.txt;MC1001-Análisis de datos en ciberseguridad.txt;MC6004-Sistemas Operativos Avanzados.txt;MC2301-Planificación estratégica de tecnología de información.txt,1.27,Cibercrimen,MC3010,
llama3.1-8b-f16,short_answer,¿En qué año se aprobó y actualizó este programa?,"En el curso Sistemas Estratégicos Empresariales de la Maestría en Gerencia de Tecnologías de la Información, ¿En qué año se aprobó y actualizó este programa?

Da una respuesta breve y directa, en una sola frase.",2025,No tengo suficiente información para responder a la pregunta.,MC1101-Sistemas Estratégicos Empresariales.txt;MC2301-Planificación estratégica de tecnología de información.txt;MC2301-Planificación estratégica de tecnología de información.txt;MC1201-Administración financiera de tecnología de información.txt;MC1103-Gerencia de tecnología de información.txt,0.64,Sistemas Estratégicos Empresariales,MC1101,
llama3.1-8b-f16,short_answer,¿Qué porcentaje de la nota final es la investigación en sistema empresarial?,"En el curso Sistemas Estratégicos Empresariales de la Maestría en Gerencia de Tecnologías de la Información, ¿Qué porcentaje de la nota final es la investigación en sistema empresarial?

Da una respuesta breve y directa, en una sola frase.",40%,"En el curso Sistemas Estratégicos Empresariales de la Maestría en Gerencia de Tecnologías de la Información, la investigación en sistema empresarial (grupal) representa el 40% de la nota final.",MC1101-Sistemas Estratégicos Empresariales.txt;MC2301-Planificación estratégica de tecnología de información.txt;MC1101-Sistemas Estratégicos Empresariales.txt;MC2301-Planificación estratégica de tecnología de información.txt;MC1103-Gerencia de tecnología de información.txt,1.55,Sistemas Estratégicos Empresariales,MC1101,
llama3.1-8b-f16,short_answer,¿En qué semestre del programa se ubica este curso?,"En el curso Sistemas Estratégicos Empresariales de la Maestría en Gerencia de Tecnologías de la Información, ¿En qué semestre del programa se ubica este curso?

Da una respuesta breve y directa, en una sola frase.",I semestre,El curso Sistemas Estratégicos Empresariales se ubica en el primer semestre del programa de Maestría en Gerencia de Tecnologías de la Información.,MC1101-Sistemas Estratégicos Empresariales.txt;MC2301-Planificación estratégica de tecnología de información.txt;MC1203-Administración y estrategia de proyectos I.txt;MC2301-Planificación estratégica de tecnología de información.txt;MC1201-Administración financiera de tecnología de información.txt,1.3,Sistemas Estratégicos Empresariales,MC1101,
llama3.1-8b-f16,short_answer,¿Qué porcentaje total suman los dos exámenes parciales?,"En el curso Sistemas Estratégicos Empresariales de la Maestría en Gerencia de Tecnologías de la Información, ¿Qué porcentaje total suman los dos exámenes parciales?

Da una respuesta breve y directa, en una sola frase.",40%,No tengo suficiente información para responder a la pregunta.,MC1101-Sistemas Estratégicos Empresariales.txt;MC2301-Planificación estratégica de tecnología de información.txt;MC1003-Seguridad y Criptografía.txt;MC6004-Sistemas Operativos Avanzados.txt;MC6104-Diseño de Experimentos.txt,0.44,Sistemas Estratégicos Empresariales,MC1101,
llama3.1-8b-f16,short_answer,¿Cuántas horas de clase por semana tiene la materia?,"En el curso Sistemas Estratégicos Empresariales de la Maestría en Gerencia de Tecnologías de la Información, ¿Cuántas horas de clase por semana tiene la materia?

Da una respuesta breve y directa, en una sola frase.",3 horas,El curso Sistemas Estratégicos Empresariales tiene 3 horas de clase por semana.,MC1101-Sistemas Estratégicos Empresariales.txt;MC1103-Gerencia de tecnología de información.txt;MC1201-Administración financiera de tecnología de información.txt;MC1203-Administración y estrategia de proyectos I.txt;MC2301-Planificación estratégica de tecnología de información.txt,0.9,Sistemas Estratégicos Empresariales,MC1101,
llama3.1-8b-f16,short_answer,¿Quién es el autor de los artículos sobre las cinco fuerzas competitivas citados?,"En el curso Sistemas Estratégicos Empresariales de la Maestría en Gerencia de Tecnologías de la Información, ¿Quién es el autor de los artículos sobre las cinco fuerzas competitivas citados?

Da una respuesta breve y directa, en una sola frase.",Michael Porter,Michael Porter es el autor de los artículos sobre las cinco fuerzas competitivas citados.,MC1101-Sistemas Estratégicos Empresariales.txt;MC1101-Sistemas Estratégicos Empresariales.txt;MC1006-Políticas y Gobernanza en Ciberseguridad.txt;MC2301-Planificación estratégica de tecnología de información.txt;MC1006-Políticas y Gobernanza en Ciberseguridad.txt,0.8,Sistemas Estratégicos Empresariales,MC1101,
llama3.1-8b-f16,short_answer,¿Permite este curso la suficiencia?,"En el curso Gerencia de Tecnología de Información de la Maestría en Gerencia de Tecnologías de la Información, ¿Permite este curso la suficiencia?

Da una respuesta breve y directa, en una sola frase.",No,No tengo suficiente información para responder a la pregunta.,MC2301-Planificación estratégica de tecnología de información.txt;MC1103-Gerencia de tecnología de información.txt;MC7201-Introducción a la Investigación.txt;MC1101-Sistemas Estratégicos Empresariales.txt;MC1103-Gerencia de tecnología de información.txt,0.64,Gerencia de Tecnología de Información,MC1103,
llama3.1-8b-f16,short_answer,¿En qué semestre del programa se ubica (indicado como código)?,"En el curso Gerencia de Tecnología de Información de la Maestría en Gerencia de Tecnologías de la Información, ¿En qué semestre del programa se ubica (indicado como código)?

Da una respuesta breve y directa, en una sola frase.",P4 semestre,El curso Gerencia de Tecnología de Información se ubica en el p4 semestre del programa de Maestría de Gerencia de Tecnologías de la Información.,MC1103-Gerencia de tecnología de información.txt;MC1201-Administración financiera de tecnología de información.txt;MC1101-Sistemas Estratégicos Empresariales.txt;MC1203-Administración y estrategia de proyectos I.txt;MC2301-Planificación estratégica de tecnología de información.txt,1.34,Gerencia de Tecnología de Información,MC1103,
llama3.1-8b-f16,short_answer,¿Qué porcentaje de la evaluación corresponde al estudio de casos?,"En el curso Gerencia de Tecnología de Información de la Maestría en Gerencia de Tecnologías de la Información, ¿Qué porcentaje de la evaluación corresponde al estudio de casos?

Da una respuesta breve y directa, en una sola frase.",40%,"En el curso Gerencia de Tecnología de Información de la Maestría en Gerencia de Tecnologías de la Información, el estudio de casos corresponde al 40% de la evaluación.",MC1103-Gerencia de tecnología de información.txt;MC1101-Sistemas Estratégicos Empresariales.txt;MC2301-Planificación estratégica de tecnología de información.txt;MC1003-Seguridad y Criptografía.txt;MC6004-Sistemas Operativos Avanzados.txt,1.29,Gerencia de Tecnología de Información,MC1103,
llama3.1-8b-f16,short_answer,¿Qué porcentaje de la nota es la investigación bibliográfica y exposición?,"En el curso Gerencia de Tecnología de Información de la Maestría en Gerencia de Tecnologías de la Información, ¿Qué porcentaje de la nota es la investigación bibliográfica y exposición?

Da una respuesta breve y directa, en una sola frase.",20%,La investigación bibliográfica y exposición representa el 20% de la nota en el curso Gerencia de Tecnología de Información de la Maestría en Gerencia de Tecnologías de la Información.,MC1101-Sistemas Estratégicos Empresariales.txt;MC2301-Planificación estratégica de tecnología de información.txt;MC6104-Diseño de Experimentos.txt;MC6004-Sistemas Operativos Avanzados.txt;MC1103-Gerencia de tecnología de información.txt,1.32,Gerencia de Tecnología de Información,MC1103,
llama3.1-8b-f16,short_answer,¿Cuántas horas extraclase se requieren semanalmente?,"En el curso Gerencia de Tecnología de Información de la Maestría en Gerencia de Tecnologías de la Información, ¿Cuántas horas extraclase se requieren semanalmente?

Da una respuesta breve y directa, en una sola frase.",9 horas,"En el curso Gerencia de Tecnología de Información de la Maestría en Gerencia de Tecnologías de la Información, se requieren 9 horas extraclase por semana.",MC1103-Gerencia de tecnología de información.txt;MC1201-Administración financiera de tecnología de información.txt;MC1203-Administración y estrategia de proyectos I.txt;MC1101-Sistemas Estratégicos Empresariales.txt;MC2301-Planificación estratégica de tecnología de información.txt,1.41,Gerencia de Tecnología de Información,MC1103,
llama3.1-8b-f16,short_answer,¿Es posible el reconocimiento del curso?,"En el curso Gerencia de Tecnología de Información de la Maestría en Gerencia de Tecnologías de la Información, ¿Es posible el reconocimiento del curso?

Da una respuesta breve y directa, en una sola frase.",No,"No, según el contexto, no es posible el reconocimiento del curso.",MC7201-Introducción a la Investigación.txt;MC1103-Gerencia de tecnología de información.txt;MC2301-Planificación estratégica de tecnología de información.txt;MC6004-Sistemas Operativos Avanzados.txt;MC1103-Gerencia de tecnología de información.txt,0.74,Gerencia de Tecnología de Información,MC1103,
llama3.1-8b-f16,short_answer,¿Permite este curso la posibilidad de reconocimiento?,"En el curso Administración Financiera de TI de la Maestría en Gerencia de Tecnologías de la Información, ¿Permite este curso la posibilidad de reconocimiento?

Da una respuesta breve y directa, en una sola frase.",Sí,"Sí, el curso de Administración Financiera de TI de la Maestría en Gerencia de Tecnologías de la Información permite la posibilidad de reconocimiento.",MC2301-Planificación estratégica de tecnología de información.txt;MC1201-Administración financiera de tecnología de información.txt;MC1101-Sistemas Estratégicos Empresariales.txt;MC1103-Gerencia de tecnología de información.txt;MC1103-Gerencia de tecnología de información.txt,1.3,Administración Financiera de TI,MC1201,
llama3.1-8b-f16,short_answer,¿En qué semestre se ubica la materia?,"En el curso Administración Financiera de TI de la Maestría en Gerencia de Tecnologías de la Información, ¿En qué semestre se ubica la materia?

Da una respuesta breve y directa, en una sola frase.",2do semestre,El curso Administración Financiera de TI se ubica en el 2do semestre del Programa de Maestría de Gerencia de Tecnologías de la Información.,MC1201-Administración financiera de tecnología de información.txt;MC1101-Sistemas Estratégicos Empresariales.txt;MC1201-Administración financiera de tecnología de información.txt;MC2301-Planificación estratégica de tecnología de información.txt;MC2301-Planificación estratégica de tecnología de información.txt,1.33,Administración Financiera de TI,MC1201,
llama3.1-8b-f16,short_answer,¿Qué porcentaje total de la nota suman los dos exámenes parciales?,"En el curso Administración Financiera de TI de la Maestría en Gerencia de Tecnologías de la Información, ¿Qué porcentaje total de la nota suman los dos exámenes parciales?

Da una respuesta breve y directa, en una sola frase.",50%,No tengo suficiente información para responder a la pregunta.,MC6004-Sistemas Operativos Avanzados.txt;MC1101-Sistemas Estratégicos Empresariales.txt;MC1003-Seguridad y Criptografía.txt;MC2301-Planificación estratégica de tecnología de información.txt;MC1201-Administración financiera de tecnología de información.txt,0.49,Administración Financiera de TI,MC1201,
llama3.1-8b-f16,short_answer,¿Qué porcentaje de la evaluación corresponde a la investigación bibliográfica?,"En el curso Administración Financiera de TI de la Maestría en Gerencia de Tecnologías de la Información, ¿Qué porcentaje de la evaluación corresponde a la investigación bibliográfica?

Da una respuesta breve y directa, en una sola frase.",20%,No tengo suficiente información para responder a la pregunta.,MC1101-Sistemas Estratégicos Empresariales.txt;MC2301-Planificación estratégica de tecnología de información.txt;MC1003-Seguridad y Criptografía.txt;MC1103-Gerencia de tecnología de información.txt;MC6104-Diseño de Experimentos.txt,0.49,Administración Financiera de TI,MC1201,
llama3.1-8b-f16,short_answer,¿Qué porcentaje de la nota representan las comprobaciones de lectura?,"En el curso Administración Financiera de TI de la Maestría en Gerencia de Tecnologías de la Información, ¿Qué porcentaje de la nota representan las comprobaciones de lectura?

Da una respuesta breve y directa, en una sola frase.",15%,No tengo suficiente información para responder a la pregunta.,MC6004-Sistemas Operativos Avanzados.txt;MC1101-Sistemas Estratégicos Empresariales.txt;MC2301-Planificación estratégica de tecnología de información.txt;MC1003-Seguridad y Criptografía.txt;MC6104-Diseño de Experimentos.txt,0.44,Administración Financiera de TI,MC1201,
llama3.1-8b-f16,short_answer,¿Permite el curso la suficiencia?,"En el curso Administración Financiera de TI de la Maestría en Gerencia de Tecnologías de la Información, ¿Permite el curso la suficiencia?

Da una respuesta breve y directa, en una sola frase.",No,"No, el curso de Administración Financiera de TI no permite la suficiencia.",MC2301-Planificación estratégica de tecnología de información.txt;MC1201-Administración financiera de tecnología de información.txt;MC1101-Sistemas Estratégicos Empresariales.txt;MC1103-Gerencia de tecnología de información.txt;MC1201-Administración financiera de tecnología de información.txt,0.84,Administración Financiera de TI,MC1201,
llama3.1-8b-f16,short_answer,¿De qué curso de nivel II es requisito esta materia?,"En el curso Administración y Estrategia de Proyectos I de la Maestría en Gerencia de Tecnologías de la Información, ¿De qué curso de nivel II es requisito esta materia?

Da una respuesta breve y directa, en una sola frase.",MC-6204 Administración y estrategia de proyectos II,No tengo suficiente información para determinar de qué curso de nivel II es requisito la materia Administración y Estrategia de Proyectos I.,MC1103-Gerencia de tecnología de información.txt;MC2301-Planificación estratégica de tecnología de información.txt;MC1203-Administración y estrategia de proyectos I.txt;MC1203-Administración y estrategia de proyectos I.txt;MC1003-Seguridad y Criptografía.txt,0.99,Administración y Estrategia de Proyectos I,MC1203,
llama3.1-8b-f16,short_answer,¿Cuál es el tipo de curso según los datos generales?,"En el curso Administración y Estrategia de Proyectos I de la Maestría en Gerencia de Tecnologías de la Información, ¿Cuál es el tipo de curso según los datos generales?

Da una respuesta breve y directa, en una sola frase.",Teórico,El curso Administración y Estrategia de Proyectos I es un curso teórico.,MC2301-Planificación estratégica de tecnología de información.txt;MC1103-Gerencia de tecnología de información.txt;MC1101-Sistemas Estratégicos Empresariales.txt;MC1203-Administración y estrategia de proyectos I.txt;MC1203-Administración y estrategia de proyectos I.txt,0.83,Administración y Estrategia de Proyectos I,MC1203,
llama3.1-8b-f16,short_answer,¿En qué semestre del programa se ubica?,"En el curso Administración y Estrategia de Proyectos I de la Maestría en Gerencia de Tecnologías de la Información, ¿En qué semestre del programa se ubica?

Da una respuesta breve y directa, en una sola frase.",3er semestre,El curso Administración y Estrategia de Proyectos I se ubica en el 3er semestre del Programa de Maestría de Gerencia de Tecnologías de la Información.,MC1203-Administración y estrategia de proyectos I.txt;MC2301-Planificación estratégica de tecnología de información.txt;MC1103-Gerencia de tecnología de información.txt;MC1203-Administración y estrategia de proyectos I.txt;MC1101-Sistemas Estratégicos Empresariales.txt,1.32,Administración y Estrategia de Proyectos I,MC1203,
llama3.1-8b-f16,short_answer,¿Qué porcentaje de la nota final corresponde a la escritura de dos ensayos individuales?,"En el curso Administración y Estrategia de Proyectos I de la Maestría en Gerencia de Tecnologías de la Información, ¿Qué porcentaje de la nota final corresponde a la escritura de dos ensayos individuales?

Da una respuesta breve y directa, en una sola frase.",30%,No tengo suficiente información para responder a la pregunta.,MC6004-Sistemas Operativos Avanzados.txt;MC2301-Planificación estratégica de tecnología de información.txt;MC1003-Seguridad y Criptografía.txt;MC1101-Sistemas Estratégicos Empresariales.txt;MC1103-Gerencia de tecnología de información.txt,0.49,Administración y Estrategia de Proyectos I,MC1203,
llama3.1-8b-f16,short_answer,¿Qué porcentaje de la evaluación es la resolución de casos prácticos?,"En el curso Administración y Estrategia de Proyectos I de la Maestría en Gerencia de Tecnologías de la Información, ¿Qué porcentaje de la evaluación es la resolución de casos prácticos?

Da una respuesta breve y directa, en una sola frase.",25%,No tengo suficiente información para responder a la pregunta.,MC2301-Planificación estratégica de tecnología de información.txt;MC1103-Gerencia de tecnología de información.txt;MC1003-Seguridad y Criptografía.txt;MC1101-Sistemas Estratégicos Empresariales.txt;MC1203-Administración y estrategia de proyectos I.txt,0.48,Administración y Estrategia de Proyectos I,MC1203,
llama3.1-8b-f16,short_answer,¿Qué porcentaje de la nota vale la investigación sobre un tema seleccionado?,"En el curso Administración y Estrategia de Proyectos I de la Maestría en Gerencia de Tecnologías de la Información, ¿Qué porcentaje de la nota vale la investigación sobre un tema seleccionado?

Da una respuesta breve y directa, en una sola frase.",25%,No tengo suficiente información para responder a la pregunta.,MC2301-Planificación estratégica de tecnología de información.txt;MC1101-Sistemas Estratégicos Empresariales.txt;MC1003-Seguridad y Criptografía.txt;MC1103-Gerencia de tecnología de información.txt;MC6004-Sistemas Operativos Avanzados.txt,0.49,Administración y Estrategia de Proyectos I,MC1203,
llama3.1-8b-f16,short_answer,¿Con cuántas faltas de asistencia injustificadas se reprueba el curso?,"En el curso Planificación Estratégica de TI de la Maestría en Gerencia de Tecnologías de la Información, ¿Con cuántas faltas de asistencia injustificadas se reprueba el curso?

Da una respuesta breve y directa, en una sola frase.",4 faltas,No tengo suficiente información para responder a la pregunta.,MC2301-Planificación estratégica de tecnología de información.txt;MC6004-Sistemas Operativos Avanzados.txt;MC1103-Gerencia de tecnología de información.txt;MC1203-Administración y estrategia de proyectos I.txt;MC1101-Sistemas Estratégicos Empresariales.txt,0.59,Planificación Estratégica de TI,MC2301,
llama3.1-8b-f16,short_answer,¿Qué porcentaje de la nota final representa la resolución de casos?,"En el curso Planificación Estratégica de TI de la Maestría en Gerencia de Tecnologías de la Información, ¿Qué porcentaje de la nota final representa la resolución de casos?

Da una respuesta breve y directa, en una sola frase.",40%,"En el curso Planificación Estratégica de TI de la Maestría en Gerencia de Tecnologías de la Información, la resolución de casos representa el 40% de la nota final.",MC2301-Planificación estratégica de tecnología de información.txt;MC1103-Gerencia de tecnología de información.txt;MC6004-Sistemas Operativos Avanzados.txt;MC1101-Sistemas Estratégicos Empresariales.txt;MC1103-Gerencia de tecnología de información.txt,1.32,Planificación Estratégica de TI,MC2301,
llama3.1-8b-f16,short_answer,¿Cuántos minutos después de la hora oficial de entrada se consideran para marcar ausencia?,"En el curso Planificación Estratégica de TI de la Maestría en Gerencia de Tecnologías de la Información, ¿Cuántos minutos después de la hora oficial de entrada se consideran para marcar ausencia?

Da una respuesta breve y directa, en una sola frase.",30 minutos,No tengo suficiente información para responder a esta pregunta.,MC1203-Administración y estrategia de proyectos I.txt;MC1101-Sistemas Estratégicos Empresariales.txt;MC2301-Planificación estratégica de tecnología de información.txt;MC6004-Sistemas Operativos Avanzados.txt;MC1103-Gerencia de tecnología de información.txt,0.67,Planificación Estratégica de TI,MC2301,
llama3.1-8b-f16,short_answer,¿Qué porcentaje de la evaluación corresponde a la investigación bibliográfica?,"En el curso Planificación Estratégica de TI de la Maestría en Gerencia de Tecnologías de la Información, ¿Qué porcentaje de la evaluación corresponde a la investigación bibliográfica?

Da una respuesta breve y directa, en una sola frase.",20%,"En el curso Planificación Estratégica de TI de la Maestría en Gerencia de Tecnologías de la Información, la investigación bibliográfica corresponde al 20% de la evaluación.",MC2301-Planificación estratégica de tecnología de información.txt;MC1101-Sistemas Estratégicos Empresariales.txt;MC1003-Seguridad y Criptografía.txt;MC1103-Gerencia de tecnología de información.txt;MC1103-Gerencia de tecnología de información.txt,1.34,Planificación Estratégica de TI,MC2301,
llama3.1-8b-f16,short_answer,¿Permite el curso la suficiencia?,"En el curso Planificación Estratégica de TI de la Maestría en Gerencia de Tecnologías de la Información, ¿Permite el curso la suficiencia?

Da una respuesta breve y directa, en una sola frase.",No,"No, el curso de Planificación Estratégica de TI no permite la suficiencia.",MC1103-Gerencia de tecnología de información.txt;MC2301-Planificación estratégica de tecnología de información.txt;MC2301-Planificación estratégica de tecnología de información.txt;MC1101-Sistemas Estratégicos Empresariales.txt;MC1203-Administración y estrategia de proyectos I.txt,0.84,Planificación Estratégica de TI,MC2301,
llama3.1-8b-f16,short_answer,"¿Qué porcentaje de la nota representan las pruebas cortas, comprobaciones y ensayos?","En el curso Planificación Estratégica de TI de la Maestría en Gerencia de Tecnologías de la Información, ¿Qué porcentaje de la nota representan las pruebas cortas, comprobaciones y ensayos?

Da una respuesta breve y directa, en una sola frase.",40%,"40% de la nota representan las pruebas cortas, comprobaciones y ensayos en el curso Planificación Estratégica de TI de la Maestría en Gerencia de Tecnologías de la Información.",MC2301-Planificación estratégica de tecnología de información.txt;MC6004-Sistemas Operativos Avanzados.txt;MC1101-Sistemas Estratégicos Empresariales.txt;MC1003-Seguridad y Criptografía.txt;MC1103-Gerencia de tecnología de información.txt,1.39,Planificación Estratégica de TI,MC2301,
llama3.1-8b-f16,short_answer,¿En qué periodo del plan de estudios se ubica?,"En el curso Teoría de Autómatas de la Maestría en Computación, ¿En qué periodo del plan de estudios se ubica?

Da una respuesta breve y directa, en una sola frase.",II Periodo,El curso Teoría de Autómatas se ubica en el II Periodo del Plan de Estudios de Maestría en Computación con Énfasis en Ciencias de la Computación.,MC6003-Teoría de Autómatas.txt;MC6104-Diseño de Experimentos.txt;MC7201-Introducción a la Investigación.txt;MC6102-Análisis de Algoritmos.txt;MC2301-Planificación estratégica de tecnología de información.txt,1.45,Teoría de Autómatas,MC6003,
llama3.1-8b-f16,short_answer,¿Quién es el profesor titular del curso?,"En el curso Teoría de Autómatas de la Maestría en Computación, ¿Quién es el profesor titular del curso?

Da una respuesta breve y directa, en una sola frase.",Erick Mata Montero,No tengo suficiente información para determinar quién es el profesor titular del curso Teoría de Autómatas de la Maestría en Computación.,MC7201-Introducción a la Investigación.txt;MC6003-Teoría de Autómatas.txt;MC6102-Análisis de Algoritmos.txt;MC7201-Introducción a la Investigación.txt;MC6104-Diseño de Experimentos.txt,1.31,Teoría de Autómatas,MC6003,
llama3.1-8b-f16,short_answer,¿Qué porcentaje de la nota final representa el examen final?,"En el curso Teoría de Autómatas de la Maestría en Computación, ¿Qué porcentaje de la nota final representa el examen final?

Da una respuesta breve y directa, en una sola frase.",30%,No tengo suficiente información para responder a la pregunta.,MC6004-Sistemas Operativos Avanzados.txt;MC1003-Seguridad y Criptografía.txt;MC6104-Diseño de Experimentos.txt;MC6003-Teoría de Autómatas.txt;MC2301-Planificación estratégica de tecnología de información.txt,0.54,Teoría de Autómatas,MC6003,
llama3.1-8b-f16,short_answer,¿Cuál es el porcentaje asignado al examen parcial?,"En el curso Teoría de Autómatas de la Maestría en Computación, ¿Cuál es el porcentaje asignado al examen parcial?

Da una respuesta breve y directa, en una sola frase.",20%,No tengo suficiente información para responder a la pregunta.,MC1003-Seguridad y Criptografía.txt;MC6003-Teoría de Autómatas.txt;MC6004-Sistemas Operativos Avanzados.txt;MC2301-Planificación estratégica de tecnología de información.txt;MC1101-Sistemas Estratégicos Empresariales.txt,0.5,Teoría de Autómatas,MC6003,
llama3.1-8b-f16,short_answer,¿Permite el curso la modalidad de suficiencia?,"En el curso Teoría de Autómatas de la Maestría en Computación, ¿Permite el curso la modalidad de suficiencia?

Da una respuesta breve y directa, en una sola frase.",Sí,"Sí, el curso Teoría de Autómatas permite la modalidad de suficiencia.",MC6003-Teoría de Autómatas.txt;MC6102-Análisis de Algoritmos.txt;MC6102-Análisis de Algoritmos.txt;MC7201-Introducción a la Investigación.txt;MC6104-Diseño de Experimentos.txt,1.04,Teoría de Autómatas,MC6003,
llama3.1-8b-f16,short_answer,¿Quiénes son los autores principales del libro de texto base?,"En el curso Teoría de Autómatas de la Maestría en Computación, ¿Quiénes son los autores principales del libro de texto base?

Da una respuesta breve y directa, en una sola frase.",Hopcroft et al.,No tengo suficiente información para determinar los autores principales del libro de texto base del curso Teoría de Autómatas de la Maestría en Computación.,MC6104-Diseño de Experimentos.txt;MC7201-Introducción a la Investigación.txt;MC7201-Introducción a la Investigación.txt;MC6102-Análisis de Algoritmos.txt;MC6003-Teoría de Autómatas.txt,1.37,Teoría de Autómatas,MC6003,
llama3.1-8b-f16,short_answer,¿De qué curso de redes es requisito esta materia?,"En el curso Sistemas Operativos Avanzados de la Maestría en Computación, ¿De qué curso de redes es requisito esta materia?

Da una respuesta breve y directa, en una sola frase.",MC-6006 Redes de Computadores Avanzadas,El curso Sistemas Operativos Avanzados de la Maestría en Computación es requisito del curso Redes de Computadores Avanzadas.,MC6004-Sistemas Operativos Avanzados.txt;MC6102-Análisis de Algoritmos.txt;MC6104-Diseño de Experimentos.txt;MC1103-Gerencia de tecnología de información.txt;MC7201-Introducción a la Investigación.txt,1.24,Sistemas Operativos Avanzados,MC6004,
llama3.1-8b-f16,short_answer,¿Cuál es la duración mínima exigida para la presentación oral?,"En el curso Sistemas Operativos Avanzados de la Maestría en Computación, ¿Cuál es la duración mínima exigida para la presentación oral?

Da una respuesta breve y directa, en una sola frase.",16 minutos,La duración mínima exigida para la presentación oral es de 16 minutos.,MC6004-Sistemas Operativos Avanzados.txt;MC6004-Sistemas Operativos Avanzados.txt;MC7201-Introducción a la Investigación.txt;MC6104-Diseño de Experimentos.txt;MC1103-Gerencia de tecnología de información.txt,0.82,Sistemas Operativos Avanzados,MC6004,
llama3.1-8b-f16,short_answer,¿En qué formato deben confeccionarse los reportes de proyectos y el paper?,"En el curso Sistemas Operativos Avanzados de la Maestría en Computación, ¿En qué formato deben confeccionarse los reportes de proyectos y el paper?

Da una respuesta breve y directa, en una sola frase.",IEEE Transactions,Los reportes de proyectos y el paper deben confeccionarse en formato PDF.,MC6004-Sistemas Operativos Avanzados.txt;MC6004-Sistemas Operativos Avanzados.txt;MC1103-Gerencia de tecnología de información.txt;MC2301-Planificación estratégica de tecnología de información.txt;MC1103-Gerencia de tecnología de información.txt,0.79,Sistemas Operativos Avanzados,MC6004,
llama3.1-8b-f16,short_answer,¿En qué idioma debe estar escrito el paper de investigación?,"En el curso Sistemas Operativos Avanzados de la Maestría en Computación, ¿En qué idioma debe estar escrito el paper de investigación?

Da una respuesta breve y directa, en una sola frase.",Inglés,No tengo suficiente información para responder a la pregunta.,MC6003-Teoría de Autómatas.txt;MC7201-Introducción a la Investigación.txt;MC6102-Análisis de Algoritmos.txt;MC2301-Planificación estratégica de tecnología de información.txt;MC7201-Introducción a la Investigación.txt,0.64,Sistemas Operativos Avanzados,MC6004,
llama3.1-8b-f16,short_answer,¿Qué porcentaje total de la nota suman los tres proyectos programados?,"En el curso Sistemas Operativos Avanzados de la Maestría en Computación, ¿Qué porcentaje total de la nota suman los tres proyectos programados?

Da una respuesta breve y directa, en una sola frase.",30%,Los tres proyectos programados suman un 30% de la nota total en el curso de Sistemas Operativos Avanzados.,MC6004-Sistemas Operativos Avanzados.txt;MC2301-Planificación estratégica de tecnología de información.txt;MC1203-Administración y estrategia de proyectos I.txt;MC1203-Administración y estrategia de proyectos I.txt;MC1003-Seguridad y Criptografía.txt,0.89,Sistemas Operativos Avanzados,MC6004,
llama3.1-8b-f16,short_answer,¿Quién es el profesor titular del curso?,"En el curso Sistemas Operativos Avanzados de la Maestría en Computación, ¿Quién es el profesor titular del curso?

Da una respuesta breve y directa, en una sola frase.",Dr. Francisco J. Torres-Rojas,No tengo suficiente información para determinar quién es el profesor titular del curso Sistemas Operativos Avanzados de la Maestría en Computación.,MC7201-Introducción a la Investigación.txt;MC6004-Sistemas Operativos Avanzados.txt;MC6102-Análisis de Algoritmos.txt;MC6104-Diseño de Experimentos.txt;MC6104-Diseño de Experimentos.txt,1.3,Sistemas Operativos Avanzados,MC6004,
llama3.1-8b-f16,short_answer,¿En qué periodo del plan de estudios se imparte?,"En el curso Análisis de Algoritmos de la Maestría en Computación, ¿En qué periodo del plan de estudios se imparte?

Da una respuesta breve y directa, en una sola frase.",I Periodo,El curso Análisis de Algoritmos de la Maestría en Computación se imparte en el I Periodo del Plan de Estudios de Maestría en Computación con Énfasis en Ciencias de la Computación.,MC6102-Análisis de Algoritmos.txt;MC6104-Diseño de Experimentos.txt;MC6102-Análisis de Algoritmos.txt;MC7201-Introducción a la Investigación.txt;MC6003-Teoría de Autómatas.txt,1.74,Análisis de Algoritmos,MC6102,
llama3.1-8b-f16,short_answer,¿En qué horario se dictan las clases los martes?,"En el curso Análisis de Algoritmos de la Maestría en Computación, ¿En qué horario se dictan las clases los martes?

Da una respuesta breve y directa, en una sola frase.",6:00 p. m. a 8:50 p. m.,No tengo suficiente información para responder a la pregunta.,MC6003-Teoría de Autómatas.txt;MC6104-Diseño de Experimentos.txt;MC1103-Gerencia de tecnología de información.txt;MC1203-Administración y estrategia de proyectos I.txt;MC6102-Análisis de Algoritmos.txt,0.72,Análisis de Algoritmos,MC6102,
llama3.1-8b-f16,short_answer,¿Quién es el profesor del curso?,"En el curso Análisis de Algoritmos de la Maestría en Computación, ¿Quién es el profesor del curso?

Da una respuesta breve y directa, en una sola frase.",José E. Araya,No tengo suficiente información para determinar quién es el profesor del curso Análisis de Algoritmos de la Maestría en Computación.,MC6102-Análisis de Algoritmos.txt;MC7201-Introducción a la Investigación.txt;MC6102-Análisis de Algoritmos.txt;MC6104-Diseño de Experimentos.txt;MC6004-Sistemas Operativos Avanzados.txt,1.29,Análisis de Algoritmos,MC6102,
llama3.1-8b-f16,short_answer,¿Qué porcentaje de la nota final representan las tareas e investigaciones?,"En el curso Análisis de Algoritmos de la Maestría en Computación, ¿Qué porcentaje de la nota final representan las tareas e investigaciones?

Da una respuesta breve y directa, en una sola frase.",50%,No tengo suficiente información para responder a la pregunta.,MC6004-Sistemas Operativos Avanzados.txt;MC6102-Análisis de Algoritmos.txt;MC1003-Seguridad y Criptografía.txt;MC6102-Análisis de Algoritmos.txt;MC6104-Diseño de Experimentos.txt,0.61,Análisis de Algoritmos,MC6102,
llama3.1-8b-f16,short_answer,¿Qué porcentaje de la evaluación corresponde a los exámenes parciales?,"En el curso Análisis de Algoritmos de la Maestría en Computación, ¿Qué porcentaje de la evaluación corresponde a los exámenes parciales?

Da una respuesta breve y directa, en una sola frase.",50%,"En el curso Análisis de Algoritmos de la Maestría en Computación, el 50% de la evaluación corresponde a los exámenes parciales.",MC1003-Seguridad y Criptografía.txt;MC6004-Sistemas Operativos Avanzados.txt;MC6102-Análisis de Algoritmos.txt;MC2301-Planificación estratégica de tecnología de información.txt;MC6102-Análisis de Algoritmos.txt,1.22,Análisis de Algoritmos,MC6102,
llama3.1-8b-f16,short_answer,¿Cuál es el libro de texto de carácter obligatorio?,"En el curso Análisis de Algoritmos de la Maestría en Computación, ¿Cuál es el libro de texto de carácter obligatorio?

Da una respuesta breve y directa, en una sola frase.",Fundamentos de Algoritmia de Brassard y Bratley,No se menciona un libro de texto obligatorio en el contexto proporcionado.,MC6102-Análisis de Algoritmos.txt;MC6102-Análisis de Algoritmos.txt;MC7201-Introducción a la Investigación.txt;MC6003-Teoría de Autómatas.txt;MC7201-Introducción a la Investigación.txt,0.88,Análisis de Algoritmos,MC6102,
llama3.1-8b-f16,short_answer,¿Es este curso obligatorio o electivo?,"En el curso Diseño de Experimentos de la Maestría en Computación, ¿Es este curso obligatorio o electivo?

Da una respuesta breve y directa, en una sola frase.",Electivo,Este curso es electivo.,MC6104-Diseño de Experimentos.txt;MC6102-Análisis de Algoritmos.txt;MC7201-Introducción a la Investigación.txt;MC7201-Introducción a la Investigación.txt;MC6004-Sistemas Operativos Avanzados.txt,0.59,Diseño de Experimentos,MC6104,
llama3.1-8b-f16,short_answer,¿De qué curso de Seminario de Investigación es requisito?,"En el curso Diseño de Experimentos de la Maestría en Computación, ¿De qué curso de Seminario de Investigación es requisito?

Da una respuesta breve y directa, en una sola frase.",MC-7203 – Seminario de Investigación - Tesis II,El curso Diseño de Experimentos de la Maestría en Computación es requisito del curso MC-7203 – Seminario de Investigación.,MC7201-Introducción a la Investigación.txt;MC6104-Diseño de Experimentos.txt;MC6004-Sistemas Operativos Avanzados.txt;MC7201-Introducción a la Investigación.txt;MC6102-Análisis de Algoritmos.txt,1.2,Diseño de Experimentos,MC6104,
llama3.1-8b-f16,short_answer,¿Qué porcentaje de la nota final representan los proyectos?,"En el curso Diseño de Experimentos de la Maestría en Computación, ¿Qué porcentaje de la nota final representan los proyectos?

Da una respuesta breve y directa, en una sola frase.",35%,Los proyectos representan un 35% de la nota final.,MC6004-Sistemas Operativos Avanzados.txt;MC1003-Seguridad y Criptografía.txt;MC2301-Planificación estratégica de tecnología de información.txt;MC6104-Diseño de Experimentos.txt;MC6104-Diseño de Experimentos.txt,0.59,Diseño de Experimentos,MC6104,
llama3.1-8b-f16,short_answer,¿En qué idioma deben escribirse los reportes de los proyectos?,"En el curso Diseño de Experimentos de la Maestría en Computación, ¿En qué idioma deben escribirse los reportes de los proyectos?

Da una respuesta breve y directa, en una sola frase.",Inglés,No tengo suficiente información para responder a la pregunta.,MC7201-Introducción a la Investigación.txt;MC6104-Diseño de Experimentos.txt;MC1103-Gerencia de tecnología de información.txt;MC6102-Análisis de Algoritmos.txt;MC2301-Planificación estratégica de tecnología de información.txt,0.65,Diseño de Experimentos,MC6104,
llama3.1-8b-f16,short_answer,¿Permite el curso la suficiencia?,"En el curso Diseño de Experimentos de la Maestría en Computación, ¿Permite el curso la suficiencia?

Da una respuesta breve y directa, en una sola frase.",No,No tengo suficiente información para responder a la pregunta.,MC6102-Análisis de Algoritmos.txt;MC6104-Diseño de Experimentos.txt;MC7201-Introducción a la Investigación.txt;MC7201-Introducción a la Investigación.txt;MC6102-Análisis de Algoritmos.txt,0.74,Diseño de Experimentos,MC6104,
llama3.1-8b-f16,short_answer,¿Qué porcentaje de la nota corresponde al segundo examen parcial?,"En el curso Diseño de Experimentos de la Maestría en Computación, ¿Qué porcentaje de la nota corresponde al segundo examen parcial?

Da una respuesta breve y directa, en una sola frase.",25%,No tengo suficiente información para responder a la pregunta.,MC1003-Seguridad y Criptografía.txt;MC6004-Sistemas Operativos Avanzados.txt;MC7201-Introducción a la Investigación.txt;MC2301-Planificación estratégica de tecnología de información.txt;MC6104-Diseño de Experimentos.txt,0.48,Diseño de Experimentos,MC6104,
llama3.1-8b-f16,short_answer,¿Cuál es el correquisito obligatorio de este curso?,"En el curso Introducción a la Investigación de la Maestría en Computación, ¿Cuál es el correquisito obligatorio de este curso?

Da una respuesta breve y directa, en una sola frase.",MC-7205 Tema Selecto de Investigación,No se menciona un correquisito obligatorio para el curso Introducción a la Investigación de la Maestría en Computación.,MC7201-Introducción a la Investigación.txt;MC7201-Introducción a la Investigación.txt;MC6104-Diseño de Experimentos.txt;MC6102-Análisis de Algoritmos.txt;MC2301-Planificación estratégica de tecnología de información.txt,1.12,Introducción a la Investigación,MC7201,
llama3.1-8b-f16,short_answer,¿Qué porcentaje de la nota final representa la presentación?,"En el curso Introducción a la Investigación de la Maestría en Computación, ¿Qué porcentaje de la nota final representa la presentación?

Da una respuesta breve y directa, en una sola frase.",25%,La presentación representa un 5% de la nota final en el curso Introducción a la Investigación de la Maestría en Computación.,MC6004-Sistemas Operativos Avanzados.txt;MC7201-Introducción a la Investigación.txt;MC6004-Sistemas Operativos Avanzados.txt;MC1003-Seguridad y Criptografía.txt;MC6104-Diseño de Experimentos.txt,1.07,Introducción a la Investigación,MC7201,
llama3.1-8b-f16,short_answer,¿Qué herramienta es obligatoria para preparar las presentaciones?,"En el curso Introducción a la Investigación de la Maestría en Computación, ¿Qué herramienta es obligatoria para preparar las presentaciones?

Da una respuesta breve y directa, en una sola frase.",Beamer,Beamer es la herramienta obligatoria para preparar las presentaciones en el curso Introducción a la Investigación de la Maestría en Computación.,MC7201-Introducción a la Investigación.txt;MC6004-Sistemas Operativos Avanzados.txt;MC7201-Introducción a la Investigación.txt;MC6102-Análisis de Algoritmos.txt;MC1103-Gerencia de tecnología de información.txt,1.21,Introducción a la Investigación,MC7201,
llama3.1-8b-f16,short_answer,¿En qué idioma debe escribirse el paper de investigación?,"En el curso Introducción a la Investigación de la Maestría en Computación, ¿En qué idioma debe escribirse el paper de investigación?

Da una respuesta breve y directa, en una sola frase.",Inglés,El paper de investigación debe estar escrito en inglés.,MC7201-Introducción a la Investigación.txt;MC7201-Introducción a la Investigación.txt;MC6003-Teoría de Autómatas.txt;MC1103-Gerencia de tecnología de información.txt;MC6004-Sistemas Operativos Avanzados.txt,0.71,Introducción a la Investigación,MC7201,
llama3.1-8b-f16,short_answer,¿Quién es el profesor titular del curso?,"En el curso Introducción a la Investigación de la Maestría en Computación, ¿Quién es el profesor titular del curso?

Da una respuesta breve y directa, en una sola frase.",Dr. Francisco J. Torres-Rojas,No tengo suficiente información para determinar quién es el profesor titular del curso Introducción a la Investigación de la Maestría en Computación.,MC7201-Introducción a la Investigación.txt;MC6102-Análisis de Algoritmos.txt;MC6104-Diseño de Experimentos.txt;MC7201-Introducción a la Investigación.txt;MC6104-Diseño de Experimentos.txt,1.28,Introducción a la Investigación,MC7201,
llama3.1-8b-f16,short_answer,¿Permite el curso la posibilidad de reconocimiento?,"En el curso Introducción a la Investigación de la Maestría en Computación, ¿Permite el curso la posibilidad de reconocimiento?

Da una respuesta breve y directa, en una sola frase.",Sí,"Sí, el curso Introducción a la Investigación de la Maestría en Computación permite la posibilidad de reconocimiento.",MC6102-Análisis de Algoritmos.txt;MC7201-Introducción a la Investigación.txt;MC7201-Introducción a la Investigación.txt;MC6104-Diseño de Experimentos.txt;MC1103-Gerencia de tecnología de información.txt,1.16,Introducción a la Investigación,MC7201,
llama3.1-8b-f16,open_ended,¿Cuál es el propósito principal de integrar inteligencia artificial en un Centro de Operaciones en Seguridad (SOC)?,"En el curso Análisis de Datos en Ciberseguridad de la Maestría en Ciberseguridad, ¿Cuál es el propósito principal de integrar inteligencia artificial en un Centro de Operaciones en Seguridad (SOC)?

Da una respuesta completa y explicativa.",Facilitar la distinción de vectores de ataque y permitir una toma de decisiones más precisa en la respuesta a incidentes.,"No tengo suficiente información en el contexto proporcionado para responder a la pregunta de manera precisa. La pregunta parece estar relacionada con el curso Análisis de Datos en Ciberseguridad, pero no hay información específica sobre el propósito de integrar inteligencia artificial en un Centro de Operaciones en Seguridad (SOC) en el contexto proporcionado.",MC1006-Políticas y Gobernanza en Ciberseguridad.txt;MC1006-Políticas y Gobernanza en Ciberseguridad.txt;MC1001-Análisis de datos en ciberseguridad.txt;MC3001-Seguridad de Software Avanzado.txt;MC1003-Seguridad y Criptografía.txt,2.31,Análisis de Datos en Ciberseguridad,MC1001,
llama3.1-8b-f16,open_ended,¿Qué temas matemáticos específicos debe dominar el estudiante para tener un buen desempeño?,"En el curso Análisis de Datos en Ciberseguridad de la Maestría en Ciberseguridad, ¿Qué temas matemáticos específicos debe dominar el estudiante para tener un buen desempeño?

Da una respuesta completa y explicativa.","Conceptos de estadística y cálculo diferencial integral, como distribuciones de probabilidad, regresiones y optimización.","Según el contexto proporcionado, en el curso Análisis de Datos en Ciberseguridad de la Maestría en Ciberseguridad, se menciona que para un buen desempeño en el curso, es requerido que el estudiante tenga conocimiento general de estadística y cálculo diferencial integral; principalmente en los siguientes conceptos:

- Distribuciones de probabilidad
- Regresión lineal simple
- Regresión logarítmica
- Árboles de regresión y decisión
- Validación cruzada
- ""Clustering""
- Optimización (de funciones)

Estos conceptos son fundamentales para el análisis de datos en ciberseguridad, ya que permiten a los estudiantes aplicar algoritmos de modelos de aprendizaje automático utilizando múltiples fuentes de datos, analizar anomalías en bitácoras de sistemas, construir perfiles de comportamiento de personas y software respetando la privacidad, y optimizar controles de seguridad.",MC3010-Cibercrimen.txt;MC1003-Seguridad y Criptografía.txt;MC1001-Análisis de datos en ciberseguridad.txt;MC3010-Cibercrimen.txt;MC1006-Políticas y Gobernanza en Ciberseguridad.txt,5.9,Análisis de Datos en Ciberseguridad,MC1001,
llama3.1-8b-f16,open_ended,¿Cómo contribuye este curso a la perfilación del comportamiento humano y de software?,"En el curso Análisis de Datos en Ciberseguridad de la Maestría en Ciberseguridad, ¿Cómo contribuye este curso a la perfilación del comportamiento humano y de software?

Da una respuesta completa y explicativa.","Provee técnicas de detección de anomalías, minería de datos en tiempo real y procesamiento distribuido para analizar grandes volúmenes de datos.","Según el contexto proporcionado, el curso Análisis de Datos en Ciberseguridad de la Maestría en Ciberseguridad contribuye a la perfilación del comportamiento humano y de software a través del análisis de datos y la aplicación de modelos de aprendizaje automático. El objetivo específico del curso es ""Construir perfiles de comportamiento de personas y software respetando la privacidad, mediante el análisis de datos, para la optimización de controles de seguridad"".

Para lograr esto, el curso se enfoca en la aplicación de técnicas de análisis de datos, como la minería de datos en tiempo real, el procesamiento de datos distribuidos e ingeniería inversa automatizada, para identificar patrones y comportamientos en los datos. Esto permite a los estudiantes desarrollar soluciones para detección de anomalías, descubrimiento de conocimiento, análisis de amenazas y diagnóstico de software en ciberseguridad.

Además, el curso se centra en la privacidad y la protección de la información personal, lo que es fundamental para la perfilación del comportamiento humano y de software de manera responsable y ética. Al aplicar modelos de aprendizaje automático y técnicas de análisis de datos, los estudiantes pueden identificar patrones y comportamientos en los datos sin comprometer la privacidad de los individuos o la seguridad de la información",MC1001-Análisis de datos en ciberseguridad.txt;MC1006-Políticas y Gobernanza en Ciberseguridad.txt;MC1001-Análisis de datos en ciberseguridad.txt;MC3010-Cibercrimen.txt;MC3001-Seguridad de Software Avanzado.txt,8.08,Análisis de Datos en Ciberseguridad,MC1001,
llama3.1-8b-f16,open_ended,¿Qué capacidades desarrolla el estudiante respecto al diagnóstico de software?,"En el curso Análisis de Datos en Ciberseguridad de la Maestría en Ciberseguridad, ¿Qué capacidades desarrolla el estudiante respecto al diagnóstico de software?

Da una respuesta completa y explicativa.",La capacidad de desarrollar soluciones para el descubrimiento de conocimiento y análisis de amenazas mediante herramientas de análisis de datos.,"Según el contexto proporcionado, en el curso Análisis de Datos en Ciberseguridad de la Maestría en Ciberseguridad, el estudiante desarrolla la capacidad de desarrollar soluciones para detección de anomalías, descubrimiento de conocimiento, análisis de amenazas y diagnóstico de software en ciberseguridad; mediante herramientas de software orientadas al análisis de datos.

En particular, el objetivo específico del curso establece que el estudiante debe ser capaz de:

""Construir perfiles de comportamiento de personas y software respetando la privacidad, mediante el análisis de datos, para la optimización de controles de seguridad.""

Sin embargo, no se menciona explícitamente la capacidad de diagnóstico de software como un objetivo específico del curso. Sin embargo, se puede inferir que la capacidad de diagnóstico de software es una parte del objetivo más amplio de análisis de amenazas y diagnóstico de software en ciberseguridad.

En el contexto del curso, el diagnóstico de software se refiere probablemente a la capacidad de identificar y analizar patrones y anomalías en los datos de software para detectar posibles amenazas o problemas de seguridad. Esto implica la aplicación de técnicas de análisis de datos y aprendizaje automático para identificar patrones y relaciones en los datos de software y determin",MC1001-Análisis de datos en ciberseguridad.txt;MC3001-Seguridad de Software Avanzado.txt;MC1001-Análisis de datos en ciberseguridad.txt;MC3010-Cibercrimen.txt;MC1003-Seguridad y Criptografía.txt,8.1,Análisis de Datos en Ciberseguridad,MC1001,
llama3.1-8b-f16,open_ended,¿En qué consiste la metodología de evaluación práctica del curso?,"En el curso Análisis de Datos en Ciberseguridad de la Maestría en Ciberseguridad, ¿En qué consiste la metodología de evaluación práctica del curso?

Da una respuesta completa y explicativa.",Se basa principalmente en laboratorios (75% de la nota) y la resolución de casos de estudio (20%).,"La metodología de evaluación práctica del curso Análisis de Datos en Ciberseguridad de la Maestría en Ciberseguridad no está explícitamente descrita en el contexto proporcionado. Sin embargo, se menciona que el curso se enfoca en la aplicación de análisis de datos en el campo de la ciberseguridad y que se utilizarán herramientas de software de análisis de datos disponibles para alcanzar los objetivos del curso.

En el contexto de la Maestría en Ciberseguridad, se menciona que la metodología de enseñanza y aprendizaje que se empleará para el desarrollo del curso consistirá en la combinación de clases magistrales por parte del profesor con la incorporación de las estrategias de evaluación focalizadas en: comprobación de lectura, casos específicos de estudio e investigación bibliográfica.

Sin embargo, en el contexto específico del curso Análisis de Datos en Ciberseguridad, no se proporciona información sobre la metodología de evaluación práctica. Es posible que la metodología de evaluación práctica se describa en otro documento o en la página web de la institución educativa.

En resumen, no se puede proporcionar una respuesta completa y explicativa sobre la metodología de evaluación práctica del curso Análisis de Datos en Ciberseguridad de la Maestría en Ciberseguridad debido a la",MC1006-Políticas y Gobernanza en Ciberseguridad.txt;MC1001-Análisis de datos en ciberseguridad.txt;MC1003-Seguridad y Criptografía.txt;MC3010-Cibercrimen.txt;MC3010-Cibercrimen.txt,7.98,Análisis de Datos en Ciberseguridad,MC1001,
llama3.1-8b-f16,open_ended,¿Qué técnicas de minería de datos se aplican específicamente para el procesamiento en tiempo real?,"En el curso Análisis de Datos en Ciberseguridad de la Maestría en Ciberseguridad, ¿Qué técnicas de minería de datos se aplican específicamente para el procesamiento en tiempo real?

Da una respuesta completa y explicativa.","Se estudian los filtros de Bloom, hashes localmente sensibles y árboles de Hoeffding.","Según el contexto proporcionado, en el curso Análisis de Datos en Ciberseguridad de la Maestría en Ciberseguridad, se menciona que se estudiarán técnicas de minería de datos en tiempo real (data stream mining). 

Entre las técnicas específicas mencionadas para el procesamiento en tiempo real se encuentran:

- Identificación de información relevante
- Filtros de Bloom
- Hashes localmente sensibles (LSH)
- Árboles de Hoeffding

Estas técnicas se utilizan para procesar grandes cantidades de datos en tiempo real, lo que es esencial en la ciberseguridad para detectar amenazas y responder a incidentes de manera eficiente.",MC1001-Análisis de datos en ciberseguridad.txt;MC1001-Análisis de datos en ciberseguridad.txt;MC1006-Políticas y Gobernanza en Ciberseguridad.txt;MC1003-Seguridad y Criptografía.txt;MC1006-Políticas y Gobernanza en Ciberseguridad.txt,4.47,Análisis de Datos en Ciberseguridad,MC1001,
llama3.1-8b-f16,open_ended,¿Qué rol desempeña la criptografía en la infraestructura de Internet actual?,"En el curso Seguridad y Criptografía de la Maestría en Ciberseguridad, ¿Qué rol desempeña la criptografía en la infraestructura de Internet actual?

Da una respuesta completa y explicativa.","Actúa como el medio para asegurar la confidencialidad, autenticidad e integridad de las comunicaciones y los datos almacenados.","No tengo suficiente información en el contexto proporcionado para responder a la pregunta de manera completa y explicativa. El contexto proporcionado solo menciona el curso Seguridad y Criptografía de la Maestría en Ciberseguridad, pero no proporciona información específica sobre el rol de la criptografía en la infraestructura de Internet actual.",MC1006-Políticas y Gobernanza en Ciberseguridad.txt;MC1001-Análisis de datos en ciberseguridad.txt;MC1006-Políticas y Gobernanza en Ciberseguridad.txt;MC1003-Seguridad y Criptografía.txt;MC3001-Seguridad de Software Avanzado.txt,2.35,Seguridad y Criptografía,MC1003,
llama3.1-8b-f16,open_ended,¿Qué aspectos avanzados de la matemática se exploran para entender los cifrados modernos?,"En el curso Seguridad y Criptografía de la Maestría en Ciberseguridad, ¿Qué aspectos avanzados de la matemática se exploran para entender los cifrados modernos?

Da una respuesta completa y explicativa.","El estudio de curvas elípticas, ataques diferenciales y lineales, y el protocolo Diffie-Hellman.","No tengo suficiente información para responder a la pregunta. El contexto proporcionado no menciona el curso ""Seguridad y Criptografía"" de la Maestría en Ciberseguridad, por lo que no puedo proporcionar una respuesta precisa.",MC1001-Análisis de datos en ciberseguridad.txt;MC1006-Políticas y Gobernanza en Ciberseguridad.txt;MC6102-Análisis de Algoritmos.txt;MC1006-Políticas y Gobernanza en Ciberseguridad.txt;MC7201-Introducción a la Investigación.txt,1.72,Seguridad y Criptografía,MC1003,
llama3.1-8b-f16,open_ended,¿Qué diferencias conceptuales se analizan entre las primitivas de criptografía simétrica y asimétrica?,"En el curso Seguridad y Criptografía de la Maestría en Ciberseguridad, ¿Qué diferencias conceptuales se analizan entre las primitivas de criptografía simétrica y asimétrica?

Da una respuesta completa y explicativa.","Se estudia el rol de las funciones hash, las firmas digitales y la infraestructura de llave pública y privada (PKI).","Según el contexto proporcionado, en el curso Seguridad y Criptografía de la Maestría en Ciberseguridad, se analiza el rol de las primitivas criptográficas, incluyendo las diferencias entre la criptografía simétrica y asimétrica. 

La criptografía simétrica utiliza la misma clave para cifrar y descifrar los datos, mientras que la criptografía asimétrica utiliza una clave pública para cifrar y una clave privada para descifrar. 

En el curso, se estudian los siguientes conceptos relacionados con la criptografía simétrica y asimétrica:

- Cifrado Simétrico: se estudian los conceptos de probabilidad y cifrado, entropía, stream cyphers, block cyphers y funciones de hash.
- Cifrado Asimétrico: se estudian los conceptos de criptografía llave pública, RSA, curvas elípticas, firmas digitales, algoritmo de Diffie-Hellman e infraestructura de llave pública (PKI).

En resumen, en el curso Seguridad y Criptografía, se analiza la diferencia conceptual entre la criptografía simétrica, que utiliza la misma clave para cifrar y descifrar, y la criptograf",MC1001-Análisis de datos en ciberseguridad.txt;MC1006-Políticas y Gobernanza en Ciberseguridad.txt;MC1006-Políticas y Gobernanza en Ciberseguridad.txt;MC3001-Seguridad de Software Avanzado.txt;MC1003-Seguridad y Criptografía.txt,8.08,Seguridad y Criptografía,MC1003,
llama3.1-8b-f16,open_ended,¿Sobre qué tendencias futuras en el campo de la seguridad se discute en clase?,"En el curso Seguridad y Criptografía de la Maestría en Ciberseguridad, ¿Sobre qué tendencias futuras en el campo de la seguridad se discute en clase?

Da una respuesta completa y explicativa.",Sobre los avances y desafíos que presenta la criptografía cuántica.,"Según el contexto proporcionado, en el curso Seguridad y Criptografía de la Maestría en Ciberseguridad, se discute sobre tendencias en el campo de la criptografía cuántica.",MC1006-Políticas y Gobernanza en Ciberseguridad.txt;MC1006-Políticas y Gobernanza en Ciberseguridad.txt;MC1003-Seguridad y Criptografía.txt;MC3001-Seguridad de Software Avanzado.txt;MC3010-Cibercrimen.txt,1.65,Seguridad y Criptografía,MC1003,
llama3.1-8b-f16,open_ended,¿Qué elementos históricos sirven de base para comprender la evolución del cifrado?,"En el curso Seguridad y Criptografía de la Maestría en Ciberseguridad, ¿Qué elementos históricos sirven de base para comprender la evolución del cifrado?

Da una respuesta completa y explicativa.","El estudio del Cifrado César, la máquina Enigma y el cifrado por permutación, entre otros.","En el curso Seguridad y Criptografía de la Maestría en Ciberseguridad, se estudian los elementos históricos que sirven de base para comprender la evolución del cifrado. Algunos de los elementos históricos mencionados en el curso son:

1. **Cifrado César**: Es un método de cifrado simple que consiste en desplazar cada letra de un texto original por un número fijo de posiciones en el alfabeto. Este método fue utilizado por Julio César para enviar mensajes secretos a sus generales.

2. **Cifrado por sustitución**: Es un método de cifrado que consiste en reemplazar cada letra de un texto original por otra letra diferente. Este método fue utilizado en la antigüedad y se considera uno de los primeros métodos de cifrado.

3. **Cifrado Vigènere**: Es un método de cifrado que consiste en utilizar una tabla de sustitución que varía según la posición de la letra en el texto. Este método fue inventado por Leon Battista Alberti en el siglo XV y se considera uno de los primeros métodos de cifrado polialfabético.

4. **Cifrado por permutación**: Es un método de cifrado que consiste en reorganizar las letras de un texto original en un orden diferente. Este método fue utilizado en la antig",MC1006-Políticas y Gobernanza en Ciberseguridad.txt;MC1006-Políticas y Gobernanza en Ciberseguridad.txt;MC1001-Análisis de datos en ciberseguridad.txt;MC1003-Seguridad y Criptografía.txt;MC3001-Seguridad de Software Avanzado.txt,8.11,Seguridad y Criptografía,MC1003,
llama3.1-8b-f16,open_ended,¿Cómo se estructura el sistema de evaluación del aprendizaje en esta materia?,"En el curso Seguridad y Criptografía de la Maestría en Ciberseguridad, ¿Cómo se estructura el sistema de evaluación del aprendizaje en esta materia?

Da una respuesta completa y explicativa.","Se compone de tareas para asimilación de materia (50%), laboratorios prácticos (20%) y un examen final (30%).","Según el documento ""MC1003-Seguridad y Criptografía.txt"", el sistema de evaluación del aprendizaje en el curso de Seguridad y Criptografía de la Maestría en Ciberseguridad se estructura en tres componentes principales:

1. **Tareas**: Representan el 50% de la evaluación y están diseñadas para que los estudiantes logren asimilar la materia vista en clase. Estas tareas pueden incluir ejercicios, problemas resueltos, análisis de casos, entre otros.
2. **Laboratorios**: Representan el 50% de la evaluación y están diseñados para que los estudiantes apliquen los conceptos teóricos aprendidos en la práctica. Los laboratorios pueden incluir la implementación de algoritmos criptográficos, la simulación de ataques y defensas, entre otros.
3. **Examen final**: Representa el 100% de la evaluación restante y está diseñado para evaluar la comprensión y aplicación de los conceptos criptográficos aprendidos durante el curso.

En resumen, el sistema de evaluación del aprendizaje en el curso de Seguridad y Criptografía de la Maestría en Ciberseguridad se enfoca en evaluar la comprensión y aplicación de los conceptos criptográficos a través de tareas, laboratorios",MC1006-Políticas y Gobernanza en Ciberseguridad.txt;MC1001-Análisis de datos en ciberseguridad.txt;MC1003-Seguridad y Criptografía.txt;MC1006-Políticas y Gobernanza en Ciberseguridad.txt;MC3001-Seguridad de Software Avanzado.txt,8.11,Seguridad y Criptografía,MC1003,
llama3.1-8b-f16,open_ended,¿Por qué es fundamental la gestión de procesos ante la vulnerabilidad tecnológica de los negocios?,"En el curso Políticas y Gobernanza en Ciberseguridad de la Maestría en Ciberseguridad, ¿Por qué es fundamental la gestión de procesos ante la vulnerabilidad tecnológica de los negocios?

Da una respuesta completa y explicativa.","Porque permite minimizar riesgos y amenazas de manera efectiva, asegurando la continuidad del negocio y el ahorro en costos.","No tengo suficiente información en el contexto proporcionado para responder a la pregunta de manera completa y explicativa. La pregunta parece estar relacionada con el curso Políticas y Gobernanza en Ciberseguridad de la Maestría en Ciberseguridad, pero no hay información en el contexto que explique por qué es fundamental la gestión de procesos ante la vulnerabilidad tecnológica de los negocios.",MC1006-Políticas y Gobernanza en Ciberseguridad.txt;MC1006-Políticas y Gobernanza en Ciberseguridad.txt;MC1101-Sistemas Estratégicos Empresariales.txt;MC1103-Gerencia de tecnología de información.txt;MC1001-Análisis de datos en ciberseguridad.txt,2.64,Políticas y Gobernanza en Ciberseguridad,MC1006,
llama3.1-8b-f16,open_ended,¿Qué áreas de especialización se utilizan como marco de referencia para el conocimiento en este curso?,"En el curso Políticas y Gobernanza en Ciberseguridad de la Maestría en Ciberseguridad, ¿Qué áreas de especialización se utilizan como marco de referencia para el conocimiento en este curso?

Da una respuesta completa y explicativa.",El Framework NICE y las áreas de conocimiento en ciberseguridad según la ACM.,"Según el contexto proporcionado, en el curso Políticas y Gobernanza en Ciberseguridad de la Maestría en Ciberseguridad, se utilizan las áreas de especialización en Ciberseguridad según el Framework NICE como marco de referencia para el conocimiento en este curso.",MC1006-Políticas y Gobernanza en Ciberseguridad.txt;MC1006-Políticas y Gobernanza en Ciberseguridad.txt;MC3010-Cibercrimen.txt;MC1003-Seguridad y Criptografía.txt;MC1001-Análisis de datos en ciberseguridad.txt,2.11,Políticas y Gobernanza en Ciberseguridad,MC1006,
llama3.1-8b-f16,open_ended,¿Cómo se aborda el diagnóstico del riesgo organizacional en este programa?,"En el curso Políticas y Gobernanza en Ciberseguridad de la Maestría en Ciberseguridad, ¿Cómo se aborda el diagnóstico del riesgo organizacional en este programa?

Da una respuesta completa y explicativa.",Mediante el uso de métricas de seguridad para la toma de decisiones estratégicas y modelos de evaluación de riesgo.,"En el curso Políticas y Gobernanza en Ciberseguridad de la Maestría en Ciberseguridad, el diagnóstico del riesgo organizacional es abordado a través de varios contenidos y objetivos específicos. A continuación, se presentan algunos de los aspectos clave relacionados con el diagnóstico del riesgo organizacional en este curso:

1. **Mecanismos para la evaluación del Riesgo en Ciberseguridad**: En este contenido, se presentan los modelos y metodologías de evaluación y medición de riesgo, así como la identificación de riesgos y la evaluación de la probabilidad y el impacto de los riesgos.
2. **Identificación de Riesgo**: En este contenido, se aborda la importancia de la identificación de riesgos en la organización, incluyendo la identificación de amenazas internas y externas, y la evaluación de la probabilidad y el impacto de los riesgos.
3. **Modelos y metodologías de evaluación y medición de riesgo**: En este contenido, se presentan los modelos y metodologías de evaluación y medición de riesgo, incluyendo la matriz de riesgo, el análisis de sensibilidad y la evaluación de la probabilidad y el impacto de los riesgos.
4. **Análisis y Aseguramiento",MC1006-Políticas y Gobernanza en Ciberseguridad.txt;MC1006-Políticas y Gobernanza en Ciberseguridad.txt;MC1001-Análisis de datos en ciberseguridad.txt;MC3001-Seguridad de Software Avanzado.txt;MC1003-Seguridad y Criptografía.txt,8.11,Políticas y Gobernanza en Ciberseguridad,MC1006,
llama3.1-8b-f16,open_ended,"¿Qué importancia tiene el principio de ""Seguridad por diseño"" en el ciclo de vida del software?","En el curso Políticas y Gobernanza en Ciberseguridad de la Maestría en Ciberseguridad, ¿Qué importancia tiene el principio de ""Seguridad por diseño"" en el ciclo de vida del software?

Da una respuesta completa y explicativa.",Es un criterio clave para el aprovisionamiento de soluciones tecnológicas seguras y la planificación de requerimientos.,"No tengo suficiente información en el contexto proporcionado para responder a la pregunta de manera completa y explicativa. El principio de ""Seguridad por diseño"" se menciona en el curso MC3001-Seguridad de Software Avanzado, pero no en el curso Políticas y Gobernanza en Ciberseguridad. Por lo tanto, no puedo proporcionar una respuesta precisa a la pregunta.",MC1006-Políticas y Gobernanza en Ciberseguridad.txt;MC1006-Políticas y Gobernanza en Ciberseguridad.txt;MC3001-Seguridad de Software Avanzado.txt;MC1003-Seguridad y Criptografía.txt;MC1001-Análisis de datos en ciberseguridad.txt,2.58,Políticas y Gobernanza en Ciberseguridad,MC1006,
llama3.1-8b-f16,open_ended,¿Qué elementos legales se analizan respecto a la protección de datos en Costa Rica?,"En el curso Políticas y Gobernanza en Ciberseguridad de la Maestría en Ciberseguridad, ¿Qué elementos legales se analizan respecto a la protección de datos en Costa Rica?

Da una respuesta completa y explicativa.",La legislación sobre delitos informáticos y la Ley 8968 de Protección de los Datos.,"No tengo suficiente información en el contexto proporcionado para responder a la pregunta de manera completa y precisa. El contexto proporcionado menciona la Ley 8968 de Protección de los Datos, pero no proporciona detalles sobre la protección de datos en Costa Rica o la ley específica que se analiza en el curso. Sin embargo, puedo sugerir que la Ley 8968 de Protección de los Datos es una ley costarricense que regula la protección de datos personales y establece normas para la recopilación, almacenamiento y uso de datos personales en Costa Rica.",MC1006-Políticas y Gobernanza en Ciberseguridad.txt;MC1006-Políticas y Gobernanza en Ciberseguridad.txt;MC1001-Análisis de datos en ciberseguridad.txt;MC3001-Seguridad de Software Avanzado.txt;MC1003-Seguridad y Criptografía.txt,3.63,Políticas y Gobernanza en Ciberseguridad,MC1006,
llama3.1-8b-f16,open_ended,¿Cuál es el objetivo de integrar los KPI de ciberseguridad con la visión de la empresa?,"En el curso Políticas y Gobernanza en Ciberseguridad de la Maestría en Ciberseguridad, ¿Cuál es el objetivo de integrar los KPI de ciberseguridad con la visión de la empresa?

Da una respuesta completa y explicativa.",Lograr una alineación estratégica que permita gestionar el portafolio de proyectos de seguridad según la misión organizacional.,"Según el contexto proporcionado, el objetivo de integrar los KPI de ciberseguridad con la visión de la empresa es definir políticas en ciberseguridad y definir programas y proyectos de iniciativas estratégicas en Ciberseguridad. Esto se menciona en el apartado ""Planeamiento Estratégico en Ciberseguridad"" del curso Políticas y Gobernanza en Ciberseguridad.

En específico, el objetivo es ""Alineación de KPI de ciberseguridad a la misión y visión de la organización"", lo que implica que la integración de los KPI de ciberseguridad con la visión de la empresa tiene como objetivo asegurar que las políticas y programas de ciberseguridad estén alineados con los objetivos y metas de la organización, y que contribuyan a la consecución de la misión y visión de la empresa.

Esta alineación es importante porque permite a la organización priorizar y enfocar sus esfuerzos en la ciberseguridad en áreas que sean críticas para su negocio y que contribuyan a la consecución de sus objetivos. De esta manera, la integración de los KPI de ciberseguridad con la visión de la empresa ayuda a asegurar que la ciberseguridad sea una parte integral de la estrategia y la toma de decision",MC1006-Políticas y Gobernanza en Ciberseguridad.txt;MC1006-Políticas y Gobernanza en Ciberseguridad.txt;MC1001-Análisis de datos en ciberseguridad.txt;MC1101-Sistemas Estratégicos Empresariales.txt;MC1003-Seguridad y Criptografía.txt,8.11,Políticas y Gobernanza en Ciberseguridad,MC1006,
llama3.1-8b-f16,open_ended,¿Desde qué perspectiva se analizan vulnerabilidades como el Buffer Overflow?,"En el curso Seguridad de Software Avanzado de la Maestría en Ciberseguridad, ¿Desde qué perspectiva se analizan vulnerabilidades como el Buffer Overflow?

Da una respuesta completa y explicativa.",Desde una perspectiva avanzada que estudia vectores de ataque utilizados para violentar el software creado.,"Según el contexto proporcionado, en el curso Seguridad de Software Avanzado de la Maestría en Ciberseguridad, se analizan vulnerabilidades como el Buffer Overflow desde una perspectiva avanzada. 

En el apartado ""Vulnerabilidades comunes en Seguridad de Software"" del curso, se menciona específicamente el ""Desbordamiento de Buffers y de Integers"" como una de las vulnerabilidades que se estudian. 

Además, en el apartado ""Consideraciones para la seguridad del software"", se menciona que se analizarán ""Pruebas de penetración"" y ""Pruebas de Seguridad basadas en el riesgo"", lo que sugiere que se estudiarán métodos para identificar y evaluar vulnerabilidades en el software, incluyendo el Buffer Overflow.

Por lo tanto, se puede concluir que en el curso Seguridad de Software Avanzado de la Maestría en Ciberseguridad, se analizan vulnerabilidades como el Buffer Overflow desde una perspectiva avanzada, incluyendo métodos de identificación y evaluación de vulnerabilidades, y consideraciones para la seguridad del software.",MC1006-Políticas y Gobernanza en Ciberseguridad.txt;MC1001-Análisis de datos en ciberseguridad.txt;MC3001-Seguridad de Software Avanzado.txt;MC1006-Políticas y Gobernanza en Ciberseguridad.txt;MC3001-Seguridad de Software Avanzado.txt,6.78,Seguridad de Software Avanzado,MC3001,
llama3.1-8b-f16,open_ended,¿Qué estrategias de defensa se consideran para prevenir ataques a las aplicaciones?,"En el curso Seguridad de Software Avanzado de la Maestría en Ciberseguridad, ¿Qué estrategias de defensa se consideran para prevenir ataques a las aplicaciones?

Da una respuesta completa y explicativa.","Técnicas de programación segura, modelado de vulnerabilidades y técnicas avanzadas de pruebas de seguridad.","Según el contexto proporcionado, en el curso Seguridad de Software Avanzado de la Maestría en Ciberseguridad, se consideran varias estrategias de defensa para prevenir ataques a las aplicaciones. Algunas de las estrategias mencionadas son:

1. **Modelos de Amenazas**: Se estudian los modelos de amenazas para identificar y comprender los posibles ataques que pueden afectar a las aplicaciones.
2. **Trusted Computing base**: Se analiza la base de confianza de los sistemas de computación para garantizar la seguridad y la integridad de los datos.
3. **Estándares de codificación para aseguramiento de fallos y estados por defecto**: Se estudian los estándares de codificación para prevenir errores y estados por defecto que pueden ser explotados por atacantes.
4. **El menor privilegio**: Se aplica el principio de ""el menor privilegio"" para limitar los permisos y acceso a los recursos y datos sensibles.
5. **Prevención de ataques a través de la validación de la entrada**: Se enfatiza la importancia de validar la entrada de datos para prevenir ataques como la inyección de código SQL o XSS.
6. **Tipado seguro**: Se estudia el tipado seguro para garantizar que los datos sean correctamente tipados y no se pued",MC1006-Políticas y Gobernanza en Ciberseguridad.txt;MC1006-Políticas y Gobernanza en Ciberseguridad.txt;MC3001-Seguridad de Software Avanzado.txt;MC1001-Análisis de datos en ciberseguridad.txt;MC1003-Seguridad y Criptografía.txt,8.11,Seguridad de Software Avanzado,MC3001,
llama3.1-8b-f16,open_ended,"¿Cómo influye el concepto de ""Seguridad por Diseño"" en el estudiante?","En el curso Seguridad de Software Avanzado de la Maestría en Ciberseguridad, ¿Cómo influye el concepto de ""Seguridad por Diseño"" en el estudiante?

Da una respuesta completa y explicativa.","Lo capacita para diseñar soluciones que garanticen la tríada de la seguridad (confidencialidad, integridad y disponibilidad) desde el inicio del desarrollo.","Según el contexto proporcionado, en el curso Seguridad de Software Avanzado de la Maestría en Ciberseguridad, el concepto de ""Seguridad por Diseño"" es abordado al final del curso. El objetivo general del curso es que el estudiante esté en capacidad de diseñar soluciones de Software Seguro a través de mecanismos conocidos como Seguridad desde el Diseño, con el objetivo de garantizar la confidencialidad, integridad y disponibilidad de los datos en las aplicaciones.

En particular, el curso analiza el impacto de la ""Seguridad por Diseño"" en el proceso de desarrollo de software, lo que implica que el estudiante debe considerar la seguridad desde el diseño y a lo largo de todo el ciclo de desarrollo de software. Esto sugiere que el concepto de ""Seguridad por Diseño"" influye en el estudiante de la siguiente manera:

* El estudiante debe considerar la seguridad como un aspecto fundamental en el diseño y desarrollo de software, lo que requiere una comprensión profunda de las vulnerabilidades y vectores de ataque que pueden afectar la seguridad del software.
* El estudiante debe evaluar las estrategias de defensa que pueden prevenir o mitigar ataques hacia el software, lo que implica considerar la seguridad como un aspecto integral del proceso de desarrollo de software.
* El estudiante debe",MC3001-Seguridad de Software Avanzado.txt;MC1006-Políticas y Gobernanza en Ciberseguridad.txt;MC1003-Seguridad y Criptografía.txt;MC1006-Políticas y Gobernanza en Ciberseguridad.txt;MC3010-Cibercrimen.txt,8.12,Seguridad de Software Avanzado,MC3001,
llama3.1-8b-f16,open_ended,¿Qué temas abarca la administración de riesgo aplicada específicamente al software?,"En el curso Seguridad de Software Avanzado de la Maestría en Ciberseguridad, ¿Qué temas abarca la administración de riesgo aplicada específicamente al software?

Da una respuesta completa y explicativa.","Identificación de riesgos técnicos y de negocio, priorización de riesgos y validación de correcciones.","Según el contexto proporcionado, en el curso Seguridad de Software Avanzado de la Maestría en Ciberseguridad, la administración de riesgo aplicada al software se aborda en el contenido ""Administración de Riesgo Aplicado a la Seguridad del Software"". Este contenido se describe como sigue:

- Comprendiendo el contexto del negocio
- Identificando los riesgos técnicos y de negocio
- Sintetizado y priorización del riesgo
- Definición de estrategias de mitigación
- Creación de Correcciones y Validación

En este contenido, se enfoca en la aplicación de la administración de riesgo para identificar, priorizar y mitigar los riesgos técnicos y de negocio asociados con la seguridad del software. Esto incluye comprender el contexto del negocio, identificar los riesgos, sintetizar y priorizar los riesgos, definir estrategias de mitigación y crear correcciones y validarlas.",MC1006-Políticas y Gobernanza en Ciberseguridad.txt;MC1006-Políticas y Gobernanza en Ciberseguridad.txt;MC3001-Seguridad de Software Avanzado.txt;MC1001-Análisis de datos en ciberseguridad.txt;MC1003-Seguridad y Criptografía.txt,5.81,Seguridad de Software Avanzado,MC3001,
llama3.1-8b-f16,open_ended,¿Qué se entiende por seguridad basada en el lenguaje de programación en este contexto?,"En el curso Seguridad de Software Avanzado de la Maestría en Ciberseguridad, ¿Qué se entiende por seguridad basada en el lenguaje de programación en este contexto?

Da una respuesta completa y explicativa.","El estudio del tipado seguro, el aseguramiento de memoria y el control de acceso en ambientes abiertos.","En el curso Seguridad de Software Avanzado de la Maestría en Ciberseguridad, la seguridad basada en el lenguaje de programación se refiere a la aplicación de principios y técnicas de seguridad en el diseño y desarrollo de software, utilizando las características y características del lenguaje de programación para prevenir y mitigar ataques y vulnerabilidades.

En este contexto, la seguridad basada en el lenguaje de programación se enfoca en la utilización de características del lenguaje, como el tipado seguro, la type soundness, el aseguramiento de memoria, el control de acceso, la autenticación por contraseñas, el control de acceso clásico a bases de datos, el RBAC (Control de Acceso Basado en Roles), el control de acceso en ambientes abiertos y nuevos mecanismos de autenticación e identificación.

Estas características del lenguaje de programación se utilizan para diseñar software seguro, que sea capaz de prevenir y mitigar ataques y vulnerabilidades, como el desbordamiento de buffers, la inyección de código, la exposición de información y otros tipos de ataques.

La seguridad basada en el lenguaje de programación es una forma de seguridad por diseño, que se enfoca en la integración de principios y técnicas de seguridad en el diseño y desarrollo del software, desde",MC1006-Políticas y Gobernanza en Ciberseguridad.txt;MC1006-Políticas y Gobernanza en Ciberseguridad.txt;MC3001-Seguridad de Software Avanzado.txt;MC3001-Seguridad de Software Avanzado.txt;MC1001-Análisis de datos en ciberseguridad.txt,8.09,Seguridad de Software Avanzado,MC3001,
llama3.1-8b-f16,open_ended,¿Cómo se aplican las técnicas de análisis estático para mejorar la calidad del código?,"En el curso Seguridad de Software Avanzado de la Maestría en Ciberseguridad, ¿Cómo se aplican las técnicas de análisis estático para mejorar la calidad del código?

Da una respuesta completa y explicativa.","Mediante el análisis de flujo de datos, la ejecución simbólica y la ofuscación.","No tengo suficiente información en el contexto proporcionado para responder a la pregunta de cómo se aplican las técnicas de análisis estático para mejorar la calidad del código en el curso Seguridad de Software Avanzado de la Maestría en Ciberseguridad. El contexto proporcionado menciona que el curso cubre temas como la seguridad basada en el lenguaje de programación, técnicas de análisis estático de código, consideraciones para la seguridad del software, entre otros, pero no proporciona detalles específicos sobre cómo se aplican las técnicas de análisis estático para mejorar la calidad del código.",MC1001-Análisis de datos en ciberseguridad.txt;MC3001-Seguridad de Software Avanzado.txt;MC3001-Seguridad de Software Avanzado.txt;MC1003-Seguridad y Criptografía.txt;MC1006-Políticas y Gobernanza en Ciberseguridad.txt,3.8,Seguridad de Software Avanzado,MC3001,
llama3.1-8b-f16,open_ended,¿Por qué el cibercrimen se estudia también desde la perspectiva de las ciencias sociales?,"En el curso Cibercrimen de la Maestría en Ciberseguridad, ¿Por qué el cibercrimen se estudia también desde la perspectiva de las ciencias sociales?

Da una respuesta completa y explicativa.","Porque muchos problemas, como el phishing, ocurren por motivadores conductuales y debilidades en el comportamiento humano, no solo por fallas técnicas.","Según el contexto proporcionado, el cibercrimen se estudia también desde la perspectiva de las ciencias sociales porque muchos de los problemas relacionados con la ciberseguridad no son necesariamente del área técnica, sino que se pueden analizar desde una perspectiva de ciencias sociales y legal. Por ejemplo, el phishing ocurre debido a que las personas típicamente forman parte del eslabón más débil, donde la relación de costo-beneficio para un atacante es muy atractiva, y por otro lado la legislación dificulta el abordaje de los problemas desde una perspectiva transnacional.

En otras palabras, el curso Cibercrimen busca entender las motivaciones y comportamientos de los individuos involucrados en actos de cibercrimen, así como las perspectivas legales y sociales que rodean estos actos. Esto se logra a través del estudio de diferentes teorías y conceptos de las ciencias sociales, como la psicología, la economía conductual y la teoría del crimen, para potenciar la identificación de amenazas y su naturaleza.

Al estudiar el cibercrimen desde la perspectiva de las ciencias sociales, los estudiantes pueden obtener una comprensión más completa de los factores que contribuyen a la ocurrencia de estos actos, y desarrollar estrateg",MC3010-Cibercrimen.txt;MC1006-Políticas y Gobernanza en Ciberseguridad.txt;MC1006-Políticas y Gobernanza en Ciberseguridad.txt;MC1001-Análisis de datos en ciberseguridad.txt;MC3010-Cibercrimen.txt,7.97,Cibercrimen,MC3010,
llama3.1-8b-f16,open_ended,¿Qué objetivos persiguen los criminales al manipular a usuarios legítimos?,"En el curso Cibercrimen de la Maestría en Ciberseguridad, ¿Qué objetivos persiguen los criminales al manipular a usuarios legítimos?

Da una respuesta completa y explicativa.","Obtener información confidencial mediante ingeniería social, espionaje industrial e investigación de recopilación de datos.","No tengo suficiente información en el contexto proporcionado para responder a la pregunta de manera completa y explicativa. Sin embargo, puedo inferir que los objetivos de los criminales al manipular a usuarios legítimos pueden estar relacionados con la obtención de información confidencial, como contraseñas, números de tarjeta de crédito, etc. Esto se menciona en la descripción general del curso, donde se indica que el objetivo del curso es proteger sistemas evaluando distintos escenarios de phishing, vishing, espionaje industrial, entre otros.",MC1001-Análisis de datos en ciberseguridad.txt;MC1006-Políticas y Gobernanza en Ciberseguridad.txt;MC1006-Políticas y Gobernanza en Ciberseguridad.txt;MC3010-Cibercrimen.txt;MC3010-Cibercrimen.txt,3.38,Cibercrimen,MC3010,
llama3.1-8b-f16,open_ended,¿Cómo ayudan los motivadores sociales a identificar la naturaleza de las amenazas?,"En el curso Cibercrimen de la Maestría en Ciberseguridad, ¿Cómo ayudan los motivadores sociales a identificar la naturaleza de las amenazas?

Da una respuesta completa y explicativa.",Permiten valorar las acciones de los individuos y potenciar la identificación temprana de actos delictivos.,"No tengo suficiente información para responder a la pregunta. La información proporcionada sobre el curso Cibercrimen de la Maestría en Ciberseguridad se limita a la descripción del curso, la metodología de enseñanza y aprendizaje, la evaluación y la bibliografía. No se menciona específicamente cómo ayudan los motivadores sociales a identificar la naturaleza de las amenazas.",MC1006-Políticas y Gobernanza en Ciberseguridad.txt;MC1006-Políticas y Gobernanza en Ciberseguridad.txt;MC1001-Análisis de datos en ciberseguridad.txt;MC3010-Cibercrimen.txt;MC3001-Seguridad de Software Avanzado.txt,2.64,Cibercrimen,MC3010,
llama3.1-8b-f16,open_ended,¿Qué métodos de investigación social se aplican para entender el fenómeno criminal?,"En el curso Cibercrimen de la Maestría en Ciberseguridad, ¿Qué métodos de investigación social se aplican para entender el fenómeno criminal?

Da una respuesta completa y explicativa.","La teorización, el diseño experimental, la validación de hipótesis y el análisis de datos con SPSS.","No tengo suficiente información para responder a la pregunta. El contexto proporcionado no menciona métodos de investigación social específicos para entender el fenómeno criminal en el curso de Cibercrimen de la Maestría en Ciberseguridad. Sin embargo, se menciona que la evaluación del curso incluye una investigación social aplicada en el contexto del cibercrimen, pero no se proporcionan detalles sobre los métodos de investigación específicos que se aplican.",MC3010-Cibercrimen.txt;MC1006-Políticas y Gobernanza en Ciberseguridad.txt;MC1006-Políticas y Gobernanza en Ciberseguridad.txt;MC1001-Análisis de datos en ciberseguridad.txt;MC1103-Gerencia de tecnología de información.txt,2.92,Cibercrimen,MC3010,
llama3.1-8b-f16,open_ended,"¿Qué aspectos analiza la ""Ciencia del Crimen"" respecto a los actos delictivos?","En el curso Cibercrimen de la Maestría en Ciberseguridad, ¿Qué aspectos analiza la ""Ciencia del Crimen"" respecto a los actos delictivos?

Da una respuesta completa y explicativa.","La elección racional del criminal, las actividades de rutina y los estudios de victimización y autoreporte.","Según el contenido del curso MC3010-Cibercrimen, la ""Ciencia del Crimen"" se refiere a la investigación y análisis de los actos delictivos desde una perspectiva científica. En este contexto, la Ciencia del Crimen analiza los siguientes aspectos:

1. **Orígenes del Crimen**: Se examinan las causas y factores que contribuyen al surgimiento del crimen, incluyendo la elección racional, las actividades de rutina y los estudios de autoreporte.
2. **Elección racional**: Se analiza cómo los individuos toman decisiones sobre participar en actividades delictivas, considerando la relación entre el costo y el beneficio.
3. **Actividades de Rutina**: Se estudian las patrones y comportamientos de los individuos que participan en actividades delictivas, incluyendo la frecuencia y la intensidad de sus acciones.
4. **Estudios de autoreporte**: Se examinan los informes y testimonios de los individuos que participan en actividades delictivas, para comprender sus motivaciones y comportamientos.
5. **Estudios de Victimización**: Se analiza cómo las víctimas de delitos son seleccionadas y cómo se les afecta.
6. **Registros policiales**: Se examinan los datos y registros de los delitos reportados a la policía,",MC3010-Cibercrimen.txt;MC1006-Políticas y Gobernanza en Ciberseguridad.txt;MC1006-Políticas y Gobernanza en Ciberseguridad.txt;MC1001-Análisis de datos en ciberseguridad.txt;MC3010-Cibercrimen.txt,7.98,Cibercrimen,MC3010,
llama3.1-8b-f16,open_ended,¿En qué consiste la teoría de prevención del crimen en situación según el curso?,"En el curso Cibercrimen de la Maestría en Ciberseguridad, ¿En qué consiste la teoría de prevención del crimen en situación según el curso?

Da una respuesta completa y explicativa.","Analiza la oportunidad del crimen, el triángulo del crimen y el desplazamiento del beneficio delictivo.","Según el curso Cibercrimen de la Maestría en Ciberseguridad, la teoría de prevención del crimen en situación se refiere a la idea de que el crimen se puede prevenir mediante la comprensión de las oportunidades y los factores que contribuyen a su comisión. Esta teoría se basa en el concepto del ""triángulo del crimen"", que se compone de tres elementos clave:

1. Oportunidad: La oportunidad se refiere a la presencia de condiciones favorables para que el crimen se cometa. Esto puede incluir la presencia de víctimas, la ausencia de vigilancia o la presencia de herramientas o recursos para cometer el crimen.
2. Deseo: El deseo se refiere a la motivación o el impulso para cometer el crimen. Esto puede incluir factores como la necesidad de dinero, la búsqueda de poder o la satisfacción de una necesidad psicológica.
3. Capacidad: La capacidad se refiere a la habilidad o la capacidad para cometer el crimen. Esto puede incluir factores como la presencia de habilidades o conocimientos específicos, la disponibilidad de recursos o la presencia de una red de apoyo.

La teoría de prevención del crimen en situación sugiere que al reducir o eliminar uno de estos elementos, se",MC3010-Cibercrimen.txt;MC1006-Políticas y Gobernanza en Ciberseguridad.txt;MC1006-Políticas y Gobernanza en Ciberseguridad.txt;MC1001-Análisis de datos en ciberseguridad.txt;MC3010-Cibercrimen.txt,7.97,Cibercrimen,MC3010,
llama3.1-8b-f16,open_ended,¿Cómo se articulan las TI con la propuesta de valor de un negocio?,"En el curso Sistemas Estratégicos Empresariales de la Maestría en Gerencia de Tecnologías de la Información, ¿Cómo se articulan las TI con la propuesta de valor de un negocio?

Da una respuesta completa y explicativa.",Se integran coherentemente dentro de un sistema de actividades para fortalecer la posición estratégica de la empresa.,"No tengo suficiente información en el contexto proporcionado para responder a la pregunta de manera completa y explicativa. Sin embargo, puedo hacer una suposición basada en el contenido del curso ""Sistemas Estratégicos Empresariales"" y otros cursos relacionados.

En el curso ""Sistemas Estratégicos Empresariales"", se menciona la importancia de la propuesta de valor en la estrategia empresarial y la creación de un sistema de actividades en función de la propuesta de valor. También se menciona la creación de un sistema de valor y la importancia de la cadena de valor en la estrategia empresarial.

En el curso ""Planificación Estratégica de la empresa"", se menciona la importancia de la visión del negocio y sus procesos en la planificación estratégica de la empresa, lo que sugiere que las TI deben estar alineadas con la visión y los objetivos del negocio.

En el curso ""Administración y estrategia de proyectos I"", se menciona la importancia de la gestión de proyectos en la implementación de la estrategia empresarial, lo que sugiere que las TI deben estar integradas en la gestión de proyectos para apoyar la implementación de la estrategia.

En resumen, aunque no tengo suficiente información para responder a la pregunta de manera completa y explicativa, puedo hacer una suposición basada en el",MC1101-Sistemas Estratégicos Empresariales.txt;MC2301-Planificación estratégica de tecnología de información.txt;MC1103-Gerencia de tecnología de información.txt;MC1203-Administración y estrategia de proyectos I.txt;MC1201-Administración financiera de tecnología de información.txt,8.09,Sistemas Estratégicos Empresariales,MC1101,
llama3.1-8b-f16,open_ended,¿Qué tipos de sistemas de información se estudian como referentes de manejo interno y externo?,"En el curso Sistemas Estratégicos Empresariales de la Maestría en Gerencia de Tecnologías de la Información, ¿Qué tipos de sistemas de información se estudian como referentes de manejo interno y externo?

Da una respuesta completa y explicativa.","Los sistemas ERP, CRM y SCM.","En el curso Sistemas Estratégicos Empresariales de la Maestría en Gerencia de Tecnologías de la Información, se estudian varios tipos de sistemas de información como referentes de manejo interno y externo. A continuación, se presentan algunos de los sistemas de información que se mencionan en el contexto del curso:

1. **Sistemas de planificación de recursos empresariales**: Se enfocan en la perspectiva de la cadena de valor y permiten a las empresas gestionar sus recursos de manera eficiente y efectiva.
2. **Sistemas de administración de la cadena de abastecimiento**: Se centran en la perspectiva del sistema de valor y ayudan a las empresas a gestionar sus relaciones con los proveedores y a minimizar los costos de producción.
3. **Sistema de administración de relación con el cliente**: Se enfoca en la perspectiva del posicionamiento y creación de valor y permite a las empresas gestionar sus relaciones con los clientes de manera efectiva y satisfacer sus necesidades.
4. **Sistemas de administración del conocimiento**: Se centran en la perspectiva de las actividades de soporte en la cadena de valor y ayudan a las empresas a gestionar su conocimiento y a innovar de manera efectiva.

Además, se mencionan otros sistemas de información como:

* **Sistemas",MC1103-Gerencia de tecnología de información.txt;MC1103-Gerencia de tecnología de información.txt;MC2301-Planificación estratégica de tecnología de información.txt;MC1201-Administración financiera de tecnología de información.txt;MC1101-Sistemas Estratégicos Empresariales.txt,8.09,Sistemas Estratégicos Empresariales,MC1101,
llama3.1-8b-f16,open_ended,¿Qué fuerzas competitivas influyen en la dinámica de una industria según Michael Porter?,"En el curso Sistemas Estratégicos Empresariales de la Maestría en Gerencia de Tecnologías de la Información, ¿Qué fuerzas competitivas influyen en la dinámica de una industria según Michael Porter?

Da una respuesta completa y explicativa.","La amenaza de nuevos entrantes, el poder de compradores y proveedores, los sustitutos y la rivalidad entre competidores.","No tengo suficiente información en el contexto proporcionado para responder a la pregunta de manera completa y explicativa. El contexto proporcionado menciona a Michael Porter como una fuente de referencia, pero no se proporciona información específica sobre las fuerzas competitivas que influyen en la dinámica de una industria según su modelo. Sin embargo, se menciona que se analizarán algunos artículos de Michael Porter, como ""Five forces that shape the industry"" (2008) y ""What is strategy?"" (1999), pero no se proporciona información detallada sobre las fuerzas competitivas que se refieren.",MC1101-Sistemas Estratégicos Empresariales.txt;MC1101-Sistemas Estratégicos Empresariales.txt;MC1103-Gerencia de tecnología de información.txt;MC2301-Planificación estratégica de tecnología de información.txt;MC1103-Gerencia de tecnología de información.txt,3.62,Sistemas Estratégicos Empresariales,MC1101,
llama3.1-8b-f16,open_ended,¿Qué papel desempeña la investigación en la metodología de enseñanza de este curso?,"En el curso Sistemas Estratégicos Empresariales de la Maestría en Gerencia de Tecnologías de la Información, ¿Qué papel desempeña la investigación en la metodología de enseñanza de este curso?

Da una respuesta completa y explicativa.",Permite al estudiante profundizar en fundamentos y tendencias mediante la creación de un estado del arte de sistemas empresariales.,"No tengo suficiente información en el contexto proporcionado para determinar el papel específico que desempeña la investigación en la metodología de enseñanza del curso Sistemas Estratégicos Empresariales de la Maestría en Gerencia de Tecnologías de la Información. Sin embargo, se menciona que el curso tiene como objetivo desarrollar el conocimiento alrededor de la problemática asociada al uso de sistemas de información y tecnologías de información y comunicación en un contexto estratégico-empresarial, y que los estudiantes deben investigar sobre los fundamentos y tendencias de los sistemas empresariales estratégicos.

Además, se menciona que el curso tiene como parte de su formación en investigación que los estudiantes busquen y sinteticen referencias específicas en cada tipo de sistema, lo que sugiere que la investigación es un componente importante de la metodología de enseñanza del curso.

Sin embargo, no se proporciona información específica sobre cómo se integra la investigación en la metodología de enseñanza del curso, por lo que no puedo proporcionar una respuesta completa y explicativa.",MC1103-Gerencia de tecnología de información.txt;MC2301-Planificación estratégica de tecnología de información.txt;MC1103-Gerencia de tecnología de información.txt;MC1101-Sistemas Estratégicos Empresariales.txt;MC1101-Sistemas Estratégicos Empresariales.txt,6.34,Sistemas Estratégicos Empresariales,MC1101,
llama3.1-8b-f16,open_ended,¿Cómo se vincula el conocimiento teórico con la práctica real en este programa?,"En el curso Sistemas Estratégicos Empresariales de la Maestría en Gerencia de Tecnologías de la Información, ¿Cómo se vincula el conocimiento teórico con la práctica real en este programa?

Da una respuesta completa y explicativa.",A través de una investigación aplicada donde el estudiante enfrenta un problema real de una empresa utilizando los conocimientos adquiridos.,"En el curso Sistemas Estratégicos Empresariales de la Maestría en Gerencia de Tecnologías de la Información, el conocimiento teórico se vincula con la práctica real a través de la metodología de enseñanza y aprendizaje que se emplea en el curso.

Según el documento, la estrategia de enseñanza y aprendizaje se orienta en suministrar las bases teóricas y de conocimiento que permitan al estudiante reconocer una problemática asociada con los negocios de una empresa en la perspectiva de su creación, posicionamiento estratégico y capacidad de mantener una ventaja competitiva a partir de una propuesta de valor.

Para lograr esto, el curso se divide metodológicamente en cuatro componentes:

1. Exposiciones magistrales del profesor: introducción de conceptos, presentación de ejemplos y casos promoviendo la participación y creación de criterio del estudiante.
2. Investigación del estudiante: profundización de los conceptos del curso con sistemas empresariales mediante la creación de un estado del arte donde el estudiante deberá consultar fundamentos, tendencias recientes y referentes de la industria.
3. Exposición de casos: a partir de la teoría asimilada, el estudiante tendrá la oportunidad de identificar casos que pueden ser interesantes dentro",MC1103-Gerencia de tecnología de información.txt;MC1103-Gerencia de tecnología de información.txt;MC2301-Planificación estratégica de tecnología de información.txt;MC1101-Sistemas Estratégicos Empresariales.txt;MC2301-Planificación estratégica de tecnología de información.txt,7.93,Sistemas Estratégicos Empresariales,MC1101,
llama3.1-8b-f16,open_ended,¿Qué modelos complementarios a las fuerzas de Porter se analizan para el uso estratégico de TI?,"En el curso Sistemas Estratégicos Empresariales de la Maestría en Gerencia de Tecnologías de la Información, ¿Qué modelos complementarios a las fuerzas de Porter se analizan para el uso estratégico de TI?

Da una respuesta completa y explicativa.",El modelo basado en recursos (Resource Based View) y la competencia por capacidades.,"Según el contexto proporcionado, en el curso Sistemas Estratégicos Empresariales de la Maestría en Gerencia de Tecnologías de la Información, se analizan modelos complementarios a las fuerzas de Porter para el uso estratégico de TI, específicamente:

1. El Resource Based View (RBV): Este modelo enfoca en el uso estratégico de recursos y capacidades de la empresa para lograr una ventaja competitiva.
2. La Competencia por Capacidades: Este modelo se centra en la competencia entre empresas en términos de sus capacidades y habilidades para lograr una ventaja competitiva.

Además, se menciona que se complementan estas lecturas de modelos competitivos con otros modelos como el Resource Based View y Competencia por Capacidades enfocados en el uso estratégico de tecnologías de información.

Es importante destacar que estos modelos se utilizan para analizar y comprender cómo las empresas pueden utilizar las tecnologías de la información de manera estratégica para lograr una ventaja competitiva y mejorar su desempeño.",MC1103-Gerencia de tecnología de información.txt;MC2301-Planificación estratégica de tecnología de información.txt;MC1101-Sistemas Estratégicos Empresariales.txt;MC2301-Planificación estratégica de tecnología de información.txt;MC1101-Sistemas Estratégicos Empresariales.txt,6.21,Sistemas Estratégicos Empresariales,MC1101,
llama3.1-8b-f16,open_ended,¿Qué elementos componen el enfoque integrado del proceso de gestión de TI?,"En el curso Gerencia de Tecnología de Información de la Maestría en Gerencia de Tecnologías de la Información, ¿Qué elementos componen el enfoque integrado del proceso de gestión de TI?

Da una respuesta completa y explicativa.","La combinación de cuatro factores clave: personas, procesos, herramientas y proveedores.","No tengo suficiente información en el contexto proporcionado para responder a la pregunta de manera completa y explicativa. El contexto proporcionado se refiere a varios cursos de la Maestría en Gerencia de Tecnologías de la Información, pero no hay información específica sobre el enfoque integrado del proceso de gestión de TI en el curso Gerencia de Tecnología de Información.",MC1103-Gerencia de tecnología de información.txt;MC1103-Gerencia de tecnología de información.txt;MC1201-Administración financiera de tecnología de información.txt;MC2301-Planificación estratégica de tecnología de información.txt;MC1203-Administración y estrategia de proyectos I.txt,2.47,Gerencia de Tecnología de Información,MC1103,
llama3.1-8b-f16,open_ended,¿Cuáles son los equilibrios críticos que un líder de TI debe buscar permanentemente?,"En el curso Gerencia de Tecnología de Información de la Maestría en Gerencia de Tecnologías de la Información, ¿Cuáles son los equilibrios críticos que un líder de TI debe buscar permanentemente?

Da una respuesta completa y explicativa.","El balance entre innovación y gestión de riesgos, y entre ser agente de cambio y mantener la operación impecable.",No tengo suficiente información en el contexto proporcionado para determinar los equilibrios críticos que un líder de TI debe buscar permanentemente en el curso Gerencia de Tecnología de Información de la Maestría en Gerencia de Tecnologías de la Información.,MC1103-Gerencia de tecnología de información.txt;MC2301-Planificación estratégica de tecnología de información.txt;MC1101-Sistemas Estratégicos Empresariales.txt;MC1103-Gerencia de tecnología de información.txt;MC1006-Políticas y Gobernanza en Ciberseguridad.txt,1.81,Gerencia de Tecnología de Información,MC1103,
llama3.1-8b-f16,open_ended,¿Qué diferencia establece el curso entre administración y gobernanza de TI?,"En el curso Gerencia de Tecnología de Información de la Maestría en Gerencia de Tecnologías de la Información, ¿Qué diferencia establece el curso entre administración y gobernanza de TI?

Da una respuesta completa y explicativa.","Se analizan como conceptos distintos, estudiando la gobernanza a través de arquetipos y mecanismos de la matriz de Weill.","Según el contexto proporcionado, el curso Gerencia de Tecnología de Información de la Maestría en Gerencia de Tecnologías de la Información establece una diferencia entre administración y gobernanza de TI en el tema de ""Gobernanza de TI"".

En específico, el curso menciona que la gobernanza de TI es un concepto que se diferencia de la administración de TI. Aunque no se proporciona una definición explícita de la administración de TI, se puede inferir que se refiere a la gestión diaria de los recursos y procesos de TI, como la planificación, el control y la ejecución de proyectos.

Por otro lado, la gobernanza de TI se refiere a la estrategia y la estructura organizacional que guía la toma de decisiones y la gestión de los recursos de TI en la organización. Esto incluye la definición de políticas, procedimientos y estándares para la gestión de TI, así como la asignación de responsabilidades y recursos para la implementación de estos.

En otras palabras, la administración de TI se enfoca en la gestión operativa de los recursos de TI, mientras que la gobernanza de TI se enfoca en la estrategia y la estructura organizacional que guía la gestión de TI.

Es importante destacar que la diferencia entre administración",MC1103-Gerencia de tecnología de información.txt;MC1103-Gerencia de tecnología de información.txt;MC1006-Políticas y Gobernanza en Ciberseguridad.txt;MC1201-Administración financiera de tecnología de información.txt;MC1203-Administración y estrategia de proyectos I.txt,8.09,Gerencia de Tecnología de Información,MC1103,
llama3.1-8b-f16,open_ended,¿Qué modelos de tercerización de servicios se introducen en el contenido?,"En el curso Gerencia de Tecnología de Información de la Maestría en Gerencia de Tecnologías de la Información, ¿Qué modelos de tercerización de servicios se introducen en el contenido?

Da una respuesta completa y explicativa.","SaaS, IaaS y PaaS, junto con los factores críticos de éxito para su gestión.","Según el contenido del curso Gerencia de Tecnología de Información de la Maestría en Gerencia de Tecnologías de la Información, se introduce el concepto de TI liviano y se menciona una introducción a los modelos de tercerización de servicios de TI. Sin embargo, no se especifican los modelos de tercerización de servicios de TI en sí mismos.

En el contenido del curso, se menciona que se introducirá el concepto de TI liviano y se presentará una introducción a los modelos de tercerización de servicios de TI, pero no se proporciona información detallada sobre los modelos específicos que se abordarán en el curso.

Es posible que se aborden modelos de tercerización de servicios de TI como la tercerización de servicios de TI en la nube, la tercerización de servicios de TI en centros de datos, o la tercerización de servicios de TI en proveedores de servicios de TI, pero no se proporciona información específica sobre estos modelos en el contenido del curso.

En resumen, el curso Gerencia de Tecnología de Información de la Maestría en Gerencia de Tecnologías de la Información introduce el concepto de TI liviano y presenta una introducción a los modelos de tercerización de servicios de TI, pero no se proporciona información detallada sobre los modelos específicos que se abordarán en el curso.",MC1103-Gerencia de tecnología de información.txt;MC2301-Planificación estratégica de tecnología de información.txt;MC1103-Gerencia de tecnología de información.txt;MC1006-Políticas y Gobernanza en Ciberseguridad.txt;MC1101-Sistemas Estratégicos Empresariales.txt,7.79,Gerencia de Tecnología de Información,MC1103,
llama3.1-8b-f16,open_ended,¿Cómo se utiliza la metodología de casos para fomentar el aprendizaje socio-constructivista?,"En el curso Gerencia de Tecnología de Información de la Maestría en Gerencia de Tecnologías de la Información, ¿Cómo se utiliza la metodología de casos para fomentar el aprendizaje socio-constructivista?

Da una respuesta completa y explicativa.","Mediante estudio individual, análisis grupal y sesiones plenarias de discusión sobre casos comprensivos.","No tengo suficiente información para responder a la pregunta. La información proporcionada solo menciona que el curso utiliza la metodología de casos, pero no proporciona detalles sobre cómo se utiliza para fomentar el aprendizaje socio-constructivista.",MC1103-Gerencia de tecnología de información.txt;MC3010-Cibercrimen.txt;MC2301-Planificación estratégica de tecnología de información.txt;MC6102-Análisis de Algoritmos.txt;MC6102-Análisis de Algoritmos.txt,1.62,Gerencia de Tecnología de Información,MC1103,
llama3.1-8b-f16,open_ended,¿Qué herramientas pedagógicas deben elaborar los estudiantes para demostrar la asimilación semanal de la teoría?,"En el curso Gerencia de Tecnología de Información de la Maestría en Gerencia de Tecnologías de la Información, ¿Qué herramientas pedagógicas deben elaborar los estudiantes para demostrar la asimilación semanal de la teoría?

Da una respuesta completa y explicativa.","Mapas mentales, conceptuales, infografías o cuadros sinópticos basados en la bibliografía.","Según el contexto proporcionado, en el curso Gerencia de Tecnología de Información de la Maestría en Gerencia de Tecnologías de la Información, los estudiantes deben elaborar las siguientes herramientas pedagógicas para demostrar la asimilación semanal de la teoría:

- Mapas mentales
- Mapas conceptuales
- Esquemas de ideas
- Infografías
- Cuadros sinópticos

Estas herramientas son mencionadas en el contexto como parte de las tareas y trabajos en clase que se evalúan en el curso, y que permiten a los estudiantes demostrar su comprensión y asimilación de la teoría presentada en clase.",MC1103-Gerencia de tecnología de información.txt;MC6102-Análisis de Algoritmos.txt;MC7201-Introducción a la Investigación.txt;MC2301-Planificación estratégica de tecnología de información.txt;MC7201-Introducción a la Investigación.txt,4.23,Gerencia de Tecnología de Información,MC1103,
llama3.1-8b-f16,open_ended,¿Qué abarca la gestión de recursos financieros invertidos en TI?,"En el curso Administración Financiera de TI de la Maestría en Gerencia de Tecnologías de la Información, ¿Qué abarca la gestión de recursos financieros invertidos en TI?

Da una respuesta completa y explicativa.","La planificación, operación, control, evaluación y toma de decisiones fundamentadas en información financiera.","Según el contexto proporcionado, el curso Administración Financiera de TI de la Maestría en Gerencia de Tecnologías de la Información abarca la gestión de recursos financieros invertidos en TI considerando aspectos tales como la entrega de los beneficios acordados a partir de la optimización de los recursos asignados y la gestión de los riesgos inherentes a las inversiones en esta materia.

En específico, el curso se enfoca en desarrollar los elementos teóricos fundamentales que respaldan la administración financiera de las tecnologías de información en las organizaciones, los cuales permitan la entrega de los beneficios acordados a partir de la optimización de los recursos asignados y la gestión de los riesgos inherentes a las inversiones en proyectos y servicios de tecnología de información.

Algunos de los temas que se cubren en el curso incluyen:

* Contabilidad financiera: conceptos y tipos de contabilidad, sistema, ciclo e información contable, conceptos de activo, pasivo, capital, ingreso y gastos, ecuación contable y estados financieros principales, normas internacionales de información financiera, registro contable de la operación de tecnología de información.
* Análisis financiero: bases del análisis financiero, análisis porcentual de estados financieros, análisis de las principales razones financieras",MC1201-Administración financiera de tecnología de información.txt;MC1103-Gerencia de tecnología de información.txt;MC1103-Gerencia de tecnología de información.txt;MC1201-Administración financiera de tecnología de información.txt;MC2301-Planificación estratégica de tecnología de información.txt,8.09,Administración Financiera de TI,MC1201,
llama3.1-8b-f16,open_ended,¿Cuál es el objetivo final de aplicar finanzas a los proyectos y servicios de TI?,"En el curso Administración Financiera de TI de la Maestría en Gerencia de Tecnologías de la Información, ¿Cuál es el objetivo final de aplicar finanzas a los proyectos y servicios de TI?

Da una respuesta completa y explicativa.",Optimizar los recursos asignados y gestionar los riesgos inherentes a las inversiones tecnológicas.,"No tengo suficiente información en el contexto proporcionado para determinar el objetivo final de aplicar finanzas a los proyectos y servicios de TI en el curso Administración Financiera de TI de la Maestría en Gerencia de Tecnologías de la Información. El contexto proporcionado se enfoca en la descripción del curso, los objetivos, los contenidos y la metodología de enseñanza y aprendizaje, pero no proporciona información específica sobre el objetivo final de aplicar finanzas a los proyectos y servicios de TI.",MC1201-Administración financiera de tecnología de información.txt;MC1103-Gerencia de tecnología de información.txt;MC2301-Planificación estratégica de tecnología de información.txt;MC1203-Administración y estrategia de proyectos I.txt;MC1101-Sistemas Estratégicos Empresariales.txt,3.35,Administración Financiera de TI,MC1201,
llama3.1-8b-f16,open_ended,¿Qué áreas de la contabilidad se estudian para respaldar la operación técnica?,"En el curso Administración Financiera de TI de la Maestría en Gerencia de Tecnologías de la Información, ¿Qué áreas de la contabilidad se estudian para respaldar la operación técnica?

Da una respuesta completa y explicativa.","Contabilidad financiera (activos, pasivos, capital), análisis financiero (razones financieras) y contabilidad de costos.","No tengo suficiente información para responder a la pregunta de manera completa y explicativa. El contexto proporcionado solo menciona el título del curso ""Administración Financiera de TI"" y algunos objetivos y contenidos generales, pero no proporciona detalles específicos sobre las áreas de la contabilidad que se estudian en el curso para respaldar la operación técnica.",MC1201-Administración financiera de tecnología de información.txt;MC1103-Gerencia de tecnología de información.txt;MC2301-Planificación estratégica de tecnología de información.txt;MC1103-Gerencia de tecnología de información.txt;MC1101-Sistemas Estratégicos Empresariales.txt,2.35,Administración Financiera de TI,MC1201,
llama3.1-8b-f16,open_ended,¿Cómo se integra el presupuesto en la administración de la función de información?,"En el curso Administración Financiera de TI de la Maestría en Gerencia de Tecnologías de la Información, ¿Cómo se integra el presupuesto en la administración de la función de información?

Da una respuesta completa y explicativa.",Mediante el estudio de metodologías de elaboración presupuestaria específicas para la operación de TI.,"No tengo suficiente información para responder a la pregunta de manera completa y explicativa. El contexto proporcionado menciona que el curso de Administración Financiera de TI cubre temas como contabilidad financiera, análisis financiero, contabilidad de costos, presupuestos y formulación y evaluación financiera de proyectos, pero no proporciona detalles específicos sobre cómo se integra el presupuesto en la administración de la función de información.

Sin embargo, se puede inferir que el curso probablemente aborde la importancia del presupuesto en la administración financiera de tecnología de información, y cómo se utiliza para planificar, operar, controlar y evaluar los recursos financieros asignados a proyectos y servicios de tecnología de información. Es posible que el curso también explore las metodologías para la elaboración de presupuestos y cómo se aplican a la operación de tecnología de información.

Para obtener una respuesta más completa y explicativa, sería necesario acceder a la documentación completa del curso o a recursos adicionales que proporcionen más detalles sobre el contenido y la estructura del curso.",MC1201-Administración financiera de tecnología de información.txt;MC1103-Gerencia de tecnología de información.txt;MC2301-Planificación estratégica de tecnología de información.txt;MC1201-Administración financiera de tecnología de información.txt;MC1203-Administración y estrategia de proyectos I.txt,6.22,Administración Financiera de TI,MC1201,
llama3.1-8b-f16,open_ended,¿Qué estándares internacionales se referencian para la gestión de costos?,"En el curso Administración Financiera de TI de la Maestría en Gerencia de Tecnologías de la Información, ¿Qué estándares internacionales se referencian para la gestión de costos?

Da una respuesta completa y explicativa.",El dominio APO06 de COBIT 5.0 y los procesos de estrategia de servicios de ITIL 2011.,"No tengo suficiente información para responder a la pregunta. El contexto proporcionado menciona estándares internacionales como COBIT 5.0 y ITIL 2011, pero no se especifica qué estándares internacionales se refieren específicamente a la gestión de costos.",MC1201-Administración financiera de tecnología de información.txt;MC1201-Administración financiera de tecnología de información.txt;MC1103-Gerencia de tecnología de información.txt;MC1103-Gerencia de tecnología de información.txt;MC1006-Políticas y Gobernanza en Ciberseguridad.txt,1.87,Administración Financiera de TI,MC1201,
llama3.1-8b-f16,open_ended,¿En qué tipo de actividades se concentra la evaluación del curso?,"En el curso Administración Financiera de TI de la Maestría en Gerencia de Tecnologías de la Información, ¿En qué tipo de actividades se concentra la evaluación del curso?

Da una respuesta completa y explicativa.","En exámenes parciales, investigación bibliográfica, comprobaciones de lectura y trabajo en clase.","Según el contexto proporcionado, en el curso Administración Financiera de TI de la Maestría en Gerencia de Tecnologías de la Información, la evaluación del curso se concentra en actividades específicas como las mencionadas en la metodología de enseñanza y aprendizaje. 

En particular, se propone la evaluación siguiente:

- Examen parcial 1: 25%
- Examen parcial 2: 25%
- Investigación bibliográfica: 20%
- Comprobación de lectura: 15%
- Trabajo en clase: 15%

Estas actividades se enfocan en evaluar la comprensión y aplicación de los conceptos teóricos presentados en el curso, así como la capacidad de los estudiantes para realizar investigaciones y análisis financieros en el contexto de la administración financiera de tecnologías de la información.",MC2301-Planificación estratégica de tecnología de información.txt;MC1103-Gerencia de tecnología de información.txt;MC1003-Seguridad y Criptografía.txt;MC1201-Administración financiera de tecnología de información.txt;MC1101-Sistemas Estratégicos Empresariales.txt,5.05,Administración Financiera de TI,MC1201,
llama3.1-8b-f16,open_ended,¿Por qué la gestión de proyectos es una competencia indispensable para un gerente de TI?,"En el curso Administración y Estrategia de Proyectos I de la Maestría en Gerencia de Tecnologías de la Información, ¿Por qué la gestión de proyectos es una competencia indispensable para un gerente de TI?

Da una respuesta completa y explicativa.",Porque las transformaciones modernas de las organizaciones se ejecutan a través de proyectos tecnológicos exitosos.,"No tengo suficiente información en el contexto proporcionado para responder a la pregunta de por qué la gestión de proyectos es una competencia indispensable para un gerente de TI. El contexto proporcionado se enfoca en la descripción del curso, la metodología de enseñanza y aprendizaje, la evaluación y la bibliografía, pero no proporciona información específica sobre la importancia de la gestión de proyectos para un gerente de TI.",MC1203-Administración y estrategia de proyectos I.txt;MC1103-Gerencia de tecnología de información.txt;MC2301-Planificación estratégica de tecnología de información.txt;MC1103-Gerencia de tecnología de información.txt;MC1203-Administración y estrategia de proyectos I.txt,2.71,Administración y Estrategia de Proyectos I,MC1203,
llama3.1-8b-f16,open_ended,¿Qué componentes estratégicos se analizan en las fases iniciales de un proyecto?,"En el curso Administración y Estrategia de Proyectos I de la Maestría en Gerencia de Tecnologías de la Información, ¿Qué componentes estratégicos se analizan en las fases iniciales de un proyecto?

Da una respuesta completa y explicativa.","El análisis de factibilidad, las condiciones de inicio y la planificación de alcance, calidad y costos.","No tengo suficiente información en el contexto proporcionado para responder a la pregunta de manera completa y explicativa. El contexto proporcionado se enfoca en la estructura del curso, la metodología de enseñanza y aprendizaje, la evaluación y la bibliografía, pero no proporciona detalles específicos sobre los componentes estratégicos que se analizan en las fases iniciales de un proyecto en el curso Administración y Estrategia de Proyectos I.

Sin embargo, se puede inferir que el curso se enfoca en la gestión de proyectos y la estrategia, y que probablemente se analicen componentes estratégicos como la definición del alcance, la planificación, la gestión de riesgos, la gestión de recursos, la gestión de la calidad, entre otros. Pero para obtener una respuesta más precisa y completa, sería necesario acceder a la información específica del curso o a la bibliografía recomendada.",MC1203-Administración y estrategia de proyectos I.txt;MC1103-Gerencia de tecnología de información.txt;MC2301-Planificación estratégica de tecnología de información.txt;MC1203-Administración y estrategia de proyectos I.txt;MC2301-Planificación estratégica de tecnología de información.txt,5.38,Administración y Estrategia de Proyectos I,MC1203,
llama3.1-8b-f16,open_ended,¿Cómo ha evolucionado la orientación de la gestión de proyectos según el curso?,"En el curso Administración y Estrategia de Proyectos I de la Maestría en Gerencia de Tecnologías de la Información, ¿Cómo ha evolucionado la orientación de la gestión de proyectos según el curso?

Da una respuesta completa y explicativa.",Ha pasado de una orientación basada exclusivamente en planes hacia una orientación ágil.,"No tengo suficiente información para responder a la pregunta de cómo ha evolucionado la orientación de la gestión de proyectos según el curso ""Administración y Estrategia de Proyectos I"" de la Maestría en Gerencia de Tecnologías de la Información. La información proporcionada solo describe el contenido del curso, la metodología de enseñanza y aprendizaje, y la evaluación, pero no proporciona información sobre la evolución de la orientación de la gestión de proyectos.",MC1203-Administración y estrategia de proyectos I.txt;MC2301-Planificación estratégica de tecnología de información.txt;MC1203-Administración y estrategia de proyectos I.txt;MC1103-Gerencia de tecnología de información.txt;MC2301-Planificación estratégica de tecnología de información.txt,2.93,Administración y Estrategia de Proyectos I,MC1203,
llama3.1-8b-f16,open_ended,¿Qué papel desempeña la Oficina de Proyectos (PMO) en las organizaciones modernas?,"En el curso Administración y Estrategia de Proyectos I de la Maestría en Gerencia de Tecnologías de la Información, ¿Qué papel desempeña la Oficina de Proyectos (PMO) en las organizaciones modernas?

Da una respuesta completa y explicativa.",Actúa como soporte estratégico para la gestión de portafolios y programas bajo modelos como OPM3.,"No tengo suficiente información en el contexto proporcionado para responder a la pregunta de manera completa y explicativa. El contexto proporcionado se refiere a varios cursos de la Maestría en Gerencia de Tecnologías de la Información, pero no hay información específica sobre el papel de la Oficina de Proyectos (PMO) en las organizaciones modernas en el curso Administración y Estrategia de Proyectos I.",MC1203-Administración y estrategia de proyectos I.txt;MC1203-Administración y estrategia de proyectos I.txt;MC2301-Planificación estratégica de tecnología de información.txt;MC1103-Gerencia de tecnología de información.txt;MC1103-Gerencia de tecnología de información.txt,2.59,Administración y Estrategia de Proyectos I,MC1203,
llama3.1-8b-f16,open_ended,¿En qué consiste el proceso de formulación de un caso de negocio efectivo?,"En el curso Administración y Estrategia de Proyectos I de la Maestría en Gerencia de Tecnologías de la Información, ¿En qué consiste el proceso de formulación de un caso de negocio efectivo?

Da una respuesta completa y explicativa.",En el desarrollo de herramientas y dimensiones de decisión para presentar resultados sólidos de una idea de proyecto.,"Según el contexto proporcionado, el proceso de formulación de un caso de negocio efectivo se describe en el curso Administración y Estrategia de Proyectos I de la Maestría en Gerencia de Tecnologías de la Información. A continuación, se presentan los pasos y dimensiones clave para la formulación de un caso de negocio efectivo:

1.  **De la idea al caso de negocio**: El proceso de formulación comienza con la identificación de una idea o oportunidad de negocio. Es importante que la idea tenga un enfoque claro y un propósito bien definido.
2.  **El proceso de formulación y sus herramientas**: El proceso de formulación implica la recopilación y análisis de información relevante, la identificación de necesidades y oportunidades, y la creación de un plan de acción. Las herramientas utilizadas en este proceso pueden incluir la creación de un modelo de negocio, la identificación de riesgos y beneficios, y la elaboración de un plan de implementación.
3.  **Dimensiones y decisiones en la formulación efectiva**: La formulación efectiva de un caso de negocio requiere la consideración de varias dimensiones clave, como la estrategia, la organización, la tecnología, la financiación y la gestión de riesgos. Las decisiones tomadas en este proceso deben ser informadas por la",MC1203-Administración y estrategia de proyectos I.txt;MC2301-Planificación estratégica de tecnología de información.txt;MC1103-Gerencia de tecnología de información.txt;MC1101-Sistemas Estratégicos Empresariales.txt;MC1203-Administración y estrategia de proyectos I.txt,7.8,Administración y Estrategia de Proyectos I,MC1203,
llama3.1-8b-f16,open_ended,¿Qué dilemas se presentan comúnmente en la gestión de la calidad de proyectos de TI?,"En el curso Administración y Estrategia de Proyectos I de la Maestría en Gerencia de Tecnologías de la Información, ¿Qué dilemas se presentan comúnmente en la gestión de la calidad de proyectos de TI?

Da una respuesta completa y explicativa.",La aplicación del concepto de deuda técnica y el equilibrio entre procesos de gestión e ingeniería.,"No tengo suficiente información en el contexto proporcionado para responder a la pregunta sobre los dilemas comunes en la gestión de la calidad de proyectos de TI en el curso Administración y Estrategia de Proyectos I de la Maestría en Gerencia de Tecnologías de la Información. La información proporcionada se centra en la estructura del curso, los objetivos, los contenidos y la metodología de enseñanza y aprendizaje, pero no se mencionan específicamente los dilemas que se presentan en la gestión de la calidad de proyectos de TI.",MC1203-Administración y estrategia de proyectos I.txt;MC1103-Gerencia de tecnología de información.txt;MC1203-Administración y estrategia de proyectos I.txt;MC2301-Planificación estratégica de tecnología de información.txt;MC2301-Planificación estratégica de tecnología de información.txt,3.37,Administración y Estrategia de Proyectos I,MC1203,
llama3.1-8b-f16,open_ended,¿Qué elementos integran el marco filosófico de un negocio necesario para la planificación?,"En el curso Planificación Estratégica de TI de la Maestría en Gerencia de Tecnologías de la Información, ¿Qué elementos integran el marco filosófico de un negocio necesario para la planificación?

Da una respuesta completa y explicativa.","Análisis FODA, misión, visión, valores, objetivos, estrategias, políticas y metas.","No tengo suficiente información en el contexto proporcionado para responder a la pregunta de manera completa y explicativa. El contexto proporcionado se refiere a varios cursos de la Maestría en Gerencia de Tecnologías de la Información, pero no hay información específica sobre el curso Planificación Estratégica de TI que se refiera al marco filosófico de un negocio necesario para la planificación.",MC2301-Planificación estratégica de tecnología de información.txt;MC1103-Gerencia de tecnología de información.txt;MC1203-Administración y estrategia de proyectos I.txt;MC2301-Planificación estratégica de tecnología de información.txt;MC1101-Sistemas Estratégicos Empresariales.txt,2.53,Planificación Estratégica de TI,MC2301,
llama3.1-8b-f16,open_ended,¿Qué factores se consideran para derivar el plan de información desde el modelo de negocio?,"En el curso Planificación Estratégica de TI de la Maestría en Gerencia de Tecnologías de la Información, ¿Qué factores se consideran para derivar el plan de información desde el modelo de negocio?

Da una respuesta completa y explicativa.","Tendencias tecnológicas, procesos de negocio, arquitectura de aplicaciones y proyección de inversión.","No tengo suficiente información en el contexto proporcionado para responder a la pregunta de manera completa y explicativa. El contexto proporcionado se refiere a varios cursos de la Maestría en Gerencia de Tecnologías de la Información, pero no se menciona específicamente el curso Planificación Estratégica de TI ni los factores que se consideran para derivar el plan de información desde el modelo de negocio.

Sin embargo, se menciona que el curso Planificación Estratégica de TI se enfoca en la planificación estratégica de tecnología de la información, la creación del gobierno de TI, la gestión de expectativas, la creación del plan de TI, la identificación de proyectos de TI y el manejo del portafolio, entre otros temas.

Si se proporcionara más información sobre el curso Planificación Estratégica de TI, podría proporcionar una respuesta más completa y explicativa a la pregunta.",MC2301-Planificación estratégica de tecnología de información.txt;MC1103-Gerencia de tecnología de información.txt;MC2301-Planificación estratégica de tecnología de información.txt;MC1101-Sistemas Estratégicos Empresariales.txt;MC1203-Administración y estrategia de proyectos I.txt,5.24,Planificación Estratégica de TI,MC2301,
llama3.1-8b-f16,open_ended,¿Qué capacidad específica adquiere el estudiante al finalizar este programa?,"En el curso Planificación Estratégica de TI de la Maestría en Gerencia de Tecnologías de la Información, ¿Qué capacidad específica adquiere el estudiante al finalizar este programa?

Da una respuesta completa y explicativa.",La capacidad de desarrollar un plan estratégico de TI basado en lineamientos del negocio y mecanismos de priorización.,"Según el contexto proporcionado, el objetivo general del curso Planificación Estratégica de TI de la Maestría en Gerencia de Tecnologías de la Información es que el estudiante tenga la capacidad de desarrollar un plan estratégico de TI a partir de las bases técnicas derivadas de los lineamientos estratégicos del negocio, las tendencias de tecnología de Información, el modelo organizacional, los factores críticos de éxito, los procesos de negocio, mecanismos de priorización y la definición de un presupuesto.

En específico, al finalizar el curso, el estudiante debe haber adquirido la capacidad de:

* Conocer las tendencias de la tecnología de Información y su aplicación en la organización, así como los principios básicos que delimitan la introducción de tecnología como un habilitador del negocio.
* Comprender los elementos básicos que deben tomarse en cuenta durante el proceso de creación de la planificación estratégica de tecnología de información de acuerdo con la estrategia organizacional.
* Aplicar principios básicos y técnicas de análisis para diagnosticar y definir la función de información en la organización.

En resumen, el estudiante debe haber adquirido la capacidad de desarrollar un plan estratégico de TI que se alinee con los objetivos y estrategias de la organización, y",MC2301-Planificación estratégica de tecnología de información.txt;MC1103-Gerencia de tecnología de información.txt;MC2301-Planificación estratégica de tecnología de información.txt;MC1103-Gerencia de tecnología de información.txt;MC1203-Administración y estrategia de proyectos I.txt,7.94,Planificación Estratégica de TI,MC2301,
llama3.1-8b-f16,open_ended,¿Cómo se define el liderazgo y la administración desde la perspectiva del CIO?,"En el curso Planificación Estratégica de TI de la Maestría en Gerencia de Tecnologías de la Información, ¿Cómo se define el liderazgo y la administración desde la perspectiva del CIO?

Da una respuesta completa y explicativa.",Se analiza como la gestión de expectativas para lograr una empresa habilitada por TI bajo un gobierno sólido.,No tengo suficiente información en el contexto proporcionado para responder a la pregunta de cómo se define el liderazgo y la administración desde la perspectiva del CIO en el curso Planificación Estratégica de TI de la Maestría en Gerencia de Tecnologías de la Información.,MC2301-Planificación estratégica de tecnología de información.txt;MC1203-Administración y estrategia de proyectos I.txt;MC1103-Gerencia de tecnología de información.txt;MC1103-Gerencia de tecnología de información.txt;MC1203-Administración y estrategia de proyectos I.txt,1.91,Planificación Estratégica de TI,MC2301,
llama3.1-8b-f16,open_ended,¿Cómo se aborda el diagnóstico de la situación actual de TI?,"En el curso Planificación Estratégica de TI de la Maestría en Gerencia de Tecnologías de la Información, ¿Cómo se aborda el diagnóstico de la situación actual de TI?

Da una respuesta completa y explicativa.","Mediante el análisis de brecha, tendencias de organización de la función de TI y análisis de la industria.","No tengo suficiente información en el contexto proporcionado para responder a la pregunta de cómo se aborda el diagnóstico de la situación actual de TI en el curso Planificación Estratégica de TI de la Maestría en Gerencia de Tecnologías de la Información. El contexto proporcionado se enfoca en la estructura del curso, la metodología de enseñanza y aprendizaje, la evaluación y la bibliografía, pero no proporciona detalles específicos sobre el diagnóstico de la situación actual de TI.",MC2301-Planificación estratégica de tecnología de información.txt;MC2301-Planificación estratégica de tecnología de información.txt;MC1103-Gerencia de tecnología de información.txt;MC1103-Gerencia de tecnología de información.txt;MC1203-Administración y estrategia de proyectos I.txt,3.08,Planificación Estratégica de TI,MC2301,
llama3.1-8b-f16,open_ended,¿Bajo qué condiciones específicas un estudiante puede reprobar el curso por asistencia?,"En el curso Planificación Estratégica de TI de la Maestría en Gerencia de Tecnologías de la Información, ¿Bajo qué condiciones específicas un estudiante puede reprobar el curso por asistencia?

Da una respuesta completa y explicativa.",Si acumula 4 faltas de asistencia injustificadas durante el semestre.,No tengo suficiente información en el contexto proporcionado para determinar las condiciones específicas bajo las cuales un estudiante puede reprobar el curso por asistencia en el curso Planificación Estratégica de TI de la Maestría en Gerencia de Tecnologías de la Información.,MC1103-Gerencia de tecnología de información.txt;MC2301-Planificación estratégica de tecnología de información.txt;MC1103-Gerencia de tecnología de información.txt;MC2301-Planificación estratégica de tecnología de información.txt;MC1203-Administración y estrategia de proyectos I.txt,1.84,Planificación Estratégica de TI,MC2301,
llama3.1-8b-f16,open_ended,¿Cuál es el concepto fundamental que modela este curso por encima de la tecnología física?,"En el curso Teoría de Autómatas de la Maestría en Computación, ¿Cuál es el concepto fundamental que modela este curso por encima de la tecnología física?

Da una respuesta completa y explicativa.","El concepto de cómputo, definido a través de mecanismos abstractos independientes de computadoras específicas.","No tengo suficiente información en el contexto proporcionado para responder a la pregunta de manera completa y explicativa. Sin embargo, puedo hacer una suposición basada en el título del curso ""Teoría de Autómatas"" y el contenido proporcionado.

El concepto fundamental que modela este curso es el de cómputo, no el de computadora. Según el texto, ""Contrario a la creencia popular, el concepto fundamental de las “Ciencias de la Computación” es el de cómputo, no el de computadora"". Esto sugiere que el curso se enfoca en modelar y analizar el proceso de cómputo de manera abstracta, sin apelar a la tecnología física específica.

Sin embargo, para proporcionar una respuesta más completa y explicativa, sería necesario tener más información sobre el curso y su contenido.",MC7201-Introducción a la Investigación.txt;MC6102-Análisis de Algoritmos.txt;MC7201-Introducción a la Investigación.txt;MC6003-Teoría de Autómatas.txt;MC6004-Sistemas Operativos Avanzados.txt,5.22,Teoría de Autómatas,MC6003,
llama3.1-8b-f16,open_ended,¿Cómo se relaciona la computación teórica con la construcción práctica de compiladores?,"En el curso Teoría de Autómatas de la Maestría en Computación, ¿Cómo se relaciona la computación teórica con la construcción práctica de compiladores?

Da una respuesta completa y explicativa.",Brinda los modelos formales necesarios para el reconocimiento y generación de lenguajes formales usados en compilación.,"No tengo suficiente información en el contexto proporcionado para responder a la pregunta de manera completa y explicativa. El contexto proporcionado solo menciona que el curso Teoría de Autómatas es fundamental para comprender las relaciones entre la computación teórica y la construcción de compiladores, pero no proporciona detalles sobre cómo se relaciona específicamente la computación teórica con la construcción práctica de compiladores.",MC6102-Análisis de Algoritmos.txt;MC6003-Teoría de Autómatas.txt;MC7201-Introducción a la Investigación.txt;MC7201-Introducción a la Investigación.txt;MC6102-Análisis de Algoritmos.txt,2.79,Teoría de Autómatas,MC6003,
llama3.1-8b-f16,open_ended,¿Qué jerarquía se utiliza para clasificar gramáticas según su estructura de frase?,"En el curso Teoría de Autómatas de la Maestría en Computación, ¿Qué jerarquía se utiliza para clasificar gramáticas según su estructura de frase?

Da una respuesta completa y explicativa.",La jerarquía de Chomsky.,"La jerarquía de Chomsky se utiliza para clasificar gramáticas según su estructura de frase en el curso Teoría de Autómatas de la Maestría en Computación. Esta jerarquía es una clasificación de las gramáticas en diferentes niveles de complejidad, desde las más simples hasta las más complejas. La jerarquía de Chomsky se utiliza para determinar la capacidad de una gramática para generar lenguajes formales y para establecer la relación entre diferentes tipos de gramáticas.

La jerarquía de Chomsky se divide en cuatro niveles:

1. Gramáticas regulares (Type 3): Son las más simples y pueden ser reconocidas por autómatas finitos. Estas gramáticas pueden generar lenguajes regulares.
2. Gramáticas contextuales (Type 2): Son ligeramente más complejas que las gramáticas regulares y pueden generar lenguajes contextuales.
3. Gramáticas libres de contexto (Type 1): Son más complejas que las gramáticas contextuales y pueden generar lenguajes libres de contexto.
4. Gramáticas no contextuales (Type 0): Son las más complejas y pueden generar lenguajes no contextuales.

En el curso Teoría de Autómatas, se estudian las gramáticas regulares y libres de contexto, que corresponden a los niveles 3 y",MC6003-Teoría de Autómatas.txt;MC6102-Análisis de Algoritmos.txt;MC6102-Análisis de Algoritmos.txt;MC6003-Teoría de Autómatas.txt;MC6004-Sistemas Operativos Avanzados.txt,8.15,Teoría de Autómatas,MC6003,
llama3.1-8b-f16,open_ended,¿Qué herramienta matemática se estudia para demostrar que un lenguaje no es regular?,"En el curso Teoría de Autómatas de la Maestría en Computación, ¿Qué herramienta matemática se estudia para demostrar que un lenguaje no es regular?

Da una respuesta completa y explicativa.",El Pumping Lemma.,"No tengo suficiente información en el contexto proporcionado para responder a la pregunta de manera precisa. Sin embargo, puedo proporcionar una posible respuesta basada en el conocimiento general sobre la teoría de autómatas.

En la teoría de autómatas, la herramienta matemática que se utiliza para demostrar que un lenguaje no es regular es el ""Pumping Lemma"" (Lema de Bomba). El Pumping Lemma es un teorema que establece que si un lenguaje es regular, entonces existe una longitud máxima para las cadenas de la que se puede ""bombear"" (o ""pump"") una subcadena de longitud fija, de manera que la cadena resultante sigue siendo válida en el lenguaje.

Sin embargo, en el contexto proporcionado, no se menciona explícitamente el Pumping Lemma como una herramienta matemática que se estudia en el curso Teoría de Autómatas. Por lo tanto, mi respuesta es que no tengo suficiente información para responder a la pregunta de manera precisa.",MC6003-Teoría de Autómatas.txt;MC6102-Análisis de Algoritmos.txt;MC6102-Análisis de Algoritmos.txt;MC6003-Teoría de Autómatas.txt;MC7201-Introducción a la Investigación.txt,6.27,Teoría de Autómatas,MC6003,
llama3.1-8b-f16,open_ended,¿Qué modelos matemáticos se analizan para el reconocimiento de lenguajes formales?,"En el curso Teoría de Autómatas de la Maestría en Computación, ¿Qué modelos matemáticos se analizan para el reconocimiento de lenguajes formales?

Da una respuesta completa y explicativa.",Desde los autómatas de estados finitos hasta las máquinas de Turing.,"Según el contexto proporcionado, en el curso Teoría de Autómatas de la Maestría en Computación, se analizan los siguientes modelos matemáticos para el reconocimiento de lenguajes formales:

1. Autómatas de estados finitos (FA's)
2. Máquinas de Turing

Además, se menciona que se estudian los modelos matemáticos básicos para el reconocimiento de lenguajes formales, desde los autómatas de estados finitos hasta las máquinas de Turing. Esto sugiere que se cubren varios modelos y se profundiza en su análisis y aplicaciones en el reconocimiento de lenguajes formales.",MC6003-Teoría de Autómatas.txt;MC6102-Análisis de Algoritmos.txt;MC7201-Introducción a la Investigación.txt;MC6102-Análisis de Algoritmos.txt;MC6003-Teoría de Autómatas.txt,4.29,Teoría de Autómatas,MC6003,
llama3.1-8b-f16,open_ended,¿Qué formación matemática previa se asume en los estudiantes de este curso de postgrado?,"En el curso Teoría de Autómatas de la Maestría en Computación, ¿Qué formación matemática previa se asume en los estudiantes de este curso de postgrado?

Da una respuesta completa y explicativa.",Conocimientos sólidos de matemática discreta adquiridos durante el bachillerato.,"No tengo suficiente información en el contexto proporcionado para determinar la formación matemática previa que se asume en los estudiantes del curso de Teoría de Autómatas de la Maestría en Computación. Sin embargo, se menciona que el curso es fundamental en las Ciencias de la Computación y que se enfoca en la apreciación y comprensión de los modelos formales que subyacen en el análisis y diseño de algoritmos. 

Se menciona que el curso es parte del Plan de Estudios de Maestría en Computación con Énfasis en Ciencias de la Computación, pero no se proporciona información específica sobre los requisitos previos o la formación matemática que se asume en los estudiantes. 

Es posible que se asuma una formación matemática previa en áreas como álgebra lineal, cálculo, teoría de conjuntos, lógica matemática, etc., pero no se proporciona información explícita al respecto en el contexto proporcionado.",MC7201-Introducción a la Investigación.txt;MC6003-Teoría de Autómatas.txt;MC6102-Análisis de Algoritmos.txt;MC7201-Introducción a la Investigación.txt;MC6104-Diseño de Experimentos.txt,6.2,Teoría de Autómatas,MC6003,
llama3.1-8b-f16,open_ended,¿Qué tipo de material se revisa para estudiar las tendencias actuales de investigación?,"En el curso Sistemas Operativos Avanzados de la Maestría en Computación, ¿Qué tipo de material se revisa para estudiar las tendencias actuales de investigación?

Da una respuesta completa y explicativa.",Diferentes papers y artículos científicos seleccionados por el profesor en lugar de un libro de texto único.,"Según el contexto proporcionado, en el curso Sistemas Operativos Avanzados de la Maestría en Computación, se estudian material avanzado de Sistemas Operativos, revisando al mismo tiempo las tendencias actuales de investigación en el área.",MC2301-Planificación estratégica de tecnología de información.txt;MC7201-Introducción a la Investigación.txt;MC1103-Gerencia de tecnología de información.txt;MC6004-Sistemas Operativos Avanzados.txt;MC6102-Análisis de Algoritmos.txt,1.71,Sistemas Operativos Avanzados,MC6004,
llama3.1-8b-f16,open_ended,¿Qué requisitos de calidad deben cumplir los apuntes oficiales realizados por los estudiantes?,"En el curso Sistemas Operativos Avanzados de la Maestría en Computación, ¿Qué requisitos de calidad deben cumplir los apuntes oficiales realizados por los estudiantes?

Da una respuesta completa y explicativa.","Deben ser reportes detallados con imágenes, gráficos y datos adicionales, evitando ser simples resúmenes ejecutivos.","Según el contexto proporcionado, en el curso Sistemas Operativos Avanzados de la Maestría en Computación, los apuntes oficiales realizados por los estudiantes deben cumplir con los siguientes requisitos de calidad:

* Deben ser de mucha calidad, no se trata de un ""resumen ejecutivo"" de la clase, sino que es un reporte detallado de todo lo que se dice y ocurre en 3 horas de clase.
* Deben estar enriquecidos con portada, tabla de contenido, imágenes, gráficos, etc.
* Es indispensable que estos documentos sean de alta calidad, ya que son parte de la nota final del curso.

En otras palabras, los apuntes oficiales deben ser una representación detallada y completa de la clase, con una presentación atractiva y organizada, y deben ser considerados como una parte importante de la evaluación del curso.",MC6004-Sistemas Operativos Avanzados.txt;MC1003-Seguridad y Criptografía.txt;MC1103-Gerencia de tecnología de información.txt;MC6102-Análisis de Algoritmos.txt;MC2301-Planificación estratégica de tecnología de información.txt,5.27,Sistemas Operativos Avanzados,MC6004,
llama3.1-8b-f16,open_ended,¿Qué cinco preguntas clave deben responderse al entregar los resúmenes de los artículos científicos?,"En el curso Sistemas Operativos Avanzados de la Maestría en Computación, ¿Qué cinco preguntas clave deben responderse al entregar los resúmenes de los artículos científicos?

Da una respuesta completa y explicativa.","Problema planteado, importancia, soluciones previas, propuesta de los autores y éxito de la misma.","No tengo suficiente información en el contexto proporcionado para responder a la pregunta. La información proporcionada es sobre diferentes cursos de la Maestría en Computación, pero no hay información específica sobre el curso Sistemas Operativos Avanzados ni sobre las preguntas clave que deben responderse al entregar los resúmenes de los artículos científicos.",MC7201-Introducción a la Investigación.txt;MC6102-Análisis de Algoritmos.txt;MC6104-Diseño de Experimentos.txt;MC6004-Sistemas Operativos Avanzados.txt;MC7201-Introducción a la Investigación.txt,2.23,Sistemas Operativos Avanzados,MC6004,
llama3.1-8b-f16,open_ended,¿Cómo se evalúa la capacidad de comunicación científica de los estudiantes?,"En el curso Sistemas Operativos Avanzados de la Maestría en Computación, ¿Cómo se evalúa la capacidad de comunicación científica de los estudiantes?

Da una respuesta completa y explicativa.",Mediante una presentación oral obligatoria que sigue el formato de una conferencia científica.,"Según el contexto proporcionado, en el curso Sistemas Operativos Avanzados de la Maestría en Computación, la capacidad de comunicación científica de los estudiantes se evalúa a través de varias actividades y presentaciones.

En primer lugar, se menciona que los estudiantes deben presentar un paper asignado por el profesor durante el semestre, siguiendo el formato de una conferencia científica. Esta presentación oral es evaluada y se espera que los estudiantes expliquen el material asignado de manera clara y efectiva.

Además, se menciona que los estudiantes deben escribir un artículo científico sobre temas relacionados a Sistemas Operativos Avanzados, siguiendo la estructura y estilo de un artículo científico. Este artículo es evaluado en varias etapas, incluyendo la aprobación del tema, el abstract y referencias, la versión preliminar y la versión final.

En cuanto a la evaluación de la capacidad de comunicación científica, se menciona que los estudiantes deben presentar su trabajo de manera clara y efectiva, y que la presentación oral debe durar entre 16 y 20 minutos. También se menciona que los estudiantes deben ensayar previamente y hacer su mejor esfuerzo para explicar el material asignado.

En resumen, la capacidad de comunicación científica de los estudiantes en el curso Sistemas Operativos Av",MC7201-Introducción a la Investigación.txt;MC6102-Análisis de Algoritmos.txt;MC7201-Introducción a la Investigación.txt;MC1103-Gerencia de tecnología de información.txt;MC6004-Sistemas Operativos Avanzados.txt,8.09,Sistemas Operativos Avanzados,MC6004,
llama3.1-8b-f16,open_ended,¿Qué experiencia técnica previa es indispensable para el éxito en los proyectos programados?,"En el curso Sistemas Operativos Avanzados de la Maestría en Computación, ¿Qué experiencia técnica previa es indispensable para el éxito en los proyectos programados?

Da una respuesta completa y explicativa.","Programación en C, lenguaje ensamblador y dominio de ambientes UNIX o Linux.","No tengo suficiente información en el contexto proporcionado para determinar la experiencia técnica previa indispensable para el éxito en los proyectos programados en el curso Sistemas Operativos Avanzados de la Maestría en Computación. El contexto solo proporciona información sobre el curso, sus objetivos, contenidos y metodología de enseñanza y aprendizaje, pero no menciona específicamente las habilidades o conocimientos técnicos previos que los estudiantes deben tener para ser exitosos en los proyectos programados.",MC2301-Planificación estratégica de tecnología de información.txt;MC6004-Sistemas Operativos Avanzados.txt;MC1103-Gerencia de tecnología de información.txt;MC6102-Análisis de Algoritmos.txt;MC7201-Introducción a la Investigación.txt,3.07,Sistemas Operativos Avanzados,MC6004,
llama3.1-8b-f16,open_ended,¿Qué temas de computación moderna se incluyen en los contenidos técnicos?,"En el curso Sistemas Operativos Avanzados de la Maestría en Computación, ¿Qué temas de computación moderna se incluyen en los contenidos técnicos?

Da una respuesta completa y explicativa.","Cloud Computing, High Performance Computing, dispositivos móviles y sistemas de tiempo real.","No tengo suficiente información en el contexto proporcionado para responder a la pregunta de manera completa y explicativa. El contexto proporcionado solo menciona los contenidos técnicos del curso Sistemas Operativos Avanzados, que incluyen temas como Estructuras de Sistemas Operativos, Monitores de Máquinas Virtuales, Mecanismo de Comunicación en Sistemas Distribuidos, Sincronización, Scheduling, Sistemas distribuidos: Conceptos, File Systems, Distributed Shared Memory (DSM), Memoria Virtual Recuperable –Atomicidad, Sistemas de Tiempo Real: Conceptos Básicos y Scheduling, Conceptos de High Performance Computing, Dispositivos Móviles, Internet, Computación Distribuida y Cloud Computing.

Sin embargo, no se menciona explícitamente qué temas de computación moderna se incluyen en estos contenidos técnicos. Por lo tanto, no puedo proporcionar una respuesta completa y explicativa a la pregunta.",MC6004-Sistemas Operativos Avanzados.txt;MC7201-Introducción a la Investigación.txt;MC6102-Análisis de Algoritmos.txt;MC7201-Introducción a la Investigación.txt;MC6104-Diseño de Experimentos.txt,5.76,Sistemas Operativos Avanzados,MC6004,
llama3.1-8b-f16,open_ended,¿Por qué el diseño de algoritmos se considera la actividad fundamental de la computación?,"En el curso Análisis de Algoritmos de la Maestría en Computación, ¿Por qué el diseño de algoritmos se considera la actividad fundamental de la computación?

Da una respuesta completa y explicativa.","Porque toda computación es, por definición, el resultado de la ejecución de un algoritmo.","Según el contexto proporcionado, el diseño de algoritmos se considera la actividad fundamental de la computación porque una computación es el resultado de la ejecución de un algoritmo. Esto significa que cualquier proceso o tarea que se realice en una computadora se basa en la ejecución de un algoritmo específico. Por lo tanto, el diseño de algoritmos es esencial para la computación, ya que permite a los desarrolladores crear soluciones eficientes y efectivas para resolver problemas complejos.

En otras palabras, el diseño de algoritmos es la base de la computación, ya que permite a los desarrolladores crear programas y sistemas que puedan realizar tareas específicas de manera eficiente y efectiva. Esto se refleja en el objetivo del curso Análisis de Algoritmos, que es enseñar a los estudiantes técnicas formales de análisis y diseño de algoritmos para permitir la discriminación y programación eficiente de soluciones a problemas concretos.

En resumen, el diseño de algoritmos se considera la actividad fundamental de la computación porque es la base de la computación y permite a los desarrolladores crear soluciones eficientes y efectivas para resolver problemas complejos.",MC6102-Análisis de Algoritmos.txt;MC6102-Análisis de Algoritmos.txt;MC7201-Introducción a la Investigación.txt;MC7201-Introducción a la Investigación.txt;MC6004-Sistemas Operativos Avanzados.txt,7.22,Análisis de Algoritmos,MC6102,
llama3.1-8b-f16,open_ended,¿Cuál es la diferencia crítica entre la efectividad y la eficiencia de un algoritmo?,"En el curso Análisis de Algoritmos de la Maestría en Computación, ¿Cuál es la diferencia crítica entre la efectividad y la eficiencia de un algoritmo?

Da una respuesta completa y explicativa.",La efectividad asegura que resuelva el problema; la eficiencia asegura que lo haga usando pocos recursos de tiempo y espacio.,"En el curso Análisis de Algoritmos de la Maestría en Computación, la efectividad y la eficiencia de un algoritmo son dos conceptos fundamentales que se analizan a lo largo del curso.

La efectividad de un algoritmo se refiere a su capacidad para resolver un problema concreto. Un algoritmo es efectivo si puede encontrar la solución correcta para el problema que se le presenta. La efectividad se mide por la cantidad de veces que el algoritmo puede encontrar la solución correcta en comparación con la cantidad de veces que puede encontrar una solución incorrecta.

Por otro lado, la eficiencia de un algoritmo se refiere a la cantidad de recursos (tiempo y memoria) que requiere para resolver un problema. Un algoritmo es eficiente si puede resolver un problema en un tiempo y con una cantidad de memoria que sea lo más pequeña posible. La eficiencia se mide por la complejidad del algoritmo, que se expresa en términos de la cantidad de operaciones que se realizan en función del tamaño del problema.

La diferencia crítica entre la efectividad y la eficiencia de un algoritmo es que la efectividad se enfoca en la capacidad del algoritmo para encontrar la solución correcta, mientras que la eficiencia se enfoca en la cantidad de recursos que requiere para resolver el",MC6102-Análisis de Algoritmos.txt;MC6102-Análisis de Algoritmos.txt;MC7201-Introducción a la Investigación.txt;MC6004-Sistemas Operativos Avanzados.txt;MC6003-Teoría de Autómatas.txt,8.17,Análisis de Algoritmos,MC6102,
llama3.1-8b-f16,open_ended,¿Qué tres componentes son necesarios para lograr algoritmos eficientes?,"En el curso Análisis de Algoritmos de la Maestría en Computación, ¿Qué tres componentes son necesarios para lograr algoritmos eficientes?

Da una respuesta completa y explicativa.","Técnicas de diseño, técnicas de análisis y la creatividad intuitiva.","Según el contexto proporcionado, en el curso Análisis de Algoritmos de la Maestría en Computación, se menciona que para lograr algoritmos eficientes, se necesitan tres ""ingredientes"" principales:

1. **Técnicas de diseño**: que sugieran las maneras de abordar el problema y cuáles son las estructuras de datos apropiadas para apoyar el algoritmo.
2. **Técnicas de análisis**: que ayuden a determinar la complejidad del algoritmo y, por lo tanto, a compararlo con otros.
3. **Creatividad**: para enfocar el problema usando esas técnicas y la intuición.

Estos tres ingredientes son esenciales para diseñar algoritmos eficientes, que sean capaces de resolver problemas concretos de manera efectiva y eficiente en términos de recursos de almacenamiento y tiempo.",MC6102-Análisis de Algoritmos.txt;MC6102-Análisis de Algoritmos.txt;MC6004-Sistemas Operativos Avanzados.txt;MC1003-Seguridad y Criptografía.txt;MC7201-Introducción a la Investigación.txt,5.44,Análisis de Algoritmos,MC6102,
llama3.1-8b-f16,open_ended,"¿Qué herramientas se utilizan para analizar la complejidad de ""peor caso""?","En el curso Análisis de Algoritmos de la Maestría en Computación, ¿Qué herramientas se utilizan para analizar la complejidad de ""peor caso""?

Da una respuesta completa y explicativa.","Funciones recurrentes, notación asintótica (""O grande"") y pruebas por inducción.","Según el contexto proporcionado, en el curso Análisis de Algoritmos de la Maestría en Computación, se utilizan herramientas como funciones recurrentes y notación ""o grande"" para analizar la complejidad de ""peor caso"" de algoritmos.",MC6102-Análisis de Algoritmos.txt;MC6102-Análisis de Algoritmos.txt;MC1103-Gerencia de tecnología de información.txt;MC6004-Sistemas Operativos Avanzados.txt;MC7201-Introducción a la Investigación.txt,2.01,Análisis de Algoritmos,MC6102,
llama3.1-8b-f16,open_ended,¿Qué tipos de algoritmos se estudian dentro de la categoría probabilista?,"En el curso Análisis de Algoritmos de la Maestría en Computación, ¿Qué tipos de algoritmos se estudian dentro de la categoría probabilista?

Da una respuesta completa y explicativa.","Algoritmos numéricos, de Monte Carlo y de Las Vegas.","No tengo suficiente información en el contexto proporcionado para responder a la pregunta específica sobre los tipos de algoritmos que se estudian dentro de la categoría probabilista en el curso Análisis de Algoritmos de la Maestría en Computación. El contexto proporcionado se enfoca en la descripción general del curso, los objetivos, los contenidos y la metodología de enseñanza y aprendizaje, pero no proporciona detalles específicos sobre la categoría de algoritmos probabilistas.",MC6102-Análisis de Algoritmos.txt;MC6102-Análisis de Algoritmos.txt;MC7201-Introducción a la Investigación.txt;MC6004-Sistemas Operativos Avanzados.txt;MC6104-Diseño de Experimentos.txt,3.23,Análisis de Algoritmos,MC6102,
llama3.1-8b-f16,open_ended,¿Cómo se clasifican los problemas según su complejidad en este programa?,"En el curso Análisis de Algoritmos de la Maestría en Computación, ¿Cómo se clasifican los problemas según su complejidad en este programa?

Da una respuesta completa y explicativa.","En las clases P, NP, NP-completos y NP-difíciles.","Según el contexto proporcionado, en el curso Análisis de Algoritmos de la Maestría en Computación, se clasifican los problemas según su complejidad en las siguientes categorías:

1.  Problemas en P: Son problemas que pueden ser resueltos en un tiempo polinómico, es decir, en un tiempo que crece al cuadrado, cubo, etc. con la entrada del problema. Estos problemas se consideran fáciles de resolver y se pueden solucionar en un tiempo razonable.
2.  Problemas en NP: Son problemas que pueden ser verificados en un tiempo polinómico, pero no necesariamente pueden ser resueltos en un tiempo polinómico. Estos problemas se consideran difíciles de resolver, pero se pueden verificar fácilmente.
3.  Problemas NP-completos: Son problemas en NP que se consideran particularmente difíciles de resolver. Se cree que no hay un algoritmo que pueda resolver estos problemas en un tiempo polinómico, pero se pueden verificar fácilmente. Los problemas NP-completos son importantes en la teoría de la complejidad computacional porque se utilizan para demostrar la complejidad de otros problemas.

En el curso Análisis de Algoritmos, se enseñan técnicas para determinar si un problema está en P, NP o NP-completo, y",MC6102-Análisis de Algoritmos.txt;MC6102-Análisis de Algoritmos.txt;MC6004-Sistemas Operativos Avanzados.txt;MC6104-Diseño de Experimentos.txt;MC7201-Introducción a la Investigación.txt,8.16,Análisis de Algoritmos,MC6102,
llama3.1-8b-f16,open_ended,"¿Por qué la Ciencia de la Computación ha sido considerada históricamente ""débil"" en sus procedimientos?","En el curso Diseño de Experimentos de la Maestría en Computación, ¿Por qué la Ciencia de la Computación ha sido considerada históricamente ""débil"" en sus procedimientos?

Da una respuesta completa y explicativa.",Debido a la falta de uso sistemático de técnicas experimentales clásicas para validar o refutar hipótesis.,"Según el contexto proporcionado, la Ciencia de la Computación ha sido considerada históricamente ""débil"" en sus procedimientos experimentales debido a sus características particulares. Aunque no se especifica con exactitud qué características son esas, se menciona que el curso Diseño de Experimentos está diseñado para entrenar a los estudiantes en el uso de técnicas clásicas de Diseño de Experimentos para validar o refutar afirmaciones, hipótesis o teorías de las disciplinas computacionales, así como para ejercer controles de calidad en la práctica del desarrollo de software. Esto sugiere que la Ciencia de la Computación ha tenido dificultades en el pasado para establecer procedimientos experimentales sólidos y reproducibles, lo que ha llevado a su consideración como ""débil"" en este aspecto.",MC6102-Análisis de Algoritmos.txt;MC7201-Introducción a la Investigación.txt;MC7201-Introducción a la Investigación.txt;MC6104-Diseño de Experimentos.txt;MC6004-Sistemas Operativos Avanzados.txt,5.17,Diseño de Experimentos,MC6104,
llama3.1-8b-f16,open_ended,¿Qué utilidad tiene el Diseño de Experimentos (DoE) en la industria del software?,"En el curso Diseño de Experimentos de la Maestría en Computación, ¿Qué utilidad tiene el Diseño de Experimentos (DoE) en la industria del software?

Da una respuesta completa y explicativa.",Permite ejercer controles de calidad rigurosos durante el desarrollo de productos de software.,"No tengo suficiente información para responder a la pregunta. El contexto proporcionado no menciona el curso ""Diseño de Experimentos"" ni su relación con la industria del software. Sin embargo, puedo proporcionar información general sobre el Diseño de Experimentos (DoE) y su utilidad en la industria del software.

El Diseño de Experimentos (DoE) es un enfoque sistemático para diseñar y ejecutar experimentos con el objetivo de recopilar datos y tomar decisiones informadas. En la industria del software, el DoE se utiliza para mejorar la calidad, la eficiencia y la productividad de los procesos de desarrollo y entrega de software.

Algunas de las utilidades del DoE en la industria del software incluyen:

1. **Mejora de la calidad**: El DoE ayuda a identificar y eliminar fuentes de variabilidad en los procesos de desarrollo y entrega de software, lo que conduce a una mayor calidad y confiabilidad de los productos.
2. **Aumento de la eficiencia**: El DoE permite a los equipos de desarrollo y entrega de software identificar y optimizar los procesos y herramientas que se utilizan, lo que conduce a una mayor eficiencia y productividad.
3. **Reducir el riesgo**: El DoE ayuda a identificar y mitigar los riesgos asociados con la entrega de software, lo",MC6102-Análisis de Algoritmos.txt;MC1103-Gerencia de tecnología de información.txt;MC7201-Introducción a la Investigación.txt;MC7201-Introducción a la Investigación.txt;MC6102-Análisis de Algoritmos.txt,8.14,Diseño de Experimentos,MC6104,
llama3.1-8b-f16,open_ended,¿Qué capacidades adquiere el estudiante para manejar datos experimentales?,"En el curso Diseño de Experimentos de la Maestría en Computación, ¿Qué capacidades adquiere el estudiante para manejar datos experimentales?

Da una respuesta completa y explicativa.",El uso de software estadístico para analizar resultados con niveles de confianza y certeza científica.,"Lo siento, pero no tengo suficiente información sobre el curso ""Diseño de Experimentos de la Maestría en Computación"" para proporcionar una respuesta completa y explicativa. El contexto proporcionado solo incluye información sobre otros cursos de la Maestría en Computación, como Análisis de Algoritmos, Gerencia de Tecnología de la Información, Seguridad y Criptografía, y Introducción a la Investigación. No hay información disponible sobre el curso ""Diseño de Experimentos de la Maestría en Computación"".",MC6102-Análisis de Algoritmos.txt;MC6102-Análisis de Algoritmos.txt;MC1103-Gerencia de tecnología de información.txt;MC1003-Seguridad y Criptografía.txt;MC7201-Introducción a la Investigación.txt,3.38,Diseño de Experimentos,MC6104,
llama3.1-8b-f16,open_ended,¿Cuál es la estructura metodológica que siguen los proyectos en este curso?,"En el curso Diseño de Experimentos de la Maestría en Computación, ¿Cuál es la estructura metodológica que siguen los proyectos en este curso?

Da una respuesta completa y explicativa.","Realización de experimentos, recolección de datos, análisis de resultados y redacción de reportes técnicos.","No tengo suficiente información en el contexto proporcionado para determinar la estructura metodológica que siguen los proyectos en el curso Diseño de Experimentos de la Maestría en Computación. El contexto proporcionado solo menciona los objetivos y contenidos del curso, pero no proporciona detalles sobre la estructura metodológica de los proyectos.",MC6102-Análisis de Algoritmos.txt;MC7201-Introducción a la Investigación.txt;MC7201-Introducción a la Investigación.txt;MC6104-Diseño de Experimentos.txt;MC6004-Sistemas Operativos Avanzados.txt,2.33,Diseño de Experimentos,MC6104,
llama3.1-8b-f16,open_ended,¿Qué formación técnica previa es requerida para el uso de herramientas en este curso?,"En el curso Diseño de Experimentos de la Maestría en Computación, ¿Qué formación técnica previa es requerida para el uso de herramientas en este curso?

Da una respuesta completa y explicativa.","Conocimiento de UNIX, programación en C y dominio del entorno estadístico R.","Según el contexto proporcionado, en el curso Diseño de Experimentos de la Maestría en Computación, se requiere que los estudiantes tengan una formación previa en Álgebra Lineal, Cálculo y Probabilidades. Esto se indica en el apartado ""Datos generales"" del documento MC6104-Diseño de Experimentos, donde se establece que los requisitos previos para el curso son Álgebra Lineal, Cálculo y Probabilidades.",MC7201-Introducción a la Investigación.txt;MC6102-Análisis de Algoritmos.txt;MC6104-Diseño de Experimentos.txt;MC6102-Análisis de Algoritmos.txt;MC7201-Introducción a la Investigación.txt,3.04,Diseño de Experimentos,MC6104,
llama3.1-8b-f16,open_ended,¿Cómo influye este curso en el desarrollo de la tesis de maestría del estudiante?,"En el curso Diseño de Experimentos de la Maestría en Computación, ¿Cómo influye este curso en el desarrollo de la tesis de maestría del estudiante?

Da una respuesta completa y explicativa.",Entrena al estudiante para establecer hipótesis verificables experimentalmente en su propuesta de tesis.,"Según el contexto proporcionado, el curso Diseño de Experimentos (MC6104) es un curso electivo que forma parte del Plan 468 de la Maestría en Ciencias de la Computación. El objetivo general del curso es utilizar el Diseño de Experimentos en el desarrollo de investigación en Ciencia de la Computación.

En cuanto a la influencia de este curso en el desarrollo de la tesis de maestría del estudiante, se menciona en el contexto que el curso tiene como objetivo específico ""Usar las técnicas experimentales aprendidas en este curso en su propuesta de tesis, en el desarrollo de su tesis, y en investigaciones científicas en general"".

Además, se menciona que el curso es un requisito para el curso MC-7203 – Seminario de Investigación - Tesis II, lo que sugiere que el Diseño de Experimentos es una habilidad o conocimiento fundamental para el desarrollo de la tesis de maestría.

En resumen, el curso Diseño de Experimentos de la Maestría en Computación tiene como objetivo específico utilizar las técnicas experimentales aprendidas en el curso en el desarrollo de la tesis de maestría del estudiante, lo que sugiere que este curso tiene una influencia directa en el desarrollo de la tesis de maestría.",MC7201-Introducción a la Investigación.txt;MC6102-Análisis de Algoritmos.txt;MC7201-Introducción a la Investigación.txt;MC6104-Diseño de Experimentos.txt;MC6102-Análisis de Algoritmos.txt,7.48,Diseño de Experimentos,MC6104,
llama3.1-8b-f16,open_ended,¿Qué criterios separan la ciencia de la pseudociencia según los contenidos del curso?,"En el curso Introducción a la Investigación de la Maestría en Computación, ¿Qué criterios separan la ciencia de la pseudociencia según los contenidos del curso?

Da una respuesta completa y explicativa.","Los conceptos de historia y filosofía de la ciencia, aplicados a través de un exigente escepticismo científico.","Según los contenidos del curso ""Introducción a la Investigación"" de la Maestría en Computación, los criterios que separan la ciencia de la pseudociencia se estudian en el tema ""Filosofía de la Ciencia"" y específicamente en los puntos 2. Método Científico y 6. Ciencia y Pseudociencia.

En el punto 2. Método Científico, se estudia la importancia de la observación, la hipótesis y la experimentación en la investigación científica, y cómo estos pasos permiten la generación de conocimiento nuevo y la verificación de hipótesis.

En el punto 6. Ciencia y Pseudociencia, se analiza la diferencia entre la ciencia y la pseudociencia según la teoría de Karl Popper, quien sostiene que la ciencia se caracteriza por su capacidad para ser falsificada, es decir, que cualquier teoría científica puede ser probada y refutada mediante la experimentación y la observación. Por otro lado, la pseudociencia se caracteriza por su incapacidad para ser falsificada, ya que se basa en creencias y suposiciones que no pueden ser probadas o refutadas.

En resumen, los criterios que separan la ciencia de la pseudociencia según los contenidos del curso ""Introducción a",MC7201-Introducción a la Investigación.txt;MC7201-Introducción a la Investigación.txt;MC6102-Análisis de Algoritmos.txt;MC1103-Gerencia de tecnología de información.txt;MC6104-Diseño de Experimentos.txt,8.11,Introducción a la Investigación,MC7201,
llama3.1-8b-f16,open_ended,¿Cuál es el deber esencial de un científico según este programa académico?,"En el curso Introducción a la Investigación de la Maestría en Computación, ¿Cuál es el deber esencial de un científico según este programa académico?

Da una respuesta completa y explicativa.",Generar y comunicar conocimiento nuevo a la comunidad.,"Según el programa académico del curso Introducción a la Investigación de la Maestría en Computación, el deber esencial de un científico es ""generar y comunicar conocimiento nuevo, obtenido a través de un exigente escepticismo"".",MC7201-Introducción a la Investigación.txt;MC7201-Introducción a la Investigación.txt;MC6102-Análisis de Algoritmos.txt;MC1103-Gerencia de tecnología de información.txt;MC6104-Diseño de Experimentos.txt,1.91,Introducción a la Investigación,MC7201,
llama3.1-8b-f16,open_ended,"¿Qué habilidades de ""infraestructura"" se desarrollan para maximizar el éxito del investigador?","En el curso Introducción a la Investigación de la Maestría en Computación, ¿Qué habilidades de ""infraestructura"" se desarrollan para maximizar el éxito del investigador?

Da una respuesta completa y explicativa.","Cómo dar presentaciones, leer y escribir papers, y administrar efectivamente el tiempo.","Según el contexto proporcionado, en el curso Introducción a la Investigación de la Maestría en Computación, se desarrollan habilidades de ""infraestructura"" para maximizar el éxito del investigador en los siguientes aspectos:

1. **Cómo dar presentaciones Científicas**: Se enseña a los estudiantes cómo presentar sus investigaciones de manera efectiva y clara.
2. **Cómo leer papers**: Se les enseña a analizar y comprender artículos científicos y a identificar la información relevante.
3. **Escritura de Documentos Científicos**: Se les enseña a escribir artículos científicos de manera clara y concisa.
4. **Cómo escribir y juzgar Propuestas de Investigación**: Se les enseña a escribir propuestas de investigación efectivas y a evaluar las propuestas de otros.
5. **Cómo escribir una Tesis**: Se les enseña a escribir una tesis de investigación de manera clara y concisa.
6. **Administración del Tiempo**: Se les enseña a gestionar su tiempo de manera efectiva para completar sus tareas y proyectos.

Estas habilidades de ""infraestructura"" son fundamentales para que los investigadores puedan desarrollar sus proyectos de investigación de manera efectiva y alcanzar el éxito en su carrera académica.",MC1003-Seguridad y Criptografía.txt;MC6102-Análisis de Algoritmos.txt;MC7201-Introducción a la Investigación.txt;MC7201-Introducción a la Investigación.txt;MC2301-Planificación estratégica de tecnología de información.txt,7.62,Introducción a la Investigación,MC7201,
llama3.1-8b-f16,open_ended,¿Qué aspectos administrativos se revisan para orientar al estudiante en su posgrado?,"En el curso Introducción a la Investigación de la Maestría en Computación, ¿Qué aspectos administrativos se revisan para orientar al estudiante en su posgrado?

Da una respuesta completa y explicativa.",Los reglamentos y lineamientos del programa de maestría para la presentación de propuestas y tesis.,"Según el contexto proporcionado, en el curso Introducción a la Investigación de la Maestría en Computación, se revisan los siguientes aspectos administrativos para orientar al estudiante en su posgrado:

1. **Presentación de propuestas de investigación**: Se revisa el proceso de presentación de propuestas de investigación y el desarrollo de tesis de investigación, relacionado a los reglamentos y lineamientos del Programa de Maestría en Computación del ITCR.
2. **Reglamentos y lineamientos del Programa de Maestría en Computación**: Se orienta a los estudiantes sobre los reglamentos y lineamientos del Programa de Maestría en Computación del ITCR, lo que incluye la presentación de propuestas de investigación, el desarrollo de tesis de investigación y otros aspectos administrativos relevantes.
3. **Desarrollo de la investigación científica**: Se revisa la metodología de la investigación científica y de solución de problemas, así como aspectos técnicos y formales para la publicación de resultados.
4. **Elaboración y presentación de artículos científicos**: Se orienta a los estudiantes sobre cómo leer, elaborar y presentar adecuadamente artículos científicos en computación.

En resumen, el curso Introducción a la Investigación de la Maestría en Computación se enfoca en orientar a",MC1103-Gerencia de tecnología de información.txt;MC7201-Introducción a la Investigación.txt;MC7201-Introducción a la Investigación.txt;MC6102-Análisis de Algoritmos.txt;MC2301-Planificación estratégica de tecnología de información.txt,7.89,Introducción a la Investigación,MC7201,
llama3.1-8b-f16,open_ended,¿Qué elementos debe contener la propuesta de un artículo científico para ser aprobada?,"En el curso Introducción a la Investigación de la Maestría en Computación, ¿Qué elementos debe contener la propuesta de un artículo científico para ser aprobada?

Da una respuesta completa y explicativa.","Definición del problema, su importancia, soluciones previas, propuesta original y efectos esperados.","No tengo suficiente información en el contexto proporcionado para responder a la pregunta de manera completa y explicativa. La información disponible se refiere a la estructura del curso, los objetivos, los contenidos y la evaluación, pero no hay información específica sobre los elementos que debe contener la propuesta de un artículo científico para ser aprobada.",MC7201-Introducción a la Investigación.txt;MC7201-Introducción a la Investigación.txt;MC6104-Diseño de Experimentos.txt;MC1103-Gerencia de tecnología de información.txt;MC2301-Planificación estratégica de tecnología de información.txt,2.29,Introducción a la Investigación,MC7201,
llama3.1-8b-f16,open_ended,¿Cuál es la herramienta tecnológica obligatoria para la elaboración de presentaciones?,"En el curso Introducción a la Investigación de la Maestría en Computación, ¿Cuál es la herramienta tecnológica obligatoria para la elaboración de presentaciones?

Da una respuesta completa y explicativa.",Beamer.,"Según el contexto proporcionado, en el curso Introducción a la Investigación de la Maestría en Computación, la herramienta tecnológica obligatoria para la elaboración de presentaciones es Beamer.",MC7201-Introducción a la Investigación.txt;MC7201-Introducción a la Investigación.txt;MC6102-Análisis de Algoritmos.txt;MC1103-Gerencia de tecnología de información.txt;MC6102-Análisis de Algoritmos.txt,1.53,Introducción a la Investigación,MC7201,
