model_key,category,question,composed_question,expected_answer,predicted_answer,retrieved_sources,generation_time_s,curso,codigo,error
llama3.1-8b-4bit,binary,¿Es la asistencia obligatoria?,"En el curso Análisis de Datos en Ciberseguridad de la Maestría en Ciberseguridad, ¿Es la asistencia obligatoria?

Responde únicamente con 'Sí' o 'No'.",Sí,Sí,MC1006-Políticas y Gobernanza en Ciberseguridad.txt;MC1006-Políticas y Gobernanza en Ciberseguridad.txt;MC1003-Seguridad y Criptografía.txt;MC3001-Seguridad de Software Avanzado.txt;MC1001-Análisis de datos en ciberseguridad.txt,3.34,Análisis de Datos en Ciberseguridad,MC1001,
llama3.1-8b-4bit,binary,¿Tiene el curso requisitos previos?,"En el curso Análisis de Datos en Ciberseguridad de la Maestría en Ciberseguridad, ¿Tiene el curso requisitos previos?

Responde únicamente con 'Sí' o 'No'.",No,No,MC1006-Políticas y Gobernanza en Ciberseguridad.txt;MC3001-Seguridad de Software Avanzado.txt;MC1003-Seguridad y Criptografía.txt;MC1001-Análisis de datos en ciberseguridad.txt;MC3010-Cibercrimen.txt,0.51,Análisis de Datos en Ciberseguridad,MC1001,
llama3.1-8b-4bit,binary,¿Es un curso electivo?,"En el curso Análisis de Datos en Ciberseguridad de la Maestría en Ciberseguridad, ¿Es un curso electivo?

Responde únicamente con 'Sí' o 'No'.",No,No,MC1006-Políticas y Gobernanza en Ciberseguridad.txt;MC3010-Cibercrimen.txt;MC1001-Análisis de datos en ciberseguridad.txt;MC1003-Seguridad y Criptografía.txt;MC3001-Seguridad de Software Avanzado.txt,0.51,Análisis de Datos en Ciberseguridad,MC1001,
llama3.1-8b-4bit,binary,¿Existe la posibilidad de ganar el curso por suficiencia?,"En el curso Análisis de Datos en Ciberseguridad de la Maestría en Ciberseguridad, ¿Existe la posibilidad de ganar el curso por suficiencia?

Responde únicamente con 'Sí' o 'No'.",Sí,Sí,MC1003-Seguridad y Criptografía.txt;MC3010-Cibercrimen.txt;MC1006-Políticas y Gobernanza en Ciberseguridad.txt;MC3001-Seguridad de Software Avanzado.txt;MC1001-Análisis de datos en ciberseguridad.txt,0.54,Análisis de Datos en Ciberseguridad,MC1001,
llama3.1-8b-4bit,binary,¿Es posible el reconocimiento del curso?,"En el curso Análisis de Datos en Ciberseguridad de la Maestría en Ciberseguridad, ¿Es posible el reconocimiento del curso?

Responde únicamente con 'Sí' o 'No'.",Sí,Sí,MC1003-Seguridad y Criptografía.txt;MC1001-Análisis de datos en ciberseguridad.txt;MC1001-Análisis de datos en ciberseguridad.txt;MC3010-Cibercrimen.txt;MC1006-Políticas y Gobernanza en Ciberseguridad.txt,0.54,Análisis de Datos en Ciberseguridad,MC1001,
llama3.1-8b-4bit,binary,¿Los laboratorios representan el 75% de la nota final?,"En el curso Análisis de Datos en Ciberseguridad de la Maestría en Ciberseguridad, ¿Los laboratorios representan el 75% de la nota final?

Responde únicamente con 'Sí' o 'No'.",Sí,No,MC1003-Seguridad y Criptografía.txt;MC3010-Cibercrimen.txt;MC1006-Políticas y Gobernanza en Ciberseguridad.txt;MC3001-Seguridad de Software Avanzado.txt;MC1001-Análisis de datos en ciberseguridad.txt,0.52,Análisis de Datos en Ciberseguridad,MC1001,
llama3.1-8b-4bit,binary,¿Es la asistencia obligatoria?,"En el curso Seguridad y Criptografía de la Maestría en Ciberseguridad, ¿Es la asistencia obligatoria?

Responde únicamente con 'Sí' o 'No'.",Sí,Sí,MC1006-Políticas y Gobernanza en Ciberseguridad.txt;MC1006-Políticas y Gobernanza en Ciberseguridad.txt;MC1003-Seguridad y Criptografía.txt;MC3001-Seguridad de Software Avanzado.txt;MC3010-Cibercrimen.txt,0.54,Seguridad y Criptografía,MC1003,
llama3.1-8b-4bit,binary,¿Es este un curso electivo?,"En el curso Seguridad y Criptografía de la Maestría en Ciberseguridad, ¿Es este un curso electivo?

Responde únicamente con 'Sí' o 'No'.",No,No,MC1006-Políticas y Gobernanza en Ciberseguridad.txt;MC1006-Políticas y Gobernanza en Ciberseguridad.txt;MC1003-Seguridad y Criptografía.txt;MC3001-Seguridad de Software Avanzado.txt;MC3010-Cibercrimen.txt,0.51,Seguridad y Criptografía,MC1003,
llama3.1-8b-4bit,binary,¿Tiene correquisitos establecidos?,"En el curso Seguridad y Criptografía de la Maestría en Ciberseguridad, ¿Tiene correquisitos establecidos?

Responde únicamente con 'Sí' o 'No'.",No,No,MC1006-Políticas y Gobernanza en Ciberseguridad.txt;MC1006-Políticas y Gobernanza en Ciberseguridad.txt;MC1003-Seguridad y Criptografía.txt;MC3001-Seguridad de Software Avanzado.txt;MC1001-Análisis de datos en ciberseguridad.txt,0.51,Seguridad y Criptografía,MC1003,
llama3.1-8b-4bit,binary,"¿Es este curso requisito para ""Blockchain y Ledger Distribuidos""?","En el curso Seguridad y Criptografía de la Maestría en Ciberseguridad, ¿Es este curso requisito para ""Blockchain y Ledger Distribuidos""?

Responde únicamente con 'Sí' o 'No'.",Sí,Sí,MC1006-Políticas y Gobernanza en Ciberseguridad.txt;MC1006-Políticas y Gobernanza en Ciberseguridad.txt;MC1003-Seguridad y Criptografía.txt;MC3001-Seguridad de Software Avanzado.txt;MC3010-Cibercrimen.txt,0.54,Seguridad y Criptografía,MC1003,
llama3.1-8b-4bit,binary,¿Se permite el reconocimiento del curso?,"En el curso Seguridad y Criptografía de la Maestría en Ciberseguridad, ¿Se permite el reconocimiento del curso?

Responde únicamente con 'Sí' o 'No'.",Sí,Sí,MC1003-Seguridad y Criptografía.txt;MC1006-Políticas y Gobernanza en Ciberseguridad.txt;MC3001-Seguridad de Software Avanzado.txt;MC1006-Políticas y Gobernanza en Ciberseguridad.txt;MC3010-Cibercrimen.txt,0.54,Seguridad y Criptografía,MC1003,
llama3.1-8b-4bit,binary,¿El examen final tiene un valor del 30%?,"En el curso Seguridad y Criptografía de la Maestría en Ciberseguridad, ¿El examen final tiene un valor del 30%?

Responde únicamente con 'Sí' o 'No'.",Sí,No.,MC1003-Seguridad y Criptografía.txt;MC3001-Seguridad de Software Avanzado.txt;MC3010-Cibercrimen.txt;MC1001-Análisis de datos en ciberseguridad.txt;MC1006-Políticas y Gobernanza en Ciberseguridad.txt,0.55,Seguridad y Criptografía,MC1003,
llama3.1-8b-4bit,binary,¿Es el curso de tipo electivo?,"En el curso Políticas y Gobernanza en Ciberseguridad de la Maestría en Ciberseguridad, ¿Es el curso de tipo electivo?

Responde únicamente con 'Sí' o 'No'.",No,No,MC1006-Políticas y Gobernanza en Ciberseguridad.txt;MC1006-Políticas y Gobernanza en Ciberseguridad.txt;MC3010-Cibercrimen.txt;MC3001-Seguridad de Software Avanzado.txt;MC1003-Seguridad y Criptografía.txt,0.5,Políticas y Gobernanza en Ciberseguridad,MC1006,
llama3.1-8b-4bit,binary,¿Es la asistencia obligatoria?,"En el curso Políticas y Gobernanza en Ciberseguridad de la Maestría en Ciberseguridad, ¿Es la asistencia obligatoria?

Responde únicamente con 'Sí' o 'No'.",Sí,Sí,MC1006-Políticas y Gobernanza en Ciberseguridad.txt;MC1006-Políticas y Gobernanza en Ciberseguridad.txt;MC3010-Cibercrimen.txt;MC3001-Seguridad de Software Avanzado.txt;MC1003-Seguridad y Criptografía.txt,0.51,Políticas y Gobernanza en Ciberseguridad,MC1006,
llama3.1-8b-4bit,binary,¿Se permite el reconocimiento de este curso?,"En el curso Políticas y Gobernanza en Ciberseguridad de la Maestría en Ciberseguridad, ¿Se permite el reconocimiento de este curso?

Responde únicamente con 'Sí' o 'No'.",No,Sí,MC1006-Políticas y Gobernanza en Ciberseguridad.txt;MC1006-Políticas y Gobernanza en Ciberseguridad.txt;MC1003-Seguridad y Criptografía.txt;MC3010-Cibercrimen.txt;MC3001-Seguridad de Software Avanzado.txt,0.51,Políticas y Gobernanza en Ciberseguridad,MC1006,
llama3.1-8b-4bit,binary,¿Existe la posibilidad de suficiencia?,"En el curso Políticas y Gobernanza en Ciberseguridad de la Maestría en Ciberseguridad, ¿Existe la posibilidad de suficiencia?

Responde únicamente con 'Sí' o 'No'.",Sí,Sí,MC1006-Políticas y Gobernanza en Ciberseguridad.txt;MC1006-Políticas y Gobernanza en Ciberseguridad.txt;MC3010-Cibercrimen.txt;MC1003-Seguridad y Criptografía.txt;MC3001-Seguridad de Software Avanzado.txt,0.51,Políticas y Gobernanza en Ciberseguridad,MC1006,
llama3.1-8b-4bit,binary,¿Se ubica el curso en el primer trimestre del plan de estudios?,"En el curso Políticas y Gobernanza en Ciberseguridad de la Maestría en Ciberseguridad, ¿Se ubica el curso en el primer trimestre del plan de estudios?

Responde únicamente con 'Sí' o 'No'.",Sí,Sí,MC1006-Políticas y Gobernanza en Ciberseguridad.txt;MC1006-Políticas y Gobernanza en Ciberseguridad.txt;MC3010-Cibercrimen.txt;MC1003-Seguridad y Criptografía.txt;MC3001-Seguridad de Software Avanzado.txt,0.51,Políticas y Gobernanza en Ciberseguridad,MC1006,
llama3.1-8b-4bit,binary,¿El estudio de casos vale un 40% de la calificación?,"En el curso Políticas y Gobernanza en Ciberseguridad de la Maestría en Ciberseguridad, ¿El estudio de casos vale un 40% de la calificación?

Responde únicamente con 'Sí' o 'No'.",Sí,No tengo suficiente información.,MC1006-Políticas y Gobernanza en Ciberseguridad.txt;MC1006-Políticas y Gobernanza en Ciberseguridad.txt;MC1001-Análisis de datos en ciberseguridad.txt;MC3010-Cibercrimen.txt;MC1003-Seguridad y Criptografía.txt,0.57,Políticas y Gobernanza en Ciberseguridad,MC1006,
llama3.1-8b-4bit,binary,¿Es un curso electivo?,"En el curso Seguridad de Software Avanzado de la Maestría en Ciberseguridad, ¿Es un curso electivo?

Responde únicamente con 'Sí' o 'No'.",No,Sí,MC3001-Seguridad de Software Avanzado.txt;MC1006-Políticas y Gobernanza en Ciberseguridad.txt;MC1006-Políticas y Gobernanza en Ciberseguridad.txt;MC1003-Seguridad y Criptografía.txt;MC3010-Cibercrimen.txt,0.5,Seguridad de Software Avanzado,MC3001,
llama3.1-8b-4bit,binary,¿Es obligatoria la asistencia?,"En el curso Seguridad de Software Avanzado de la Maestría en Ciberseguridad, ¿Es obligatoria la asistencia?

Responde únicamente con 'Sí' o 'No'.",Sí,Sí,MC1006-Políticas y Gobernanza en Ciberseguridad.txt;MC1006-Políticas y Gobernanza en Ciberseguridad.txt;MC3001-Seguridad de Software Avanzado.txt;MC1003-Seguridad y Criptografía.txt;MC3010-Cibercrimen.txt,0.51,Seguridad de Software Avanzado,MC3001,
llama3.1-8b-4bit,binary,¿Tiene requisitos previos?,"En el curso Seguridad de Software Avanzado de la Maestría en Ciberseguridad, ¿Tiene requisitos previos?

Responde únicamente con 'Sí' o 'No'.",No,No,MC3001-Seguridad de Software Avanzado.txt;MC1006-Políticas y Gobernanza en Ciberseguridad.txt;MC1006-Políticas y Gobernanza en Ciberseguridad.txt;MC1003-Seguridad y Criptografía.txt;MC3001-Seguridad de Software Avanzado.txt,0.46,Seguridad de Software Avanzado,MC3001,
llama3.1-8b-4bit,binary,¿Es requisito para el curso de Seguridad en la Nube?,"En el curso Seguridad de Software Avanzado de la Maestría en Ciberseguridad, ¿Es requisito para el curso de Seguridad en la Nube?

Responde únicamente con 'Sí' o 'No'.",Sí,Sí,MC3001-Seguridad de Software Avanzado.txt;MC1006-Políticas y Gobernanza en Ciberseguridad.txt;MC1006-Políticas y Gobernanza en Ciberseguridad.txt;MC1003-Seguridad y Criptografía.txt;MC3010-Cibercrimen.txt,0.51,Seguridad de Software Avanzado,MC3001,
llama3.1-8b-4bit,binary,¿Se permite la suficiencia?,"En el curso Seguridad de Software Avanzado de la Maestría en Ciberseguridad, ¿Se permite la suficiencia?

Responde únicamente con 'Sí' o 'No'.",No,Sí,MC1006-Políticas y Gobernanza en Ciberseguridad.txt;MC3001-Seguridad de Software Avanzado.txt;MC3001-Seguridad de Software Avanzado.txt;MC1006-Políticas y Gobernanza en Ciberseguridad.txt;MC1003-Seguridad y Criptografía.txt,0.47,Seguridad de Software Avanzado,MC3001,
llama3.1-8b-4bit,binary,¿El examen final vale el 30% de la nota?,"En el curso Seguridad de Software Avanzado de la Maestría en Ciberseguridad, ¿El examen final vale el 30% de la nota?

Responde únicamente con 'Sí' o 'No'.",Sí,No tengo suficiente información.,MC3001-Seguridad de Software Avanzado.txt;MC1003-Seguridad y Criptografía.txt;MC3010-Cibercrimen.txt;MC1001-Análisis de datos en ciberseguridad.txt;MC1006-Políticas y Gobernanza en Ciberseguridad.txt,0.57,Seguridad de Software Avanzado,MC3001,
llama3.1-8b-4bit,binary,¿Es el curso de tipo electivo?,"En el curso Cibercrimen de la Maestría en Ciberseguridad, ¿Es el curso de tipo electivo?

Responde únicamente con 'Sí' o 'No'.",Sí,Sí,MC1006-Políticas y Gobernanza en Ciberseguridad.txt;MC3010-Cibercrimen.txt;MC1006-Políticas y Gobernanza en Ciberseguridad.txt;MC3001-Seguridad de Software Avanzado.txt;MC1003-Seguridad y Criptografía.txt,0.51,Cibercrimen,MC3010,
llama3.1-8b-4bit,binary,¿Es obligatoria la asistencia?,"En el curso Cibercrimen de la Maestría en Ciberseguridad, ¿Es obligatoria la asistencia?

Responde únicamente con 'Sí' o 'No'.",Sí,Sí,MC1006-Políticas y Gobernanza en Ciberseguridad.txt;MC1006-Políticas y Gobernanza en Ciberseguridad.txt;MC3010-Cibercrimen.txt;MC3001-Seguridad de Software Avanzado.txt;MC1003-Seguridad y Criptografía.txt,0.51,Cibercrimen,MC3010,
llama3.1-8b-4bit,binary,¿Tiene requisitos o correquisitos?,"En el curso Cibercrimen de la Maestría en Ciberseguridad, ¿Tiene requisitos o correquisitos?

Responde únicamente con 'Sí' o 'No'.",No,No,MC1006-Políticas y Gobernanza en Ciberseguridad.txt;MC1006-Políticas y Gobernanza en Ciberseguridad.txt;MC3010-Cibercrimen.txt;MC3001-Seguridad de Software Avanzado.txt;MC1003-Seguridad y Criptografía.txt,0.5,Cibercrimen,MC3010,
llama3.1-8b-4bit,binary,¿Se permite la suficiencia para este curso?,"En el curso Cibercrimen de la Maestría en Ciberseguridad, ¿Se permite la suficiencia para este curso?

Responde únicamente con 'Sí' o 'No'.",No,No,MC3010-Cibercrimen.txt;MC1006-Políticas y Gobernanza en Ciberseguridad.txt;MC1003-Seguridad y Criptografía.txt;MC3001-Seguridad de Software Avanzado.txt;MC1006-Políticas y Gobernanza en Ciberseguridad.txt,0.49,Cibercrimen,MC3010,
llama3.1-8b-4bit,binary,¿Existe la posibilidad de reconocimiento?,"En el curso Cibercrimen de la Maestría en Ciberseguridad, ¿Existe la posibilidad de reconocimiento?

Responde únicamente con 'Sí' o 'No'.",No,No,MC1001-Análisis de datos en ciberseguridad.txt;MC1006-Políticas y Gobernanza en Ciberseguridad.txt;MC1006-Políticas y Gobernanza en Ciberseguridad.txt;MC1003-Seguridad y Criptografía.txt;MC3010-Cibercrimen.txt,0.5,Cibercrimen,MC3010,
llama3.1-8b-4bit,binary,¿La investigación social aplicada tiene un peso del 40%?,"En el curso Cibercrimen de la Maestría en Ciberseguridad, ¿La investigación social aplicada tiene un peso del 40%?

Responde únicamente con 'Sí' o 'No'.",Sí,Sí,MC1006-Políticas y Gobernanza en Ciberseguridad.txt;MC1006-Políticas y Gobernanza en Ciberseguridad.txt;MC3010-Cibercrimen.txt;MC1001-Análisis de datos en ciberseguridad.txt;MC3010-Cibercrimen.txt,0.45,Cibercrimen,MC3010,
llama3.1-8b-4bit,binary,¿Es un curso obligatorio?,"En el curso Sistemas Estratégicos Empresariales de la Maestría en Gerencia de Tecnologías de la Información, ¿Es un curso obligatorio?

Responde únicamente con 'Sí' o 'No'.",Sí,Sí,MC1103-Gerencia de tecnología de información.txt;MC1101-Sistemas Estratégicos Empresariales.txt;MC1101-Sistemas Estratégicos Empresariales.txt;MC2301-Planificación estratégica de tecnología de información.txt;MC2301-Planificación estratégica de tecnología de información.txt,0.43,Sistemas Estratégicos Empresariales,MC1101,
llama3.1-8b-4bit,binary,¿Tiene requisitos o correquisitos previos?,"En el curso Sistemas Estratégicos Empresariales de la Maestría en Gerencia de Tecnologías de la Información, ¿Tiene requisitos o correquisitos previos?

Responde únicamente con 'Sí' o 'No'.",No,Sí,MC1101-Sistemas Estratégicos Empresariales.txt;MC2301-Planificación estratégica de tecnología de información.txt;MC1103-Gerencia de tecnología de información.txt;MC1103-Gerencia de tecnología de información.txt;MC2301-Planificación estratégica de tecnología de información.txt,0.42,Sistemas Estratégicos Empresariales,MC1101,
llama3.1-8b-4bit,binary,¿Es la asistencia obligatoria?,"En el curso Sistemas Estratégicos Empresariales de la Maestría en Gerencia de Tecnologías de la Información, ¿Es la asistencia obligatoria?

Responde únicamente con 'Sí' o 'No'.",Sí,No tengo suficiente información.,MC1101-Sistemas Estratégicos Empresariales.txt;MC1103-Gerencia de tecnología de información.txt;MC1006-Políticas y Gobernanza en Ciberseguridad.txt;MC1201-Administración financiera de tecnología de información.txt;MC1103-Gerencia de tecnología de información.txt,0.54,Sistemas Estratégicos Empresariales,MC1101,
llama3.1-8b-4bit,binary,¿Existe la posibilidad de suficiencia?,"En el curso Sistemas Estratégicos Empresariales de la Maestría en Gerencia de Tecnologías de la Información, ¿Existe la posibilidad de suficiencia?

Responde únicamente con 'Sí' o 'No'.",No,No,MC1101-Sistemas Estratégicos Empresariales.txt;MC1103-Gerencia de tecnología de información.txt;MC2301-Planificación estratégica de tecnología de información.txt;MC1103-Gerencia de tecnología de información.txt;MC1006-Políticas y Gobernanza en Ciberseguridad.txt,0.41,Sistemas Estratégicos Empresariales,MC1101,
llama3.1-8b-4bit,binary,¿Es posible el reconocimiento del curso?,"En el curso Sistemas Estratégicos Empresariales de la Maestría en Gerencia de Tecnologías de la Información, ¿Es posible el reconocimiento del curso?

Responde únicamente con 'Sí' o 'No'.",No,No,MC1101-Sistemas Estratégicos Empresariales.txt;MC2301-Planificación estratégica de tecnología de información.txt;MC1103-Gerencia de tecnología de información.txt;MC1103-Gerencia de tecnología de información.txt;MC1101-Sistemas Estratégicos Empresariales.txt,0.42,Sistemas Estratégicos Empresariales,MC1101,
llama3.1-8b-4bit,binary,¿La investigación en sistema empresarial vale un 40%?,"En el curso Sistemas Estratégicos Empresariales de la Maestría en Gerencia de Tecnologías de la Información, ¿La investigación en sistema empresarial vale un 40%?

Responde únicamente con 'Sí' o 'No'.",Sí,Sí,MC1101-Sistemas Estratégicos Empresariales.txt;MC2301-Planificación estratégica de tecnología de información.txt;MC1101-Sistemas Estratégicos Empresariales.txt;MC2301-Planificación estratégica de tecnología de información.txt;MC1103-Gerencia de tecnología de información.txt,0.38,Sistemas Estratégicos Empresariales,MC1101,
llama3.1-8b-4bit,binary,¿Es la asistencia obligatoria?,"En el curso Gerencia de Tecnología de Información de la Maestría en Gerencia de Tecnologías de la Información, ¿Es la asistencia obligatoria?

Responde únicamente con 'Sí' o 'No'.",Sí,Sí,MC1103-Gerencia de tecnología de información.txt;MC1201-Administración financiera de tecnología de información.txt;MC1103-Gerencia de tecnología de información.txt;MC1006-Políticas y Gobernanza en Ciberseguridad.txt;MC2301-Planificación estratégica de tecnología de información.txt,0.44,Gerencia de Tecnología de Información,MC1103,
llama3.1-8b-4bit,binary,¿Tiene el curso requisitos previos?,"En el curso Gerencia de Tecnología de Información de la Maestría en Gerencia de Tecnologías de la Información, ¿Tiene el curso requisitos previos?

Responde únicamente con 'Sí' o 'No'.",No,No,MC1103-Gerencia de tecnología de información.txt;MC2301-Planificación estratégica de tecnología de información.txt;MC2301-Planificación estratégica de tecnología de información.txt;MC1101-Sistemas Estratégicos Empresariales.txt;MC1203-Administración y estrategia de proyectos I.txt,0.41,Gerencia de Tecnología de Información,MC1103,
llama3.1-8b-4bit,binary,¿Se permite la suficiencia?,"En el curso Gerencia de Tecnología de Información de la Maestría en Gerencia de Tecnologías de la Información, ¿Se permite la suficiencia?

Responde únicamente con 'Sí' o 'No'.",No,No,MC1103-Gerencia de tecnología de información.txt;MC2301-Planificación estratégica de tecnología de información.txt;MC1103-Gerencia de tecnología de información.txt;MC1006-Políticas y Gobernanza en Ciberseguridad.txt;MC1101-Sistemas Estratégicos Empresariales.txt,0.42,Gerencia de Tecnología de Información,MC1103,
llama3.1-8b-4bit,binary,¿Es posible el reconocimiento del curso?,"En el curso Gerencia de Tecnología de Información de la Maestría en Gerencia de Tecnologías de la Información, ¿Es posible el reconocimiento del curso?

Responde únicamente con 'Sí' o 'No'.",No,No,MC1103-Gerencia de tecnología de información.txt;MC7201-Introducción a la Investigación.txt;MC1103-Gerencia de tecnología de información.txt;MC2301-Planificación estratégica de tecnología de información.txt;MC1101-Sistemas Estratégicos Empresariales.txt,0.41,Gerencia de Tecnología de Información,MC1103,
llama3.1-8b-4bit,binary,¿El estudio de casos vale un 40% de la nota?,"En el curso Gerencia de Tecnología de Información de la Maestría en Gerencia de Tecnologías de la Información, ¿El estudio de casos vale un 40% de la nota?

Responde únicamente con 'Sí' o 'No'.",Sí,Sí,MC1103-Gerencia de tecnología de información.txt;MC1101-Sistemas Estratégicos Empresariales.txt;MC2301-Planificación estratégica de tecnología de información.txt;MC6104-Diseño de Experimentos.txt;MC6004-Sistemas Operativos Avanzados.txt,0.29,Gerencia de Tecnología de Información,MC1103,
llama3.1-8b-4bit,binary,¿Requiere el curso la elaboración de una investigación bibliográfica?,"En el curso Gerencia de Tecnología de Información de la Maestría en Gerencia de Tecnologías de la Información, ¿Requiere el curso la elaboración de una investigación bibliográfica?

Responde únicamente con 'Sí' o 'No'.",Sí,Sí,MC1103-Gerencia de tecnología de información.txt;MC2301-Planificación estratégica de tecnología de información.txt;MC1101-Sistemas Estratégicos Empresariales.txt;MC6004-Sistemas Operativos Avanzados.txt;MC7201-Introducción a la Investigación.txt,0.38,Gerencia de Tecnología de Información,MC1103,
llama3.1-8b-4bit,binary,¿Es este un curso obligatorio?,"En el curso Administración Financiera de TI de la Maestría en Gerencia de Tecnologías de la Información, ¿Es este un curso obligatorio?

Responde únicamente con 'Sí' o 'No'.",Sí,Sí,MC1201-Administración financiera de tecnología de información.txt;MC1201-Administración financiera de tecnología de información.txt;MC1101-Sistemas Estratégicos Empresariales.txt;MC1103-Gerencia de tecnología de información.txt;MC1006-Políticas y Gobernanza en Ciberseguridad.txt,0.48,Administración Financiera de TI,MC1201,
llama3.1-8b-4bit,binary,¿Se permite el reconocimiento del curso?,"En el curso Administración Financiera de TI de la Maestría en Gerencia de Tecnologías de la Información, ¿Se permite el reconocimiento del curso?

Responde únicamente con 'Sí' o 'No'.",Sí,Sí,MC1201-Administración financiera de tecnología de información.txt;MC1101-Sistemas Estratégicos Empresariales.txt;MC1103-Gerencia de tecnología de información.txt;MC2301-Planificación estratégica de tecnología de información.txt;MC1203-Administración y estrategia de proyectos I.txt,0.43,Administración Financiera de TI,MC1201,
llama3.1-8b-4bit,binary,¿Existe la posibilidad de suficiencia?,"En el curso Administración Financiera de TI de la Maestría en Gerencia de Tecnologías de la Información, ¿Existe la posibilidad de suficiencia?

Responde únicamente con 'Sí' o 'No'.",No,No,MC1201-Administración financiera de tecnología de información.txt;MC1101-Sistemas Estratégicos Empresariales.txt;MC1103-Gerencia de tecnología de información.txt;MC1201-Administración financiera de tecnología de información.txt;MC1103-Gerencia de tecnología de información.txt,0.46,Administración Financiera de TI,MC1201,
llama3.1-8b-4bit,binary,¿Es la asistencia obligatoria?,"En el curso Administración Financiera de TI de la Maestría en Gerencia de Tecnologías de la Información, ¿Es la asistencia obligatoria?

Responde únicamente con 'Sí' o 'No'.",Sí,Sí,MC1201-Administración financiera de tecnología de información.txt;MC1201-Administración financiera de tecnología de información.txt;MC1006-Políticas y Gobernanza en Ciberseguridad.txt;MC1103-Gerencia de tecnología de información.txt;MC1103-Gerencia de tecnología de información.txt,0.48,Administración Financiera de TI,MC1201,
llama3.1-8b-4bit,binary,¿Se ubica en el segundo semestre del programa?,"En el curso Administración Financiera de TI de la Maestría en Gerencia de Tecnologías de la Información, ¿Se ubica en el segundo semestre del programa?

Responde únicamente con 'Sí' o 'No'.",Sí,Sí,MC1201-Administración financiera de tecnología de información.txt;MC1101-Sistemas Estratégicos Empresariales.txt;MC1201-Administración financiera de tecnología de información.txt;MC1203-Administración y estrategia de proyectos I.txt;MC2301-Planificación estratégica de tecnología de información.txt,0.48,Administración Financiera de TI,MC1201,
llama3.1-8b-4bit,binary,¿Los dos exámenes parciales valen un 50% en total?,"En el curso Administración Financiera de TI de la Maestría en Gerencia de Tecnologías de la Información, ¿Los dos exámenes parciales valen un 50% en total?

Responde únicamente con 'Sí' o 'No'.",Sí,No,MC1101-Sistemas Estratégicos Empresariales.txt;MC1003-Seguridad y Criptografía.txt;MC2301-Planificación estratégica de tecnología de información.txt;MC6004-Sistemas Operativos Avanzados.txt;MC6104-Diseño de Experimentos.txt,0.21,Administración Financiera de TI,MC1201,
llama3.1-8b-4bit,binary,¿Es un curso obligatorio?,"En el curso Administración y Estrategia de Proyectos I de la Maestría en Gerencia de Tecnologías de la Información, ¿Es un curso obligatorio?

Responde únicamente con 'Sí' o 'No'.",No,Sí,MC1103-Gerencia de tecnología de información.txt;MC1203-Administración y estrategia de proyectos I.txt;MC1203-Administración y estrategia de proyectos I.txt;MC2301-Planificación estratégica de tecnología de información.txt;MC1101-Sistemas Estratégicos Empresariales.txt,0.42,Administración y Estrategia de Proyectos I,MC1203,
llama3.1-8b-4bit,binary,¿Es la asistencia obligatoria?,"En el curso Administración y Estrategia de Proyectos I de la Maestría en Gerencia de Tecnologías de la Información, ¿Es la asistencia obligatoria?

Responde únicamente con 'Sí' o 'No'.",Sí,No tengo suficiente información.,MC1103-Gerencia de tecnología de información.txt;MC1006-Políticas y Gobernanza en Ciberseguridad.txt;MC1203-Administración y estrategia de proyectos I.txt;MC1201-Administración financiera de tecnología de información.txt;MC1006-Políticas y Gobernanza en Ciberseguridad.txt,0.55,Administración y Estrategia de Proyectos I,MC1203,
llama3.1-8b-4bit,binary,¿Es requisito para el curso de Administración y Estrategia de Proyectos II?,"En el curso Administración y Estrategia de Proyectos I de la Maestría en Gerencia de Tecnologías de la Información, ¿Es requisito para el curso de Administración y Estrategia de Proyectos II?

Responde únicamente con 'Sí' o 'No'.",Sí,No tengo suficiente información.,MC1203-Administración y estrategia de proyectos I.txt;MC1103-Gerencia de tecnología de información.txt;MC2301-Planificación estratégica de tecnología de información.txt;MC1203-Administración y estrategia de proyectos I.txt;MC1103-Gerencia de tecnología de información.txt,0.46,Administración y Estrategia de Proyectos I,MC1203,
llama3.1-8b-4bit,binary,¿Permite el curso la suficiencia?,"En el curso Administración y Estrategia de Proyectos I de la Maestría en Gerencia de Tecnologías de la Información, ¿Permite el curso la suficiencia?

Responde únicamente con 'Sí' o 'No'.",No,No,MC1103-Gerencia de tecnología de información.txt;MC2301-Planificación estratégica de tecnología de información.txt;MC1203-Administración y estrategia de proyectos I.txt;MC1203-Administración y estrategia de proyectos I.txt;MC1101-Sistemas Estratégicos Empresariales.txt,0.4,Administración y Estrategia de Proyectos I,MC1203,
llama3.1-8b-4bit,binary,¿Existe la posibilidad de reconocimiento?,"En el curso Administración y Estrategia de Proyectos I de la Maestría en Gerencia de Tecnologías de la Información, ¿Existe la posibilidad de reconocimiento?

Responde únicamente con 'Sí' o 'No'.",Sí,No tengo suficiente información.,MC1103-Gerencia de tecnología de información.txt;MC2301-Planificación estratégica de tecnología de información.txt;MC1006-Políticas y Gobernanza en Ciberseguridad.txt;MC1006-Políticas y Gobernanza en Ciberseguridad.txt;MC1203-Administración y estrategia de proyectos I.txt,0.44,Administración y Estrategia de Proyectos I,MC1203,
llama3.1-8b-4bit,binary,¿La resolución de casos prácticos vale un 25%?,"En el curso Administración y Estrategia de Proyectos I de la Maestría en Gerencia de Tecnologías de la Información, ¿La resolución de casos prácticos vale un 25%?

Responde únicamente con 'Sí' o 'No'.",Sí,Sí,MC1103-Gerencia de tecnología de información.txt;MC2301-Planificación estratégica de tecnología de información.txt;MC1103-Gerencia de tecnología de información.txt;MC1101-Sistemas Estratégicos Empresariales.txt;MC1203-Administración y estrategia de proyectos I.txt,0.32,Administración y Estrategia de Proyectos I,MC1203,
llama3.1-8b-4bit,binary,¿Es un curso obligatorio?,"En el curso Planificación Estratégica de TI de la Maestría en Gerencia de Tecnologías de la Información, ¿Es un curso obligatorio?

Responde únicamente con 'Sí' o 'No'.",Sí,No tengo suficiente información.,MC1103-Gerencia de tecnología de información.txt;MC2301-Planificación estratégica de tecnología de información.txt;MC2301-Planificación estratégica de tecnología de información.txt;MC1101-Sistemas Estratégicos Empresariales.txt;MC1203-Administración y estrategia de proyectos I.txt,0.49,Planificación Estratégica de TI,MC2301,
llama3.1-8b-4bit,binary,¿Es la asistencia obligatoria?,"En el curso Planificación Estratégica de TI de la Maestría en Gerencia de Tecnologías de la Información, ¿Es la asistencia obligatoria?

Responde únicamente con 'Sí' o 'No'.",Sí,No tengo suficiente información.,MC1103-Gerencia de tecnología de información.txt;MC2301-Planificación estratégica de tecnología de información.txt;MC1201-Administración financiera de tecnología de información.txt;MC2301-Planificación estratégica de tecnología de información.txt;MC1006-Políticas y Gobernanza en Ciberseguridad.txt,0.51,Planificación Estratégica de TI,MC2301,
llama3.1-8b-4bit,binary,¿Se reprueba el curso con 4 faltas de asistencia injustificadas?,"En el curso Planificación Estratégica de TI de la Maestría en Gerencia de Tecnologías de la Información, ¿Se reprueba el curso con 4 faltas de asistencia injustificadas?

Responde únicamente con 'Sí' o 'No'.",Sí,No tengo suficiente información.,MC1103-Gerencia de tecnología de información.txt;MC2301-Planificación estratégica de tecnología de información.txt;MC1203-Administración y estrategia de proyectos I.txt;MC6004-Sistemas Operativos Avanzados.txt;MC1101-Sistemas Estratégicos Empresariales.txt,0.44,Planificación Estratégica de TI,MC2301,
llama3.1-8b-4bit,binary,¿Existe la posibilidad de suficiencia?,"En el curso Planificación Estratégica de TI de la Maestría en Gerencia de Tecnologías de la Información, ¿Existe la posibilidad de suficiencia?

Responde únicamente con 'Sí' o 'No'.",No,No,MC1103-Gerencia de tecnología de información.txt;MC2301-Planificación estratégica de tecnología de información.txt;MC1101-Sistemas Estratégicos Empresariales.txt;MC2301-Planificación estratégica de tecnología de información.txt;MC1006-Políticas y Gobernanza en Ciberseguridad.txt,0.42,Planificación Estratégica de TI,MC2301,
llama3.1-8b-4bit,binary,¿Se permite el reconocimiento del curso?,"En el curso Planificación Estratégica de TI de la Maestría en Gerencia de Tecnologías de la Información, ¿Se permite el reconocimiento del curso?

Responde únicamente con 'Sí' o 'No'.",No,No,MC1103-Gerencia de tecnología de información.txt;MC2301-Planificación estratégica de tecnología de información.txt;MC2301-Planificación estratégica de tecnología de información.txt;MC1203-Administración y estrategia de proyectos I.txt;MC1101-Sistemas Estratégicos Empresariales.txt,0.42,Planificación Estratégica de TI,MC2301,
llama3.1-8b-4bit,binary,¿La resolución de casos vale un 40% de la nota?,"En el curso Planificación Estratégica de TI de la Maestría en Gerencia de Tecnologías de la Información, ¿La resolución de casos vale un 40% de la nota?

Responde únicamente con 'Sí' o 'No'.",Sí,No tengo suficiente información.,MC2301-Planificación estratégica de tecnología de información.txt;MC1103-Gerencia de tecnología de información.txt;MC1103-Gerencia de tecnología de información.txt;MC1101-Sistemas Estratégicos Empresariales.txt;MC2301-Planificación estratégica de tecnología de información.txt,0.46,Planificación Estratégica de TI,MC2301,
llama3.1-8b-4bit,binary,¿Es un curso electivo?,"En el curso Teoría de Autómatas de la Maestría en Computación, ¿Es un curso electivo?

Responde únicamente con 'Sí' o 'No'.",No,No.,MC6003-Teoría de Autómatas.txt;MC6102-Análisis de Algoritmos.txt;MC6104-Diseño de Experimentos.txt;MC6004-Sistemas Operativos Avanzados.txt;MC7201-Introducción a la Investigación.txt,0.52,Teoría de Autómatas,MC6003,
llama3.1-8b-4bit,binary,¿Es la asistencia obligatoria?,"En el curso Teoría de Autómatas de la Maestría en Computación, ¿Es la asistencia obligatoria?

Responde únicamente con 'Sí' o 'No'.",Sí,Sí,MC6003-Teoría de Autómatas.txt;MC6102-Análisis de Algoritmos.txt;MC6104-Diseño de Experimentos.txt;MC6104-Diseño de Experimentos.txt;MC1103-Gerencia de tecnología de información.txt,0.53,Teoría de Autómatas,MC6003,
llama3.1-8b-4bit,binary,¿Se permite la suficiencia?,"En el curso Teoría de Autómatas de la Maestría en Computación, ¿Se permite la suficiencia?

Responde únicamente con 'Sí' o 'No'.",Sí,Sí,MC6003-Teoría de Autómatas.txt;MC6102-Análisis de Algoritmos.txt;MC7201-Introducción a la Investigación.txt;MC6104-Diseño de Experimentos.txt;MC6004-Sistemas Operativos Avanzados.txt,0.53,Teoría de Autómatas,MC6003,
llama3.1-8b-4bit,binary,¿Es posible el reconocimiento del curso?,"En el curso Teoría de Autómatas de la Maestría en Computación, ¿Es posible el reconocimiento del curso?

Responde únicamente con 'Sí' o 'No'.",Sí,Sí.,MC6003-Teoría de Autómatas.txt;MC6102-Análisis de Algoritmos.txt;MC7201-Introducción a la Investigación.txt;MC6104-Diseño de Experimentos.txt;MC7201-Introducción a la Investigación.txt,0.54,Teoría de Autómatas,MC6003,
llama3.1-8b-4bit,binary,¿Tiene requisitos previos?,"En el curso Teoría de Autómatas de la Maestría en Computación, ¿Tiene requisitos previos?

Responde únicamente con 'Sí' o 'No'.",No,No,MC6003-Teoría de Autómatas.txt;MC6104-Diseño de Experimentos.txt;MC6102-Análisis de Algoritmos.txt;MC7201-Introducción a la Investigación.txt;MC6004-Sistemas Operativos Avanzados.txt,0.51,Teoría de Autómatas,MC6003,
llama3.1-8b-4bit,binary,¿El examen final vale el 30%?,"En el curso Teoría de Autómatas de la Maestría en Computación, ¿El examen final vale el 30%?

Responde únicamente con 'Sí' o 'No'.",Sí,No.,MC6004-Sistemas Operativos Avanzados.txt;MC1003-Seguridad y Criptografía.txt;MC6003-Teoría de Autómatas.txt;MC2301-Planificación estratégica de tecnología de información.txt;MC6104-Diseño de Experimentos.txt,0.34,Teoría de Autómatas,MC6003,
llama3.1-8b-4bit,binary,¿Es un curso electivo?,"En el curso Sistemas Operativos Avanzados de la Maestría en Computación, ¿Es un curso electivo?

Responde únicamente con 'Sí' o 'No'.",No,No,MC6004-Sistemas Operativos Avanzados.txt;MC6102-Análisis de Algoritmos.txt;MC6003-Teoría de Autómatas.txt;MC6104-Diseño de Experimentos.txt;MC7201-Introducción a la Investigación.txt,0.51,Sistemas Operativos Avanzados,MC6004,
llama3.1-8b-4bit,binary,¿Es la asistencia obligatoria?,"En el curso Sistemas Operativos Avanzados de la Maestría en Computación, ¿Es la asistencia obligatoria?

Responde únicamente con 'Sí' o 'No'.",Sí,Sí,MC6004-Sistemas Operativos Avanzados.txt;MC1201-Administración financiera de tecnología de información.txt;MC6102-Análisis de Algoritmos.txt;MC1203-Administración y estrategia de proyectos I.txt;MC1006-Políticas y Gobernanza en Ciberseguridad.txt,0.48,Sistemas Operativos Avanzados,MC6004,
llama3.1-8b-4bit,binary,"¿Es requisito para ""Redes de Computadores Avanzadas""?","En el curso Sistemas Operativos Avanzados de la Maestría en Computación, ¿Es requisito para ""Redes de Computadores Avanzadas""?

Responde únicamente con 'Sí' o 'No'.",Sí,Sí,MC6004-Sistemas Operativos Avanzados.txt;MC6102-Análisis de Algoritmos.txt;MC6104-Diseño de Experimentos.txt;MC7201-Introducción a la Investigación.txt;MC6003-Teoría de Autómatas.txt,0.53,Sistemas Operativos Avanzados,MC6004,
llama3.1-8b-4bit,binary,¿Permite el curso la suficiencia?,"En el curso Sistemas Operativos Avanzados de la Maestría en Computación, ¿Permite el curso la suficiencia?

Responde únicamente con 'Sí' o 'No'.",Sí,Sí,MC6102-Análisis de Algoritmos.txt;MC6004-Sistemas Operativos Avanzados.txt;MC6104-Diseño de Experimentos.txt;MC6003-Teoría de Autómatas.txt;MC1203-Administración y estrategia de proyectos I.txt,0.52,Sistemas Operativos Avanzados,MC6004,
llama3.1-8b-4bit,binary,¿Se permite el reconocimiento?,"En el curso Sistemas Operativos Avanzados de la Maestría en Computación, ¿Se permite el reconocimiento?

Responde únicamente con 'Sí' o 'No'.",Sí,Sí,MC3001-Seguridad de Software Avanzado.txt;MC6102-Análisis de Algoritmos.txt;MC6004-Sistemas Operativos Avanzados.txt;MC1001-Análisis de datos en ciberseguridad.txt;MC6104-Diseño de Experimentos.txt,0.48,Sistemas Operativos Avanzados,MC6004,
llama3.1-8b-4bit,binary,¿Los proyectos programados valen un 30%?,"En el curso Sistemas Operativos Avanzados de la Maestría en Computación, ¿Los proyectos programados valen un 30%?

Responde únicamente con 'Sí' o 'No'.",Sí,No tengo suficiente información.,MC1203-Administración y estrategia de proyectos I.txt;MC1203-Administración y estrategia de proyectos I.txt;MC3001-Seguridad de Software Avanzado.txt;MC3010-Cibercrimen.txt;MC1101-Sistemas Estratégicos Empresariales.txt,0.53,Sistemas Operativos Avanzados,MC6004,
llama3.1-8b-4bit,binary,¿Es un curso electivo?,"En el curso Análisis de Algoritmos de la Maestría en Computación, ¿Es un curso electivo?

Responde únicamente con 'Sí' o 'No'.",No,No.,MC6102-Análisis de Algoritmos.txt;MC6102-Análisis de Algoritmos.txt;MC6003-Teoría de Autómatas.txt;MC6104-Diseño de Experimentos.txt;MC6004-Sistemas Operativos Avanzados.txt,0.56,Análisis de Algoritmos,MC6102,
llama3.1-8b-4bit,binary,¿Es la asistencia obligatoria?,"En el curso Análisis de Algoritmos de la Maestría en Computación, ¿Es la asistencia obligatoria?

Responde únicamente con 'Sí' o 'No'.",Sí,Sí,MC6102-Análisis de Algoritmos.txt;MC6003-Teoría de Autómatas.txt;MC6102-Análisis de Algoritmos.txt;MC6104-Diseño de Experimentos.txt;MC1203-Administración y estrategia de proyectos I.txt,0.55,Análisis de Algoritmos,MC6102,
llama3.1-8b-4bit,binary,¿Existe la posibilidad de suficiencia?,"En el curso Análisis de Algoritmos de la Maestría en Computación, ¿Existe la posibilidad de suficiencia?

Responde únicamente con 'Sí' o 'No'.",Sí,Sí,MC6102-Análisis de Algoritmos.txt;MC6102-Análisis de Algoritmos.txt;MC6104-Diseño de Experimentos.txt;MC7201-Introducción a la Investigación.txt;MC6003-Teoría de Autómatas.txt,0.55,Análisis de Algoritmos,MC6102,
llama3.1-8b-4bit,binary,¿Se permite el reconocimiento del curso?,"En el curso Análisis de Algoritmos de la Maestría en Computación, ¿Se permite el reconocimiento del curso?

Responde únicamente con 'Sí' o 'No'.",Sí,Sí,MC6102-Análisis de Algoritmos.txt;MC6102-Análisis de Algoritmos.txt;MC6104-Diseño de Experimentos.txt;MC6003-Teoría de Autómatas.txt;MC6004-Sistemas Operativos Avanzados.txt,0.56,Análisis de Algoritmos,MC6102,
llama3.1-8b-4bit,binary,¿Las tareas e investigaciones valen el 50% de la nota?,"En el curso Análisis de Algoritmos de la Maestría en Computación, ¿Las tareas e investigaciones valen el 50% de la nota?

Responde únicamente con 'Sí' o 'No'.",Sí,No tengo suficiente información.,MC6102-Análisis de Algoritmos.txt;MC6102-Análisis de Algoritmos.txt;MC6004-Sistemas Operativos Avanzados.txt;MC6104-Diseño de Experimentos.txt;MC6003-Teoría de Autómatas.txt,0.55,Análisis de Algoritmos,MC6102,
llama3.1-8b-4bit,binary,¿Se imparte el curso los martes por la noche?,"En el curso Análisis de Algoritmos de la Maestría en Computación, ¿Se imparte el curso los martes por la noche?

Responde únicamente con 'Sí' o 'No'.",Sí,No tengo suficiente información.,MC6104-Diseño de Experimentos.txt;MC6003-Teoría de Autómatas.txt;MC1103-Gerencia de tecnología de información.txt;MC1203-Administración y estrategia de proyectos I.txt;MC6102-Análisis de Algoritmos.txt,0.58,Análisis de Algoritmos,MC6102,
llama3.1-8b-4bit,binary,¿Es este un curso electivo?,"En el curso Diseño de Experimentos de la Maestría en Computación, ¿Es este un curso electivo?

Responde únicamente con 'Sí' o 'No'.",Sí,Sí,MC6104-Diseño de Experimentos.txt;MC6102-Análisis de Algoritmos.txt;MC7201-Introducción a la Investigación.txt;MC7201-Introducción a la Investigación.txt;MC6104-Diseño de Experimentos.txt,0.51,Diseño de Experimentos,MC6104,
llama3.1-8b-4bit,binary,¿Es la asistencia obligatoria?,"En el curso Diseño de Experimentos de la Maestría en Computación, ¿Es la asistencia obligatoria?

Responde únicamente con 'Sí' o 'No'.",Sí,Sí,MC6104-Diseño de Experimentos.txt;MC6104-Diseño de Experimentos.txt;MC1103-Gerencia de tecnología de información.txt;MC1003-Seguridad y Criptografía.txt;MC6102-Análisis de Algoritmos.txt,0.44,Diseño de Experimentos,MC6104,
llama3.1-8b-4bit,binary,¿Se permite la suficiencia?,"En el curso Diseño de Experimentos de la Maestría en Computación, ¿Se permite la suficiencia?

Responde únicamente con 'Sí' o 'No'.",No,No,MC6102-Análisis de Algoritmos.txt;MC6104-Diseño de Experimentos.txt;MC7201-Introducción a la Investigación.txt;MC1003-Seguridad y Criptografía.txt;MC6104-Diseño de Experimentos.txt,0.42,Diseño de Experimentos,MC6104,
llama3.1-8b-4bit,binary,¿Es posible el reconocimiento del curso?,"En el curso Diseño de Experimentos de la Maestría en Computación, ¿Es posible el reconocimiento del curso?

Responde únicamente con 'Sí' o 'No'.",No,Sí,MC6102-Análisis de Algoritmos.txt;MC6104-Diseño de Experimentos.txt;MC7201-Introducción a la Investigación.txt;MC6104-Diseño de Experimentos.txt;MC7201-Introducción a la Investigación.txt,0.52,Diseño de Experimentos,MC6104,
llama3.1-8b-4bit,binary,¿Requiere conocimientos previos de Probabilidades?,"En el curso Diseño de Experimentos de la Maestría en Computación, ¿Requiere conocimientos previos de Probabilidades?

Responde únicamente con 'Sí' o 'No'.",Sí,No,MC7201-Introducción a la Investigación.txt;MC6104-Diseño de Experimentos.txt;MC2301-Planificación estratégica de tecnología de información.txt;MC6104-Diseño de Experimentos.txt;MC6102-Análisis de Algoritmos.txt,0.43,Diseño de Experimentos,MC6104,
llama3.1-8b-4bit,binary,¿La presentación oral tiene un valor del 5%?,"En el curso Diseño de Experimentos de la Maestría en Computación, ¿La presentación oral tiene un valor del 5%?

Responde únicamente con 'Sí' o 'No'.",Sí,No.,MC6004-Sistemas Operativos Avanzados.txt;MC7201-Introducción a la Investigación.txt;MC6004-Sistemas Operativos Avanzados.txt;MC1003-Seguridad y Criptografía.txt;MC6102-Análisis de Algoritmos.txt,0.33,Diseño de Experimentos,MC6104,
llama3.1-8b-4bit,binary,¿Es un curso electivo?,"En el curso Introducción a la Investigación de la Maestría en Computación, ¿Es un curso electivo?

Responde únicamente con 'Sí' o 'No'.",No,No,MC7201-Introducción a la Investigación.txt;MC6102-Análisis de Algoritmos.txt;MC6104-Diseño de Experimentos.txt;MC7201-Introducción a la Investigación.txt;MC6004-Sistemas Operativos Avanzados.txt,0.51,Introducción a la Investigación,MC7201,
llama3.1-8b-4bit,binary,¿Es la asistencia obligatoria?,"En el curso Introducción a la Investigación de la Maestría en Computación, ¿Es la asistencia obligatoria?

Responde únicamente con 'Sí' o 'No'.",Sí,Sí,MC6104-Diseño de Experimentos.txt;MC7201-Introducción a la Investigación.txt;MC1103-Gerencia de tecnología de información.txt;MC6104-Diseño de Experimentos.txt;MC6004-Sistemas Operativos Avanzados.txt,0.52,Introducción a la Investigación,MC7201,
llama3.1-8b-4bit,binary,¿Permite el curso la suficiencia?,"En el curso Introducción a la Investigación de la Maestría en Computación, ¿Permite el curso la suficiencia?

Responde únicamente con 'Sí' o 'No'.",Sí,Sí,MC6102-Análisis de Algoritmos.txt;MC7201-Introducción a la Investigación.txt;MC6104-Diseño de Experimentos.txt;MC7201-Introducción a la Investigación.txt;MC1103-Gerencia de tecnología de información.txt,0.52,Introducción a la Investigación,MC7201,
llama3.1-8b-4bit,binary,¿Es posible el reconocimiento?,"En el curso Introducción a la Investigación de la Maestría en Computación, ¿Es posible el reconocimiento?

Responde únicamente con 'Sí' o 'No'.",Sí,Sí,MC6102-Análisis de Algoritmos.txt;MC7201-Introducción a la Investigación.txt;MC6104-Diseño de Experimentos.txt;MC7201-Introducción a la Investigación.txt;MC6104-Diseño de Experimentos.txt,0.52,Introducción a la Investigación,MC7201,
llama3.1-8b-4bit,binary,"¿Es ""Tema Selecto de Investigación"" un correquisito?","En el curso Introducción a la Investigación de la Maestría en Computación, ¿Es ""Tema Selecto de Investigación"" un correquisito?

Responde únicamente con 'Sí' o 'No'.",Sí,No,MC6104-Diseño de Experimentos.txt;MC2301-Planificación estratégica de tecnología de información.txt;MC1103-Gerencia de tecnología de información.txt;MC7201-Introducción a la Investigación.txt;MC7201-Introducción a la Investigación.txt,0.43,Introducción a la Investigación,MC7201,
llama3.1-8b-4bit,binary,¿La presentación tiene un valor del 25%?,"En el curso Introducción a la Investigación de la Maestría en Computación, ¿La presentación tiene un valor del 25%?

Responde únicamente con 'Sí' o 'No'.",Sí,No,MC7201-Introducción a la Investigación.txt;MC6004-Sistemas Operativos Avanzados.txt;MC6004-Sistemas Operativos Avanzados.txt;MC2301-Planificación estratégica de tecnología de información.txt;MC1003-Seguridad y Criptografía.txt,0.31,Introducción a la Investigación,MC7201,
llama3.1-8b-4bit,short_answer,¿Cuántos créditos tiene el curso?,"En el curso Análisis de Datos en Ciberseguridad de la Maestría en Ciberseguridad, ¿Cuántos créditos tiene el curso?

Da una respuesta breve y directa, en una sola frase.",4 créditos,El curso Análisis de Datos en Ciberseguridad tiene 4 créditos.,MC1001-Análisis de datos en ciberseguridad.txt;MC3010-Cibercrimen.txt;MC1006-Políticas y Gobernanza en Ciberseguridad.txt;MC1003-Seguridad y Criptografía.txt;MC3001-Seguridad de Software Avanzado.txt,0.78,Análisis de Datos en Ciberseguridad,MC1001,
llama3.1-8b-4bit,short_answer,¿En qué trimestre del plan de estudios se ubica?,"En el curso Análisis de Datos en Ciberseguridad de la Maestría en Ciberseguridad, ¿En qué trimestre del plan de estudios se ubica?

Da una respuesta breve y directa, en una sola frase.",Tercer trimestre,El curso Análisis de Datos en Ciberseguridad se ubica en el tercer trimestre del plan de estudios.,MC1006-Políticas y Gobernanza en Ciberseguridad.txt;MC1001-Análisis de datos en ciberseguridad.txt;MC3010-Cibercrimen.txt;MC2301-Planificación estratégica de tecnología de información.txt;MC1003-Seguridad y Criptografía.txt,0.85,Análisis de Datos en Ciberseguridad,MC1001,
llama3.1-8b-4bit,short_answer,¿Qué porcentaje de la nota final representan los laboratorios?,"En el curso Análisis de Datos en Ciberseguridad de la Maestría en Ciberseguridad, ¿Qué porcentaje de la nota final representan los laboratorios?

Da una respuesta breve y directa, en una sola frase.",75%,No tengo suficiente información para responder a la pregunta.,MC3010-Cibercrimen.txt;MC1003-Seguridad y Criptografía.txt;MC1001-Análisis de datos en ciberseguridad.txt;MC1006-Políticas y Gobernanza en Ciberseguridad.txt;MC1006-Políticas y Gobernanza en Ciberseguridad.txt,0.67,Análisis de Datos en Ciberseguridad,MC1001,
llama3.1-8b-4bit,short_answer,¿Permite el curso la modalidad de suficiencia?,"En el curso Análisis de Datos en Ciberseguridad de la Maestría en Ciberseguridad, ¿Permite el curso la modalidad de suficiencia?

Da una respuesta breve y directa, en una sola frase.",Sí,"Sí, el curso MC1001 Análisis de Datos en Ciberseguridad permite la modalidad de suficiencia.",MC1006-Políticas y Gobernanza en Ciberseguridad.txt;MC1001-Análisis de datos en ciberseguridad.txt;MC3010-Cibercrimen.txt;MC1003-Seguridad y Criptografía.txt;MC3001-Seguridad de Software Avanzado.txt,0.92,Análisis de Datos en Ciberseguridad,MC1001,
llama3.1-8b-4bit,short_answer,¿Cuál es la vigencia del programa?,"En el curso Análisis de Datos en Ciberseguridad de la Maestría en Ciberseguridad, ¿Cuál es la vigencia del programa?

Da una respuesta breve y directa, en una sola frase.",2023,La vigencia del programa del curso Análisis de Datos en Ciberseguridad es 2023.,MC1006-Políticas y Gobernanza en Ciberseguridad.txt;MC1006-Políticas y Gobernanza en Ciberseguridad.txt;MC1001-Análisis de datos en ciberseguridad.txt;MC3001-Seguridad de Software Avanzado.txt;MC1003-Seguridad y Criptografía.txt,0.84,Análisis de Datos en Ciberseguridad,MC1001,
llama3.1-8b-4bit,short_answer,¿Qué porcentaje de la evaluación corresponde a la resolución de casos de estudio?,"En el curso Análisis de Datos en Ciberseguridad de la Maestría en Ciberseguridad, ¿Qué porcentaje de la evaluación corresponde a la resolución de casos de estudio?

Da una respuesta breve y directa, en una sola frase.",20%,No tengo suficiente información para responder a esta pregunta.,MC2301-Planificación estratégica de tecnología de información.txt;MC1103-Gerencia de tecnología de información.txt;MC1003-Seguridad y Criptografía.txt;MC1001-Análisis de datos en ciberseguridad.txt;MC1101-Sistemas Estratégicos Empresariales.txt,0.48,Análisis de Datos en Ciberseguridad,MC1001,
llama3.1-8b-4bit,short_answer,¿En qué trimestre se imparte esta materia?,"En el curso Seguridad y Criptografía de la Maestría en Ciberseguridad, ¿En qué trimestre se imparte esta materia?

Da una respuesta breve y directa, en una sola frase.",Cuarto trimestre,El curso de Seguridad y Criptografía de la Maestría en Ciberseguridad se imparte en el cuarto trimestre.,MC1006-Políticas y Gobernanza en Ciberseguridad.txt;MC1006-Políticas y Gobernanza en Ciberseguridad.txt;MC1003-Seguridad y Criptografía.txt;MC1001-Análisis de datos en ciberseguridad.txt;MC3001-Seguridad de Software Avanzado.txt,0.97,Seguridad y Criptografía,MC1003,
llama3.1-8b-4bit,short_answer,¿De qué curso de Blockchain es requisito esta materia?,"En el curso Seguridad y Criptografía de la Maestría en Ciberseguridad, ¿De qué curso de Blockchain es requisito esta materia?

Da una respuesta breve y directa, en una sola frase.",MC4001 Blockchain y Ledger Distribuidos,No tengo suficiente información para responder a esta pregunta.,MC1006-Políticas y Gobernanza en Ciberseguridad.txt;MC1006-Políticas y Gobernanza en Ciberseguridad.txt;MC3001-Seguridad de Software Avanzado.txt;MC1003-Seguridad y Criptografía.txt;MC1001-Análisis de datos en ciberseguridad.txt,0.66,Seguridad y Criptografía,MC1003,
llama3.1-8b-4bit,short_answer,¿Qué porcentaje de la nota corresponde al examen final?,"En el curso Seguridad y Criptografía de la Maestría en Ciberseguridad, ¿Qué porcentaje de la nota corresponde al examen final?

Da una respuesta breve y directa, en una sola frase.",30%,No tengo suficiente información para responder a la pregunta.,MC1003-Seguridad y Criptografía.txt;MC3001-Seguridad de Software Avanzado.txt;MC1006-Políticas y Gobernanza en Ciberseguridad.txt;MC1001-Análisis de datos en ciberseguridad.txt;MC3010-Cibercrimen.txt,0.67,Seguridad y Criptografía,MC1003,
llama3.1-8b-4bit,short_answer,¿Cuántas horas de clase por semana tiene el curso?,"En el curso Seguridad y Criptografía de la Maestría en Ciberseguridad, ¿Cuántas horas de clase por semana tiene el curso?

Da una respuesta breve y directa, en una sola frase.",4 horas,El curso Seguridad y Criptografía tiene 4 horas de clase por semana.,MC3010-Cibercrimen.txt;MC1001-Análisis de datos en ciberseguridad.txt;MC1006-Políticas y Gobernanza en Ciberseguridad.txt;MC1003-Seguridad y Criptografía.txt;MC3001-Seguridad de Software Avanzado.txt,0.78,Seguridad y Criptografía,MC1003,
llama3.1-8b-4bit,short_answer,"¿Quiénes son los autores del ""Handbook of applied cryptography"" incluido en la bibliografía?","En el curso Seguridad y Criptografía de la Maestría en Ciberseguridad, ¿Quiénes son los autores del ""Handbook of applied cryptography"" incluido en la bibliografía?

Da una respuesta breve y directa, en una sola frase.","Menezes, Van Oorschot y Vanstone",No tengo suficiente información para responder a esta pregunta.,MC1001-Análisis de datos en ciberseguridad.txt;MC1006-Políticas y Gobernanza en Ciberseguridad.txt;MC1006-Políticas y Gobernanza en Ciberseguridad.txt;MC6104-Diseño de Experimentos.txt;MC1003-Seguridad y Criptografía.txt,0.66,Seguridad y Criptografía,MC1003,
llama3.1-8b-4bit,short_answer,¿Qué porcentaje de la calificación representan las tareas?,"En el curso Seguridad y Criptografía de la Maestría en Ciberseguridad, ¿Qué porcentaje de la calificación representan las tareas?

Da una respuesta breve y directa, en una sola frase.",50%,"En el curso Seguridad y Criptografía de la Maestría en Ciberseguridad, las tareas representan el 50% de la calificación.",MC1003-Seguridad y Criptografía.txt;MC3010-Cibercrimen.txt;MC3001-Seguridad de Software Avanzado.txt;MC1001-Análisis de datos en ciberseguridad.txt;MC1006-Políticas y Gobernanza en Ciberseguridad.txt,1.06,Seguridad y Criptografía,MC1003,
llama3.1-8b-4bit,short_answer,¿Permite este curso la posibilidad de reconocimiento?,"En el curso Políticas y Gobernanza en Ciberseguridad de la Maestría en Ciberseguridad, ¿Permite este curso la posibilidad de reconocimiento?

Da una respuesta breve y directa, en una sola frase.",No,"Sí, el curso permite la posibilidad de reconocimiento.",MC1006-Políticas y Gobernanza en Ciberseguridad.txt;MC1006-Políticas y Gobernanza en Ciberseguridad.txt;MC3010-Cibercrimen.txt;MC1003-Seguridad y Criptografía.txt;MC3001-Seguridad de Software Avanzado.txt,0.7,Políticas y Gobernanza en Ciberseguridad,MC1006,
llama3.1-8b-4bit,short_answer,¿Qué porcentaje de la nota final representa el estudio de casos?,"En el curso Políticas y Gobernanza en Ciberseguridad de la Maestría en Ciberseguridad, ¿Qué porcentaje de la nota final representa el estudio de casos?

Da una respuesta breve y directa, en una sola frase.",40%,"En el curso Políticas y Gobernanza en Ciberseguridad de la Maestría en Ciberseguridad, el estudio de casos representa el 40% de la nota final.",MC1006-Políticas y Gobernanza en Ciberseguridad.txt;MC1006-Políticas y Gobernanza en Ciberseguridad.txt;MC2301-Planificación estratégica de tecnología de información.txt;MC1103-Gerencia de tecnología de información.txt;MC1101-Sistemas Estratégicos Empresariales.txt,1.03,Políticas y Gobernanza en Ciberseguridad,MC1006,
llama3.1-8b-4bit,short_answer,¿En qué trimestre se ubica el curso?,"En el curso Políticas y Gobernanza en Ciberseguridad de la Maestría en Ciberseguridad, ¿En qué trimestre se ubica el curso?

Da una respuesta breve y directa, en una sola frase.",Primer trimestre,El curso Políticas y Gobernanza en Ciberseguridad se ubica en el primer trimestre.,MC1006-Políticas y Gobernanza en Ciberseguridad.txt;MC1006-Políticas y Gobernanza en Ciberseguridad.txt;MC3010-Cibercrimen.txt;MC1001-Análisis de datos en ciberseguridad.txt;MC1003-Seguridad y Criptografía.txt,0.88,Políticas y Gobernanza en Ciberseguridad,MC1006,
llama3.1-8b-4bit,short_answer,¿Qué porcentaje de la nota corresponde a la investigación bibliográfica?,"En el curso Políticas y Gobernanza en Ciberseguridad de la Maestría en Ciberseguridad, ¿Qué porcentaje de la nota corresponde a la investigación bibliográfica?

Da una respuesta breve y directa, en una sola frase.",20%,La investigación bibliográfica corresponde al 20% de la nota en el curso Políticas y Gobernanza en Ciberseguridad.,MC1006-Políticas y Gobernanza en Ciberseguridad.txt;MC1101-Sistemas Estratégicos Empresariales.txt;MC1006-Políticas y Gobernanza en Ciberseguridad.txt;MC6104-Diseño de Experimentos.txt;MC2301-Planificación estratégica de tecnología de información.txt,0.81,Políticas y Gobernanza en Ciberseguridad,MC1006,
llama3.1-8b-4bit,short_answer,¿Cuál es la vigencia de este programa?,"En el curso Políticas y Gobernanza en Ciberseguridad de la Maestría en Ciberseguridad, ¿Cuál es la vigencia de este programa?

Da una respuesta breve y directa, en una sola frase.",2023,No tengo suficiente información para responder a esta pregunta.,MC1006-Políticas y Gobernanza en Ciberseguridad.txt;MC1006-Políticas y Gobernanza en Ciberseguridad.txt;MC3001-Seguridad de Software Avanzado.txt;MC3010-Cibercrimen.txt;MC1003-Seguridad y Criptografía.txt,0.67,Políticas y Gobernanza en Ciberseguridad,MC1006,
llama3.1-8b-4bit,short_answer,¿Cuántas horas extraclase por semana se requieren?,"En el curso Políticas y Gobernanza en Ciberseguridad de la Maestría en Ciberseguridad, ¿Cuántas horas extraclase por semana se requieren?

Da una respuesta breve y directa, en una sola frase.",14 horas,14 horas extraclase por semana.,MC1006-Políticas y Gobernanza en Ciberseguridad.txt;MC1001-Análisis de datos en ciberseguridad.txt;MC3010-Cibercrimen.txt;MC3001-Seguridad de Software Avanzado.txt;MC1003-Seguridad y Criptografía.txt,0.62,Políticas y Gobernanza en Ciberseguridad,MC1006,
llama3.1-8b-4bit,short_answer,¿En qué área del plan de estudios se ubica este curso?,"En el curso Seguridad de Software Avanzado de la Maestría en Ciberseguridad, ¿En qué área del plan de estudios se ubica este curso?

Da una respuesta breve y directa, en una sola frase.",Área de tópicos electivos profesionalizantes,El curso Seguridad de Software Avanzado de la Maestría en Ciberseguridad se ubica en el área de tópicos electivos profesionalizantes.,MC1006-Políticas y Gobernanza en Ciberseguridad.txt;MC1006-Políticas y Gobernanza en Ciberseguridad.txt;MC3001-Seguridad de Software Avanzado.txt;MC1003-Seguridad y Criptografía.txt;MC3010-Cibercrimen.txt,1.08,Seguridad de Software Avanzado,MC3001,
llama3.1-8b-4bit,short_answer,¿Permite el curso la modalidad de suficiencia?,"En el curso Seguridad de Software Avanzado de la Maestría en Ciberseguridad, ¿Permite el curso la modalidad de suficiencia?

Da una respuesta breve y directa, en una sola frase.",No,"Sí, el curso de Seguridad de Software Avanzado permite la modalidad de suficiencia.",MC3001-Seguridad de Software Avanzado.txt;MC1006-Políticas y Gobernanza en Ciberseguridad.txt;MC1003-Seguridad y Criptografía.txt;MC1006-Políticas y Gobernanza en Ciberseguridad.txt;MC3010-Cibercrimen.txt,0.85,Seguridad de Software Avanzado,MC3001,
llama3.1-8b-4bit,short_answer,¿Qué porcentaje de la nota valen las tareas programadas?,"En el curso Seguridad de Software Avanzado de la Maestría en Ciberseguridad, ¿Qué porcentaje de la nota valen las tareas programadas?

Da una respuesta breve y directa, en una sola frase.",40%,No tengo suficiente información para responder a esta pregunta.,MC3001-Seguridad de Software Avanzado.txt;MC1003-Seguridad y Criptografía.txt;MC3010-Cibercrimen.txt;MC1001-Análisis de datos en ciberseguridad.txt;MC1006-Políticas y Gobernanza en Ciberseguridad.txt,0.66,Seguridad de Software Avanzado,MC3001,
llama3.1-8b-4bit,short_answer,¿De qué curso de defensa y ataque es requisito esta materia?,"En el curso Seguridad de Software Avanzado de la Maestría en Ciberseguridad, ¿De qué curso de defensa y ataque es requisito esta materia?

Da una respuesta breve y directa, en una sola frase.",MC3006 Defensa y Ataque de Sistemas,No tengo suficiente información para responder a esta pregunta.,MC1006-Políticas y Gobernanza en Ciberseguridad.txt;MC1006-Políticas y Gobernanza en Ciberseguridad.txt;MC3001-Seguridad de Software Avanzado.txt;MC1003-Seguridad y Criptografía.txt;MC3010-Cibercrimen.txt,0.67,Seguridad de Software Avanzado,MC3001,
llama3.1-8b-4bit,short_answer,¿Qué porcentaje de la nota final corresponde al examen final?,"En el curso Seguridad de Software Avanzado de la Maestría en Ciberseguridad, ¿Qué porcentaje de la nota final corresponde al examen final?

Da una respuesta breve y directa, en una sola frase.",30%,No tengo suficiente información para responder a esta pregunta.,MC3001-Seguridad de Software Avanzado.txt;MC1003-Seguridad y Criptografía.txt;MC6004-Sistemas Operativos Avanzados.txt;MC3010-Cibercrimen.txt;MC1001-Análisis de datos en ciberseguridad.txt,0.6,Seguridad de Software Avanzado,MC3001,
llama3.1-8b-4bit,short_answer,¿Cuál es el valor porcentual del reporte de lecturas?,"En el curso Seguridad de Software Avanzado de la Maestría en Ciberseguridad, ¿Cuál es el valor porcentual del reporte de lecturas?

Da una respuesta breve y directa, en una sola frase.",10%,No tengo suficiente información para responder a la pregunta.,MC3001-Seguridad de Software Avanzado.txt;MC1001-Análisis de datos en ciberseguridad.txt;MC1003-Seguridad y Criptografía.txt;MC1001-Análisis de datos en ciberseguridad.txt;MC3010-Cibercrimen.txt,0.67,Seguridad de Software Avanzado,MC3001,
llama3.1-8b-4bit,short_answer,¿Es este curso obligatorio o electivo?,"En el curso Cibercrimen de la Maestría en Ciberseguridad, ¿Es este curso obligatorio o electivo?

Da una respuesta breve y directa, en una sola frase.",Electivo,El curso Cibercrimen es electivo.,MC1006-Políticas y Gobernanza en Ciberseguridad.txt;MC3010-Cibercrimen.txt;MC1006-Políticas y Gobernanza en Ciberseguridad.txt;MC3001-Seguridad de Software Avanzado.txt;MC1003-Seguridad y Criptografía.txt,0.67,Cibercrimen,MC3010,
llama3.1-8b-4bit,short_answer,¿Permite la posibilidad de reconocimiento?,"En el curso Cibercrimen de la Maestría en Ciberseguridad, ¿Permite la posibilidad de reconocimiento?

Da una respuesta breve y directa, en una sola frase.",No,"Sí, la posibilidad de reconocimiento es sí.",MC1001-Análisis de datos en ciberseguridad.txt;MC1006-Políticas y Gobernanza en Ciberseguridad.txt;MC1006-Políticas y Gobernanza en Ciberseguridad.txt;MC3010-Cibercrimen.txt;MC1003-Seguridad y Criptografía.txt,0.68,Cibercrimen,MC3010,
llama3.1-8b-4bit,short_answer,¿Qué porcentaje de la nota final representa la investigación?,"En el curso Cibercrimen de la Maestría en Ciberseguridad, ¿Qué porcentaje de la nota final representa la investigación?

Da una respuesta breve y directa, en una sola frase.",40%,La investigación bibliográfica representa el 20% de la nota final en el curso Cibercrimen de la Maestría en Ciberseguridad.,MC2301-Planificación estratégica de tecnología de información.txt;MC1006-Políticas y Gobernanza en Ciberseguridad.txt;MC3010-Cibercrimen.txt;MC1006-Políticas y Gobernanza en Ciberseguridad.txt;MC1101-Sistemas Estratégicos Empresariales.txt,0.91,Cibercrimen,MC3010,
llama3.1-8b-4bit,short_answer,¿Qué porcentaje de la evaluación corresponde al estudio de casos?,"En el curso Cibercrimen de la Maestría en Ciberseguridad, ¿Qué porcentaje de la evaluación corresponde al estudio de casos?

Da una respuesta breve y directa, en una sola frase.",40%,No tengo suficiente información para responder a la pregunta.,MC1103-Gerencia de tecnología de información.txt;MC3010-Cibercrimen.txt;MC2301-Planificación estratégica de tecnología de información.txt;MC1101-Sistemas Estratégicos Empresariales.txt;MC3010-Cibercrimen.txt,0.5,Cibercrimen,MC3010,
llama3.1-8b-4bit,short_answer,¿Qué software específico se menciona en los contenidos para el análisis de datos?,"En el curso Cibercrimen de la Maestría en Ciberseguridad, ¿Qué software específico se menciona en los contenidos para el análisis de datos?

Da una respuesta breve y directa, en una sola frase.",SPSS,No tengo suficiente información para responder a la pregunta.,MC1001-Análisis de datos en ciberseguridad.txt;MC1006-Políticas y Gobernanza en Ciberseguridad.txt;MC1006-Políticas y Gobernanza en Ciberseguridad.txt;MC3001-Seguridad de Software Avanzado.txt;MC1001-Análisis de datos en ciberseguridad.txt,0.63,Cibercrimen,MC3010,
llama3.1-8b-4bit,short_answer,¿Qué porcentaje de la nota representan las pruebas cortas o comprobaciones?,"En el curso Cibercrimen de la Maestría en Ciberseguridad, ¿Qué porcentaje de la nota representan las pruebas cortas o comprobaciones?

Da una respuesta breve y directa, en una sola frase.",20%,No tengo suficiente información para responder a la pregunta.,MC1003-Seguridad y Criptografía.txt;MC3010-Cibercrimen.txt;MC1001-Análisis de datos en ciberseguridad.txt;MC6004-Sistemas Operativos Avanzados.txt;MC2301-Planificación estratégica de tecnología de información.txt,0.55,Cibercrimen,MC3010,
llama3.1-8b-4bit,short_answer,¿En qué año se aprobó y actualizó este programa?,"En el curso Sistemas Estratégicos Empresariales de la Maestría en Gerencia de Tecnologías de la Información, ¿En qué año se aprobó y actualizó este programa?

Da una respuesta breve y directa, en una sola frase.",2025,El programa de la Maestría en Gerencia de Tecnologías de la Información fue aprobado y actualizado en el año 2025.,MC1101-Sistemas Estratégicos Empresariales.txt;MC2301-Planificación estratégica de tecnología de información.txt;MC2301-Planificación estratégica de tecnología de información.txt;MC1201-Administración financiera de tecnología de información.txt;MC1103-Gerencia de tecnología de información.txt,0.93,Sistemas Estratégicos Empresariales,MC1101,
llama3.1-8b-4bit,short_answer,¿Qué porcentaje de la nota final es la investigación en sistema empresarial?,"En el curso Sistemas Estratégicos Empresariales de la Maestría en Gerencia de Tecnologías de la Información, ¿Qué porcentaje de la nota final es la investigación en sistema empresarial?

Da una respuesta breve y directa, en una sola frase.",40%,No tengo suficiente información para responder a la pregunta.,MC1101-Sistemas Estratégicos Empresariales.txt;MC2301-Planificación estratégica de tecnología de información.txt;MC1101-Sistemas Estratégicos Empresariales.txt;MC2301-Planificación estratégica de tecnología de información.txt;MC1103-Gerencia de tecnología de información.txt,0.53,Sistemas Estratégicos Empresariales,MC1101,
llama3.1-8b-4bit,short_answer,¿En qué semestre del programa se ubica este curso?,"En el curso Sistemas Estratégicos Empresariales de la Maestría en Gerencia de Tecnologías de la Información, ¿En qué semestre del programa se ubica este curso?

Da una respuesta breve y directa, en una sola frase.",I semestre,El curso Sistemas Estratégicos Empresariales se ubica en el primer semestre del programa de Maestría en Gerencia de Tecnologías de la Información.,MC1101-Sistemas Estratégicos Empresariales.txt;MC2301-Planificación estratégica de tecnología de información.txt;MC1203-Administración y estrategia de proyectos I.txt;MC2301-Planificación estratégica de tecnología de información.txt;MC1201-Administración financiera de tecnología de información.txt,1.01,Sistemas Estratégicos Empresariales,MC1101,
llama3.1-8b-4bit,short_answer,¿Qué porcentaje total suman los dos exámenes parciales?,"En el curso Sistemas Estratégicos Empresariales de la Maestría en Gerencia de Tecnologías de la Información, ¿Qué porcentaje total suman los dos exámenes parciales?

Da una respuesta breve y directa, en una sola frase.",40%,No tengo suficiente información para responder a esta pregunta.,MC1101-Sistemas Estratégicos Empresariales.txt;MC2301-Planificación estratégica de tecnología de información.txt;MC1003-Seguridad y Criptografía.txt;MC6004-Sistemas Operativos Avanzados.txt;MC6104-Diseño de Experimentos.txt,0.38,Sistemas Estratégicos Empresariales,MC1101,
llama3.1-8b-4bit,short_answer,¿Cuántas horas de clase por semana tiene la materia?,"En el curso Sistemas Estratégicos Empresariales de la Maestría en Gerencia de Tecnologías de la Información, ¿Cuántas horas de clase por semana tiene la materia?

Da una respuesta breve y directa, en una sola frase.",3 horas,No tengo suficiente información para responder a la pregunta.,MC1101-Sistemas Estratégicos Empresariales.txt;MC1103-Gerencia de tecnología de información.txt;MC1201-Administración financiera de tecnología de información.txt;MC1203-Administración y estrategia de proyectos I.txt;MC2301-Planificación estratégica de tecnología de información.txt,0.62,Sistemas Estratégicos Empresariales,MC1101,
llama3.1-8b-4bit,short_answer,¿Quién es el autor de los artículos sobre las cinco fuerzas competitivas citados?,"En el curso Sistemas Estratégicos Empresariales de la Maestría en Gerencia de Tecnologías de la Información, ¿Quién es el autor de los artículos sobre las cinco fuerzas competitivas citados?

Da una respuesta breve y directa, en una sola frase.",Michael Porter,No tengo suficiente información para responder a esta pregunta.,MC1101-Sistemas Estratégicos Empresariales.txt;MC1101-Sistemas Estratégicos Empresariales.txt;MC1006-Políticas y Gobernanza en Ciberseguridad.txt;MC2301-Planificación estratégica de tecnología de información.txt;MC1006-Políticas y Gobernanza en Ciberseguridad.txt,0.54,Sistemas Estratégicos Empresariales,MC1101,
llama3.1-8b-4bit,short_answer,¿Permite este curso la suficiencia?,"En el curso Gerencia de Tecnología de Información de la Maestría en Gerencia de Tecnologías de la Información, ¿Permite este curso la suficiencia?

Da una respuesta breve y directa, en una sola frase.",No,"No, el curso MC1103-Gerencia de tecnología de información no permite la suficiencia.",MC2301-Planificación estratégica de tecnología de información.txt;MC1103-Gerencia de tecnología de información.txt;MC7201-Introducción a la Investigación.txt;MC1101-Sistemas Estratégicos Empresariales.txt;MC1103-Gerencia de tecnología de información.txt,0.77,Gerencia de Tecnología de Información,MC1103,
llama3.1-8b-4bit,short_answer,¿En qué semestre del programa se ubica (indicado como código)?,"En el curso Gerencia de Tecnología de Información de la Maestría en Gerencia de Tecnologías de la Información, ¿En qué semestre del programa se ubica (indicado como código)?

Da una respuesta breve y directa, en una sola frase.",P4 semestre,El curso Gerencia de Tecnología de Información se ubica en el 1er semestre del programa de Maestría de Gerencia de Tecnologías de la Información.,MC1103-Gerencia de tecnología de información.txt;MC1201-Administración financiera de tecnología de información.txt;MC1101-Sistemas Estratégicos Empresariales.txt;MC1203-Administración y estrategia de proyectos I.txt;MC2301-Planificación estratégica de tecnología de información.txt,1.06,Gerencia de Tecnología de Información,MC1103,
llama3.1-8b-4bit,short_answer,¿Qué porcentaje de la evaluación corresponde al estudio de casos?,"En el curso Gerencia de Tecnología de Información de la Maestría en Gerencia de Tecnologías de la Información, ¿Qué porcentaje de la evaluación corresponde al estudio de casos?

Da una respuesta breve y directa, en una sola frase.",40%,"En el curso Gerencia de Tecnología de Información de la Maestría en Gerencia de Tecnologías de la Información, el estudio de casos corresponde al 40% de la evaluación.",MC1103-Gerencia de tecnología de información.txt;MC1101-Sistemas Estratégicos Empresariales.txt;MC2301-Planificación estratégica de tecnología de información.txt;MC1003-Seguridad y Criptografía.txt;MC6004-Sistemas Operativos Avanzados.txt,0.95,Gerencia de Tecnología de Información,MC1103,
llama3.1-8b-4bit,short_answer,¿Qué porcentaje de la nota es la investigación bibliográfica y exposición?,"En el curso Gerencia de Tecnología de Información de la Maestría en Gerencia de Tecnologías de la Información, ¿Qué porcentaje de la nota es la investigación bibliográfica y exposición?

Da una respuesta breve y directa, en una sola frase.",20%,La investigación bibliográfica y exposición representan el 20% de la nota en el curso Gerencia de Tecnología de Información de la Maestría en Gerencia de Tecnologías de la Información.,MC1101-Sistemas Estratégicos Empresariales.txt;MC2301-Planificación estratégica de tecnología de información.txt;MC6104-Diseño de Experimentos.txt;MC6004-Sistemas Operativos Avanzados.txt;MC1103-Gerencia de tecnología de información.txt,0.99,Gerencia de Tecnología de Información,MC1103,
llama3.1-8b-4bit,short_answer,¿Cuántas horas extraclase se requieren semanalmente?,"En el curso Gerencia de Tecnología de Información de la Maestría en Gerencia de Tecnologías de la Información, ¿Cuántas horas extraclase se requieren semanalmente?

Da una respuesta breve y directa, en una sola frase.",9 horas,9 horas extraclase por semana.,MC1103-Gerencia de tecnología de información.txt;MC1201-Administración financiera de tecnología de información.txt;MC1203-Administración y estrategia de proyectos I.txt;MC1101-Sistemas Estratégicos Empresariales.txt;MC2301-Planificación estratégica de tecnología de información.txt,0.57,Gerencia de Tecnología de Información,MC1103,
llama3.1-8b-4bit,short_answer,¿Es posible el reconocimiento del curso?,"En el curso Gerencia de Tecnología de Información de la Maestría en Gerencia de Tecnologías de la Información, ¿Es posible el reconocimiento del curso?

Da una respuesta breve y directa, en una sola frase.",No,"No, no es posible el reconocimiento del curso.",MC7201-Introducción a la Investigación.txt;MC1103-Gerencia de tecnología de información.txt;MC2301-Planificación estratégica de tecnología de información.txt;MC6004-Sistemas Operativos Avanzados.txt;MC1103-Gerencia de tecnología de información.txt,0.59,Gerencia de Tecnología de Información,MC1103,
llama3.1-8b-4bit,short_answer,¿Permite este curso la posibilidad de reconocimiento?,"En el curso Administración Financiera de TI de la Maestría en Gerencia de Tecnologías de la Información, ¿Permite este curso la posibilidad de reconocimiento?

Da una respuesta breve y directa, en una sola frase.",Sí,"No, el curso MC1201 Administración financiera de tecnología de información no permite la posibilidad de reconocimiento.",MC2301-Planificación estratégica de tecnología de información.txt;MC1201-Administración financiera de tecnología de información.txt;MC1101-Sistemas Estratégicos Empresariales.txt;MC1103-Gerencia de tecnología de información.txt;MC1103-Gerencia de tecnología de información.txt,0.81,Administración Financiera de TI,MC1201,
llama3.1-8b-4bit,short_answer,¿En qué semestre se ubica la materia?,"En el curso Administración Financiera de TI de la Maestría en Gerencia de Tecnologías de la Información, ¿En qué semestre se ubica la materia?

Da una respuesta breve y directa, en una sola frase.",2do semestre,El curso Administración Financiera de TI se ubica en el 2do semestre del Programa de Maestría de Gerencia de Tecnologías de la Información.,MC1201-Administración financiera de tecnología de información.txt;MC1101-Sistemas Estratégicos Empresariales.txt;MC1201-Administración financiera de tecnología de información.txt;MC2301-Planificación estratégica de tecnología de información.txt;MC2301-Planificación estratégica de tecnología de información.txt,1.03,Administración Financiera de TI,MC1201,
llama3.1-8b-4bit,short_answer,¿Qué porcentaje total de la nota suman los dos exámenes parciales?,"En el curso Administración Financiera de TI de la Maestría en Gerencia de Tecnologías de la Información, ¿Qué porcentaje total de la nota suman los dos exámenes parciales?

Da una respuesta breve y directa, en una sola frase.",50%,No tengo suficiente información.,MC6004-Sistemas Operativos Avanzados.txt;MC1101-Sistemas Estratégicos Empresariales.txt;MC1003-Seguridad y Criptografía.txt;MC2301-Planificación estratégica de tecnología de información.txt;MC1201-Administración financiera de tecnología de información.txt,0.35,Administración Financiera de TI,MC1201,
llama3.1-8b-4bit,short_answer,¿Qué porcentaje de la evaluación corresponde a la investigación bibliográfica?,"En el curso Administración Financiera de TI de la Maestría en Gerencia de Tecnologías de la Información, ¿Qué porcentaje de la evaluación corresponde a la investigación bibliográfica?

Da una respuesta breve y directa, en una sola frase.",20%,No tengo suficiente información para responder a esta pregunta.,MC1101-Sistemas Estratégicos Empresariales.txt;MC2301-Planificación estratégica de tecnología de información.txt;MC1003-Seguridad y Criptografía.txt;MC1103-Gerencia de tecnología de información.txt;MC6104-Diseño de Experimentos.txt,0.43,Administración Financiera de TI,MC1201,
llama3.1-8b-4bit,short_answer,¿Qué porcentaje de la nota representan las comprobaciones de lectura?,"En el curso Administración Financiera de TI de la Maestría en Gerencia de Tecnologías de la Información, ¿Qué porcentaje de la nota representan las comprobaciones de lectura?

Da una respuesta breve y directa, en una sola frase.",15%,No tengo suficiente información para responder a esta pregunta.,MC6004-Sistemas Operativos Avanzados.txt;MC1101-Sistemas Estratégicos Empresariales.txt;MC2301-Planificación estratégica de tecnología de información.txt;MC1003-Seguridad y Criptografía.txt;MC6104-Diseño de Experimentos.txt,0.37,Administración Financiera de TI,MC1201,
llama3.1-8b-4bit,short_answer,¿Permite el curso la suficiencia?,"En el curso Administración Financiera de TI de la Maestría en Gerencia de Tecnologías de la Información, ¿Permite el curso la suficiencia?

Da una respuesta breve y directa, en una sola frase.",No,"No, el curso de Administración Financiera de TI no permite la suficiencia.",MC2301-Planificación estratégica de tecnología de información.txt;MC1201-Administración financiera de tecnología de información.txt;MC1101-Sistemas Estratégicos Empresariales.txt;MC1103-Gerencia de tecnología de información.txt;MC1201-Administración financiera de tecnología de información.txt,0.72,Administración Financiera de TI,MC1201,
llama3.1-8b-4bit,short_answer,¿De qué curso de nivel II es requisito esta materia?,"En el curso Administración y Estrategia de Proyectos I de la Maestría en Gerencia de Tecnologías de la Información, ¿De qué curso de nivel II es requisito esta materia?

Da una respuesta breve y directa, en una sola frase.",MC-6204 Administración y estrategia de proyectos II,No tengo suficiente información para responder a esta pregunta.,MC1103-Gerencia de tecnología de información.txt;MC2301-Planificación estratégica de tecnología de información.txt;MC1203-Administración y estrategia de proyectos I.txt;MC1203-Administración y estrategia de proyectos I.txt;MC1003-Seguridad y Criptografía.txt,0.46,Administración y Estrategia de Proyectos I,MC1203,
llama3.1-8b-4bit,short_answer,¿Cuál es el tipo de curso según los datos generales?,"En el curso Administración y Estrategia de Proyectos I de la Maestría en Gerencia de Tecnologías de la Información, ¿Cuál es el tipo de curso según los datos generales?

Da una respuesta breve y directa, en una sola frase.",Teórico,El tipo de curso es teórico.,MC2301-Planificación estratégica de tecnología de información.txt;MC1103-Gerencia de tecnología de información.txt;MC1101-Sistemas Estratégicos Empresariales.txt;MC1203-Administración y estrategia de proyectos I.txt;MC1203-Administración y estrategia de proyectos I.txt,0.54,Administración y Estrategia de Proyectos I,MC1203,
llama3.1-8b-4bit,short_answer,¿En qué semestre del programa se ubica?,"En el curso Administración y Estrategia de Proyectos I de la Maestría en Gerencia de Tecnologías de la Información, ¿En qué semestre del programa se ubica?

Da una respuesta breve y directa, en una sola frase.",3er semestre,El curso MC1203 Administración y estrategia de proyectos I se ubica en el 3er semestre del Programa de Maestría de Gerencia de Tecnologías de la Información.,MC1203-Administración y estrategia de proyectos I.txt;MC2301-Planificación estratégica de tecnología de información.txt;MC1103-Gerencia de tecnología de información.txt;MC1203-Administración y estrategia de proyectos I.txt;MC1101-Sistemas Estratégicos Empresariales.txt,1.03,Administración y Estrategia de Proyectos I,MC1203,
llama3.1-8b-4bit,short_answer,¿Qué porcentaje de la nota final corresponde a la escritura de dos ensayos individuales?,"En el curso Administración y Estrategia de Proyectos I de la Maestría en Gerencia de Tecnologías de la Información, ¿Qué porcentaje de la nota final corresponde a la escritura de dos ensayos individuales?

Da una respuesta breve y directa, en una sola frase.",30%,No tengo suficiente información para responder a esta pregunta.,MC6004-Sistemas Operativos Avanzados.txt;MC2301-Planificación estratégica de tecnología de información.txt;MC1003-Seguridad y Criptografía.txt;MC1101-Sistemas Estratégicos Empresariales.txt;MC1103-Gerencia de tecnología de información.txt,0.43,Administración y Estrategia de Proyectos I,MC1203,
llama3.1-8b-4bit,short_answer,¿Qué porcentaje de la evaluación es la resolución de casos prácticos?,"En el curso Administración y Estrategia de Proyectos I de la Maestría en Gerencia de Tecnologías de la Información, ¿Qué porcentaje de la evaluación es la resolución de casos prácticos?

Da una respuesta breve y directa, en una sola frase.",25%,No tengo suficiente información.,MC2301-Planificación estratégica de tecnología de información.txt;MC1103-Gerencia de tecnología de información.txt;MC1003-Seguridad y Criptografía.txt;MC1101-Sistemas Estratégicos Empresariales.txt;MC1203-Administración y estrategia de proyectos I.txt,0.34,Administración y Estrategia de Proyectos I,MC1203,
llama3.1-8b-4bit,short_answer,¿Qué porcentaje de la nota vale la investigación sobre un tema seleccionado?,"En el curso Administración y Estrategia de Proyectos I de la Maestría en Gerencia de Tecnologías de la Información, ¿Qué porcentaje de la nota vale la investigación sobre un tema seleccionado?

Da una respuesta breve y directa, en una sola frase.",25%,No tengo suficiente información para responder a esta pregunta.,MC2301-Planificación estratégica de tecnología de información.txt;MC1101-Sistemas Estratégicos Empresariales.txt;MC1003-Seguridad y Criptografía.txt;MC1103-Gerencia de tecnología de información.txt;MC6004-Sistemas Operativos Avanzados.txt,0.43,Administración y Estrategia de Proyectos I,MC1203,
llama3.1-8b-4bit,short_answer,¿Con cuántas faltas de asistencia injustificadas se reprueba el curso?,"En el curso Planificación Estratégica de TI de la Maestría en Gerencia de Tecnologías de la Información, ¿Con cuántas faltas de asistencia injustificadas se reprueba el curso?

Da una respuesta breve y directa, en una sola frase.",4 faltas,No tengo suficiente información para responder a esta pregunta.,MC2301-Planificación estratégica de tecnología de información.txt;MC6004-Sistemas Operativos Avanzados.txt;MC1103-Gerencia de tecnología de información.txt;MC1203-Administración y estrategia de proyectos I.txt;MC1101-Sistemas Estratégicos Empresariales.txt,0.53,Planificación Estratégica de TI,MC2301,
llama3.1-8b-4bit,short_answer,¿Qué porcentaje de la nota final representa la resolución de casos?,"En el curso Planificación Estratégica de TI de la Maestría en Gerencia de Tecnologías de la Información, ¿Qué porcentaje de la nota final representa la resolución de casos?

Da una respuesta breve y directa, en una sola frase.",40%,No tengo suficiente información para responder a esta pregunta.,MC2301-Planificación estratégica de tecnología de información.txt;MC1103-Gerencia de tecnología de información.txt;MC6004-Sistemas Operativos Avanzados.txt;MC1101-Sistemas Estratégicos Empresariales.txt;MC1103-Gerencia de tecnología de información.txt,0.49,Planificación Estratégica de TI,MC2301,
llama3.1-8b-4bit,short_answer,¿Cuántos minutos después de la hora oficial de entrada se consideran para marcar ausencia?,"En el curso Planificación Estratégica de TI de la Maestría en Gerencia de Tecnologías de la Información, ¿Cuántos minutos después de la hora oficial de entrada se consideran para marcar ausencia?

Da una respuesta breve y directa, en una sola frase.",30 minutos,No tengo suficiente información para responder a esta pregunta.,MC1203-Administración y estrategia de proyectos I.txt;MC1101-Sistemas Estratégicos Empresariales.txt;MC2301-Planificación estratégica de tecnología de información.txt;MC6004-Sistemas Operativos Avanzados.txt;MC1103-Gerencia de tecnología de información.txt,0.62,Planificación Estratégica de TI,MC2301,
llama3.1-8b-4bit,short_answer,¿Qué porcentaje de la evaluación corresponde a la investigación bibliográfica?,"En el curso Planificación Estratégica de TI de la Maestría en Gerencia de Tecnologías de la Información, ¿Qué porcentaje de la evaluación corresponde a la investigación bibliográfica?

Da una respuesta breve y directa, en una sola frase.",20%,"En el curso Planificación Estratégica de TI de la Maestría en Gerencia de Tecnologías de la Información, la investigación bibliográfica corresponde al 20% de la evaluación.",MC2301-Planificación estratégica de tecnología de información.txt;MC1101-Sistemas Estratégicos Empresariales.txt;MC1003-Seguridad y Criptografía.txt;MC1103-Gerencia de tecnología de información.txt;MC1103-Gerencia de tecnología de información.txt,1.0,Planificación Estratégica de TI,MC2301,
llama3.1-8b-4bit,short_answer,¿Permite el curso la suficiencia?,"En el curso Planificación Estratégica de TI de la Maestría en Gerencia de Tecnologías de la Información, ¿Permite el curso la suficiencia?

Da una respuesta breve y directa, en una sola frase.",No,"No, el curso MC2301 Planificación estratégica de tecnología de información no permite la suficiencia.",MC1103-Gerencia de tecnología de información.txt;MC2301-Planificación estratégica de tecnología de información.txt;MC2301-Planificación estratégica de tecnología de información.txt;MC1101-Sistemas Estratégicos Empresariales.txt;MC1203-Administración y estrategia de proyectos I.txt,0.8,Planificación Estratégica de TI,MC2301,
llama3.1-8b-4bit,short_answer,"¿Qué porcentaje de la nota representan las pruebas cortas, comprobaciones y ensayos?","En el curso Planificación Estratégica de TI de la Maestría en Gerencia de Tecnologías de la Información, ¿Qué porcentaje de la nota representan las pruebas cortas, comprobaciones y ensayos?

Da una respuesta breve y directa, en una sola frase.",40%,"En el curso Planificación Estratégica de TI de la Maestría en Gerencia de Tecnologías de la Información, las pruebas cortas, comprobaciones y ensayos representan el 40% de la nota.",MC2301-Planificación estratégica de tecnología de información.txt;MC6004-Sistemas Operativos Avanzados.txt;MC1101-Sistemas Estratégicos Empresariales.txt;MC1003-Seguridad y Criptografía.txt;MC1103-Gerencia de tecnología de información.txt,1.06,Planificación Estratégica de TI,MC2301,
llama3.1-8b-4bit,short_answer,¿En qué periodo del plan de estudios se ubica?,"En el curso Teoría de Autómatas de la Maestría en Computación, ¿En qué periodo del plan de estudios se ubica?

Da una respuesta breve y directa, en una sola frase.",II Periodo,El curso Teoría de Autómatas se ubica en el II Periodo del Plan de Estudios de Maestría en Computación con Énfasis en Ciencias de la Computación.,MC6003-Teoría de Autómatas.txt;MC6104-Diseño de Experimentos.txt;MC7201-Introducción a la Investigación.txt;MC6102-Análisis de Algoritmos.txt;MC2301-Planificación estratégica de tecnología de información.txt,1.12,Teoría de Autómatas,MC6003,
llama3.1-8b-4bit,short_answer,¿Quién es el profesor titular del curso?,"En el curso Teoría de Autómatas de la Maestría en Computación, ¿Quién es el profesor titular del curso?

Da una respuesta breve y directa, en una sola frase.",Erick Mata Montero,No tengo suficiente información para responder a esta pregunta.,MC7201-Introducción a la Investigación.txt;MC6003-Teoría de Autómatas.txt;MC6102-Análisis de Algoritmos.txt;MC7201-Introducción a la Investigación.txt;MC6104-Diseño de Experimentos.txt,0.67,Teoría de Autómatas,MC6003,
llama3.1-8b-4bit,short_answer,¿Qué porcentaje de la nota final representa el examen final?,"En el curso Teoría de Autómatas de la Maestría en Computación, ¿Qué porcentaje de la nota final representa el examen final?

Da una respuesta breve y directa, en una sola frase.",30%,No tengo suficiente información para responder a esta pregunta.,MC6004-Sistemas Operativos Avanzados.txt;MC1003-Seguridad y Criptografía.txt;MC6104-Diseño de Experimentos.txt;MC6003-Teoría de Autómatas.txt;MC2301-Planificación estratégica de tecnología de información.txt,0.48,Teoría de Autómatas,MC6003,
llama3.1-8b-4bit,short_answer,¿Cuál es el porcentaje asignado al examen parcial?,"En el curso Teoría de Autómatas de la Maestría en Computación, ¿Cuál es el porcentaje asignado al examen parcial?

Da una respuesta breve y directa, en una sola frase.",20%,No tengo suficiente información para responder a esta pregunta.,MC1003-Seguridad y Criptografía.txt;MC6003-Teoría de Autómatas.txt;MC6004-Sistemas Operativos Avanzados.txt;MC2301-Planificación estratégica de tecnología de información.txt;MC1101-Sistemas Estratégicos Empresariales.txt,0.44,Teoría de Autómatas,MC6003,
llama3.1-8b-4bit,short_answer,¿Permite el curso la modalidad de suficiencia?,"En el curso Teoría de Autómatas de la Maestría en Computación, ¿Permite el curso la modalidad de suficiencia?

Da una respuesta breve y directa, en una sola frase.",Sí,"Sí, el curso Teoría de Autómatas permite la modalidad de suficiencia.",MC6003-Teoría de Autómatas.txt;MC6102-Análisis de Algoritmos.txt;MC6102-Análisis de Algoritmos.txt;MC7201-Introducción a la Investigación.txt;MC6104-Diseño de Experimentos.txt,0.88,Teoría de Autómatas,MC6003,
llama3.1-8b-4bit,short_answer,¿Quiénes son los autores principales del libro de texto base?,"En el curso Teoría de Autómatas de la Maestría en Computación, ¿Quiénes son los autores principales del libro de texto base?

Da una respuesta breve y directa, en una sola frase.",Hopcroft et al.,No tengo suficiente información para responder a esta pregunta.,MC6104-Diseño de Experimentos.txt;MC7201-Introducción a la Investigación.txt;MC7201-Introducción a la Investigación.txt;MC6102-Análisis de Algoritmos.txt;MC6003-Teoría de Autómatas.txt,0.67,Teoría de Autómatas,MC6003,
llama3.1-8b-4bit,short_answer,¿De qué curso de redes es requisito esta materia?,"En el curso Sistemas Operativos Avanzados de la Maestría en Computación, ¿De qué curso de redes es requisito esta materia?

Da una respuesta breve y directa, en una sola frase.",MC-6006 Redes de Computadores Avanzadas,No tengo suficiente información para responder a esta pregunta.,MC6004-Sistemas Operativos Avanzados.txt;MC6102-Análisis de Algoritmos.txt;MC6104-Diseño de Experimentos.txt;MC1103-Gerencia de tecnología de información.txt;MC7201-Introducción a la Investigación.txt,0.67,Sistemas Operativos Avanzados,MC6004,
llama3.1-8b-4bit,short_answer,¿Cuál es la duración mínima exigida para la presentación oral?,"En el curso Sistemas Operativos Avanzados de la Maestría en Computación, ¿Cuál es la duración mínima exigida para la presentación oral?

Da una respuesta breve y directa, en una sola frase.",16 minutos,No tengo suficiente información para responder a esta pregunta.,MC6004-Sistemas Operativos Avanzados.txt;MC6004-Sistemas Operativos Avanzados.txt;MC7201-Introducción a la Investigación.txt;MC6104-Diseño de Experimentos.txt;MC1103-Gerencia de tecnología de información.txt,0.59,Sistemas Operativos Avanzados,MC6004,
llama3.1-8b-4bit,short_answer,¿En qué formato deben confeccionarse los reportes de proyectos y el paper?,"En el curso Sistemas Operativos Avanzados de la Maestría en Computación, ¿En qué formato deben confeccionarse los reportes de proyectos y el paper?

Da una respuesta breve y directa, en una sola frase.",IEEE Transactions,"Los reportes de proyectos y el paper deben confeccionarse en formato PDF, con un nombre específico y ser subidos al foro del curso.",MC6004-Sistemas Operativos Avanzados.txt;MC6004-Sistemas Operativos Avanzados.txt;MC1103-Gerencia de tecnología de información.txt;MC2301-Planificación estratégica de tecnología de información.txt;MC1103-Gerencia de tecnología de información.txt,0.93,Sistemas Operativos Avanzados,MC6004,
llama3.1-8b-4bit,short_answer,¿En qué idioma debe estar escrito el paper de investigación?,"En el curso Sistemas Operativos Avanzados de la Maestría en Computación, ¿En qué idioma debe estar escrito el paper de investigación?

Da una respuesta breve y directa, en una sola frase.",Inglés,No tengo suficiente información para responder a esta pregunta.,MC6003-Teoría de Autómatas.txt;MC7201-Introducción a la Investigación.txt;MC6102-Análisis de Algoritmos.txt;MC2301-Planificación estratégica de tecnología de información.txt;MC7201-Introducción a la Investigación.txt,0.59,Sistemas Operativos Avanzados,MC6004,
llama3.1-8b-4bit,short_answer,¿Qué porcentaje total de la nota suman los tres proyectos programados?,"En el curso Sistemas Operativos Avanzados de la Maestría en Computación, ¿Qué porcentaje total de la nota suman los tres proyectos programados?

Da una respuesta breve y directa, en una sola frase.",30%,No tengo suficiente información.,MC6004-Sistemas Operativos Avanzados.txt;MC2301-Planificación estratégica de tecnología de información.txt;MC1203-Administración y estrategia de proyectos I.txt;MC1203-Administración y estrategia de proyectos I.txt;MC1003-Seguridad y Criptografía.txt,0.34,Sistemas Operativos Avanzados,MC6004,
llama3.1-8b-4bit,short_answer,¿Quién es el profesor titular del curso?,"En el curso Sistemas Operativos Avanzados de la Maestría en Computación, ¿Quién es el profesor titular del curso?

Da una respuesta breve y directa, en una sola frase.",Dr. Francisco J. Torres-Rojas,No tengo suficiente información para responder a esta pregunta.,MC7201-Introducción a la Investigación.txt;MC6004-Sistemas Operativos Avanzados.txt;MC6102-Análisis de Algoritmos.txt;MC6104-Diseño de Experimentos.txt;MC6104-Diseño de Experimentos.txt,0.67,Sistemas Operativos Avanzados,MC6004,
llama3.1-8b-4bit,short_answer,¿En qué periodo del plan de estudios se imparte?,"En el curso Análisis de Algoritmos de la Maestría en Computación, ¿En qué periodo del plan de estudios se imparte?

Da una respuesta breve y directa, en una sola frase.",I Periodo,El curso Análisis de Algoritmos de la Maestría en Computación se imparte en el I Periodo del Plan de Estudios de Maestría en Computación con Énfasis en Ciencias de la Computación.,MC6102-Análisis de Algoritmos.txt;MC6104-Diseño de Experimentos.txt;MC6102-Análisis de Algoritmos.txt;MC7201-Introducción a la Investigación.txt;MC6003-Teoría de Autómatas.txt,1.33,Análisis de Algoritmos,MC6102,
llama3.1-8b-4bit,short_answer,¿En qué horario se dictan las clases los martes?,"En el curso Análisis de Algoritmos de la Maestría en Computación, ¿En qué horario se dictan las clases los martes?

Da una respuesta breve y directa, en una sola frase.",6:00 p. m. a 8:50 p. m.,No tengo suficiente información para responder a esta pregunta.,MC6003-Teoría de Autómatas.txt;MC6104-Diseño de Experimentos.txt;MC1103-Gerencia de tecnología de información.txt;MC1203-Administración y estrategia de proyectos I.txt;MC6102-Análisis de Algoritmos.txt,0.66,Análisis de Algoritmos,MC6102,
llama3.1-8b-4bit,short_answer,¿Quién es el profesor del curso?,"En el curso Análisis de Algoritmos de la Maestría en Computación, ¿Quién es el profesor del curso?

Da una respuesta breve y directa, en una sola frase.",José E. Araya,No tengo suficiente información para responder a esta pregunta.,MC6102-Análisis de Algoritmos.txt;MC7201-Introducción a la Investigación.txt;MC6102-Análisis de Algoritmos.txt;MC6104-Diseño de Experimentos.txt;MC6004-Sistemas Operativos Avanzados.txt,0.71,Análisis de Algoritmos,MC6102,
llama3.1-8b-4bit,short_answer,¿Qué porcentaje de la nota final representan las tareas e investigaciones?,"En el curso Análisis de Algoritmos de la Maestría en Computación, ¿Qué porcentaje de la nota final representan las tareas e investigaciones?

Da una respuesta breve y directa, en una sola frase.",50%,No tengo suficiente información para responder a esta pregunta.,MC6004-Sistemas Operativos Avanzados.txt;MC6102-Análisis de Algoritmos.txt;MC1003-Seguridad y Criptografía.txt;MC6102-Análisis de Algoritmos.txt;MC6104-Diseño de Experimentos.txt,0.55,Análisis de Algoritmos,MC6102,
llama3.1-8b-4bit,short_answer,¿Qué porcentaje de la evaluación corresponde a los exámenes parciales?,"En el curso Análisis de Algoritmos de la Maestría en Computación, ¿Qué porcentaje de la evaluación corresponde a los exámenes parciales?

Da una respuesta breve y directa, en una sola frase.",50%,"En el curso Análisis de Algoritmos de la Maestría en Computación, el 50% de la evaluación corresponde a los exámenes parciales.",MC1003-Seguridad y Criptografía.txt;MC6004-Sistemas Operativos Avanzados.txt;MC6102-Análisis de Algoritmos.txt;MC2301-Planificación estratégica de tecnología de información.txt;MC6102-Análisis de Algoritmos.txt,0.92,Análisis de Algoritmos,MC6102,
llama3.1-8b-4bit,short_answer,¿Cuál es el libro de texto de carácter obligatorio?,"En el curso Análisis de Algoritmos de la Maestría en Computación, ¿Cuál es el libro de texto de carácter obligatorio?

Da una respuesta breve y directa, en una sola frase.",Fundamentos de Algoritmia de Brassard y Bratley,No tengo suficiente información para determinar el libro de texto obligatorio del curso Análisis de Algoritmos de la Maestría en Computación.,MC6102-Análisis de Algoritmos.txt;MC6102-Análisis de Algoritmos.txt;MC7201-Introducción a la Investigación.txt;MC6003-Teoría de Autómatas.txt;MC7201-Introducción a la Investigación.txt,1.04,Análisis de Algoritmos,MC6102,
llama3.1-8b-4bit,short_answer,¿Es este curso obligatorio o electivo?,"En el curso Diseño de Experimentos de la Maestría en Computación, ¿Es este curso obligatorio o electivo?

Da una respuesta breve y directa, en una sola frase.",Electivo,Este curso es electivo.,MC6104-Diseño de Experimentos.txt;MC6102-Análisis de Algoritmos.txt;MC7201-Introducción a la Investigación.txt;MC7201-Introducción a la Investigación.txt;MC6004-Sistemas Operativos Avanzados.txt,0.59,Diseño de Experimentos,MC6104,
llama3.1-8b-4bit,short_answer,¿De qué curso de Seminario de Investigación es requisito?,"En el curso Diseño de Experimentos de la Maestría en Computación, ¿De qué curso de Seminario de Investigación es requisito?

Da una respuesta breve y directa, en una sola frase.",MC-7203 – Seminario de Investigación - Tesis II,No tengo suficiente información para responder a esta pregunta.,MC7201-Introducción a la Investigación.txt;MC6104-Diseño de Experimentos.txt;MC6004-Sistemas Operativos Avanzados.txt;MC7201-Introducción a la Investigación.txt;MC6102-Análisis de Algoritmos.txt,0.61,Diseño de Experimentos,MC6104,
llama3.1-8b-4bit,short_answer,¿Qué porcentaje de la nota final representan los proyectos?,"En el curso Diseño de Experimentos de la Maestría en Computación, ¿Qué porcentaje de la nota final representan los proyectos?

Da una respuesta breve y directa, en una sola frase.",35%,Los proyectos representan el 35% de la nota final.,MC6004-Sistemas Operativos Avanzados.txt;MC1003-Seguridad y Criptografía.txt;MC2301-Planificación estratégica de tecnología de información.txt;MC6104-Diseño de Experimentos.txt;MC6104-Diseño de Experimentos.txt,0.51,Diseño de Experimentos,MC6104,
llama3.1-8b-4bit,short_answer,¿En qué idioma deben escribirse los reportes de los proyectos?,"En el curso Diseño de Experimentos de la Maestría en Computación, ¿En qué idioma deben escribirse los reportes de los proyectos?

Da una respuesta breve y directa, en una sola frase.",Inglés,No tengo suficiente información para responder a la pregunta.,MC7201-Introducción a la Investigación.txt;MC6104-Diseño de Experimentos.txt;MC1103-Gerencia de tecnología de información.txt;MC6102-Análisis de Algoritmos.txt;MC2301-Planificación estratégica de tecnología de información.txt,0.6,Diseño de Experimentos,MC6104,
llama3.1-8b-4bit,short_answer,¿Permite el curso la suficiencia?,"En el curso Diseño de Experimentos de la Maestría en Computación, ¿Permite el curso la suficiencia?

Da una respuesta breve y directa, en una sola frase.",No,No tiene suficiente información.,MC6102-Análisis de Algoritmos.txt;MC6104-Diseño de Experimentos.txt;MC7201-Introducción a la Investigación.txt;MC7201-Introducción a la Investigación.txt;MC6102-Análisis de Algoritmos.txt,0.61,Diseño de Experimentos,MC6104,
llama3.1-8b-4bit,short_answer,¿Qué porcentaje de la nota corresponde al segundo examen parcial?,"En el curso Diseño de Experimentos de la Maestría en Computación, ¿Qué porcentaje de la nota corresponde al segundo examen parcial?

Da una respuesta breve y directa, en una sola frase.",25%,No tengo suficiente información.,MC1003-Seguridad y Criptografía.txt;MC6004-Sistemas Operativos Avanzados.txt;MC7201-Introducción a la Investigación.txt;MC2301-Planificación estratégica de tecnología de información.txt;MC6104-Diseño de Experimentos.txt,0.34,Diseño de Experimentos,MC6104,
llama3.1-8b-4bit,short_answer,¿Cuál es el correquisito obligatorio de este curso?,"En el curso Introducción a la Investigación de la Maestría en Computación, ¿Cuál es el correquisito obligatorio de este curso?

Da una respuesta breve y directa, en una sola frase.",MC-7205 Tema Selecto de Investigación,No tengo suficiente información para responder a esta pregunta.,MC7201-Introducción a la Investigación.txt;MC7201-Introducción a la Investigación.txt;MC6104-Diseño de Experimentos.txt;MC6102-Análisis de Algoritmos.txt;MC2301-Planificación estratégica de tecnología de información.txt,0.6,Introducción a la Investigación,MC7201,
llama3.1-8b-4bit,short_answer,¿Qué porcentaje de la nota final representa la presentación?,"En el curso Introducción a la Investigación de la Maestría en Computación, ¿Qué porcentaje de la nota final representa la presentación?

Da una respuesta breve y directa, en una sola frase.",25%,No tengo suficiente información para responder a la pregunta.,MC6004-Sistemas Operativos Avanzados.txt;MC7201-Introducción a la Investigación.txt;MC6004-Sistemas Operativos Avanzados.txt;MC1003-Seguridad y Criptografía.txt;MC6104-Diseño de Experimentos.txt,0.51,Introducción a la Investigación,MC7201,
llama3.1-8b-4bit,short_answer,¿Qué herramienta es obligatoria para preparar las presentaciones?,"En el curso Introducción a la Investigación de la Maestría en Computación, ¿Qué herramienta es obligatoria para preparar las presentaciones?

Da una respuesta breve y directa, en una sola frase.",Beamer,Beamer.,MC7201-Introducción a la Investigación.txt;MC6004-Sistemas Operativos Avanzados.txt;MC7201-Introducción a la Investigación.txt;MC6102-Análisis de Algoritmos.txt;MC1103-Gerencia de tecnología de información.txt,0.47,Introducción a la Investigación,MC7201,
llama3.1-8b-4bit,short_answer,¿En qué idioma debe escribirse el paper de investigación?,"En el curso Introducción a la Investigación de la Maestría en Computación, ¿En qué idioma debe escribirse el paper de investigación?

Da una respuesta breve y directa, en una sola frase.",Inglés,El paper de investigación debe estar escrito en inglés.,MC7201-Introducción a la Investigación.txt;MC7201-Introducción a la Investigación.txt;MC6003-Teoría de Autómatas.txt;MC1103-Gerencia de tecnología de información.txt;MC6004-Sistemas Operativos Avanzados.txt,0.65,Introducción a la Investigación,MC7201,
llama3.1-8b-4bit,short_answer,¿Quién es el profesor titular del curso?,"En el curso Introducción a la Investigación de la Maestría en Computación, ¿Quién es el profesor titular del curso?

Da una respuesta breve y directa, en una sola frase.",Dr. Francisco J. Torres-Rojas,No tengo suficiente información para responder a esta pregunta.,MC7201-Introducción a la Investigación.txt;MC6102-Análisis de Algoritmos.txt;MC6104-Diseño de Experimentos.txt;MC7201-Introducción a la Investigación.txt;MC6104-Diseño de Experimentos.txt,0.67,Introducción a la Investigación,MC7201,
llama3.1-8b-4bit,short_answer,¿Permite el curso la posibilidad de reconocimiento?,"En el curso Introducción a la Investigación de la Maestría en Computación, ¿Permite el curso la posibilidad de reconocimiento?

Da una respuesta breve y directa, en una sola frase.",Sí,"Sí, el curso Introducción a la Investigación de la Maestría en Computación permite la posibilidad de reconocimiento.",MC6102-Análisis de Algoritmos.txt;MC7201-Introducción a la Investigación.txt;MC7201-Introducción a la Investigación.txt;MC6104-Diseño de Experimentos.txt;MC1103-Gerencia de tecnología de información.txt,0.94,Introducción a la Investigación,MC7201,
llama3.1-8b-4bit,open_ended,¿Cuál es el propósito principal de integrar inteligencia artificial en un Centro de Operaciones en Seguridad (SOC)?,"En el curso Análisis de Datos en Ciberseguridad de la Maestría en Ciberseguridad, ¿Cuál es el propósito principal de integrar inteligencia artificial en un Centro de Operaciones en Seguridad (SOC)?

Da una respuesta completa y explicativa.",Facilitar la distinción de vectores de ataque y permitir una toma de decisiones más precisa en la respuesta a incidentes.,No tengo suficiente información para responder a la pregunta.,MC1006-Políticas y Gobernanza en Ciberseguridad.txt;MC1006-Políticas y Gobernanza en Ciberseguridad.txt;MC1001-Análisis de datos en ciberseguridad.txt;MC3001-Seguridad de Software Avanzado.txt;MC1003-Seguridad y Criptografía.txt,0.67,Análisis de Datos en Ciberseguridad,MC1001,
llama3.1-8b-4bit,open_ended,¿Qué temas matemáticos específicos debe dominar el estudiante para tener un buen desempeño?,"En el curso Análisis de Datos en Ciberseguridad de la Maestría en Ciberseguridad, ¿Qué temas matemáticos específicos debe dominar el estudiante para tener un buen desempeño?

Da una respuesta completa y explicativa.","Conceptos de estadística y cálculo diferencial integral, como distribuciones de probabilidad, regresiones y optimización.","Para tener un buen desempeño en el curso Análisis de Datos en Ciberseguridad, el estudiante debe dominar los siguientes temas matemáticos específicos:

1. **Distribuciones de probabilidad**: El estudiante debe tener una comprensión sólida de las diferentes distribuciones de probabilidad, como la distribución normal, la distribución binomial, la distribución exponencial, etc.
2. **Regresión lineal simple**: El estudiante debe entender cómo funciona la regresión lineal simple, incluyendo la ecuación de regresión, la pendiente y el intercepto.
3. **Regresión logarítmica**: El estudiante debe conocer cómo funciona la regresión logarítmica, incluyendo la ecuación de regresión, la pendiente y el intercepto.
4. **Árboles de regresión y decisión**: El estudiante debe entender cómo funcionan los árboles de regresión y decisión, incluyendo la creación de árboles, la evaluación de rendimiento y la selección de características.
5. **Validación cruzada**: El estudiante debe conocer cómo funciona la validación cruzada, incluyendo la creación de conjuntos de entrenamiento y prueba, y la evaluación del rendimiento.
6. **""Clustering""**: El estudiante",MC3010-Cibercrimen.txt;MC1003-Seguridad y Criptografía.txt;MC1001-Análisis de datos en ciberseguridad.txt;MC3010-Cibercrimen.txt;MC1006-Políticas y Gobernanza en Ciberseguridad.txt,5.28,Análisis de Datos en Ciberseguridad,MC1001,
llama3.1-8b-4bit,open_ended,¿Cómo contribuye este curso a la perfilación del comportamiento humano y de software?,"En el curso Análisis de Datos en Ciberseguridad de la Maestría en Ciberseguridad, ¿Cómo contribuye este curso a la perfilación del comportamiento humano y de software?

Da una respuesta completa y explicativa.","Provee técnicas de detección de anomalías, minería de datos en tiempo real y procesamiento distribuido para analizar grandes volúmenes de datos.",No tengo suficiente información para responder a la pregunta.,MC1001-Análisis de datos en ciberseguridad.txt;MC1006-Políticas y Gobernanza en Ciberseguridad.txt;MC1001-Análisis de datos en ciberseguridad.txt;MC3010-Cibercrimen.txt;MC3001-Seguridad de Software Avanzado.txt,0.64,Análisis de Datos en Ciberseguridad,MC1001,
llama3.1-8b-4bit,open_ended,¿Qué capacidades desarrolla el estudiante respecto al diagnóstico de software?,"En el curso Análisis de Datos en Ciberseguridad de la Maestría en Ciberseguridad, ¿Qué capacidades desarrolla el estudiante respecto al diagnóstico de software?

Da una respuesta completa y explicativa.",La capacidad de desarrollar soluciones para el descubrimiento de conocimiento y análisis de amenazas mediante herramientas de análisis de datos.,No tengo suficiente información para responder a la pregunta.,MC1001-Análisis de datos en ciberseguridad.txt;MC3001-Seguridad de Software Avanzado.txt;MC1001-Análisis de datos en ciberseguridad.txt;MC3010-Cibercrimen.txt;MC1003-Seguridad y Criptografía.txt,0.67,Análisis de Datos en Ciberseguridad,MC1001,
llama3.1-8b-4bit,open_ended,¿En qué consiste la metodología de evaluación práctica del curso?,"En el curso Análisis de Datos en Ciberseguridad de la Maestría en Ciberseguridad, ¿En qué consiste la metodología de evaluación práctica del curso?

Da una respuesta completa y explicativa.",Se basa principalmente en laboratorios (75% de la nota) y la resolución de casos de estudio (20%).,No tengo suficiente información para responder a la pregunta.,MC1006-Políticas y Gobernanza en Ciberseguridad.txt;MC1001-Análisis de datos en ciberseguridad.txt;MC1003-Seguridad y Criptografía.txt;MC3010-Cibercrimen.txt;MC3010-Cibercrimen.txt,0.61,Análisis de Datos en Ciberseguridad,MC1001,
llama3.1-8b-4bit,open_ended,¿Qué técnicas de minería de datos se aplican específicamente para el procesamiento en tiempo real?,"En el curso Análisis de Datos en Ciberseguridad de la Maestría en Ciberseguridad, ¿Qué técnicas de minería de datos se aplican específicamente para el procesamiento en tiempo real?

Da una respuesta completa y explicativa.","Se estudian los filtros de Bloom, hashes localmente sensibles y árboles de Hoeffding.","No tengo suficiente información en el contexto proporcionado para responder a la pregunta específicamente. El contexto proporcionado menciona técnicas de minería de datos, pero no especifica técnicas de minería de datos en tiempo real. Sin embargo, se menciona técnicas como ""Árboles de Hoeffding"" y ""Filtros de Bloom"" que podrían estar relacionadas con el procesamiento en tiempo real, pero no se proporciona información detallada sobre cómo se aplican específicamente para el procesamiento en tiempo real.",MC1001-Análisis de datos en ciberseguridad.txt;MC1001-Análisis de datos en ciberseguridad.txt;MC1006-Políticas y Gobernanza en Ciberseguridad.txt;MC1003-Seguridad y Criptografía.txt;MC1006-Políticas y Gobernanza en Ciberseguridad.txt,2.3,Análisis de Datos en Ciberseguridad,MC1001,
llama3.1-8b-4bit,open_ended,¿Qué rol desempeña la criptografía en la infraestructura de Internet actual?,"En el curso Seguridad y Criptografía de la Maestría en Ciberseguridad, ¿Qué rol desempeña la criptografía en la infraestructura de Internet actual?

Da una respuesta completa y explicativa.","Actúa como el medio para asegurar la confidencialidad, autenticidad e integridad de las comunicaciones y los datos almacenados.",No tengo suficiente información en el contexto proporcionado para responder a la pregunta.,MC1006-Políticas y Gobernanza en Ciberseguridad.txt;MC1001-Análisis de datos en ciberseguridad.txt;MC1006-Políticas y Gobernanza en Ciberseguridad.txt;MC1003-Seguridad y Criptografía.txt;MC3001-Seguridad de Software Avanzado.txt,0.75,Seguridad y Criptografía,MC1003,
llama3.1-8b-4bit,open_ended,¿Qué aspectos avanzados de la matemática se exploran para entender los cifrados modernos?,"En el curso Seguridad y Criptografía de la Maestría en Ciberseguridad, ¿Qué aspectos avanzados de la matemática se exploran para entender los cifrados modernos?

Da una respuesta completa y explicativa.","El estudio de curvas elípticas, ataques diferenciales y lineales, y el protocolo Diffie-Hellman.",No tengo suficiente información para responder a la pregunta.,MC1001-Análisis de datos en ciberseguridad.txt;MC1006-Políticas y Gobernanza en Ciberseguridad.txt;MC6102-Análisis de Algoritmos.txt;MC1006-Políticas y Gobernanza en Ciberseguridad.txt;MC7201-Introducción a la Investigación.txt,0.64,Seguridad y Criptografía,MC1003,
llama3.1-8b-4bit,open_ended,¿Qué diferencias conceptuales se analizan entre las primitivas de criptografía simétrica y asimétrica?,"En el curso Seguridad y Criptografía de la Maestría en Ciberseguridad, ¿Qué diferencias conceptuales se analizan entre las primitivas de criptografía simétrica y asimétrica?

Da una respuesta completa y explicativa.","Se estudia el rol de las funciones hash, las firmas digitales y la infraestructura de llave pública y privada (PKI).",No tengo suficiente información en el contexto proporcionado para responder a la pregunta.,MC1001-Análisis de datos en ciberseguridad.txt;MC1006-Políticas y Gobernanza en Ciberseguridad.txt;MC1006-Políticas y Gobernanza en Ciberseguridad.txt;MC3001-Seguridad de Software Avanzado.txt;MC1003-Seguridad y Criptografía.txt,0.71,Seguridad y Criptografía,MC1003,
llama3.1-8b-4bit,open_ended,¿Sobre qué tendencias futuras en el campo de la seguridad se discute en clase?,"En el curso Seguridad y Criptografía de la Maestría en Ciberseguridad, ¿Sobre qué tendencias futuras en el campo de la seguridad se discute en clase?

Da una respuesta completa y explicativa.",Sobre los avances y desafíos que presenta la criptografía cuántica.,No tengo suficiente información para responder a la pregunta.,MC1006-Políticas y Gobernanza en Ciberseguridad.txt;MC1006-Políticas y Gobernanza en Ciberseguridad.txt;MC1003-Seguridad y Criptografía.txt;MC3001-Seguridad de Software Avanzado.txt;MC3010-Cibercrimen.txt,0.67,Seguridad y Criptografía,MC1003,
llama3.1-8b-4bit,open_ended,¿Qué elementos históricos sirven de base para comprender la evolución del cifrado?,"En el curso Seguridad y Criptografía de la Maestría en Ciberseguridad, ¿Qué elementos históricos sirven de base para comprender la evolución del cifrado?

Da una respuesta completa y explicativa.","El estudio del Cifrado César, la máquina Enigma y el cifrado por permutación, entre otros.",No tengo suficiente información para responder a la pregunta.,MC1006-Políticas y Gobernanza en Ciberseguridad.txt;MC1006-Políticas y Gobernanza en Ciberseguridad.txt;MC1001-Análisis de datos en ciberseguridad.txt;MC1003-Seguridad y Criptografía.txt;MC3001-Seguridad de Software Avanzado.txt,0.67,Seguridad y Criptografía,MC1003,
llama3.1-8b-4bit,open_ended,¿Cómo se estructura el sistema de evaluación del aprendizaje en esta materia?,"En el curso Seguridad y Criptografía de la Maestría en Ciberseguridad, ¿Cómo se estructura el sistema de evaluación del aprendizaje en esta materia?

Da una respuesta completa y explicativa.","Se compone de tareas para asimilación de materia (50%), laboratorios prácticos (20%) y un examen final (30%).",No tengo suficiente información para responder a la pregunta.,MC1006-Políticas y Gobernanza en Ciberseguridad.txt;MC1001-Análisis de datos en ciberseguridad.txt;MC1003-Seguridad y Criptografía.txt;MC1006-Políticas y Gobernanza en Ciberseguridad.txt;MC3001-Seguridad de Software Avanzado.txt,0.67,Seguridad y Criptografía,MC1003,
llama3.1-8b-4bit,open_ended,¿Por qué es fundamental la gestión de procesos ante la vulnerabilidad tecnológica de los negocios?,"En el curso Políticas y Gobernanza en Ciberseguridad de la Maestría en Ciberseguridad, ¿Por qué es fundamental la gestión de procesos ante la vulnerabilidad tecnológica de los negocios?

Da una respuesta completa y explicativa.","Porque permite minimizar riesgos y amenazas de manera efectiva, asegurando la continuidad del negocio y el ahorro en costos.",No tengo suficiente información para responder a la pregunta.,MC1006-Políticas y Gobernanza en Ciberseguridad.txt;MC1006-Políticas y Gobernanza en Ciberseguridad.txt;MC1101-Sistemas Estratégicos Empresariales.txt;MC1103-Gerencia de tecnología de información.txt;MC1001-Análisis de datos en ciberseguridad.txt,0.63,Políticas y Gobernanza en Ciberseguridad,MC1006,
llama3.1-8b-4bit,open_ended,¿Qué áreas de especialización se utilizan como marco de referencia para el conocimiento en este curso?,"En el curso Políticas y Gobernanza en Ciberseguridad de la Maestría en Ciberseguridad, ¿Qué áreas de especialización se utilizan como marco de referencia para el conocimiento en este curso?

Da una respuesta completa y explicativa.",El Framework NICE y las áreas de conocimiento en ciberseguridad según la ACM.,No tengo suficiente información para responder a la pregunta.,MC1006-Políticas y Gobernanza en Ciberseguridad.txt;MC1006-Políticas y Gobernanza en Ciberseguridad.txt;MC3010-Cibercrimen.txt;MC1003-Seguridad y Criptografía.txt;MC1001-Análisis de datos en ciberseguridad.txt,0.67,Políticas y Gobernanza en Ciberseguridad,MC1006,
llama3.1-8b-4bit,open_ended,¿Cómo se aborda el diagnóstico del riesgo organizacional en este programa?,"En el curso Políticas y Gobernanza en Ciberseguridad de la Maestría en Ciberseguridad, ¿Cómo se aborda el diagnóstico del riesgo organizacional en este programa?

Da una respuesta completa y explicativa.",Mediante el uso de métricas de seguridad para la toma de decisiones estratégicas y modelos de evaluación de riesgo.,No tengo suficiente información en el contexto proporcionado para responder a la pregunta.,MC1006-Políticas y Gobernanza en Ciberseguridad.txt;MC1006-Políticas y Gobernanza en Ciberseguridad.txt;MC1001-Análisis de datos en ciberseguridad.txt;MC3001-Seguridad de Software Avanzado.txt;MC1003-Seguridad y Criptografía.txt,0.75,Políticas y Gobernanza en Ciberseguridad,MC1006,
llama3.1-8b-4bit,open_ended,"¿Qué importancia tiene el principio de ""Seguridad por diseño"" en el ciclo de vida del software?","En el curso Políticas y Gobernanza en Ciberseguridad de la Maestría en Ciberseguridad, ¿Qué importancia tiene el principio de ""Seguridad por diseño"" en el ciclo de vida del software?

Da una respuesta completa y explicativa.",Es un criterio clave para el aprovisionamiento de soluciones tecnológicas seguras y la planificación de requerimientos.,No tengo suficiente información en el contexto proporcionado para responder a la pregunta.,MC1006-Políticas y Gobernanza en Ciberseguridad.txt;MC1006-Políticas y Gobernanza en Ciberseguridad.txt;MC3001-Seguridad de Software Avanzado.txt;MC1003-Seguridad y Criptografía.txt;MC1001-Análisis de datos en ciberseguridad.txt,0.75,Políticas y Gobernanza en Ciberseguridad,MC1006,
llama3.1-8b-4bit,open_ended,¿Qué elementos legales se analizan respecto a la protección de datos en Costa Rica?,"En el curso Políticas y Gobernanza en Ciberseguridad de la Maestría en Ciberseguridad, ¿Qué elementos legales se analizan respecto a la protección de datos en Costa Rica?

Da una respuesta completa y explicativa.",La legislación sobre delitos informáticos y la Ley 8968 de Protección de los Datos.,"No tengo suficiente información en el contexto proporcionado para responder a la pregunta específica sobre los elementos legales que se analizan en el curso Políticas y Gobernanza en Ciberseguridad de la Maestría en Ciberseguridad respecto a la protección de datos en Costa Rica. Sin embargo, puedo decir que el contexto menciona la Ley 8968 de Protección de los Datos, que es una ley que regula la protección de datos personales en Costa Rica. 

La Ley 8968 de Protección de los Datos es una ley que busca proteger los datos personales de los ciudadanos costarricenses y de los extranjeros que residen en el país. La ley establece principios y normas para la recopilación, almacenamiento, uso y protección de los datos personales, y establece sanciones para aquellos que violen estos principios.

En el contexto del curso Políticas y Gobernanza en Ciberseguridad, es probable que se analicen los aspectos legales de la Ley 8968 de Protección de los Datos, incluyendo sus principios y normas, y cómo se aplica en la protección de datos en Costa Rica. Sin embargo, para obtener una respuesta más precisa, sería necesario tener más información sobre el curso y su contenido específico.",MC1006-Políticas y Gobernanza en Ciberseguridad.txt;MC1006-Políticas y Gobernanza en Ciberseguridad.txt;MC1001-Análisis de datos en ciberseguridad.txt;MC3001-Seguridad de Software Avanzado.txt;MC1003-Seguridad y Criptografía.txt,5.13,Políticas y Gobernanza en Ciberseguridad,MC1006,
llama3.1-8b-4bit,open_ended,¿Cuál es el objetivo de integrar los KPI de ciberseguridad con la visión de la empresa?,"En el curso Políticas y Gobernanza en Ciberseguridad de la Maestría en Ciberseguridad, ¿Cuál es el objetivo de integrar los KPI de ciberseguridad con la visión de la empresa?

Da una respuesta completa y explicativa.",Lograr una alineación estratégica que permita gestionar el portafolio de proyectos de seguridad según la misión organizacional.,No tengo suficiente información para responder a la pregunta.,MC1006-Políticas y Gobernanza en Ciberseguridad.txt;MC1006-Políticas y Gobernanza en Ciberseguridad.txt;MC1001-Análisis de datos en ciberseguridad.txt;MC1101-Sistemas Estratégicos Empresariales.txt;MC1003-Seguridad y Criptografía.txt,0.67,Políticas y Gobernanza en Ciberseguridad,MC1006,
llama3.1-8b-4bit,open_ended,¿Desde qué perspectiva se analizan vulnerabilidades como el Buffer Overflow?,"En el curso Seguridad de Software Avanzado de la Maestría en Ciberseguridad, ¿Desde qué perspectiva se analizan vulnerabilidades como el Buffer Overflow?

Da una respuesta completa y explicativa.",Desde una perspectiva avanzada que estudia vectores de ataque utilizados para violentar el software creado.,No tengo suficiente información para responder a la pregunta.,MC1006-Políticas y Gobernanza en Ciberseguridad.txt;MC1001-Análisis de datos en ciberseguridad.txt;MC3001-Seguridad de Software Avanzado.txt;MC1006-Políticas y Gobernanza en Ciberseguridad.txt;MC3001-Seguridad de Software Avanzado.txt,0.62,Seguridad de Software Avanzado,MC3001,
llama3.1-8b-4bit,open_ended,¿Qué estrategias de defensa se consideran para prevenir ataques a las aplicaciones?,"En el curso Seguridad de Software Avanzado de la Maestría en Ciberseguridad, ¿Qué estrategias de defensa se consideran para prevenir ataques a las aplicaciones?

Da una respuesta completa y explicativa.","Técnicas de programación segura, modelado de vulnerabilidades y técnicas avanzadas de pruebas de seguridad.",No tengo suficiente información para responder a la pregunta.,MC1006-Políticas y Gobernanza en Ciberseguridad.txt;MC1006-Políticas y Gobernanza en Ciberseguridad.txt;MC3001-Seguridad de Software Avanzado.txt;MC1001-Análisis de datos en ciberseguridad.txt;MC1003-Seguridad y Criptografía.txt,0.67,Seguridad de Software Avanzado,MC3001,
llama3.1-8b-4bit,open_ended,"¿Cómo influye el concepto de ""Seguridad por Diseño"" en el estudiante?","En el curso Seguridad de Software Avanzado de la Maestría en Ciberseguridad, ¿Cómo influye el concepto de ""Seguridad por Diseño"" en el estudiante?

Da una respuesta completa y explicativa.","Lo capacita para diseñar soluciones que garanticen la tríada de la seguridad (confidencialidad, integridad y disponibilidad) desde el inicio del desarrollo.",No tengo suficiente información para responder a la pregunta.,MC3001-Seguridad de Software Avanzado.txt;MC1006-Políticas y Gobernanza en Ciberseguridad.txt;MC1003-Seguridad y Criptografía.txt;MC1006-Políticas y Gobernanza en Ciberseguridad.txt;MC3010-Cibercrimen.txt,0.67,Seguridad de Software Avanzado,MC3001,
llama3.1-8b-4bit,open_ended,¿Qué temas abarca la administración de riesgo aplicada específicamente al software?,"En el curso Seguridad de Software Avanzado de la Maestría en Ciberseguridad, ¿Qué temas abarca la administración de riesgo aplicada específicamente al software?

Da una respuesta completa y explicativa.","Identificación de riesgos técnicos y de negocio, priorización de riesgos y validación de correcciones.",No tengo suficiente información para responder a la pregunta.,MC1006-Políticas y Gobernanza en Ciberseguridad.txt;MC1006-Políticas y Gobernanza en Ciberseguridad.txt;MC3001-Seguridad de Software Avanzado.txt;MC1001-Análisis de datos en ciberseguridad.txt;MC1003-Seguridad y Criptografía.txt,0.67,Seguridad de Software Avanzado,MC3001,
llama3.1-8b-4bit,open_ended,¿Qué se entiende por seguridad basada en el lenguaje de programación en este contexto?,"En el curso Seguridad de Software Avanzado de la Maestría en Ciberseguridad, ¿Qué se entiende por seguridad basada en el lenguaje de programación en este contexto?

Da una respuesta completa y explicativa.","El estudio del tipado seguro, el aseguramiento de memoria y el control de acceso en ambientes abiertos.",No tengo suficiente información para responder a la pregunta.,MC1006-Políticas y Gobernanza en Ciberseguridad.txt;MC1006-Políticas y Gobernanza en Ciberseguridad.txt;MC3001-Seguridad de Software Avanzado.txt;MC3001-Seguridad de Software Avanzado.txt;MC1001-Análisis de datos en ciberseguridad.txt,0.62,Seguridad de Software Avanzado,MC3001,
llama3.1-8b-4bit,open_ended,¿Cómo se aplican las técnicas de análisis estático para mejorar la calidad del código?,"En el curso Seguridad de Software Avanzado de la Maestría en Ciberseguridad, ¿Cómo se aplican las técnicas de análisis estático para mejorar la calidad del código?

Da una respuesta completa y explicativa.","Mediante el análisis de flujo de datos, la ejecución simbólica y la ofuscación.",No tengo suficiente información para responder a la pregunta.,MC1001-Análisis de datos en ciberseguridad.txt;MC3001-Seguridad de Software Avanzado.txt;MC3001-Seguridad de Software Avanzado.txt;MC1003-Seguridad y Criptografía.txt;MC1006-Políticas y Gobernanza en Ciberseguridad.txt,0.63,Seguridad de Software Avanzado,MC3001,
llama3.1-8b-4bit,open_ended,¿Por qué el cibercrimen se estudia también desde la perspectiva de las ciencias sociales?,"En el curso Cibercrimen de la Maestría en Ciberseguridad, ¿Por qué el cibercrimen se estudia también desde la perspectiva de las ciencias sociales?

Da una respuesta completa y explicativa.","Porque muchos problemas, como el phishing, ocurren por motivadores conductuales y debilidades en el comportamiento humano, no solo por fallas técnicas.",No tengo suficiente información para responder a la pregunta.,MC3010-Cibercrimen.txt;MC1006-Políticas y Gobernanza en Ciberseguridad.txt;MC1006-Políticas y Gobernanza en Ciberseguridad.txt;MC1001-Análisis de datos en ciberseguridad.txt;MC3010-Cibercrimen.txt,0.6,Cibercrimen,MC3010,
llama3.1-8b-4bit,open_ended,¿Qué objetivos persiguen los criminales al manipular a usuarios legítimos?,"En el curso Cibercrimen de la Maestría en Ciberseguridad, ¿Qué objetivos persiguen los criminales al manipular a usuarios legítimos?

Da una respuesta completa y explicativa.","Obtener información confidencial mediante ingeniería social, espionaje industrial e investigación de recopilación de datos.","No tengo suficiente información en el contexto proporcionado para responder a la pregunta de manera precisa. La pregunta parece estar relacionada con el curso Cibercrimen, pero no hay información en el contexto que explique los objetivos de los criminales al manipular a usuarios legítimos. Sin embargo, puedo proporcionar una respuesta general basada en conocimientos previos.

En el contexto del cibercrimen, los objetivos de los criminales al manipular a usuarios legítimos pueden incluir:

* Recopilar información confidencial, como contraseñas, números de tarjeta de crédito, etc.
* Acceder a sistemas y redes informáticas para realizar actividades maliciosas, como robo de identidad, fraude financiero, etc.
* Instalar malware o virus en los dispositivos de los usuarios para obtener acceso a su información personal.
* Engañar a los usuarios para que descarguen software o archivos maliciosos, lo que puede causar daños a sus dispositivos o sistemas.

Es importante destacar que estos objetivos pueden variar dependiendo de la motivación y la intención del cibercrimen.",MC1001-Análisis de datos en ciberseguridad.txt;MC1006-Políticas y Gobernanza en Ciberseguridad.txt;MC1006-Políticas y Gobernanza en Ciberseguridad.txt;MC3010-Cibercrimen.txt;MC3010-Cibercrimen.txt,4.38,Cibercrimen,MC3010,
llama3.1-8b-4bit,open_ended,¿Cómo ayudan los motivadores sociales a identificar la naturaleza de las amenazas?,"En el curso Cibercrimen de la Maestría en Ciberseguridad, ¿Cómo ayudan los motivadores sociales a identificar la naturaleza de las amenazas?

Da una respuesta completa y explicativa.",Permiten valorar las acciones de los individuos y potenciar la identificación temprana de actos delictivos.,No tengo suficiente información para responder a la pregunta.,MC1006-Políticas y Gobernanza en Ciberseguridad.txt;MC1006-Políticas y Gobernanza en Ciberseguridad.txt;MC1001-Análisis de datos en ciberseguridad.txt;MC3010-Cibercrimen.txt;MC3001-Seguridad de Software Avanzado.txt,0.6,Cibercrimen,MC3010,
llama3.1-8b-4bit,open_ended,¿Qué métodos de investigación social se aplican para entender el fenómeno criminal?,"En el curso Cibercrimen de la Maestría en Ciberseguridad, ¿Qué métodos de investigación social se aplican para entender el fenómeno criminal?

Da una respuesta completa y explicativa.","La teorización, el diseño experimental, la validación de hipótesis y el análisis de datos con SPSS.",No tengo suficiente información para responder a la pregunta.,MC3010-Cibercrimen.txt;MC1006-Políticas y Gobernanza en Ciberseguridad.txt;MC1006-Políticas y Gobernanza en Ciberseguridad.txt;MC1001-Análisis de datos en ciberseguridad.txt;MC1103-Gerencia de tecnología de información.txt,0.6,Cibercrimen,MC3010,
llama3.1-8b-4bit,open_ended,"¿Qué aspectos analiza la ""Ciencia del Crimen"" respecto a los actos delictivos?","En el curso Cibercrimen de la Maestría en Ciberseguridad, ¿Qué aspectos analiza la ""Ciencia del Crimen"" respecto a los actos delictivos?

Da una respuesta completa y explicativa.","La elección racional del criminal, las actividades de rutina y los estudios de victimización y autoreporte.",No tengo suficiente información para responder a la pregunta.,MC3010-Cibercrimen.txt;MC1006-Políticas y Gobernanza en Ciberseguridad.txt;MC1006-Políticas y Gobernanza en Ciberseguridad.txt;MC1001-Análisis de datos en ciberseguridad.txt;MC3010-Cibercrimen.txt,0.61,Cibercrimen,MC3010,
llama3.1-8b-4bit,open_ended,¿En qué consiste la teoría de prevención del crimen en situación según el curso?,"En el curso Cibercrimen de la Maestría en Ciberseguridad, ¿En qué consiste la teoría de prevención del crimen en situación según el curso?

Da una respuesta completa y explicativa.","Analiza la oportunidad del crimen, el triángulo del crimen y el desplazamiento del beneficio delictivo.",No tengo suficiente información para responder a la pregunta.,MC3010-Cibercrimen.txt;MC1006-Políticas y Gobernanza en Ciberseguridad.txt;MC1006-Políticas y Gobernanza en Ciberseguridad.txt;MC1001-Análisis de datos en ciberseguridad.txt;MC3010-Cibercrimen.txt,0.61,Cibercrimen,MC3010,
llama3.1-8b-4bit,open_ended,¿Cómo se articulan las TI con la propuesta de valor de un negocio?,"En el curso Sistemas Estratégicos Empresariales de la Maestría en Gerencia de Tecnologías de la Información, ¿Cómo se articulan las TI con la propuesta de valor de un negocio?

Da una respuesta completa y explicativa.",Se integran coherentemente dentro de un sistema de actividades para fortalecer la posición estratégica de la empresa.,No tengo suficiente información para responder a la pregunta.,MC1101-Sistemas Estratégicos Empresariales.txt;MC2301-Planificación estratégica de tecnología de información.txt;MC1103-Gerencia de tecnología de información.txt;MC1203-Administración y estrategia de proyectos I.txt;MC1201-Administración financiera de tecnología de información.txt,0.63,Sistemas Estratégicos Empresariales,MC1101,
llama3.1-8b-4bit,open_ended,¿Qué tipos de sistemas de información se estudian como referentes de manejo interno y externo?,"En el curso Sistemas Estratégicos Empresariales de la Maestría en Gerencia de Tecnologías de la Información, ¿Qué tipos de sistemas de información se estudian como referentes de manejo interno y externo?

Da una respuesta completa y explicativa.","Los sistemas ERP, CRM y SCM.",No tengo suficiente información en el contexto proporcionado para responder a la pregunta.,MC1103-Gerencia de tecnología de información.txt;MC1103-Gerencia de tecnología de información.txt;MC2301-Planificación estratégica de tecnología de información.txt;MC1201-Administración financiera de tecnología de información.txt;MC1101-Sistemas Estratégicos Empresariales.txt,0.71,Sistemas Estratégicos Empresariales,MC1101,
llama3.1-8b-4bit,open_ended,¿Qué fuerzas competitivas influyen en la dinámica de una industria según Michael Porter?,"En el curso Sistemas Estratégicos Empresariales de la Maestría en Gerencia de Tecnologías de la Información, ¿Qué fuerzas competitivas influyen en la dinámica de una industria según Michael Porter?

Da una respuesta completa y explicativa.","La amenaza de nuevos entrantes, el poder de compradores y proveedores, los sustitutos y la rivalidad entre competidores.","No tengo suficiente información para responder a esta pregunta. La información proporcionada es sobre los cursos de Maestría en Gerencia de Tecnologías de la Información, pero no hay información específica sobre el curso de Sistemas Estratégicos Empresariales y las fuerzas competitivas de Michael Porter.",MC1101-Sistemas Estratégicos Empresariales.txt;MC1101-Sistemas Estratégicos Empresariales.txt;MC1103-Gerencia de tecnología de información.txt;MC2301-Planificación estratégica de tecnología de información.txt;MC1103-Gerencia de tecnología de información.txt,1.43,Sistemas Estratégicos Empresariales,MC1101,
llama3.1-8b-4bit,open_ended,¿Qué papel desempeña la investigación en la metodología de enseñanza de este curso?,"En el curso Sistemas Estratégicos Empresariales de la Maestría en Gerencia de Tecnologías de la Información, ¿Qué papel desempeña la investigación en la metodología de enseñanza de este curso?

Da una respuesta completa y explicativa.",Permite al estudiante profundizar en fundamentos y tendencias mediante la creación de un estado del arte de sistemas empresariales.,No tengo suficiente información para responder a la pregunta.,MC1103-Gerencia de tecnología de información.txt;MC2301-Planificación estratégica de tecnología de información.txt;MC1103-Gerencia de tecnología de información.txt;MC1101-Sistemas Estratégicos Empresariales.txt;MC1101-Sistemas Estratégicos Empresariales.txt,0.54,Sistemas Estratégicos Empresariales,MC1101,
llama3.1-8b-4bit,open_ended,¿Cómo se vincula el conocimiento teórico con la práctica real en este programa?,"En el curso Sistemas Estratégicos Empresariales de la Maestría en Gerencia de Tecnologías de la Información, ¿Cómo se vincula el conocimiento teórico con la práctica real en este programa?

Da una respuesta completa y explicativa.",A través de una investigación aplicada donde el estudiante enfrenta un problema real de una empresa utilizando los conocimientos adquiridos.,No tengo suficiente información para responder a la pregunta.,MC1103-Gerencia de tecnología de información.txt;MC1103-Gerencia de tecnología de información.txt;MC2301-Planificación estratégica de tecnología de información.txt;MC1101-Sistemas Estratégicos Empresariales.txt;MC2301-Planificación estratégica de tecnología de información.txt,0.59,Sistemas Estratégicos Empresariales,MC1101,
llama3.1-8b-4bit,open_ended,¿Qué modelos complementarios a las fuerzas de Porter se analizan para el uso estratégico de TI?,"En el curso Sistemas Estratégicos Empresariales de la Maestría en Gerencia de Tecnologías de la Información, ¿Qué modelos complementarios a las fuerzas de Porter se analizan para el uso estratégico de TI?

Da una respuesta completa y explicativa.",El modelo basado en recursos (Resource Based View) y la competencia por capacidades.,"En el curso Sistemas Estratégicos Empresariales de la Maestría en Gerencia de Tecnologías de la Información, se analizan modelos complementarios a las fuerzas de Porter para el uso estratégico de TI, específicamente el Resource Based View y Competencia por Capacidades.

El Resource Based View (RBV) es un enfoque que enfatiza la importancia de los recursos y capacidades únicos de una empresa para generar ventajas competitivas. Este enfoque se centra en la idea de que las empresas deben desarrollar y aprovechar recursos y capacidades únicos para diferenciarse de la competencia y obtener una ventaja competitiva.

Por otro lado, la Competencia por Capacidades es un enfoque que enfatiza la importancia de desarrollar capacidades y competencias para competir en el mercado. Este enfoque se centra en la idea de que las empresas deben desarrollar capacidades y competencias para satisfacer las necesidades de los clientes y obtener una ventaja competitiva.

Ambos enfoques se complementan con las fuerzas de Porter, proporcionando una visión más completa de la competencia y la estrategia empresarial. Al analizar estos enfoques, los estudiantes pueden desarrollar una comprensión más profunda de cómo las empresas pueden utilizar las tecnologías de la información para obtener una ventaja competitiva y alcanzar sus objetivos.",MC1103-Gerencia de tecnología de información.txt;MC2301-Planificación estratégica de tecnología de información.txt;MC1101-Sistemas Estratégicos Empresariales.txt;MC2301-Planificación estratégica de tecnología de información.txt;MC1101-Sistemas Estratégicos Empresariales.txt,5.19,Sistemas Estratégicos Empresariales,MC1101,
llama3.1-8b-4bit,open_ended,¿Qué elementos componen el enfoque integrado del proceso de gestión de TI?,"En el curso Gerencia de Tecnología de Información de la Maestría en Gerencia de Tecnologías de la Información, ¿Qué elementos componen el enfoque integrado del proceso de gestión de TI?

Da una respuesta completa y explicativa.","La combinación de cuatro factores clave: personas, procesos, herramientas y proveedores.",No tengo suficiente información en el contexto proporcionado para responder a la pregunta.,MC1103-Gerencia de tecnología de información.txt;MC1103-Gerencia de tecnología de información.txt;MC1201-Administración financiera de tecnología de información.txt;MC2301-Planificación estratégica de tecnología de información.txt;MC1203-Administración y estrategia de proyectos I.txt,0.7,Gerencia de Tecnología de Información,MC1103,
llama3.1-8b-4bit,open_ended,¿Cuáles son los equilibrios críticos que un líder de TI debe buscar permanentemente?,"En el curso Gerencia de Tecnología de Información de la Maestría en Gerencia de Tecnologías de la Información, ¿Cuáles son los equilibrios críticos que un líder de TI debe buscar permanentemente?

Da una respuesta completa y explicativa.","El balance entre innovación y gestión de riesgos, y entre ser agente de cambio y mantener la operación impecable.",No tengo suficiente información para responder a la pregunta.,MC1103-Gerencia de tecnología de información.txt;MC2301-Planificación estratégica de tecnología de información.txt;MC1101-Sistemas Estratégicos Empresariales.txt;MC1103-Gerencia de tecnología de información.txt;MC1006-Políticas y Gobernanza en Ciberseguridad.txt,0.58,Gerencia de Tecnología de Información,MC1103,
llama3.1-8b-4bit,open_ended,¿Qué diferencia establece el curso entre administración y gobernanza de TI?,"En el curso Gerencia de Tecnología de Información de la Maestría en Gerencia de Tecnologías de la Información, ¿Qué diferencia establece el curso entre administración y gobernanza de TI?

Da una respuesta completa y explicativa.","Se analizan como conceptos distintos, estudiando la gobernanza a través de arquetipos y mecanismos de la matriz de Weill.",No tengo suficiente información en el contexto proporcionado para responder a la pregunta.,MC1103-Gerencia de tecnología de información.txt;MC1103-Gerencia de tecnología de información.txt;MC1006-Políticas y Gobernanza en Ciberseguridad.txt;MC1201-Administración financiera de tecnología de información.txt;MC1203-Administración y estrategia de proyectos I.txt,0.71,Gerencia de Tecnología de Información,MC1103,
llama3.1-8b-4bit,open_ended,¿Qué modelos de tercerización de servicios se introducen en el contenido?,"En el curso Gerencia de Tecnología de Información de la Maestría en Gerencia de Tecnologías de la Información, ¿Qué modelos de tercerización de servicios se introducen en el contenido?

Da una respuesta completa y explicativa.","SaaS, IaaS y PaaS, junto con los factores críticos de éxito para su gestión.",No tengo suficiente información en el contexto proporcionado para responder a la pregunta.,MC1103-Gerencia de tecnología de información.txt;MC2301-Planificación estratégica de tecnología de información.txt;MC1103-Gerencia de tecnología de información.txt;MC1006-Políticas y Gobernanza en Ciberseguridad.txt;MC1101-Sistemas Estratégicos Empresariales.txt,0.67,Gerencia de Tecnología de Información,MC1103,
llama3.1-8b-4bit,open_ended,¿Cómo se utiliza la metodología de casos para fomentar el aprendizaje socio-constructivista?,"En el curso Gerencia de Tecnología de Información de la Maestría en Gerencia de Tecnologías de la Información, ¿Cómo se utiliza la metodología de casos para fomentar el aprendizaje socio-constructivista?

Da una respuesta completa y explicativa.","Mediante estudio individual, análisis grupal y sesiones plenarias de discusión sobre casos comprensivos.",No tengo suficiente información para responder a la pregunta.,MC1103-Gerencia de tecnología de información.txt;MC3010-Cibercrimen.txt;MC2301-Planificación estratégica de tecnología de información.txt;MC6102-Análisis de Algoritmos.txt;MC6102-Análisis de Algoritmos.txt,0.54,Gerencia de Tecnología de Información,MC1103,
llama3.1-8b-4bit,open_ended,¿Qué herramientas pedagógicas deben elaborar los estudiantes para demostrar la asimilación semanal de la teoría?,"En el curso Gerencia de Tecnología de Información de la Maestría en Gerencia de Tecnologías de la Información, ¿Qué herramientas pedagógicas deben elaborar los estudiantes para demostrar la asimilación semanal de la teoría?

Da una respuesta completa y explicativa.","Mapas mentales, conceptuales, infografías o cuadros sinópticos basados en la bibliografía.",No tengo suficiente información para responder a la pregunta.,MC1103-Gerencia de tecnología de información.txt;MC6102-Análisis de Algoritmos.txt;MC7201-Introducción a la Investigación.txt;MC2301-Planificación estratégica de tecnología de información.txt;MC7201-Introducción a la Investigación.txt,0.55,Gerencia de Tecnología de Información,MC1103,
llama3.1-8b-4bit,open_ended,¿Qué abarca la gestión de recursos financieros invertidos en TI?,"En el curso Administración Financiera de TI de la Maestría en Gerencia de Tecnologías de la Información, ¿Qué abarca la gestión de recursos financieros invertidos en TI?

Da una respuesta completa y explicativa.","La planificación, operación, control, evaluación y toma de decisiones fundamentadas en información financiera.",No tengo suficiente información para responder a la pregunta.,MC1201-Administración financiera de tecnología de información.txt;MC1103-Gerencia de tecnología de información.txt;MC1103-Gerencia de tecnología de información.txt;MC1201-Administración financiera de tecnología de información.txt;MC2301-Planificación estratégica de tecnología de información.txt,0.63,Administración Financiera de TI,MC1201,
llama3.1-8b-4bit,open_ended,¿Cuál es el objetivo final de aplicar finanzas a los proyectos y servicios de TI?,"En el curso Administración Financiera de TI de la Maestría en Gerencia de Tecnologías de la Información, ¿Cuál es el objetivo final de aplicar finanzas a los proyectos y servicios de TI?

Da una respuesta completa y explicativa.",Optimizar los recursos asignados y gestionar los riesgos inherentes a las inversiones tecnológicas.,No tengo suficiente información en el contexto proporcionado para responder a la pregunta.,MC1201-Administración financiera de tecnología de información.txt;MC1103-Gerencia de tecnología de información.txt;MC2301-Planificación estratégica de tecnología de información.txt;MC1203-Administración y estrategia de proyectos I.txt;MC1101-Sistemas Estratégicos Empresariales.txt,0.71,Administración Financiera de TI,MC1201,
llama3.1-8b-4bit,open_ended,¿Qué áreas de la contabilidad se estudian para respaldar la operación técnica?,"En el curso Administración Financiera de TI de la Maestría en Gerencia de Tecnologías de la Información, ¿Qué áreas de la contabilidad se estudian para respaldar la operación técnica?

Da una respuesta completa y explicativa.","Contabilidad financiera (activos, pasivos, capital), análisis financiero (razones financieras) y contabilidad de costos.",No tengo suficiente información para responder a la pregunta.,MC1201-Administración financiera de tecnología de información.txt;MC1103-Gerencia de tecnología de información.txt;MC2301-Planificación estratégica de tecnología de información.txt;MC1103-Gerencia de tecnología de información.txt;MC1101-Sistemas Estratégicos Empresariales.txt,0.59,Administración Financiera de TI,MC1201,
llama3.1-8b-4bit,open_ended,¿Cómo se integra el presupuesto en la administración de la función de información?,"En el curso Administración Financiera de TI de la Maestría en Gerencia de Tecnologías de la Información, ¿Cómo se integra el presupuesto en la administración de la función de información?

Da una respuesta completa y explicativa.",Mediante el estudio de metodologías de elaboración presupuestaria específicas para la operación de TI.,No tengo suficiente información para responder a la pregunta.,MC1201-Administración financiera de tecnología de información.txt;MC1103-Gerencia de tecnología de información.txt;MC2301-Planificación estratégica de tecnología de información.txt;MC1201-Administración financiera de tecnología de información.txt;MC1203-Administración y estrategia de proyectos I.txt,0.56,Administración Financiera de TI,MC1201,
llama3.1-8b-4bit,open_ended,¿Qué estándares internacionales se referencian para la gestión de costos?,"En el curso Administración Financiera de TI de la Maestría en Gerencia de Tecnologías de la Información, ¿Qué estándares internacionales se referencian para la gestión de costos?

Da una respuesta completa y explicativa.",El dominio APO06 de COBIT 5.0 y los procesos de estrategia de servicios de ITIL 2011.,No tengo suficiente información para responder a la pregunta.,MC1201-Administración financiera de tecnología de información.txt;MC1201-Administración financiera de tecnología de información.txt;MC1103-Gerencia de tecnología de información.txt;MC1103-Gerencia de tecnología de información.txt;MC1006-Políticas y Gobernanza en Ciberseguridad.txt,0.57,Administración Financiera de TI,MC1201,
llama3.1-8b-4bit,open_ended,¿En qué tipo de actividades se concentra la evaluación del curso?,"En el curso Administración Financiera de TI de la Maestría en Gerencia de Tecnologías de la Información, ¿En qué tipo de actividades se concentra la evaluación del curso?

Da una respuesta completa y explicativa.","En exámenes parciales, investigación bibliográfica, comprobaciones de lectura y trabajo en clase.","La evaluación del curso Administración Financiera de TI de la Maestría en Gerencia de Tecnologías de la Información se concentra en actividades específicas como las mencionadas en la metodología de enseñanza y aprendizaje, como ejemplo de lo anterior se propone la evaluación siguiente: Examen parcial 1 25% Examen parcial 2 25% Investigación bibliográfica 20% Comprobación de lectura 15% Trabajo en clase 15% Total: 100%

Estas actividades incluyen exámenes parciales, investigación bibliográfica, comprobación de lectura y trabajo en clase, lo que indica que la evaluación del curso se enfoca en la evaluación de la comprensión y aplicación de los conceptos teóricos, así como la capacidad de realizar investigaciones y análisis financieros.",MC2301-Planificación estratégica de tecnología de información.txt;MC1103-Gerencia de tecnología de información.txt;MC1003-Seguridad y Criptografía.txt;MC1201-Administración financiera de tecnología de información.txt;MC1101-Sistemas Estratégicos Empresariales.txt,3.35,Administración Financiera de TI,MC1201,
llama3.1-8b-4bit,open_ended,¿Por qué la gestión de proyectos es una competencia indispensable para un gerente de TI?,"En el curso Administración y Estrategia de Proyectos I de la Maestría en Gerencia de Tecnologías de la Información, ¿Por qué la gestión de proyectos es una competencia indispensable para un gerente de TI?

Da una respuesta completa y explicativa.",Porque las transformaciones modernas de las organizaciones se ejecutan a través de proyectos tecnológicos exitosos.,No tengo suficiente información para responder a la pregunta.,MC1203-Administración y estrategia de proyectos I.txt;MC1103-Gerencia de tecnología de información.txt;MC2301-Planificación estratégica de tecnología de información.txt;MC1103-Gerencia de tecnología de información.txt;MC1203-Administración y estrategia de proyectos I.txt,0.55,Administración y Estrategia de Proyectos I,MC1203,
llama3.1-8b-4bit,open_ended,¿Qué componentes estratégicos se analizan en las fases iniciales de un proyecto?,"En el curso Administración y Estrategia de Proyectos I de la Maestría en Gerencia de Tecnologías de la Información, ¿Qué componentes estratégicos se analizan en las fases iniciales de un proyecto?

Da una respuesta completa y explicativa.","El análisis de factibilidad, las condiciones de inicio y la planificación de alcance, calidad y costos.",No tengo suficiente información para responder a la pregunta.,MC1203-Administración y estrategia de proyectos I.txt;MC1103-Gerencia de tecnología de información.txt;MC2301-Planificación estratégica de tecnología de información.txt;MC1203-Administración y estrategia de proyectos I.txt;MC2301-Planificación estratégica de tecnología de información.txt,0.5,Administración y Estrategia de Proyectos I,MC1203,
llama3.1-8b-4bit,open_ended,¿Cómo ha evolucionado la orientación de la gestión de proyectos según el curso?,"En el curso Administración y Estrategia de Proyectos I de la Maestría en Gerencia de Tecnologías de la Información, ¿Cómo ha evolucionado la orientación de la gestión de proyectos según el curso?

Da una respuesta completa y explicativa.",Ha pasado de una orientación basada exclusivamente en planes hacia una orientación ágil.,No tengo suficiente información para responder a la pregunta.,MC1203-Administración y estrategia de proyectos I.txt;MC2301-Planificación estratégica de tecnología de información.txt;MC1203-Administración y estrategia de proyectos I.txt;MC1103-Gerencia de tecnología de información.txt;MC2301-Planificación estratégica de tecnología de información.txt,0.5,Administración y Estrategia de Proyectos I,MC1203,
llama3.1-8b-4bit,open_ended,¿Qué papel desempeña la Oficina de Proyectos (PMO) en las organizaciones modernas?,"En el curso Administración y Estrategia de Proyectos I de la Maestría en Gerencia de Tecnologías de la Información, ¿Qué papel desempeña la Oficina de Proyectos (PMO) en las organizaciones modernas?

Da una respuesta completa y explicativa.",Actúa como soporte estratégico para la gestión de portafolios y programas bajo modelos como OPM3.,No tengo suficiente información en el contexto proporcionado para responder a la pregunta.,MC1203-Administración y estrategia de proyectos I.txt;MC1203-Administración y estrategia de proyectos I.txt;MC2301-Planificación estratégica de tecnología de información.txt;MC1103-Gerencia de tecnología de información.txt;MC1103-Gerencia de tecnología de información.txt,0.63,Administración y Estrategia de Proyectos I,MC1203,
llama3.1-8b-4bit,open_ended,¿En qué consiste el proceso de formulación de un caso de negocio efectivo?,"En el curso Administración y Estrategia de Proyectos I de la Maestría en Gerencia de Tecnologías de la Información, ¿En qué consiste el proceso de formulación de un caso de negocio efectivo?

Da una respuesta completa y explicativa.",En el desarrollo de herramientas y dimensiones de decisión para presentar resultados sólidos de una idea de proyecto.,No tengo suficiente información para responder a la pregunta.,MC1203-Administración y estrategia de proyectos I.txt;MC2301-Planificación estratégica de tecnología de información.txt;MC1103-Gerencia de tecnología de información.txt;MC1101-Sistemas Estratégicos Empresariales.txt;MC1203-Administración y estrategia de proyectos I.txt,0.51,Administración y Estrategia de Proyectos I,MC1203,
llama3.1-8b-4bit,open_ended,¿Qué dilemas se presentan comúnmente en la gestión de la calidad de proyectos de TI?,"En el curso Administración y Estrategia de Proyectos I de la Maestría en Gerencia de Tecnologías de la Información, ¿Qué dilemas se presentan comúnmente en la gestión de la calidad de proyectos de TI?

Da una respuesta completa y explicativa.",La aplicación del concepto de deuda técnica y el equilibrio entre procesos de gestión e ingeniería.,No tengo suficiente información para responder a la pregunta.,MC1203-Administración y estrategia de proyectos I.txt;MC1103-Gerencia de tecnología de información.txt;MC1203-Administración y estrategia de proyectos I.txt;MC2301-Planificación estratégica de tecnología de información.txt;MC2301-Planificación estratégica de tecnología de información.txt,0.51,Administración y Estrategia de Proyectos I,MC1203,
llama3.1-8b-4bit,open_ended,¿Qué elementos integran el marco filosófico de un negocio necesario para la planificación?,"En el curso Planificación Estratégica de TI de la Maestría en Gerencia de Tecnologías de la Información, ¿Qué elementos integran el marco filosófico de un negocio necesario para la planificación?

Da una respuesta completa y explicativa.","Análisis FODA, misión, visión, valores, objetivos, estrategias, políticas y metas.",No tengo suficiente información en el contexto proporcionado para responder a la pregunta.,MC2301-Planificación estratégica de tecnología de información.txt;MC1103-Gerencia de tecnología de información.txt;MC1203-Administración y estrategia de proyectos I.txt;MC2301-Planificación estratégica de tecnología de información.txt;MC1101-Sistemas Estratégicos Empresariales.txt,0.65,Planificación Estratégica de TI,MC2301,
llama3.1-8b-4bit,open_ended,¿Qué factores se consideran para derivar el plan de información desde el modelo de negocio?,"En el curso Planificación Estratégica de TI de la Maestría en Gerencia de Tecnologías de la Información, ¿Qué factores se consideran para derivar el plan de información desde el modelo de negocio?

Da una respuesta completa y explicativa.","Tendencias tecnológicas, procesos de negocio, arquitectura de aplicaciones y proyección de inversión.",No tengo suficiente información para responder a la pregunta.,MC2301-Planificación estratégica de tecnología de información.txt;MC1103-Gerencia de tecnología de información.txt;MC2301-Planificación estratégica de tecnología de información.txt;MC1101-Sistemas Estratégicos Empresariales.txt;MC1203-Administración y estrategia de proyectos I.txt,0.57,Planificación Estratégica de TI,MC2301,
llama3.1-8b-4bit,open_ended,¿Qué capacidad específica adquiere el estudiante al finalizar este programa?,"En el curso Planificación Estratégica de TI de la Maestría en Gerencia de Tecnologías de la Información, ¿Qué capacidad específica adquiere el estudiante al finalizar este programa?

Da una respuesta completa y explicativa.",La capacidad de desarrollar un plan estratégico de TI basado en lineamientos del negocio y mecanismos de priorización.,"Desarrollar un plan estratégico de TI a partir de las bases técnicas derivadas de los lineamientos estratégicos del negocio, las tendencias de tecnología de Información, el modelo organizacional, los factores críticos de éxito, los procesos de negocio, mecanismos de priorización y la definición de un presupuesto.",MC2301-Planificación estratégica de tecnología de información.txt;MC1103-Gerencia de tecnología de información.txt;MC2301-Planificación estratégica de tecnología de información.txt;MC1103-Gerencia de tecnología de información.txt;MC1203-Administración y estrategia de proyectos I.txt,1.64,Planificación Estratégica de TI,MC2301,
llama3.1-8b-4bit,open_ended,¿Cómo se define el liderazgo y la administración desde la perspectiva del CIO?,"En el curso Planificación Estratégica de TI de la Maestría en Gerencia de Tecnologías de la Información, ¿Cómo se define el liderazgo y la administración desde la perspectiva del CIO?

Da una respuesta completa y explicativa.",Se analiza como la gestión de expectativas para lograr una empresa habilitada por TI bajo un gobierno sólido.,"Lo siento, pero no tengo suficiente información en el contexto proporcionado para responder a la pregunta sobre cómo se define el liderazgo y la administración desde la perspectiva del CIO en el curso Planificación Estratégica de TI de la Maestría en Gerencia de Tecnologías de la Información.",MC2301-Planificación estratégica de tecnología de información.txt;MC1203-Administración y estrategia de proyectos I.txt;MC1103-Gerencia de tecnología de información.txt;MC1103-Gerencia de tecnología de información.txt;MC1203-Administración y estrategia de proyectos I.txt,1.45,Planificación Estratégica de TI,MC2301,
llama3.1-8b-4bit,open_ended,¿Cómo se aborda el diagnóstico de la situación actual de TI?,"En el curso Planificación Estratégica de TI de la Maestría en Gerencia de Tecnologías de la Información, ¿Cómo se aborda el diagnóstico de la situación actual de TI?

Da una respuesta completa y explicativa.","Mediante el análisis de brecha, tendencias de organización de la función de TI y análisis de la industria.",No tengo suficiente información para responder a la pregunta.,MC2301-Planificación estratégica de tecnología de información.txt;MC2301-Planificación estratégica de tecnología de información.txt;MC1103-Gerencia de tecnología de información.txt;MC1103-Gerencia de tecnología de información.txt;MC1203-Administración y estrategia de proyectos I.txt,0.51,Planificación Estratégica de TI,MC2301,
llama3.1-8b-4bit,open_ended,¿Bajo qué condiciones específicas un estudiante puede reprobar el curso por asistencia?,"En el curso Planificación Estratégica de TI de la Maestría en Gerencia de Tecnologías de la Información, ¿Bajo qué condiciones específicas un estudiante puede reprobar el curso por asistencia?

Da una respuesta completa y explicativa.",Si acumula 4 faltas de asistencia injustificadas durante el semestre.,No tengo suficiente información para responder a la pregunta.,MC1103-Gerencia de tecnología de información.txt;MC2301-Planificación estratégica de tecnología de información.txt;MC1103-Gerencia de tecnología de información.txt;MC2301-Planificación estratégica de tecnología de información.txt;MC1203-Administración y estrategia de proyectos I.txt,0.58,Planificación Estratégica de TI,MC2301,
llama3.1-8b-4bit,open_ended,¿Cuál es el concepto fundamental que modela este curso por encima de la tecnología física?,"En el curso Teoría de Autómatas de la Maestría en Computación, ¿Cuál es el concepto fundamental que modela este curso por encima de la tecnología física?

Da una respuesta completa y explicativa.","El concepto de cómputo, definido a través de mecanismos abstractos independientes de computadoras específicas.",No tengo suficiente información para responder a la pregunta.,MC7201-Introducción a la Investigación.txt;MC6102-Análisis de Algoritmos.txt;MC7201-Introducción a la Investigación.txt;MC6003-Teoría de Autómatas.txt;MC6004-Sistemas Operativos Avanzados.txt,0.68,Teoría de Autómatas,MC6003,
llama3.1-8b-4bit,open_ended,¿Cómo se relaciona la computación teórica con la construcción práctica de compiladores?,"En el curso Teoría de Autómatas de la Maestría en Computación, ¿Cómo se relaciona la computación teórica con la construcción práctica de compiladores?

Da una respuesta completa y explicativa.",Brinda los modelos formales necesarios para el reconocimiento y generación de lenguajes formales usados en compilación.,No tengo suficiente información en el contexto proporcionado para responder a la pregunta.,MC6102-Análisis de Algoritmos.txt;MC6003-Teoría de Autómatas.txt;MC7201-Introducción a la Investigación.txt;MC7201-Introducción a la Investigación.txt;MC6102-Análisis de Algoritmos.txt,0.78,Teoría de Autómatas,MC6003,
llama3.1-8b-4bit,open_ended,¿Qué jerarquía se utiliza para clasificar gramáticas según su estructura de frase?,"En el curso Teoría de Autómatas de la Maestría en Computación, ¿Qué jerarquía se utiliza para clasificar gramáticas según su estructura de frase?

Da una respuesta completa y explicativa.",La jerarquía de Chomsky.,La jerarquía de Chomsky se utiliza para clasificar gramáticas según su estructura de frase en el curso Teoría de Autómatas de la Maestría en Computación.,MC6003-Teoría de Autómatas.txt;MC6102-Análisis de Algoritmos.txt;MC6102-Análisis de Algoritmos.txt;MC6003-Teoría de Autómatas.txt;MC6004-Sistemas Operativos Avanzados.txt,1.2,Teoría de Autómatas,MC6003,
llama3.1-8b-4bit,open_ended,¿Qué herramienta matemática se estudia para demostrar que un lenguaje no es regular?,"En el curso Teoría de Autómatas de la Maestría en Computación, ¿Qué herramienta matemática se estudia para demostrar que un lenguaje no es regular?

Da una respuesta completa y explicativa.",El Pumping Lemma.,"No tengo suficiente información en el contexto proporcionado para responder a la pregunta. La herramienta matemática que se estudia para demostrar que un lenguaje no es regular se conoce como el ""Pumping Lemma"" (Lema de Empalme), pero no hay información en el contexto proporcionado sobre el curso Teoría de Autómatas.",MC6003-Teoría de Autómatas.txt;MC6102-Análisis de Algoritmos.txt;MC6102-Análisis de Algoritmos.txt;MC6003-Teoría de Autómatas.txt;MC7201-Introducción a la Investigación.txt,1.75,Teoría de Autómatas,MC6003,
llama3.1-8b-4bit,open_ended,¿Qué modelos matemáticos se analizan para el reconocimiento de lenguajes formales?,"En el curso Teoría de Autómatas de la Maestría en Computación, ¿Qué modelos matemáticos se analizan para el reconocimiento de lenguajes formales?

Da una respuesta completa y explicativa.",Desde los autómatas de estados finitos hasta las máquinas de Turing.,"No tengo suficiente información para responder a la pregunta. El contexto proporcionado solo menciona que el curso Teoría de Autómatas estudia los modelos clásicos de computación abstracta, pero no especifica qué modelos matemáticos se analizan para el reconocimiento de lenguajes formales.",MC6003-Teoría de Autómatas.txt;MC6102-Análisis de Algoritmos.txt;MC7201-Introducción a la Investigación.txt;MC6102-Análisis de Algoritmos.txt;MC6003-Teoría de Autómatas.txt,1.58,Teoría de Autómatas,MC6003,
llama3.1-8b-4bit,open_ended,¿Qué formación matemática previa se asume en los estudiantes de este curso de postgrado?,"En el curso Teoría de Autómatas de la Maestría en Computación, ¿Qué formación matemática previa se asume en los estudiantes de este curso de postgrado?

Da una respuesta completa y explicativa.",Conocimientos sólidos de matemática discreta adquiridos durante el bachillerato.,No tengo suficiente información para responder a la pregunta.,MC7201-Introducción a la Investigación.txt;MC6003-Teoría de Autómatas.txt;MC6102-Análisis de Algoritmos.txt;MC7201-Introducción a la Investigación.txt;MC6104-Diseño de Experimentos.txt,0.68,Teoría de Autómatas,MC6003,
llama3.1-8b-4bit,open_ended,¿Qué tipo de material se revisa para estudiar las tendencias actuales de investigación?,"En el curso Sistemas Operativos Avanzados de la Maestría en Computación, ¿Qué tipo de material se revisa para estudiar las tendencias actuales de investigación?

Da una respuesta completa y explicativa.",Diferentes papers y artículos científicos seleccionados por el profesor en lugar de un libro de texto único.,No tengo suficiente información para responder a la pregunta.,MC2301-Planificación estratégica de tecnología de información.txt;MC7201-Introducción a la Investigación.txt;MC1103-Gerencia de tecnología de información.txt;MC6004-Sistemas Operativos Avanzados.txt;MC6102-Análisis de Algoritmos.txt,0.56,Sistemas Operativos Avanzados,MC6004,
llama3.1-8b-4bit,open_ended,¿Qué requisitos de calidad deben cumplir los apuntes oficiales realizados por los estudiantes?,"En el curso Sistemas Operativos Avanzados de la Maestría en Computación, ¿Qué requisitos de calidad deben cumplir los apuntes oficiales realizados por los estudiantes?

Da una respuesta completa y explicativa.","Deben ser reportes detallados con imágenes, gráficos y datos adicionales, evitando ser simples resúmenes ejecutivos.",No tengo suficiente información para responder a la pregunta.,MC6004-Sistemas Operativos Avanzados.txt;MC1003-Seguridad y Criptografía.txt;MC1103-Gerencia de tecnología de información.txt;MC6102-Análisis de Algoritmos.txt;MC2301-Planificación estratégica de tecnología de información.txt,0.54,Sistemas Operativos Avanzados,MC6004,
llama3.1-8b-4bit,open_ended,¿Qué cinco preguntas clave deben responderse al entregar los resúmenes de los artículos científicos?,"En el curso Sistemas Operativos Avanzados de la Maestría en Computación, ¿Qué cinco preguntas clave deben responderse al entregar los resúmenes de los artículos científicos?

Da una respuesta completa y explicativa.","Problema planteado, importancia, soluciones previas, propuesta de los autores y éxito de la misma.",No tengo suficiente información en el contexto proporcionado para responder a la pregunta.,MC7201-Introducción a la Investigación.txt;MC6102-Análisis de Algoritmos.txt;MC6104-Diseño de Experimentos.txt;MC6004-Sistemas Operativos Avanzados.txt;MC7201-Introducción a la Investigación.txt,0.62,Sistemas Operativos Avanzados,MC6004,
llama3.1-8b-4bit,open_ended,¿Cómo se evalúa la capacidad de comunicación científica de los estudiantes?,"En el curso Sistemas Operativos Avanzados de la Maestría en Computación, ¿Cómo se evalúa la capacidad de comunicación científica de los estudiantes?

Da una respuesta completa y explicativa.",Mediante una presentación oral obligatoria que sigue el formato de una conferencia científica.,No tengo suficiente información para responder a la pregunta.,MC7201-Introducción a la Investigación.txt;MC6102-Análisis de Algoritmos.txt;MC7201-Introducción a la Investigación.txt;MC1103-Gerencia de tecnología de información.txt;MC6004-Sistemas Operativos Avanzados.txt,0.63,Sistemas Operativos Avanzados,MC6004,
llama3.1-8b-4bit,open_ended,¿Qué experiencia técnica previa es indispensable para el éxito en los proyectos programados?,"En el curso Sistemas Operativos Avanzados de la Maestría en Computación, ¿Qué experiencia técnica previa es indispensable para el éxito en los proyectos programados?

Da una respuesta completa y explicativa.","Programación en C, lenguaje ensamblador y dominio de ambientes UNIX o Linux.",No tengo suficiente información para responder a esta pregunta.,MC2301-Planificación estratégica de tecnología de información.txt;MC6004-Sistemas Operativos Avanzados.txt;MC1103-Gerencia de tecnología de información.txt;MC6102-Análisis de Algoritmos.txt;MC7201-Introducción a la Investigación.txt,0.59,Sistemas Operativos Avanzados,MC6004,
llama3.1-8b-4bit,open_ended,¿Qué temas de computación moderna se incluyen en los contenidos técnicos?,"En el curso Sistemas Operativos Avanzados de la Maestría en Computación, ¿Qué temas de computación moderna se incluyen en los contenidos técnicos?

Da una respuesta completa y explicativa.","Cloud Computing, High Performance Computing, dispositivos móviles y sistemas de tiempo real.",No tengo suficiente información para responder a la pregunta.,MC6004-Sistemas Operativos Avanzados.txt;MC7201-Introducción a la Investigación.txt;MC6102-Análisis de Algoritmos.txt;MC7201-Introducción a la Investigación.txt;MC6104-Diseño de Experimentos.txt,0.67,Sistemas Operativos Avanzados,MC6004,
llama3.1-8b-4bit,open_ended,¿Por qué el diseño de algoritmos se considera la actividad fundamental de la computación?,"En el curso Análisis de Algoritmos de la Maestría en Computación, ¿Por qué el diseño de algoritmos se considera la actividad fundamental de la computación?

Da una respuesta completa y explicativa.","Porque toda computación es, por definición, el resultado de la ejecución de un algoritmo.","La respuesta es que la computación es el resultado de la ejecución de un algoritmo. Por lo tanto, es natural que en todas las áreas de las Ciencias de la Computación, investigadores y practicantes inviertan un alto porcentaje de su tiempo diseñando algoritmos para resolver problemas concretos. Un algoritmo debe ser efectivo, es decir, resolver el problema concreto para el cual fue diseñado, y esta efectividad debería ser demostrable, desde el punto de vista matemático.",MC6102-Análisis de Algoritmos.txt;MC6102-Análisis de Algoritmos.txt;MC7201-Introducción a la Investigación.txt;MC7201-Introducción a la Investigación.txt;MC6004-Sistemas Operativos Avanzados.txt,2.34,Análisis de Algoritmos,MC6102,
llama3.1-8b-4bit,open_ended,¿Cuál es la diferencia crítica entre la efectividad y la eficiencia de un algoritmo?,"En el curso Análisis de Algoritmos de la Maestría en Computación, ¿Cuál es la diferencia crítica entre la efectividad y la eficiencia de un algoritmo?

Da una respuesta completa y explicativa.",La efectividad asegura que resuelva el problema; la eficiencia asegura que lo haga usando pocos recursos de tiempo y espacio.,"En el curso Análisis de Algoritmos de la Maestría en Computación, la diferencia crítica entre la efectividad y la eficiencia de un algoritmo se resume en los siguientes puntos:

**Efectividad**: Un algoritmo debe ser efectivo, es decir, resolver el problema concreto para el cual fue diseñado. Esto significa que el algoritmo debe producir la salida correcta para la entrada dada. La efectividad es demostrable desde el punto de vista matemático.

**Eficiencia**: Un algoritmo también debe ser eficiente, lo que se define como la utilización de ""pocos"" recursos de almacenamiento o ""poco"" tiempo con respecto a otros algoritmos efectivos para el mismo problema. La eficiencia es crucial en la computación, ya que los volúmenes de datos que se manejan son grandes y los recursos de almacenamiento y tiempo son limitados.

En resumen, la efectividad es la capacidad de un algoritmo para resolver el problema correcto, mientras que la eficiencia es la capacidad de un algoritmo para resolver el problema en un tiempo y espacio razonables. Ambas características son fundamentales en el diseño y análisis de algoritmos.",MC6102-Análisis de Algoritmos.txt;MC6102-Análisis de Algoritmos.txt;MC7201-Introducción a la Investigación.txt;MC6004-Sistemas Operativos Avanzados.txt;MC6003-Teoría de Autómatas.txt,4.83,Análisis de Algoritmos,MC6102,
llama3.1-8b-4bit,open_ended,¿Qué tres componentes son necesarios para lograr algoritmos eficientes?,"En el curso Análisis de Algoritmos de la Maestría en Computación, ¿Qué tres componentes son necesarios para lograr algoritmos eficientes?

Da una respuesta completa y explicativa.","Técnicas de diseño, técnicas de análisis y la creatividad intuitiva.",No tengo suficiente información para responder a la pregunta.,MC6102-Análisis de Algoritmos.txt;MC6102-Análisis de Algoritmos.txt;MC6004-Sistemas Operativos Avanzados.txt;MC1003-Seguridad y Criptografía.txt;MC7201-Introducción a la Investigación.txt,0.61,Análisis de Algoritmos,MC6102,
llama3.1-8b-4bit,open_ended,"¿Qué herramientas se utilizan para analizar la complejidad de ""peor caso""?","En el curso Análisis de Algoritmos de la Maestría en Computación, ¿Qué herramientas se utilizan para analizar la complejidad de ""peor caso""?

Da una respuesta completa y explicativa.","Funciones recurrentes, notación asintótica (""O grande"") y pruebas por inducción.","Según el contexto proporcionado, en el curso Análisis de Algoritmos de la Maestría en Computación, el estudiante será capaz de analizar la complejidad de ""peor caso"" de algoritmos utilizando herramientas tales como funciones recurrentes, notación ""o grande"" e inducción.

Esto significa que el estudiante aprenderá a utilizar estas herramientas para analizar la complejidad de los algoritmos y determinar su eficiencia en términos de tiempo de ejecución.",MC6102-Análisis de Algoritmos.txt;MC6102-Análisis de Algoritmos.txt;MC1103-Gerencia de tecnología de información.txt;MC6004-Sistemas Operativos Avanzados.txt;MC7201-Introducción a la Investigación.txt,2.31,Análisis de Algoritmos,MC6102,
llama3.1-8b-4bit,open_ended,¿Qué tipos de algoritmos se estudian dentro de la categoría probabilista?,"En el curso Análisis de Algoritmos de la Maestría en Computación, ¿Qué tipos de algoritmos se estudian dentro de la categoría probabilista?

Da una respuesta completa y explicativa.","Algoritmos numéricos, de Monte Carlo y de Las Vegas.",No tengo suficiente información para responder a la pregunta.,MC6102-Análisis de Algoritmos.txt;MC6102-Análisis de Algoritmos.txt;MC7201-Introducción a la Investigación.txt;MC6004-Sistemas Operativos Avanzados.txt;MC6104-Diseño de Experimentos.txt,0.7,Análisis de Algoritmos,MC6102,
llama3.1-8b-4bit,open_ended,¿Cómo se clasifican los problemas según su complejidad en este programa?,"En el curso Análisis de Algoritmos de la Maestría en Computación, ¿Cómo se clasifican los problemas según su complejidad en este programa?

Da una respuesta completa y explicativa.","En las clases P, NP, NP-completos y NP-difíciles.","No tengo suficiente información para responder a esta pregunta. El contexto proporcionado solo menciona que el estudiante podrá entender el análisis de caso promedio y de tiempo amortizado de algunos algoritmos clásicos, pero no proporciona información sobre cómo se clasifican los problemas según su complejidad en este programa.",MC6102-Análisis de Algoritmos.txt;MC6102-Análisis de Algoritmos.txt;MC6004-Sistemas Operativos Avanzados.txt;MC6104-Diseño de Experimentos.txt;MC7201-Introducción a la Investigación.txt,1.63,Análisis de Algoritmos,MC6102,
llama3.1-8b-4bit,open_ended,"¿Por qué la Ciencia de la Computación ha sido considerada históricamente ""débil"" en sus procedimientos?","En el curso Diseño de Experimentos de la Maestría en Computación, ¿Por qué la Ciencia de la Computación ha sido considerada históricamente ""débil"" en sus procedimientos?

Da una respuesta completa y explicativa.",Debido a la falta de uso sistemático de técnicas experimentales clásicas para validar o refutar hipótesis.,No tengo suficiente información para responder a la pregunta.,MC6102-Análisis de Algoritmos.txt;MC7201-Introducción a la Investigación.txt;MC7201-Introducción a la Investigación.txt;MC6104-Diseño de Experimentos.txt;MC6004-Sistemas Operativos Avanzados.txt,0.67,Diseño de Experimentos,MC6104,
llama3.1-8b-4bit,open_ended,¿Qué utilidad tiene el Diseño de Experimentos (DoE) en la industria del software?,"En el curso Diseño de Experimentos de la Maestría en Computación, ¿Qué utilidad tiene el Diseño de Experimentos (DoE) en la industria del software?

Da una respuesta completa y explicativa.",Permite ejercer controles de calidad rigurosos durante el desarrollo de productos de software.,No tengo suficiente información en el contexto proporcionado para responder a la pregunta.,MC6102-Análisis de Algoritmos.txt;MC1103-Gerencia de tecnología de información.txt;MC7201-Introducción a la Investigación.txt;MC7201-Introducción a la Investigación.txt;MC6102-Análisis de Algoritmos.txt,0.77,Diseño de Experimentos,MC6104,
llama3.1-8b-4bit,open_ended,¿Qué capacidades adquiere el estudiante para manejar datos experimentales?,"En el curso Diseño de Experimentos de la Maestría en Computación, ¿Qué capacidades adquiere el estudiante para manejar datos experimentales?

Da una respuesta completa y explicativa.",El uso de software estadístico para analizar resultados con niveles de confianza y certeza científica.,"No tengo suficiente información para responder a la pregunta. El contexto proporcionado es sobre el curso de Análisis de Algoritmos, no sobre el curso de Diseño de Experimentos. No hay información sobre el curso de Diseño de Experimentos en el contexto proporcionado.",MC6102-Análisis de Algoritmos.txt;MC6102-Análisis de Algoritmos.txt;MC1103-Gerencia de tecnología de información.txt;MC1003-Seguridad y Criptografía.txt;MC7201-Introducción a la Investigación.txt,1.36,Diseño de Experimentos,MC6104,
llama3.1-8b-4bit,open_ended,¿Cuál es la estructura metodológica que siguen los proyectos en este curso?,"En el curso Diseño de Experimentos de la Maestría en Computación, ¿Cuál es la estructura metodológica que siguen los proyectos en este curso?

Da una respuesta completa y explicativa.","Realización de experimentos, recolección de datos, análisis de resultados y redacción de reportes técnicos.",No tengo suficiente información para responder a la pregunta.,MC6102-Análisis de Algoritmos.txt;MC7201-Introducción a la Investigación.txt;MC7201-Introducción a la Investigación.txt;MC6104-Diseño de Experimentos.txt;MC6004-Sistemas Operativos Avanzados.txt,0.67,Diseño de Experimentos,MC6104,
llama3.1-8b-4bit,open_ended,¿Qué formación técnica previa es requerida para el uso de herramientas en este curso?,"En el curso Diseño de Experimentos de la Maestría en Computación, ¿Qué formación técnica previa es requerida para el uso de herramientas en este curso?

Da una respuesta completa y explicativa.","Conocimiento de UNIX, programación en C y dominio del entorno estadístico R.",No tengo suficiente información para responder a la pregunta.,MC7201-Introducción a la Investigación.txt;MC6102-Análisis de Algoritmos.txt;MC6104-Diseño de Experimentos.txt;MC6102-Análisis de Algoritmos.txt;MC7201-Introducción a la Investigación.txt,0.61,Diseño de Experimentos,MC6104,
llama3.1-8b-4bit,open_ended,¿Cómo influye este curso en el desarrollo de la tesis de maestría del estudiante?,"En el curso Diseño de Experimentos de la Maestría en Computación, ¿Cómo influye este curso en el desarrollo de la tesis de maestría del estudiante?

Da una respuesta completa y explicativa.",Entrena al estudiante para establecer hipótesis verificables experimentalmente en su propuesta de tesis.,No tengo suficiente información para responder a la pregunta.,MC7201-Introducción a la Investigación.txt;MC6102-Análisis de Algoritmos.txt;MC7201-Introducción a la Investigación.txt;MC6104-Diseño de Experimentos.txt;MC6102-Análisis de Algoritmos.txt,0.61,Diseño de Experimentos,MC6104,
llama3.1-8b-4bit,open_ended,¿Qué criterios separan la ciencia de la pseudociencia según los contenidos del curso?,"En el curso Introducción a la Investigación de la Maestría en Computación, ¿Qué criterios separan la ciencia de la pseudociencia según los contenidos del curso?

Da una respuesta completa y explicativa.","Los conceptos de historia y filosofía de la ciencia, aplicados a través de un exigente escepticismo científico.",No tengo suficiente información en el contexto proporcionado para responder a la pregunta.,MC7201-Introducción a la Investigación.txt;MC7201-Introducción a la Investigación.txt;MC6102-Análisis de Algoritmos.txt;MC1103-Gerencia de tecnología de información.txt;MC6104-Diseño de Experimentos.txt,0.75,Introducción a la Investigación,MC7201,
llama3.1-8b-4bit,open_ended,¿Cuál es el deber esencial de un científico según este programa académico?,"En el curso Introducción a la Investigación de la Maestría en Computación, ¿Cuál es el deber esencial de un científico según este programa académico?

Da una respuesta completa y explicativa.",Generar y comunicar conocimiento nuevo a la comunidad.,"Según el programa académico del curso Introducción a la Investigación de la Maestría en Computación, el deber esencial de un científico es generar y comunicar conocimiento nuevo, obtenido a través de un exigente escepticismo.",MC7201-Introducción a la Investigación.txt;MC7201-Introducción a la Investigación.txt;MC6102-Análisis de Algoritmos.txt;MC1103-Gerencia de tecnología de información.txt;MC6104-Diseño de Experimentos.txt,1.36,Introducción a la Investigación,MC7201,
llama3.1-8b-4bit,open_ended,"¿Qué habilidades de ""infraestructura"" se desarrollan para maximizar el éxito del investigador?","En el curso Introducción a la Investigación de la Maestría en Computación, ¿Qué habilidades de ""infraestructura"" se desarrollan para maximizar el éxito del investigador?

Da una respuesta completa y explicativa.","Cómo dar presentaciones, leer y escribir papers, y administrar efectivamente el tiempo.",No tengo suficiente información para responder a la pregunta.,MC1003-Seguridad y Criptografía.txt;MC6102-Análisis de Algoritmos.txt;MC7201-Introducción a la Investigación.txt;MC7201-Introducción a la Investigación.txt;MC2301-Planificación estratégica de tecnología de información.txt,0.53,Introducción a la Investigación,MC7201,
llama3.1-8b-4bit,open_ended,¿Qué aspectos administrativos se revisan para orientar al estudiante en su posgrado?,"En el curso Introducción a la Investigación de la Maestría en Computación, ¿Qué aspectos administrativos se revisan para orientar al estudiante en su posgrado?

Da una respuesta completa y explicativa.",Los reglamentos y lineamientos del programa de maestría para la presentación de propuestas y tesis.,No tengo suficiente información para responder a la pregunta.,MC1103-Gerencia de tecnología de información.txt;MC7201-Introducción a la Investigación.txt;MC7201-Introducción a la Investigación.txt;MC6102-Análisis de Algoritmos.txt;MC2301-Planificación estratégica de tecnología de información.txt,0.55,Introducción a la Investigación,MC7201,
llama3.1-8b-4bit,open_ended,¿Qué elementos debe contener la propuesta de un artículo científico para ser aprobada?,"En el curso Introducción a la Investigación de la Maestría en Computación, ¿Qué elementos debe contener la propuesta de un artículo científico para ser aprobada?

Da una respuesta completa y explicativa.","Definición del problema, su importancia, soluciones previas, propuesta original y efectos esperados.",No tengo suficiente información para responder a la pregunta.,MC7201-Introducción a la Investigación.txt;MC7201-Introducción a la Investigación.txt;MC6104-Diseño de Experimentos.txt;MC1103-Gerencia de tecnología de información.txt;MC2301-Planificación estratégica de tecnología de información.txt,0.59,Introducción a la Investigación,MC7201,
llama3.1-8b-4bit,open_ended,¿Cuál es la herramienta tecnológica obligatoria para la elaboración de presentaciones?,"En el curso Introducción a la Investigación de la Maestría en Computación, ¿Cuál es la herramienta tecnológica obligatoria para la elaboración de presentaciones?

Da una respuesta completa y explicativa.",Beamer.,La herramienta tecnológica obligatoria para la elaboración de presentaciones en el curso Introducción a la Investigación de la Maestría en Computación es Beamer.,MC7201-Introducción a la Investigación.txt;MC7201-Introducción a la Investigación.txt;MC6102-Análisis de Algoritmos.txt;MC1103-Gerencia de tecnología de información.txt;MC6102-Análisis de Algoritmos.txt,1.03,Introducción a la Investigación,MC7201,
