model_key,category,question,composed_question,expected_answer,predicted_answer,retrieved_sources,generation_time_s,curso,codigo,error
qwen2.5-3b,binary,¿Es la asistencia obligatoria?,"En el curso Análisis de Datos en Ciberseguridad de la Maestría en Ciberseguridad, ¿Es la asistencia obligatoria?

Responde únicamente con 'Sí' o 'No'.",Sí,Sí,MC1006-Políticas y Gobernanza en Ciberseguridad.txt;MC1006-Políticas y Gobernanza en Ciberseguridad.txt;MC1003-Seguridad y Criptografía.txt;MC3001-Seguridad de Software Avanzado.txt;MC1001-Análisis de datos en ciberseguridad.txt,5.76,Análisis de Datos en Ciberseguridad,MC1001,
qwen2.5-3b,binary,¿Tiene el curso requisitos previos?,"En el curso Análisis de Datos en Ciberseguridad de la Maestría en Ciberseguridad, ¿Tiene el curso requisitos previos?

Responde únicamente con 'Sí' o 'No'.",No,No,MC1006-Políticas y Gobernanza en Ciberseguridad.txt;MC3001-Seguridad de Software Avanzado.txt;MC1003-Seguridad y Criptografía.txt;MC1001-Análisis de datos en ciberseguridad.txt;MC3010-Cibercrimen.txt,0.23,Análisis de Datos en Ciberseguridad,MC1001,
qwen2.5-3b,binary,¿Es un curso electivo?,"En el curso Análisis de Datos en Ciberseguridad de la Maestría en Ciberseguridad, ¿Es un curso electivo?

Responde únicamente con 'Sí' o 'No'.",No,Sí,MC1006-Políticas y Gobernanza en Ciberseguridad.txt;MC3010-Cibercrimen.txt;MC1001-Análisis de datos en ciberseguridad.txt;MC1003-Seguridad y Criptografía.txt;MC3001-Seguridad de Software Avanzado.txt,0.25,Análisis de Datos en Ciberseguridad,MC1001,
qwen2.5-3b,binary,¿Existe la posibilidad de ganar el curso por suficiencia?,"En el curso Análisis de Datos en Ciberseguridad de la Maestría en Ciberseguridad, ¿Existe la posibilidad de ganar el curso por suficiencia?

Responde únicamente con 'Sí' o 'No'.",Sí,No,MC1003-Seguridad y Criptografía.txt;MC3010-Cibercrimen.txt;MC1006-Políticas y Gobernanza en Ciberseguridad.txt;MC3001-Seguridad de Software Avanzado.txt;MC1001-Análisis de datos en ciberseguridad.txt,0.23,Análisis de Datos en Ciberseguridad,MC1001,
qwen2.5-3b,binary,¿Es posible el reconocimiento del curso?,"En el curso Análisis de Datos en Ciberseguridad de la Maestría en Ciberseguridad, ¿Es posible el reconocimiento del curso?

Responde únicamente con 'Sí' o 'No'.",Sí,No,MC1003-Seguridad y Criptografía.txt;MC1001-Análisis de datos en ciberseguridad.txt;MC1001-Análisis de datos en ciberseguridad.txt;MC3010-Cibercrimen.txt;MC1006-Políticas y Gobernanza en Ciberseguridad.txt,0.23,Análisis de Datos en Ciberseguridad,MC1001,
qwen2.5-3b,binary,¿Los laboratorios representan el 75% de la nota final?,"En el curso Análisis de Datos en Ciberseguridad de la Maestría en Ciberseguridad, ¿Los laboratorios representan el 75% de la nota final?

Responde únicamente con 'Sí' o 'No'.",Sí,No,MC1003-Seguridad y Criptografía.txt;MC3010-Cibercrimen.txt;MC1006-Políticas y Gobernanza en Ciberseguridad.txt;MC3001-Seguridad de Software Avanzado.txt;MC1001-Análisis de datos en ciberseguridad.txt,0.23,Análisis de Datos en Ciberseguridad,MC1001,
qwen2.5-3b,binary,¿Es la asistencia obligatoria?,"En el curso Seguridad y Criptografía de la Maestría en Ciberseguridad, ¿Es la asistencia obligatoria?

Responde únicamente con 'Sí' o 'No'.",Sí,No,MC1006-Políticas y Gobernanza en Ciberseguridad.txt;MC1006-Políticas y Gobernanza en Ciberseguridad.txt;MC1003-Seguridad y Criptografía.txt;MC3001-Seguridad de Software Avanzado.txt;MC3010-Cibercrimen.txt,0.23,Seguridad y Criptografía,MC1003,
qwen2.5-3b,binary,¿Es este un curso electivo?,"En el curso Seguridad y Criptografía de la Maestría en Ciberseguridad, ¿Es este un curso electivo?

Responde únicamente con 'Sí' o 'No'.",No,No,MC1006-Políticas y Gobernanza en Ciberseguridad.txt;MC1006-Políticas y Gobernanza en Ciberseguridad.txt;MC1003-Seguridad y Criptografía.txt;MC3001-Seguridad de Software Avanzado.txt;MC3010-Cibercrimen.txt,0.23,Seguridad y Criptografía,MC1003,
qwen2.5-3b,binary,¿Tiene correquisitos establecidos?,"En el curso Seguridad y Criptografía de la Maestría en Ciberseguridad, ¿Tiene correquisitos establecidos?

Responde únicamente con 'Sí' o 'No'.",No,No,MC1006-Políticas y Gobernanza en Ciberseguridad.txt;MC1006-Políticas y Gobernanza en Ciberseguridad.txt;MC1003-Seguridad y Criptografía.txt;MC3001-Seguridad de Software Avanzado.txt;MC1001-Análisis de datos en ciberseguridad.txt,0.23,Seguridad y Criptografía,MC1003,
qwen2.5-3b,binary,"¿Es este curso requisito para ""Blockchain y Ledger Distribuidos""?","En el curso Seguridad y Criptografía de la Maestría en Ciberseguridad, ¿Es este curso requisito para ""Blockchain y Ledger Distribuidos""?

Responde únicamente con 'Sí' o 'No'.",Sí,No,MC1006-Políticas y Gobernanza en Ciberseguridad.txt;MC1006-Políticas y Gobernanza en Ciberseguridad.txt;MC1003-Seguridad y Criptografía.txt;MC3001-Seguridad de Software Avanzado.txt;MC3010-Cibercrimen.txt,0.23,Seguridad y Criptografía,MC1003,
qwen2.5-3b,binary,¿Se permite el reconocimiento del curso?,"En el curso Seguridad y Criptografía de la Maestría en Ciberseguridad, ¿Se permite el reconocimiento del curso?

Responde únicamente con 'Sí' o 'No'.",Sí,No,MC1003-Seguridad y Criptografía.txt;MC1006-Políticas y Gobernanza en Ciberseguridad.txt;MC3001-Seguridad de Software Avanzado.txt;MC1006-Políticas y Gobernanza en Ciberseguridad.txt;MC3010-Cibercrimen.txt,0.23,Seguridad y Criptografía,MC1003,
qwen2.5-3b,binary,¿El examen final tiene un valor del 30%?,"En el curso Seguridad y Criptografía de la Maestría en Ciberseguridad, ¿El examen final tiene un valor del 30%?

Responde únicamente con 'Sí' o 'No'.",Sí,No,MC1003-Seguridad y Criptografía.txt;MC3001-Seguridad de Software Avanzado.txt;MC3010-Cibercrimen.txt;MC1001-Análisis de datos en ciberseguridad.txt;MC1006-Políticas y Gobernanza en Ciberseguridad.txt,0.23,Seguridad y Criptografía,MC1003,
qwen2.5-3b,binary,¿Es el curso de tipo electivo?,"En el curso Políticas y Gobernanza en Ciberseguridad de la Maestría en Ciberseguridad, ¿Es el curso de tipo electivo?

Responde únicamente con 'Sí' o 'No'.",No,No,MC1006-Políticas y Gobernanza en Ciberseguridad.txt;MC1006-Políticas y Gobernanza en Ciberseguridad.txt;MC3010-Cibercrimen.txt;MC3001-Seguridad de Software Avanzado.txt;MC1003-Seguridad y Criptografía.txt,0.23,Políticas y Gobernanza en Ciberseguridad,MC1006,
qwen2.5-3b,binary,¿Es la asistencia obligatoria?,"En el curso Políticas y Gobernanza en Ciberseguridad de la Maestría en Ciberseguridad, ¿Es la asistencia obligatoria?

Responde únicamente con 'Sí' o 'No'.",Sí,No,MC1006-Políticas y Gobernanza en Ciberseguridad.txt;MC1006-Políticas y Gobernanza en Ciberseguridad.txt;MC3010-Cibercrimen.txt;MC3001-Seguridad de Software Avanzado.txt;MC1003-Seguridad y Criptografía.txt,0.24,Políticas y Gobernanza en Ciberseguridad,MC1006,
qwen2.5-3b,binary,¿Se permite el reconocimiento de este curso?,"En el curso Políticas y Gobernanza en Ciberseguridad de la Maestría en Ciberseguridad, ¿Se permite el reconocimiento de este curso?

Responde únicamente con 'Sí' o 'No'.",No,No,MC1006-Políticas y Gobernanza en Ciberseguridad.txt;MC1006-Políticas y Gobernanza en Ciberseguridad.txt;MC1003-Seguridad y Criptografía.txt;MC3010-Cibercrimen.txt;MC3001-Seguridad de Software Avanzado.txt,0.23,Políticas y Gobernanza en Ciberseguridad,MC1006,
qwen2.5-3b,binary,¿Existe la posibilidad de suficiencia?,"En el curso Políticas y Gobernanza en Ciberseguridad de la Maestría en Ciberseguridad, ¿Existe la posibilidad de suficiencia?

Responde únicamente con 'Sí' o 'No'.",Sí,No,MC1006-Políticas y Gobernanza en Ciberseguridad.txt;MC1006-Políticas y Gobernanza en Ciberseguridad.txt;MC3010-Cibercrimen.txt;MC1003-Seguridad y Criptografía.txt;MC3001-Seguridad de Software Avanzado.txt,0.23,Políticas y Gobernanza en Ciberseguridad,MC1006,
qwen2.5-3b,binary,¿Se ubica el curso en el primer trimestre del plan de estudios?,"En el curso Políticas y Gobernanza en Ciberseguridad de la Maestría en Ciberseguridad, ¿Se ubica el curso en el primer trimestre del plan de estudios?

Responde únicamente con 'Sí' o 'No'.",Sí,Sí,MC1006-Políticas y Gobernanza en Ciberseguridad.txt;MC1006-Políticas y Gobernanza en Ciberseguridad.txt;MC3010-Cibercrimen.txt;MC1003-Seguridad y Criptografía.txt;MC3001-Seguridad de Software Avanzado.txt,0.25,Políticas y Gobernanza en Ciberseguridad,MC1006,
qwen2.5-3b,binary,¿El estudio de casos vale un 40% de la calificación?,"En el curso Políticas y Gobernanza en Ciberseguridad de la Maestría en Ciberseguridad, ¿El estudio de casos vale un 40% de la calificación?

Responde únicamente con 'Sí' o 'No'.",Sí,No,MC1006-Políticas y Gobernanza en Ciberseguridad.txt;MC1006-Políticas y Gobernanza en Ciberseguridad.txt;MC1001-Análisis de datos en ciberseguridad.txt;MC3010-Cibercrimen.txt;MC1003-Seguridad y Criptografía.txt,0.23,Políticas y Gobernanza en Ciberseguridad,MC1006,
qwen2.5-3b,binary,¿Es un curso electivo?,"En el curso Seguridad de Software Avanzado de la Maestría en Ciberseguridad, ¿Es un curso electivo?

Responde únicamente con 'Sí' o 'No'.",No,No,MC3001-Seguridad de Software Avanzado.txt;MC1006-Políticas y Gobernanza en Ciberseguridad.txt;MC1006-Políticas y Gobernanza en Ciberseguridad.txt;MC1003-Seguridad y Criptografía.txt;MC3010-Cibercrimen.txt,0.23,Seguridad de Software Avanzado,MC3001,
qwen2.5-3b,binary,¿Es obligatoria la asistencia?,"En el curso Seguridad de Software Avanzado de la Maestría en Ciberseguridad, ¿Es obligatoria la asistencia?

Responde únicamente con 'Sí' o 'No'.",Sí,Sí,MC1006-Políticas y Gobernanza en Ciberseguridad.txt;MC1006-Políticas y Gobernanza en Ciberseguridad.txt;MC3001-Seguridad de Software Avanzado.txt;MC1003-Seguridad y Criptografía.txt;MC3010-Cibercrimen.txt,0.26,Seguridad de Software Avanzado,MC3001,
qwen2.5-3b,binary,¿Tiene requisitos previos?,"En el curso Seguridad de Software Avanzado de la Maestría en Ciberseguridad, ¿Tiene requisitos previos?

Responde únicamente con 'Sí' o 'No'.",No,No,MC3001-Seguridad de Software Avanzado.txt;MC1006-Políticas y Gobernanza en Ciberseguridad.txt;MC1006-Políticas y Gobernanza en Ciberseguridad.txt;MC1003-Seguridad y Criptografía.txt;MC3001-Seguridad de Software Avanzado.txt,0.23,Seguridad de Software Avanzado,MC3001,
qwen2.5-3b,binary,¿Es requisito para el curso de Seguridad en la Nube?,"En el curso Seguridad de Software Avanzado de la Maestría en Ciberseguridad, ¿Es requisito para el curso de Seguridad en la Nube?

Responde únicamente con 'Sí' o 'No'.",Sí,No,MC3001-Seguridad de Software Avanzado.txt;MC1006-Políticas y Gobernanza en Ciberseguridad.txt;MC1006-Políticas y Gobernanza en Ciberseguridad.txt;MC1003-Seguridad y Criptografía.txt;MC3010-Cibercrimen.txt,0.24,Seguridad de Software Avanzado,MC3001,
qwen2.5-3b,binary,¿Se permite la suficiencia?,"En el curso Seguridad de Software Avanzado de la Maestría en Ciberseguridad, ¿Se permite la suficiencia?

Responde únicamente con 'Sí' o 'No'.",No,No,MC1006-Políticas y Gobernanza en Ciberseguridad.txt;MC3001-Seguridad de Software Avanzado.txt;MC3001-Seguridad de Software Avanzado.txt;MC1006-Políticas y Gobernanza en Ciberseguridad.txt;MC1003-Seguridad y Criptografía.txt,0.22,Seguridad de Software Avanzado,MC3001,
qwen2.5-3b,binary,¿El examen final vale el 30% de la nota?,"En el curso Seguridad de Software Avanzado de la Maestría en Ciberseguridad, ¿El examen final vale el 30% de la nota?

Responde únicamente con 'Sí' o 'No'.",Sí,No,MC3001-Seguridad de Software Avanzado.txt;MC1003-Seguridad y Criptografía.txt;MC3010-Cibercrimen.txt;MC1001-Análisis de datos en ciberseguridad.txt;MC1006-Políticas y Gobernanza en Ciberseguridad.txt,0.23,Seguridad de Software Avanzado,MC3001,
qwen2.5-3b,binary,¿Es el curso de tipo electivo?,"En el curso Cibercrimen de la Maestría en Ciberseguridad, ¿Es el curso de tipo electivo?

Responde únicamente con 'Sí' o 'No'.",Sí,Sí,MC1006-Políticas y Gobernanza en Ciberseguridad.txt;MC3010-Cibercrimen.txt;MC1006-Políticas y Gobernanza en Ciberseguridad.txt;MC3001-Seguridad de Software Avanzado.txt;MC1003-Seguridad y Criptografía.txt,0.25,Cibercrimen,MC3010,
qwen2.5-3b,binary,¿Es obligatoria la asistencia?,"En el curso Cibercrimen de la Maestría en Ciberseguridad, ¿Es obligatoria la asistencia?

Responde únicamente con 'Sí' o 'No'.",Sí,No,MC1006-Políticas y Gobernanza en Ciberseguridad.txt;MC1006-Políticas y Gobernanza en Ciberseguridad.txt;MC3010-Cibercrimen.txt;MC3001-Seguridad de Software Avanzado.txt;MC1003-Seguridad y Criptografía.txt,0.23,Cibercrimen,MC3010,
qwen2.5-3b,binary,¿Tiene requisitos o correquisitos?,"En el curso Cibercrimen de la Maestría en Ciberseguridad, ¿Tiene requisitos o correquisitos?

Responde únicamente con 'Sí' o 'No'.",No,No,MC1006-Políticas y Gobernanza en Ciberseguridad.txt;MC1006-Políticas y Gobernanza en Ciberseguridad.txt;MC3010-Cibercrimen.txt;MC3001-Seguridad de Software Avanzado.txt;MC1003-Seguridad y Criptografía.txt,0.24,Cibercrimen,MC3010,
qwen2.5-3b,binary,¿Se permite la suficiencia para este curso?,"En el curso Cibercrimen de la Maestría en Ciberseguridad, ¿Se permite la suficiencia para este curso?

Responde únicamente con 'Sí' o 'No'.",No,No,MC3010-Cibercrimen.txt;MC1006-Políticas y Gobernanza en Ciberseguridad.txt;MC1003-Seguridad y Criptografía.txt;MC3001-Seguridad de Software Avanzado.txt;MC1006-Políticas y Gobernanza en Ciberseguridad.txt,0.23,Cibercrimen,MC3010,
qwen2.5-3b,binary,¿Existe la posibilidad de reconocimiento?,"En el curso Cibercrimen de la Maestría en Ciberseguridad, ¿Existe la posibilidad de reconocimiento?

Responde únicamente con 'Sí' o 'No'.",No,No,MC1001-Análisis de datos en ciberseguridad.txt;MC1006-Políticas y Gobernanza en Ciberseguridad.txt;MC1006-Políticas y Gobernanza en Ciberseguridad.txt;MC1003-Seguridad y Criptografía.txt;MC3010-Cibercrimen.txt,0.23,Cibercrimen,MC3010,
qwen2.5-3b,binary,¿La investigación social aplicada tiene un peso del 40%?,"En el curso Cibercrimen de la Maestría en Ciberseguridad, ¿La investigación social aplicada tiene un peso del 40%?

Responde únicamente con 'Sí' o 'No'.",Sí,No,MC1006-Políticas y Gobernanza en Ciberseguridad.txt;MC1006-Políticas y Gobernanza en Ciberseguridad.txt;MC3010-Cibercrimen.txt;MC1001-Análisis de datos en ciberseguridad.txt;MC3010-Cibercrimen.txt,0.21,Cibercrimen,MC3010,
qwen2.5-3b,binary,¿Es un curso obligatorio?,"En el curso Sistemas Estratégicos Empresariales de la Maestría en Gerencia de Tecnologías de la Información, ¿Es un curso obligatorio?

Responde únicamente con 'Sí' o 'No'.",Sí,Sí,MC1103-Gerencia de tecnología de información.txt;MC1101-Sistemas Estratégicos Empresariales.txt;MC1101-Sistemas Estratégicos Empresariales.txt;MC2301-Planificación estratégica de tecnología de información.txt;MC2301-Planificación estratégica de tecnología de información.txt,0.22,Sistemas Estratégicos Empresariales,MC1101,
qwen2.5-3b,binary,¿Tiene requisitos o correquisitos previos?,"En el curso Sistemas Estratégicos Empresariales de la Maestría en Gerencia de Tecnologías de la Información, ¿Tiene requisitos o correquisitos previos?

Responde únicamente con 'Sí' o 'No'.",No,No,MC1101-Sistemas Estratégicos Empresariales.txt;MC2301-Planificación estratégica de tecnología de información.txt;MC1103-Gerencia de tecnología de información.txt;MC1103-Gerencia de tecnología de información.txt;MC2301-Planificación estratégica de tecnología de información.txt,0.17,Sistemas Estratégicos Empresariales,MC1101,
qwen2.5-3b,binary,¿Es la asistencia obligatoria?,"En el curso Sistemas Estratégicos Empresariales de la Maestría en Gerencia de Tecnologías de la Información, ¿Es la asistencia obligatoria?

Responde únicamente con 'Sí' o 'No'.",Sí,No,MC1101-Sistemas Estratégicos Empresariales.txt;MC1103-Gerencia de tecnología de información.txt;MC1006-Políticas y Gobernanza en Ciberseguridad.txt;MC1201-Administración financiera de tecnología de información.txt;MC1103-Gerencia de tecnología de información.txt,0.2,Sistemas Estratégicos Empresariales,MC1101,
qwen2.5-3b,binary,¿Existe la posibilidad de suficiencia?,"En el curso Sistemas Estratégicos Empresariales de la Maestría en Gerencia de Tecnologías de la Información, ¿Existe la posibilidad de suficiencia?

Responde únicamente con 'Sí' o 'No'.",No,No,MC1101-Sistemas Estratégicos Empresariales.txt;MC1103-Gerencia de tecnología de información.txt;MC2301-Planificación estratégica de tecnología de información.txt;MC1103-Gerencia de tecnología de información.txt;MC1006-Políticas y Gobernanza en Ciberseguridad.txt,0.18,Sistemas Estratégicos Empresariales,MC1101,
qwen2.5-3b,binary,¿Es posible el reconocimiento del curso?,"En el curso Sistemas Estratégicos Empresariales de la Maestría en Gerencia de Tecnologías de la Información, ¿Es posible el reconocimiento del curso?

Responde únicamente con 'Sí' o 'No'.",No,No,MC1101-Sistemas Estratégicos Empresariales.txt;MC2301-Planificación estratégica de tecnología de información.txt;MC1103-Gerencia de tecnología de información.txt;MC1103-Gerencia de tecnología de información.txt;MC1101-Sistemas Estratégicos Empresariales.txt,0.18,Sistemas Estratégicos Empresariales,MC1101,
qwen2.5-3b,binary,¿La investigación en sistema empresarial vale un 40%?,"En el curso Sistemas Estratégicos Empresariales de la Maestría en Gerencia de Tecnologías de la Información, ¿La investigación en sistema empresarial vale un 40%?

Responde únicamente con 'Sí' o 'No'.",Sí,No,MC1101-Sistemas Estratégicos Empresariales.txt;MC2301-Planificación estratégica de tecnología de información.txt;MC1101-Sistemas Estratégicos Empresariales.txt;MC2301-Planificación estratégica de tecnología de información.txt;MC1103-Gerencia de tecnología de información.txt,0.16,Sistemas Estratégicos Empresariales,MC1101,
qwen2.5-3b,binary,¿Es la asistencia obligatoria?,"En el curso Gerencia de Tecnología de Información de la Maestría en Gerencia de Tecnologías de la Información, ¿Es la asistencia obligatoria?

Responde únicamente con 'Sí' o 'No'.",Sí,No,MC1103-Gerencia de tecnología de información.txt;MC1201-Administración financiera de tecnología de información.txt;MC1103-Gerencia de tecnología de información.txt;MC1006-Políticas y Gobernanza en Ciberseguridad.txt;MC2301-Planificación estratégica de tecnología de información.txt,0.18,Gerencia de Tecnología de Información,MC1103,
qwen2.5-3b,binary,¿Tiene el curso requisitos previos?,"En el curso Gerencia de Tecnología de Información de la Maestría en Gerencia de Tecnologías de la Información, ¿Tiene el curso requisitos previos?

Responde únicamente con 'Sí' o 'No'.",No,No,MC1103-Gerencia de tecnología de información.txt;MC2301-Planificación estratégica de tecnología de información.txt;MC2301-Planificación estratégica de tecnología de información.txt;MC1101-Sistemas Estratégicos Empresariales.txt;MC1203-Administración y estrategia de proyectos I.txt,0.18,Gerencia de Tecnología de Información,MC1103,
qwen2.5-3b,binary,¿Se permite la suficiencia?,"En el curso Gerencia de Tecnología de Información de la Maestría en Gerencia de Tecnologías de la Información, ¿Se permite la suficiencia?

Responde únicamente con 'Sí' o 'No'.",No,No,MC1103-Gerencia de tecnología de información.txt;MC2301-Planificación estratégica de tecnología de información.txt;MC1103-Gerencia de tecnología de información.txt;MC1006-Políticas y Gobernanza en Ciberseguridad.txt;MC1101-Sistemas Estratégicos Empresariales.txt,0.18,Gerencia de Tecnología de Información,MC1103,
qwen2.5-3b,binary,¿Es posible el reconocimiento del curso?,"En el curso Gerencia de Tecnología de Información de la Maestría en Gerencia de Tecnologías de la Información, ¿Es posible el reconocimiento del curso?

Responde únicamente con 'Sí' o 'No'.",No,No,MC1103-Gerencia de tecnología de información.txt;MC7201-Introducción a la Investigación.txt;MC1103-Gerencia de tecnología de información.txt;MC2301-Planificación estratégica de tecnología de información.txt;MC1101-Sistemas Estratégicos Empresariales.txt,0.18,Gerencia de Tecnología de Información,MC1103,
qwen2.5-3b,binary,¿El estudio de casos vale un 40% de la nota?,"En el curso Gerencia de Tecnología de Información de la Maestría en Gerencia de Tecnologías de la Información, ¿El estudio de casos vale un 40% de la nota?

Responde únicamente con 'Sí' o 'No'.",Sí,Sí,MC1103-Gerencia de tecnología de información.txt;MC1101-Sistemas Estratégicos Empresariales.txt;MC2301-Planificación estratégica de tecnología de información.txt;MC6104-Diseño de Experimentos.txt;MC6004-Sistemas Operativos Avanzados.txt,0.14,Gerencia de Tecnología de Información,MC1103,
qwen2.5-3b,binary,¿Requiere el curso la elaboración de una investigación bibliográfica?,"En el curso Gerencia de Tecnología de Información de la Maestría en Gerencia de Tecnologías de la Información, ¿Requiere el curso la elaboración de una investigación bibliográfica?

Responde únicamente con 'Sí' o 'No'.",Sí,Sí,MC1103-Gerencia de tecnología de información.txt;MC2301-Planificación estratégica de tecnología de información.txt;MC1101-Sistemas Estratégicos Empresariales.txt;MC6004-Sistemas Operativos Avanzados.txt;MC7201-Introducción a la Investigación.txt,0.18,Gerencia de Tecnología de Información,MC1103,
qwen2.5-3b,binary,¿Es este un curso obligatorio?,"En el curso Administración Financiera de TI de la Maestría en Gerencia de Tecnologías de la Información, ¿Es este un curso obligatorio?

Responde únicamente con 'Sí' o 'No'.",Sí,Sí,MC1201-Administración financiera de tecnología de información.txt;MC1201-Administración financiera de tecnología de información.txt;MC1101-Sistemas Estratégicos Empresariales.txt;MC1103-Gerencia de tecnología de información.txt;MC1006-Políticas y Gobernanza en Ciberseguridad.txt,0.21,Administración Financiera de TI,MC1201,
qwen2.5-3b,binary,¿Se permite el reconocimiento del curso?,"En el curso Administración Financiera de TI de la Maestría en Gerencia de Tecnologías de la Información, ¿Se permite el reconocimiento del curso?

Responde únicamente con 'Sí' o 'No'.",Sí,Sí,MC1201-Administración financiera de tecnología de información.txt;MC1101-Sistemas Estratégicos Empresariales.txt;MC1103-Gerencia de tecnología de información.txt;MC2301-Planificación estratégica de tecnología de información.txt;MC1203-Administración y estrategia de proyectos I.txt,0.19,Administración Financiera de TI,MC1201,
qwen2.5-3b,binary,¿Existe la posibilidad de suficiencia?,"En el curso Administración Financiera de TI de la Maestría en Gerencia de Tecnologías de la Información, ¿Existe la posibilidad de suficiencia?

Responde únicamente con 'Sí' o 'No'.",No,No,MC1201-Administración financiera de tecnología de información.txt;MC1101-Sistemas Estratégicos Empresariales.txt;MC1103-Gerencia de tecnología de información.txt;MC1201-Administración financiera de tecnología de información.txt;MC1103-Gerencia de tecnología de información.txt,0.19,Administración Financiera de TI,MC1201,
qwen2.5-3b,binary,¿Es la asistencia obligatoria?,"En el curso Administración Financiera de TI de la Maestría en Gerencia de Tecnologías de la Información, ¿Es la asistencia obligatoria?

Responde únicamente con 'Sí' o 'No'.",Sí,Sí,MC1201-Administración financiera de tecnología de información.txt;MC1201-Administración financiera de tecnología de información.txt;MC1006-Políticas y Gobernanza en Ciberseguridad.txt;MC1103-Gerencia de tecnología de información.txt;MC1103-Gerencia de tecnología de información.txt,0.21,Administración Financiera de TI,MC1201,
qwen2.5-3b,binary,¿Se ubica en el segundo semestre del programa?,"En el curso Administración Financiera de TI de la Maestría en Gerencia de Tecnologías de la Información, ¿Se ubica en el segundo semestre del programa?

Responde únicamente con 'Sí' o 'No'.",Sí,Sí,MC1201-Administración financiera de tecnología de información.txt;MC1101-Sistemas Estratégicos Empresariales.txt;MC1201-Administración financiera de tecnología de información.txt;MC1203-Administración y estrategia de proyectos I.txt;MC2301-Planificación estratégica de tecnología de información.txt,0.21,Administración Financiera de TI,MC1201,
qwen2.5-3b,binary,¿Los dos exámenes parciales valen un 50% en total?,"En el curso Administración Financiera de TI de la Maestría en Gerencia de Tecnologías de la Información, ¿Los dos exámenes parciales valen un 50% en total?

Responde únicamente con 'Sí' o 'No'.",Sí,No,MC1101-Sistemas Estratégicos Empresariales.txt;MC1003-Seguridad y Criptografía.txt;MC2301-Planificación estratégica de tecnología de información.txt;MC6004-Sistemas Operativos Avanzados.txt;MC6104-Diseño de Experimentos.txt,0.1,Administración Financiera de TI,MC1201,
qwen2.5-3b,binary,¿Es un curso obligatorio?,"En el curso Administración y Estrategia de Proyectos I de la Maestría en Gerencia de Tecnologías de la Información, ¿Es un curso obligatorio?

Responde únicamente con 'Sí' o 'No'.",No,Sí,MC1103-Gerencia de tecnología de información.txt;MC1203-Administración y estrategia de proyectos I.txt;MC1203-Administración y estrategia de proyectos I.txt;MC2301-Planificación estratégica de tecnología de información.txt;MC1101-Sistemas Estratégicos Empresariales.txt,0.19,Administración y Estrategia de Proyectos I,MC1203,
qwen2.5-3b,binary,¿Es la asistencia obligatoria?,"En el curso Administración y Estrategia de Proyectos I de la Maestría en Gerencia de Tecnologías de la Información, ¿Es la asistencia obligatoria?

Responde únicamente con 'Sí' o 'No'.",Sí,No,MC1103-Gerencia de tecnología de información.txt;MC1006-Políticas y Gobernanza en Ciberseguridad.txt;MC1203-Administración y estrategia de proyectos I.txt;MC1201-Administración financiera de tecnología de información.txt;MC1006-Políticas y Gobernanza en Ciberseguridad.txt,0.21,Administración y Estrategia de Proyectos I,MC1203,
qwen2.5-3b,binary,¿Es requisito para el curso de Administración y Estrategia de Proyectos II?,"En el curso Administración y Estrategia de Proyectos I de la Maestría en Gerencia de Tecnologías de la Información, ¿Es requisito para el curso de Administración y Estrategia de Proyectos II?

Responde únicamente con 'Sí' o 'No'.",Sí,No,MC1203-Administración y estrategia de proyectos I.txt;MC1103-Gerencia de tecnología de información.txt;MC2301-Planificación estratégica de tecnología de información.txt;MC1203-Administración y estrategia de proyectos I.txt;MC1103-Gerencia de tecnología de información.txt,0.16,Administración y Estrategia de Proyectos I,MC1203,
qwen2.5-3b,binary,¿Permite el curso la suficiencia?,"En el curso Administración y Estrategia de Proyectos I de la Maestría en Gerencia de Tecnologías de la Información, ¿Permite el curso la suficiencia?

Responde únicamente con 'Sí' o 'No'.",No,No,MC1103-Gerencia de tecnología de información.txt;MC2301-Planificación estratégica de tecnología de información.txt;MC1203-Administración y estrategia de proyectos I.txt;MC1203-Administración y estrategia de proyectos I.txt;MC1101-Sistemas Estratégicos Empresariales.txt,0.17,Administración y Estrategia de Proyectos I,MC1203,
qwen2.5-3b,binary,¿Existe la posibilidad de reconocimiento?,"En el curso Administración y Estrategia de Proyectos I de la Maestría en Gerencia de Tecnologías de la Información, ¿Existe la posibilidad de reconocimiento?

Responde únicamente con 'Sí' o 'No'.",Sí,No,MC1103-Gerencia de tecnología de información.txt;MC2301-Planificación estratégica de tecnología de información.txt;MC1006-Políticas y Gobernanza en Ciberseguridad.txt;MC1006-Políticas y Gobernanza en Ciberseguridad.txt;MC1203-Administración y estrategia de proyectos I.txt,0.16,Administración y Estrategia de Proyectos I,MC1203,
qwen2.5-3b,binary,¿La resolución de casos prácticos vale un 25%?,"En el curso Administración y Estrategia de Proyectos I de la Maestría en Gerencia de Tecnologías de la Información, ¿La resolución de casos prácticos vale un 25%?

Responde únicamente con 'Sí' o 'No'.",Sí,No,MC1103-Gerencia de tecnología de información.txt;MC2301-Planificación estratégica de tecnología de información.txt;MC1103-Gerencia de tecnología de información.txt;MC1101-Sistemas Estratégicos Empresariales.txt;MC1203-Administración y estrategia de proyectos I.txt,0.13,Administración y Estrategia de Proyectos I,MC1203,
qwen2.5-3b,binary,¿Es un curso obligatorio?,"En el curso Planificación Estratégica de TI de la Maestría en Gerencia de Tecnologías de la Información, ¿Es un curso obligatorio?

Responde únicamente con 'Sí' o 'No'.",Sí,Sí,MC1103-Gerencia de tecnología de información.txt;MC2301-Planificación estratégica de tecnología de información.txt;MC2301-Planificación estratégica de tecnología de información.txt;MC1101-Sistemas Estratégicos Empresariales.txt;MC1203-Administración y estrategia de proyectos I.txt,0.19,Planificación Estratégica de TI,MC2301,
qwen2.5-3b,binary,¿Es la asistencia obligatoria?,"En el curso Planificación Estratégica de TI de la Maestría en Gerencia de Tecnologías de la Información, ¿Es la asistencia obligatoria?

Responde únicamente con 'Sí' o 'No'.",Sí,No,MC1103-Gerencia de tecnología de información.txt;MC2301-Planificación estratégica de tecnología de información.txt;MC1201-Administración financiera de tecnología de información.txt;MC2301-Planificación estratégica de tecnología de información.txt;MC1006-Políticas y Gobernanza en Ciberseguridad.txt,0.18,Planificación Estratégica de TI,MC2301,
qwen2.5-3b,binary,¿Se reprueba el curso con 4 faltas de asistencia injustificadas?,"En el curso Planificación Estratégica de TI de la Maestría en Gerencia de Tecnologías de la Información, ¿Se reprueba el curso con 4 faltas de asistencia injustificadas?

Responde únicamente con 'Sí' o 'No'.",Sí,No,MC1103-Gerencia de tecnología de información.txt;MC2301-Planificación estratégica de tecnología de información.txt;MC1203-Administración y estrategia de proyectos I.txt;MC6004-Sistemas Operativos Avanzados.txt;MC1101-Sistemas Estratégicos Empresariales.txt,0.16,Planificación Estratégica de TI,MC2301,
qwen2.5-3b,binary,¿Existe la posibilidad de suficiencia?,"En el curso Planificación Estratégica de TI de la Maestría en Gerencia de Tecnologías de la Información, ¿Existe la posibilidad de suficiencia?

Responde únicamente con 'Sí' o 'No'.",No,No,MC1103-Gerencia de tecnología de información.txt;MC2301-Planificación estratégica de tecnología de información.txt;MC1101-Sistemas Estratégicos Empresariales.txt;MC2301-Planificación estratégica de tecnología de información.txt;MC1006-Políticas y Gobernanza en Ciberseguridad.txt,0.18,Planificación Estratégica de TI,MC2301,
qwen2.5-3b,binary,¿Se permite el reconocimiento del curso?,"En el curso Planificación Estratégica de TI de la Maestría en Gerencia de Tecnologías de la Información, ¿Se permite el reconocimiento del curso?

Responde únicamente con 'Sí' o 'No'.",No,No,MC1103-Gerencia de tecnología de información.txt;MC2301-Planificación estratégica de tecnología de información.txt;MC2301-Planificación estratégica de tecnología de información.txt;MC1203-Administración y estrategia de proyectos I.txt;MC1101-Sistemas Estratégicos Empresariales.txt,0.18,Planificación Estratégica de TI,MC2301,
qwen2.5-3b,binary,¿La resolución de casos vale un 40% de la nota?,"En el curso Planificación Estratégica de TI de la Maestría en Gerencia de Tecnologías de la Información, ¿La resolución de casos vale un 40% de la nota?

Responde únicamente con 'Sí' o 'No'.",Sí,Sí,MC2301-Planificación estratégica de tecnología de información.txt;MC1103-Gerencia de tecnología de información.txt;MC1103-Gerencia de tecnología de información.txt;MC1101-Sistemas Estratégicos Empresariales.txt;MC2301-Planificación estratégica de tecnología de información.txt,0.18,Planificación Estratégica de TI,MC2301,
qwen2.5-3b,binary,¿Es un curso electivo?,"En el curso Teoría de Autómatas de la Maestría en Computación, ¿Es un curso electivo?

Responde únicamente con 'Sí' o 'No'.",No,No,MC6003-Teoría de Autómatas.txt;MC6102-Análisis de Algoritmos.txt;MC6104-Diseño de Experimentos.txt;MC6004-Sistemas Operativos Avanzados.txt;MC7201-Introducción a la Investigación.txt,0.22,Teoría de Autómatas,MC6003,
qwen2.5-3b,binary,¿Es la asistencia obligatoria?,"En el curso Teoría de Autómatas de la Maestría en Computación, ¿Es la asistencia obligatoria?

Responde únicamente con 'Sí' o 'No'.",Sí,Sí,MC6003-Teoría de Autómatas.txt;MC6102-Análisis de Algoritmos.txt;MC6104-Diseño de Experimentos.txt;MC6104-Diseño de Experimentos.txt;MC1103-Gerencia de tecnología de información.txt,0.23,Teoría de Autómatas,MC6003,
qwen2.5-3b,binary,¿Se permite la suficiencia?,"En el curso Teoría de Autómatas de la Maestría en Computación, ¿Se permite la suficiencia?

Responde únicamente con 'Sí' o 'No'.",Sí,No,MC6003-Teoría de Autómatas.txt;MC6102-Análisis de Algoritmos.txt;MC7201-Introducción a la Investigación.txt;MC6104-Diseño de Experimentos.txt;MC6004-Sistemas Operativos Avanzados.txt,0.22,Teoría de Autómatas,MC6003,
qwen2.5-3b,binary,¿Es posible el reconocimiento del curso?,"En el curso Teoría de Autómatas de la Maestría en Computación, ¿Es posible el reconocimiento del curso?

Responde únicamente con 'Sí' o 'No'.",Sí,No,MC6003-Teoría de Autómatas.txt;MC6102-Análisis de Algoritmos.txt;MC7201-Introducción a la Investigación.txt;MC6104-Diseño de Experimentos.txt;MC7201-Introducción a la Investigación.txt,0.22,Teoría de Autómatas,MC6003,
qwen2.5-3b,binary,¿Tiene requisitos previos?,"En el curso Teoría de Autómatas de la Maestría en Computación, ¿Tiene requisitos previos?

Responde únicamente con 'Sí' o 'No'.",No,No,MC6003-Teoría de Autómatas.txt;MC6104-Diseño de Experimentos.txt;MC6102-Análisis de Algoritmos.txt;MC7201-Introducción a la Investigación.txt;MC6004-Sistemas Operativos Avanzados.txt,0.22,Teoría de Autómatas,MC6003,
qwen2.5-3b,binary,¿El examen final vale el 30%?,"En el curso Teoría de Autómatas de la Maestría en Computación, ¿El examen final vale el 30%?

Responde únicamente con 'Sí' o 'No'.",Sí,No,MC6004-Sistemas Operativos Avanzados.txt;MC1003-Seguridad y Criptografía.txt;MC6003-Teoría de Autómatas.txt;MC2301-Planificación estratégica de tecnología de información.txt;MC6104-Diseño de Experimentos.txt,0.15,Teoría de Autómatas,MC6003,
qwen2.5-3b,binary,¿Es un curso electivo?,"En el curso Sistemas Operativos Avanzados de la Maestría en Computación, ¿Es un curso electivo?

Responde únicamente con 'Sí' o 'No'.",No,No,MC6004-Sistemas Operativos Avanzados.txt;MC6102-Análisis de Algoritmos.txt;MC6003-Teoría de Autómatas.txt;MC6104-Diseño de Experimentos.txt;MC7201-Introducción a la Investigación.txt,0.22,Sistemas Operativos Avanzados,MC6004,
qwen2.5-3b,binary,¿Es la asistencia obligatoria?,"En el curso Sistemas Operativos Avanzados de la Maestría en Computación, ¿Es la asistencia obligatoria?

Responde únicamente con 'Sí' o 'No'.",Sí,Sí,MC6004-Sistemas Operativos Avanzados.txt;MC1201-Administración financiera de tecnología de información.txt;MC6102-Análisis de Algoritmos.txt;MC1203-Administración y estrategia de proyectos I.txt;MC1006-Políticas y Gobernanza en Ciberseguridad.txt,0.21,Sistemas Operativos Avanzados,MC6004,
qwen2.5-3b,binary,"¿Es requisito para ""Redes de Computadores Avanzadas""?","En el curso Sistemas Operativos Avanzados de la Maestría en Computación, ¿Es requisito para ""Redes de Computadores Avanzadas""?

Responde únicamente con 'Sí' o 'No'.",Sí,No,MC6004-Sistemas Operativos Avanzados.txt;MC6102-Análisis de Algoritmos.txt;MC6104-Diseño de Experimentos.txt;MC7201-Introducción a la Investigación.txt;MC6003-Teoría de Autómatas.txt,0.22,Sistemas Operativos Avanzados,MC6004,
qwen2.5-3b,binary,¿Permite el curso la suficiencia?,"En el curso Sistemas Operativos Avanzados de la Maestría en Computación, ¿Permite el curso la suficiencia?

Responde únicamente con 'Sí' o 'No'.",Sí,No,MC6102-Análisis de Algoritmos.txt;MC6004-Sistemas Operativos Avanzados.txt;MC6104-Diseño de Experimentos.txt;MC6003-Teoría de Autómatas.txt;MC1203-Administración y estrategia de proyectos I.txt,0.22,Sistemas Operativos Avanzados,MC6004,
qwen2.5-3b,binary,¿Se permite el reconocimiento?,"En el curso Sistemas Operativos Avanzados de la Maestría en Computación, ¿Se permite el reconocimiento?

Responde únicamente con 'Sí' o 'No'.",Sí,Sí,MC3001-Seguridad de Software Avanzado.txt;MC6102-Análisis de Algoritmos.txt;MC6004-Sistemas Operativos Avanzados.txt;MC1001-Análisis de datos en ciberseguridad.txt;MC6104-Diseño de Experimentos.txt,0.22,Sistemas Operativos Avanzados,MC6004,
qwen2.5-3b,binary,¿Los proyectos programados valen un 30%?,"En el curso Sistemas Operativos Avanzados de la Maestría en Computación, ¿Los proyectos programados valen un 30%?

Responde únicamente con 'Sí' o 'No'.",Sí,No,MC1203-Administración y estrategia de proyectos I.txt;MC1203-Administración y estrategia de proyectos I.txt;MC3001-Seguridad de Software Avanzado.txt;MC3010-Cibercrimen.txt;MC1101-Sistemas Estratégicos Empresariales.txt,0.19,Sistemas Operativos Avanzados,MC6004,
qwen2.5-3b,binary,¿Es un curso electivo?,"En el curso Análisis de Algoritmos de la Maestría en Computación, ¿Es un curso electivo?

Responde únicamente con 'Sí' o 'No'.",No,No,MC6102-Análisis de Algoritmos.txt;MC6102-Análisis de Algoritmos.txt;MC6003-Teoría de Autómatas.txt;MC6104-Diseño de Experimentos.txt;MC6004-Sistemas Operativos Avanzados.txt,0.23,Análisis de Algoritmos,MC6102,
qwen2.5-3b,binary,¿Es la asistencia obligatoria?,"En el curso Análisis de Algoritmos de la Maestría en Computación, ¿Es la asistencia obligatoria?

Responde únicamente con 'Sí' o 'No'.",Sí,No,MC6102-Análisis de Algoritmos.txt;MC6003-Teoría de Autómatas.txt;MC6102-Análisis de Algoritmos.txt;MC6104-Diseño de Experimentos.txt;MC1203-Administración y estrategia de proyectos I.txt,0.22,Análisis de Algoritmos,MC6102,
qwen2.5-3b,binary,¿Existe la posibilidad de suficiencia?,"En el curso Análisis de Algoritmos de la Maestría en Computación, ¿Existe la posibilidad de suficiencia?

Responde únicamente con 'Sí' o 'No'.",Sí,No,MC6102-Análisis de Algoritmos.txt;MC6102-Análisis de Algoritmos.txt;MC6104-Diseño de Experimentos.txt;MC7201-Introducción a la Investigación.txt;MC6003-Teoría de Autómatas.txt,0.22,Análisis de Algoritmos,MC6102,
qwen2.5-3b,binary,¿Se permite el reconocimiento del curso?,"En el curso Análisis de Algoritmos de la Maestría en Computación, ¿Se permite el reconocimiento del curso?

Responde únicamente con 'Sí' o 'No'.",Sí,Sí,MC6102-Análisis de Algoritmos.txt;MC6102-Análisis de Algoritmos.txt;MC6104-Diseño de Experimentos.txt;MC6003-Teoría de Autómatas.txt;MC6004-Sistemas Operativos Avanzados.txt,0.24,Análisis de Algoritmos,MC6102,
qwen2.5-3b,binary,¿Las tareas e investigaciones valen el 50% de la nota?,"En el curso Análisis de Algoritmos de la Maestría en Computación, ¿Las tareas e investigaciones valen el 50% de la nota?

Responde únicamente con 'Sí' o 'No'.",Sí,No,MC6102-Análisis de Algoritmos.txt;MC6102-Análisis de Algoritmos.txt;MC6004-Sistemas Operativos Avanzados.txt;MC6104-Diseño de Experimentos.txt;MC6003-Teoría de Autómatas.txt,0.21,Análisis de Algoritmos,MC6102,
qwen2.5-3b,binary,¿Se imparte el curso los martes por la noche?,"En el curso Análisis de Algoritmos de la Maestría en Computación, ¿Se imparte el curso los martes por la noche?

Responde únicamente con 'Sí' o 'No'.",Sí,No,MC6104-Diseño de Experimentos.txt;MC6003-Teoría de Autómatas.txt;MC1103-Gerencia de tecnología de información.txt;MC1203-Administración y estrategia de proyectos I.txt;MC6102-Análisis de Algoritmos.txt,0.21,Análisis de Algoritmos,MC6102,
qwen2.5-3b,binary,¿Es este un curso electivo?,"En el curso Diseño de Experimentos de la Maestría en Computación, ¿Es este un curso electivo?

Responde únicamente con 'Sí' o 'No'.",Sí,Sí,MC6104-Diseño de Experimentos.txt;MC6102-Análisis de Algoritmos.txt;MC7201-Introducción a la Investigación.txt;MC7201-Introducción a la Investigación.txt;MC6104-Diseño de Experimentos.txt,0.22,Diseño de Experimentos,MC6104,
qwen2.5-3b,binary,¿Es la asistencia obligatoria?,"En el curso Diseño de Experimentos de la Maestría en Computación, ¿Es la asistencia obligatoria?

Responde únicamente con 'Sí' o 'No'.",Sí,Sí,MC6104-Diseño de Experimentos.txt;MC6104-Diseño de Experimentos.txt;MC1103-Gerencia de tecnología de información.txt;MC1003-Seguridad y Criptografía.txt;MC6102-Análisis de Algoritmos.txt,0.19,Diseño de Experimentos,MC6104,
qwen2.5-3b,binary,¿Se permite la suficiencia?,"En el curso Diseño de Experimentos de la Maestría en Computación, ¿Se permite la suficiencia?

Responde únicamente con 'Sí' o 'No'.",No,No,MC6102-Análisis de Algoritmos.txt;MC6104-Diseño de Experimentos.txt;MC7201-Introducción a la Investigación.txt;MC1003-Seguridad y Criptografía.txt;MC6104-Diseño de Experimentos.txt,0.18,Diseño de Experimentos,MC6104,
qwen2.5-3b,binary,¿Es posible el reconocimiento del curso?,"En el curso Diseño de Experimentos de la Maestría en Computación, ¿Es posible el reconocimiento del curso?

Responde únicamente con 'Sí' o 'No'.",No,Sí,MC6102-Análisis de Algoritmos.txt;MC6104-Diseño de Experimentos.txt;MC7201-Introducción a la Investigación.txt;MC6104-Diseño de Experimentos.txt;MC7201-Introducción a la Investigación.txt,0.22,Diseño de Experimentos,MC6104,
qwen2.5-3b,binary,¿Requiere conocimientos previos de Probabilidades?,"En el curso Diseño de Experimentos de la Maestría en Computación, ¿Requiere conocimientos previos de Probabilidades?

Responde únicamente con 'Sí' o 'No'.",Sí,No,MC7201-Introducción a la Investigación.txt;MC6104-Diseño de Experimentos.txt;MC2301-Planificación estratégica de tecnología de información.txt;MC6104-Diseño de Experimentos.txt;MC6102-Análisis de Algoritmos.txt,0.18,Diseño de Experimentos,MC6104,
qwen2.5-3b,binary,¿La presentación oral tiene un valor del 5%?,"En el curso Diseño de Experimentos de la Maestría en Computación, ¿La presentación oral tiene un valor del 5%?

Responde únicamente con 'Sí' o 'No'.",Sí,No,MC6004-Sistemas Operativos Avanzados.txt;MC7201-Introducción a la Investigación.txt;MC6004-Sistemas Operativos Avanzados.txt;MC1003-Seguridad y Criptografía.txt;MC6102-Análisis de Algoritmos.txt,0.14,Diseño de Experimentos,MC6104,
qwen2.5-3b,binary,¿Es un curso electivo?,"En el curso Introducción a la Investigación de la Maestría en Computación, ¿Es un curso electivo?

Responde únicamente con 'Sí' o 'No'.",No,No,MC7201-Introducción a la Investigación.txt;MC6102-Análisis de Algoritmos.txt;MC6104-Diseño de Experimentos.txt;MC7201-Introducción a la Investigación.txt;MC6004-Sistemas Operativos Avanzados.txt,0.22,Introducción a la Investigación,MC7201,
qwen2.5-3b,binary,¿Es la asistencia obligatoria?,"En el curso Introducción a la Investigación de la Maestría en Computación, ¿Es la asistencia obligatoria?

Responde únicamente con 'Sí' o 'No'.",Sí,Sí,MC6104-Diseño de Experimentos.txt;MC7201-Introducción a la Investigación.txt;MC1103-Gerencia de tecnología de información.txt;MC6104-Diseño de Experimentos.txt;MC6004-Sistemas Operativos Avanzados.txt,0.22,Introducción a la Investigación,MC7201,
qwen2.5-3b,binary,¿Permite el curso la suficiencia?,"En el curso Introducción a la Investigación de la Maestría en Computación, ¿Permite el curso la suficiencia?

Responde únicamente con 'Sí' o 'No'.",Sí,Sí,MC6102-Análisis de Algoritmos.txt;MC7201-Introducción a la Investigación.txt;MC6104-Diseño de Experimentos.txt;MC7201-Introducción a la Investigación.txt;MC1103-Gerencia de tecnología de información.txt,0.23,Introducción a la Investigación,MC7201,
qwen2.5-3b,binary,¿Es posible el reconocimiento?,"En el curso Introducción a la Investigación de la Maestría en Computación, ¿Es posible el reconocimiento?

Responde únicamente con 'Sí' o 'No'.",Sí,Sí,MC6102-Análisis de Algoritmos.txt;MC7201-Introducción a la Investigación.txt;MC6104-Diseño de Experimentos.txt;MC7201-Introducción a la Investigación.txt;MC6104-Diseño de Experimentos.txt,0.22,Introducción a la Investigación,MC7201,
qwen2.5-3b,binary,"¿Es ""Tema Selecto de Investigación"" un correquisito?","En el curso Introducción a la Investigación de la Maestría en Computación, ¿Es ""Tema Selecto de Investigación"" un correquisito?

Responde únicamente con 'Sí' o 'No'.",Sí,No,MC6104-Diseño de Experimentos.txt;MC2301-Planificación estratégica de tecnología de información.txt;MC1103-Gerencia de tecnología de información.txt;MC7201-Introducción a la Investigación.txt;MC7201-Introducción a la Investigación.txt,0.18,Introducción a la Investigación,MC7201,
qwen2.5-3b,binary,¿La presentación tiene un valor del 25%?,"En el curso Introducción a la Investigación de la Maestría en Computación, ¿La presentación tiene un valor del 25%?

Responde únicamente con 'Sí' o 'No'.",Sí,No,MC7201-Introducción a la Investigación.txt;MC6004-Sistemas Operativos Avanzados.txt;MC6004-Sistemas Operativos Avanzados.txt;MC2301-Planificación estratégica de tecnología de información.txt;MC1003-Seguridad y Criptografía.txt,0.13,Introducción a la Investigación,MC7201,
qwen2.5-3b,short_answer,¿Cuántos créditos tiene el curso?,"En el curso Análisis de Datos en Ciberseguridad de la Maestría en Ciberseguridad, ¿Cuántos créditos tiene el curso?

Da una respuesta breve y directa, en una sola frase.",4 créditos,El curso Análisis de Datos en Ciberseguridad tiene 4 créditos.,MC1001-Análisis de datos en ciberseguridad.txt;MC3010-Cibercrimen.txt;MC1006-Políticas y Gobernanza en Ciberseguridad.txt;MC1003-Seguridad y Criptografía.txt;MC3001-Seguridad de Software Avanzado.txt,0.44,Análisis de Datos en Ciberseguridad,MC1001,
qwen2.5-3b,short_answer,¿En qué trimestre del plan de estudios se ubica?,"En el curso Análisis de Datos en Ciberseguridad de la Maestría en Ciberseguridad, ¿En qué trimestre del plan de estudios se ubica?

Da una respuesta breve y directa, en una sola frase.",Tercer trimestre,El curso Análisis de Datos en Ciberseguridad se ubica en el tercer trimestre del plan de estudios.,MC1006-Políticas y Gobernanza en Ciberseguridad.txt;MC1001-Análisis de datos en ciberseguridad.txt;MC3010-Cibercrimen.txt;MC2301-Planificación estratégica de tecnología de información.txt;MC1003-Seguridad y Criptografía.txt,0.51,Análisis de Datos en Ciberseguridad,MC1001,
qwen2.5-3b,short_answer,¿Qué porcentaje de la nota final representan los laboratorios?,"En el curso Análisis de Datos en Ciberseguridad de la Maestría en Ciberseguridad, ¿Qué porcentaje de la nota final representan los laboratorios?

Da una respuesta breve y directa, en una sola frase.",75%,40%,MC3010-Cibercrimen.txt;MC1003-Seguridad y Criptografía.txt;MC1001-Análisis de datos en ciberseguridad.txt;MC1006-Políticas y Gobernanza en Ciberseguridad.txt;MC1006-Políticas y Gobernanza en Ciberseguridad.txt,0.24,Análisis de Datos en Ciberseguridad,MC1001,
qwen2.5-3b,short_answer,¿Permite el curso la modalidad de suficiencia?,"En el curso Análisis de Datos en Ciberseguridad de la Maestría en Ciberseguridad, ¿Permite el curso la modalidad de suficiencia?

Da una respuesta breve y directa, en una sola frase.",Sí,"No, el curso no permite la modalidad de suficiencia.",MC1006-Políticas y Gobernanza en Ciberseguridad.txt;MC1001-Análisis de datos en ciberseguridad.txt;MC3010-Cibercrimen.txt;MC1003-Seguridad y Criptografía.txt;MC3001-Seguridad de Software Avanzado.txt,0.38,Análisis de Datos en Ciberseguridad,MC1001,
qwen2.5-3b,short_answer,¿Cuál es la vigencia del programa?,"En el curso Análisis de Datos en Ciberseguridad de la Maestría en Ciberseguridad, ¿Cuál es la vigencia del programa?

Da una respuesta breve y directa, en una sola frase.",2023,La vigencia del programa para el curso Análisis de Datos en Ciberseguridad es 2023.,MC1006-Políticas y Gobernanza en Ciberseguridad.txt;MC1006-Políticas y Gobernanza en Ciberseguridad.txt;MC1001-Análisis de datos en ciberseguridad.txt;MC3001-Seguridad de Software Avanzado.txt;MC1003-Seguridad y Criptografía.txt,0.53,Análisis de Datos en Ciberseguridad,MC1001,
qwen2.5-3b,short_answer,¿Qué porcentaje de la evaluación corresponde a la resolución de casos de estudio?,"En el curso Análisis de Datos en Ciberseguridad de la Maestría en Ciberseguridad, ¿Qué porcentaje de la evaluación corresponde a la resolución de casos de estudio?

Da una respuesta breve y directa, en una sola frase.",20%,No hay información sobre el porcentaje específico de la evaluación correspondiente a la resolución de casos de estudio en el curso Análisis de Datos en Ciberseguridad.,MC2301-Planificación estratégica de tecnología de información.txt;MC1103-Gerencia de tecnología de información.txt;MC1003-Seguridad y Criptografía.txt;MC1001-Análisis de datos en ciberseguridad.txt;MC1101-Sistemas Estratégicos Empresariales.txt,0.6,Análisis de Datos en Ciberseguridad,MC1001,
qwen2.5-3b,short_answer,¿En qué trimestre se imparte esta materia?,"En el curso Seguridad y Criptografía de la Maestría en Ciberseguridad, ¿En qué trimestre se imparte esta materia?

Da una respuesta breve y directa, en una sola frase.",Cuarto trimestre,El curso Seguridad y Criptografía se imparte en el cuarto trimestre del programa de Maestría en Ciberseguridad.,MC1006-Políticas y Gobernanza en Ciberseguridad.txt;MC1006-Políticas y Gobernanza en Ciberseguridad.txt;MC1003-Seguridad y Criptografía.txt;MC1001-Análisis de datos en ciberseguridad.txt;MC3001-Seguridad de Software Avanzado.txt,0.58,Seguridad y Criptografía,MC1003,
qwen2.5-3b,short_answer,¿De qué curso de Blockchain es requisito esta materia?,"En el curso Seguridad y Criptografía de la Maestría en Ciberseguridad, ¿De qué curso de Blockchain es requisito esta materia?

Da una respuesta breve y directa, en una sola frase.",MC4001 Blockchain y Ledger Distribuidos,"El curso de Seguridad y Criptografía no es requisito del curso de Blockchain y Ledger Distribuidos, sino que es requisito del curso MC3008 Administración Segura de Datos.",MC1006-Políticas y Gobernanza en Ciberseguridad.txt;MC1006-Políticas y Gobernanza en Ciberseguridad.txt;MC3001-Seguridad de Software Avanzado.txt;MC1003-Seguridad y Criptografía.txt;MC1001-Análisis de datos en ciberseguridad.txt,0.75,Seguridad y Criptografía,MC1003,
qwen2.5-3b,short_answer,¿Qué porcentaje de la nota corresponde al examen final?,"En el curso Seguridad y Criptografía de la Maestría en Ciberseguridad, ¿Qué porcentaje de la nota corresponde al examen final?

Da una respuesta breve y directa, en una sola frase.",30%,El porcentaje del examen final no está especificado en el contexto proporcionado.,MC1003-Seguridad y Criptografía.txt;MC3001-Seguridad de Software Avanzado.txt;MC1006-Políticas y Gobernanza en Ciberseguridad.txt;MC1001-Análisis de datos en ciberseguridad.txt;MC3010-Cibercrimen.txt,0.43,Seguridad y Criptografía,MC1003,
qwen2.5-3b,short_answer,¿Cuántas horas de clase por semana tiene el curso?,"En el curso Seguridad y Criptografía de la Maestría en Ciberseguridad, ¿Cuántas horas de clase por semana tiene el curso?

Da una respuesta breve y directa, en una sola frase.",4 horas,El curso Seguridad y Criptografía tiene 4 horas de clase por semana.,MC3010-Cibercrimen.txt;MC1001-Análisis de datos en ciberseguridad.txt;MC1006-Políticas y Gobernanza en Ciberseguridad.txt;MC1003-Seguridad y Criptografía.txt;MC3001-Seguridad de Software Avanzado.txt,0.42,Seguridad y Criptografía,MC1003,
qwen2.5-3b,short_answer,"¿Quiénes son los autores del ""Handbook of applied cryptography"" incluido en la bibliografía?","En el curso Seguridad y Criptografía de la Maestría en Ciberseguridad, ¿Quiénes son los autores del ""Handbook of applied cryptography"" incluido en la bibliografía?

Da una respuesta breve y directa, en una sola frase.","Menezes, Van Oorschot y Vanstone","No se mencionan los autores del ""Handbook of applied cryptography"" en la bibliografía proporcionada.",MC1001-Análisis de datos en ciberseguridad.txt;MC1006-Políticas y Gobernanza en Ciberseguridad.txt;MC1006-Políticas y Gobernanza en Ciberseguridad.txt;MC6104-Diseño de Experimentos.txt;MC1003-Seguridad y Criptografía.txt,0.5,Seguridad y Criptografía,MC1003,
qwen2.5-3b,short_answer,¿Qué porcentaje de la calificación representan las tareas?,"En el curso Seguridad y Criptografía de la Maestría en Ciberseguridad, ¿Qué porcentaje de la calificación representan las tareas?

Da una respuesta breve y directa, en una sola frase.",50%,Las tareas representan 50% de la calificación.,MC1003-Seguridad y Criptografía.txt;MC3010-Cibercrimen.txt;MC3001-Seguridad de Software Avanzado.txt;MC1001-Análisis de datos en ciberseguridad.txt;MC1006-Políticas y Gobernanza en Ciberseguridad.txt,0.38,Seguridad y Criptografía,MC1003,
qwen2.5-3b,short_answer,¿Permite este curso la posibilidad de reconocimiento?,"En el curso Políticas y Gobernanza en Ciberseguridad de la Maestría en Ciberseguridad, ¿Permite este curso la posibilidad de reconocimiento?

Da una respuesta breve y directa, en una sola frase.",No,"Sí, permite la posibilidad de reconocimiento.",MC1006-Políticas y Gobernanza en Ciberseguridad.txt;MC1006-Políticas y Gobernanza en Ciberseguridad.txt;MC3010-Cibercrimen.txt;MC1003-Seguridad y Criptografía.txt;MC3001-Seguridad de Software Avanzado.txt,0.35,Políticas y Gobernanza en Ciberseguridad,MC1006,
qwen2.5-3b,short_answer,¿Qué porcentaje de la nota final representa el estudio de casos?,"En el curso Políticas y Gobernanza en Ciberseguridad de la Maestría en Ciberseguridad, ¿Qué porcentaje de la nota final representa el estudio de casos?

Da una respuesta breve y directa, en una sola frase.",40%,40%,MC1006-Políticas y Gobernanza en Ciberseguridad.txt;MC1006-Políticas y Gobernanza en Ciberseguridad.txt;MC2301-Planificación estratégica de tecnología de información.txt;MC1103-Gerencia de tecnología de información.txt;MC1101-Sistemas Estratégicos Empresariales.txt,0.19,Políticas y Gobernanza en Ciberseguridad,MC1006,
qwen2.5-3b,short_answer,¿En qué trimestre se ubica el curso?,"En el curso Políticas y Gobernanza en Ciberseguridad de la Maestría en Ciberseguridad, ¿En qué trimestre se ubica el curso?

Da una respuesta breve y directa, en una sola frase.",Primer trimestre,El curso Políticas y Gobernanza en Ciberseguridad se ubica en el tercer trimestre del programa de Maestría en Ciberseguridad.,MC1006-Políticas y Gobernanza en Ciberseguridad.txt;MC1006-Políticas y Gobernanza en Ciberseguridad.txt;MC3010-Cibercrimen.txt;MC1001-Análisis de datos en ciberseguridad.txt;MC1003-Seguridad y Criptografía.txt,0.66,Políticas y Gobernanza en Ciberseguridad,MC1006,
qwen2.5-3b,short_answer,¿Qué porcentaje de la nota corresponde a la investigación bibliográfica?,"En el curso Políticas y Gobernanza en Ciberseguridad de la Maestría en Ciberseguridad, ¿Qué porcentaje de la nota corresponde a la investigación bibliográfica?

Da una respuesta breve y directa, en una sola frase.",20%,20%,MC1006-Políticas y Gobernanza en Ciberseguridad.txt;MC1101-Sistemas Estratégicos Empresariales.txt;MC1006-Políticas y Gobernanza en Ciberseguridad.txt;MC6104-Diseño de Experimentos.txt;MC2301-Planificación estratégica de tecnología de información.txt,0.17,Políticas y Gobernanza en Ciberseguridad,MC1006,
qwen2.5-3b,short_answer,¿Cuál es la vigencia de este programa?,"En el curso Políticas y Gobernanza en Ciberseguridad de la Maestría en Ciberseguridad, ¿Cuál es la vigencia de este programa?

Da una respuesta breve y directa, en una sola frase.",2023,La vigencia del programa de Políticas y Gobernanza en Ciberseguridad es 2023.,MC1006-Políticas y Gobernanza en Ciberseguridad.txt;MC1006-Políticas y Gobernanza en Ciberseguridad.txt;MC3001-Seguridad de Software Avanzado.txt;MC3010-Cibercrimen.txt;MC1003-Seguridad y Criptografía.txt,0.55,Políticas y Gobernanza en Ciberseguridad,MC1006,
qwen2.5-3b,short_answer,¿Cuántas horas extraclase por semana se requieren?,"En el curso Políticas y Gobernanza en Ciberseguridad de la Maestría en Ciberseguridad, ¿Cuántas horas extraclase por semana se requieren?

Da una respuesta breve y directa, en una sola frase.",14 horas,14 horas extraclase por semana.,MC1006-Políticas y Gobernanza en Ciberseguridad.txt;MC1001-Análisis de datos en ciberseguridad.txt;MC3010-Cibercrimen.txt;MC3001-Seguridad de Software Avanzado.txt;MC1003-Seguridad y Criptografía.txt,0.32,Políticas y Gobernanza en Ciberseguridad,MC1006,
qwen2.5-3b,short_answer,¿En qué área del plan de estudios se ubica este curso?,"En el curso Seguridad de Software Avanzado de la Maestría en Ciberseguridad, ¿En qué área del plan de estudios se ubica este curso?

Da una respuesta breve y directa, en una sola frase.",Área de tópicos electivos profesionalizantes,El curso Seguridad de Software Avanzado se ubica en la área de tópicos electivos profesionales del plan de estudios.,MC1006-Políticas y Gobernanza en Ciberseguridad.txt;MC1006-Políticas y Gobernanza en Ciberseguridad.txt;MC3001-Seguridad de Software Avanzado.txt;MC1003-Seguridad y Criptografía.txt;MC3010-Cibercrimen.txt,0.6,Seguridad de Software Avanzado,MC3001,
qwen2.5-3b,short_answer,¿Permite el curso la modalidad de suficiencia?,"En el curso Seguridad de Software Avanzado de la Maestría en Ciberseguridad, ¿Permite el curso la modalidad de suficiencia?

Da una respuesta breve y directa, en una sola frase.",No,"No, el curso no permite la modalidad de suficiencia.",MC3001-Seguridad de Software Avanzado.txt;MC1006-Políticas y Gobernanza en Ciberseguridad.txt;MC1003-Seguridad y Criptografía.txt;MC1006-Políticas y Gobernanza en Ciberseguridad.txt;MC3010-Cibercrimen.txt,0.38,Seguridad de Software Avanzado,MC3001,
qwen2.5-3b,short_answer,¿Qué porcentaje de la nota valen las tareas programadas?,"En el curso Seguridad de Software Avanzado de la Maestría en Ciberseguridad, ¿Qué porcentaje de la nota valen las tareas programadas?

Da una respuesta breve y directa, en una sola frase.",40%,Las tareas valen 50% de la nota.,MC3001-Seguridad de Software Avanzado.txt;MC1003-Seguridad y Criptografía.txt;MC3010-Cibercrimen.txt;MC1001-Análisis de datos en ciberseguridad.txt;MC1006-Políticas y Gobernanza en Ciberseguridad.txt,0.37,Seguridad de Software Avanzado,MC3001,
qwen2.5-3b,short_answer,¿De qué curso de defensa y ataque es requisito esta materia?,"En el curso Seguridad de Software Avanzado de la Maestría en Ciberseguridad, ¿De qué curso de defensa y ataque es requisito esta materia?

Da una respuesta breve y directa, en una sola frase.",MC3006 Defensa y Ataque de Sistemas,El curso de Defensa y Ataque de Sistemas es requisito de Seguridad de Software Avanzado en la Maestría en Ciberseguridad.,MC1006-Políticas y Gobernanza en Ciberseguridad.txt;MC1006-Políticas y Gobernanza en Ciberseguridad.txt;MC3001-Seguridad de Software Avanzado.txt;MC1003-Seguridad y Criptografía.txt;MC3010-Cibercrimen.txt,0.65,Seguridad de Software Avanzado,MC3001,
qwen2.5-3b,short_answer,¿Qué porcentaje de la nota final corresponde al examen final?,"En el curso Seguridad de Software Avanzado de la Maestría en Ciberseguridad, ¿Qué porcentaje de la nota final corresponde al examen final?

Da una respuesta breve y directa, en una sola frase.",30%,El 15% de la nota final corresponde al exámen parcial.,MC3001-Seguridad de Software Avanzado.txt;MC1003-Seguridad y Criptografía.txt;MC6004-Sistemas Operativos Avanzados.txt;MC3010-Cibercrimen.txt;MC1001-Análisis de datos en ciberseguridad.txt,0.41,Seguridad de Software Avanzado,MC3001,
qwen2.5-3b,short_answer,¿Cuál es el valor porcentual del reporte de lecturas?,"En el curso Seguridad de Software Avanzado de la Maestría en Ciberseguridad, ¿Cuál es el valor porcentual del reporte de lecturas?

Da una respuesta breve y directa, en una sola frase.",10%,El valor porcentual del reporte de lecturas es 5%.,MC3001-Seguridad de Software Avanzado.txt;MC1001-Análisis de datos en ciberseguridad.txt;MC1003-Seguridad y Criptografía.txt;MC1001-Análisis de datos en ciberseguridad.txt;MC3010-Cibercrimen.txt,0.39,Seguridad de Software Avanzado,MC3001,
qwen2.5-3b,short_answer,¿Es este curso obligatorio o electivo?,"En el curso Cibercrimen de la Maestría en Ciberseguridad, ¿Es este curso obligatorio o electivo?

Da una respuesta breve y directa, en una sola frase.",Electivo,El curso Cibercrimen es electivo.,MC1006-Políticas y Gobernanza en Ciberseguridad.txt;MC3010-Cibercrimen.txt;MC1006-Políticas y Gobernanza en Ciberseguridad.txt;MC3001-Seguridad de Software Avanzado.txt;MC1003-Seguridad y Criptografía.txt,0.35,Cibercrimen,MC3010,
qwen2.5-3b,short_answer,¿Permite la posibilidad de reconocimiento?,"En el curso Cibercrimen de la Maestría en Ciberseguridad, ¿Permite la posibilidad de reconocimiento?

Da una respuesta breve y directa, en una sola frase.",No,"Sí, permite la posibilidad de reconocimiento.",MC1001-Análisis de datos en ciberseguridad.txt;MC1006-Políticas y Gobernanza en Ciberseguridad.txt;MC1006-Políticas y Gobernanza en Ciberseguridad.txt;MC3010-Cibercrimen.txt;MC1003-Seguridad y Criptografía.txt,0.35,Cibercrimen,MC3010,
qwen2.5-3b,short_answer,¿Qué porcentaje de la nota final representa la investigación?,"En el curso Cibercrimen de la Maestría en Ciberseguridad, ¿Qué porcentaje de la nota final representa la investigación?

Da una respuesta breve y directa, en una sola frase.",40%,40%,MC2301-Planificación estratégica de tecnología de información.txt;MC1006-Políticas y Gobernanza en Ciberseguridad.txt;MC3010-Cibercrimen.txt;MC1006-Políticas y Gobernanza en Ciberseguridad.txt;MC1101-Sistemas Estratégicos Empresariales.txt,0.19,Cibercrimen,MC3010,
qwen2.5-3b,short_answer,¿Qué porcentaje de la evaluación corresponde al estudio de casos?,"En el curso Cibercrimen de la Maestría en Ciberseguridad, ¿Qué porcentaje de la evaluación corresponde al estudio de casos?

Da una respuesta breve y directa, en una sola frase.",40%,40%,MC1103-Gerencia de tecnología de información.txt;MC3010-Cibercrimen.txt;MC2301-Planificación estratégica de tecnología de información.txt;MC1101-Sistemas Estratégicos Empresariales.txt;MC3010-Cibercrimen.txt,0.18,Cibercrimen,MC3010,
qwen2.5-3b,short_answer,¿Qué software específico se menciona en los contenidos para el análisis de datos?,"En el curso Cibercrimen de la Maestría en Ciberseguridad, ¿Qué software específico se menciona en los contenidos para el análisis de datos?

Da una respuesta breve y directa, en una sola frase.",SPSS,No se menciona ningún software específico en los contenidos para el análisis de datos en el curso Ciberseguridad.,MC1001-Análisis de datos en ciberseguridad.txt;MC1006-Políticas y Gobernanza en Ciberseguridad.txt;MC1006-Políticas y Gobernanza en Ciberseguridad.txt;MC3001-Seguridad de Software Avanzado.txt;MC1001-Análisis de datos en ciberseguridad.txt,0.51,Cibercrimen,MC3010,
qwen2.5-3b,short_answer,¿Qué porcentaje de la nota representan las pruebas cortas o comprobaciones?,"En el curso Cibercrimen de la Maestría en Ciberseguridad, ¿Qué porcentaje de la nota representan las pruebas cortas o comprobaciones?

Da una respuesta breve y directa, en una sola frase.",20%,Las pruebas cortas o comprobaciones de lectura representan 40% de la nota en el curso Cibercrimen.,MC1003-Seguridad y Criptografía.txt;MC3010-Cibercrimen.txt;MC1001-Análisis de datos en ciberseguridad.txt;MC6004-Sistemas Operativos Avanzados.txt;MC2301-Planificación estratégica de tecnología de información.txt,0.54,Cibercrimen,MC3010,
qwen2.5-3b,short_answer,¿En qué año se aprobó y actualizó este programa?,"En el curso Sistemas Estratégicos Empresariales de la Maestría en Gerencia de Tecnologías de la Información, ¿En qué año se aprobó y actualizó este programa?

Da una respuesta breve y directa, en una sola frase.",2025,El programa se aprobó y actualizó en 2025.,MC1101-Sistemas Estratégicos Empresariales.txt;MC2301-Planificación estratégica de tecnología de información.txt;MC2301-Planificación estratégica de tecnología de información.txt;MC1201-Administración financiera de tecnología de información.txt;MC1103-Gerencia de tecnología de información.txt,0.39,Sistemas Estratégicos Empresariales,MC1101,
qwen2.5-3b,short_answer,¿Qué porcentaje de la nota final es la investigación en sistema empresarial?,"En el curso Sistemas Estratégicos Empresariales de la Maestría en Gerencia de Tecnologías de la Información, ¿Qué porcentaje de la nota final es la investigación en sistema empresarial?

Da una respuesta breve y directa, en una sola frase.",40%,40% de la nota final en el curso Sistemas Estratégicos Empresariales proviene de la investigación en sistema empresarial.,MC1101-Sistemas Estratégicos Empresariales.txt;MC2301-Planificación estratégica de tecnología de información.txt;MC1101-Sistemas Estratégicos Empresariales.txt;MC2301-Planificación estratégica de tecnología de información.txt;MC1103-Gerencia de tecnología de información.txt,0.54,Sistemas Estratégicos Empresariales,MC1101,
qwen2.5-3b,short_answer,¿En qué semestre del programa se ubica este curso?,"En el curso Sistemas Estratégicos Empresariales de la Maestría en Gerencia de Tecnologías de la Información, ¿En qué semestre del programa se ubica este curso?

Da una respuesta breve y directa, en una sola frase.",I semestre,El curso Sistemas Estratégicos Empresariales se ubica en el primer semestre del programa de Maestría en Gerencia de Tecnologías de la Información.,MC1101-Sistemas Estratégicos Empresariales.txt;MC2301-Planificación estratégica de tecnología de información.txt;MC1203-Administración y estrategia de proyectos I.txt;MC2301-Planificación estratégica de tecnología de información.txt;MC1201-Administración financiera de tecnología de información.txt,0.66,Sistemas Estratégicos Empresariales,MC1101,
qwen2.5-3b,short_answer,¿Qué porcentaje total suman los dos exámenes parciales?,"En el curso Sistemas Estratégicos Empresariales de la Maestría en Gerencia de Tecnologías de la Información, ¿Qué porcentaje total suman los dos exámenes parciales?

Da una respuesta breve y directa, en una sola frase.",40%,20%,MC1101-Sistemas Estratégicos Empresariales.txt;MC2301-Planificación estratégica de tecnología de información.txt;MC1003-Seguridad y Criptografía.txt;MC6004-Sistemas Operativos Avanzados.txt;MC6104-Diseño de Experimentos.txt,0.12,Sistemas Estratégicos Empresariales,MC1101,
qwen2.5-3b,short_answer,¿Cuántas horas de clase por semana tiene la materia?,"En el curso Sistemas Estratégicos Empresariales de la Maestría en Gerencia de Tecnologías de la Información, ¿Cuántas horas de clase por semana tiene la materia?

Da una respuesta breve y directa, en una sola frase.",3 horas,El curso Sistemas Estratégicos Empresariales tiene 3 horas de clase por semana.,MC1101-Sistemas Estratégicos Empresariales.txt;MC1103-Gerencia de tecnología de información.txt;MC1201-Administración financiera de tecnología de información.txt;MC1203-Administración y estrategia de proyectos I.txt;MC2301-Planificación estratégica de tecnología de información.txt,0.46,Sistemas Estratégicos Empresariales,MC1101,
qwen2.5-3b,short_answer,¿Quién es el autor de los artículos sobre las cinco fuerzas competitivas citados?,"En el curso Sistemas Estratégicos Empresariales de la Maestría en Gerencia de Tecnologías de la Información, ¿Quién es el autor de los artículos sobre las cinco fuerzas competitivas citados?

Da una respuesta breve y directa, en una sola frase.",Michael Porter,No se menciona el autor de los artículos sobre las cinco fuerzas competitivas en el contexto proporcionado.,MC1101-Sistemas Estratégicos Empresariales.txt;MC1101-Sistemas Estratégicos Empresariales.txt;MC1006-Políticas y Gobernanza en Ciberseguridad.txt;MC2301-Planificación estratégica de tecnología de información.txt;MC1006-Políticas y Gobernanza en Ciberseguridad.txt,0.45,Sistemas Estratégicos Empresariales,MC1101,
qwen2.5-3b,short_answer,¿Permite este curso la suficiencia?,"En el curso Gerencia de Tecnología de Información de la Maestría en Gerencia de Tecnologías de la Información, ¿Permite este curso la suficiencia?

Da una respuesta breve y directa, en una sola frase.",No,"No, la suficiencia no está permitida.",MC2301-Planificación estratégica de tecnología de información.txt;MC1103-Gerencia de tecnología de información.txt;MC7201-Introducción a la Investigación.txt;MC1101-Sistemas Estratégicos Empresariales.txt;MC1103-Gerencia de tecnología de información.txt,0.31,Gerencia de Tecnología de Información,MC1103,
qwen2.5-3b,short_answer,¿En qué semestre del programa se ubica (indicado como código)?,"En el curso Gerencia de Tecnología de Información de la Maestría en Gerencia de Tecnologías de la Información, ¿En qué semestre del programa se ubica (indicado como código)?

Da una respuesta breve y directa, en una sola frase.",P4 semestre,"El curso Gerencia de Tecnología de Información se ubica en el código MC1103, lo cual indica que está en el primer semestre del programa.",MC1103-Gerencia de tecnología de información.txt;MC1201-Administración financiera de tecnología de información.txt;MC1101-Sistemas Estratégicos Empresariales.txt;MC1203-Administración y estrategia de proyectos I.txt;MC2301-Planificación estratégica de tecnología de información.txt,0.64,Gerencia de Tecnología de Información,MC1103,
qwen2.5-3b,short_answer,¿Qué porcentaje de la evaluación corresponde al estudio de casos?,"En el curso Gerencia de Tecnología de Información de la Maestría en Gerencia de Tecnologías de la Información, ¿Qué porcentaje de la evaluación corresponde al estudio de casos?

Da una respuesta breve y directa, en una sola frase.",40%,40%,MC1103-Gerencia de tecnología de información.txt;MC1101-Sistemas Estratégicos Empresariales.txt;MC2301-Planificación estratégica de tecnología de información.txt;MC1003-Seguridad y Criptografía.txt;MC6004-Sistemas Operativos Avanzados.txt,0.15,Gerencia de Tecnología de Información,MC1103,
qwen2.5-3b,short_answer,¿Qué porcentaje de la nota es la investigación bibliográfica y exposición?,"En el curso Gerencia de Tecnología de Información de la Maestría en Gerencia de Tecnologías de la Información, ¿Qué porcentaje de la nota es la investigación bibliográfica y exposición?

Da una respuesta breve y directa, en una sola frase.",20%,20%,MC1101-Sistemas Estratégicos Empresariales.txt;MC2301-Planificación estratégica de tecnología de información.txt;MC6104-Diseño de Experimentos.txt;MC6004-Sistemas Operativos Avanzados.txt;MC1103-Gerencia de tecnología de información.txt,0.15,Gerencia de Tecnología de Información,MC1103,
qwen2.5-3b,short_answer,¿Cuántas horas extraclase se requieren semanalmente?,"En el curso Gerencia de Tecnología de Información de la Maestría en Gerencia de Tecnologías de la Información, ¿Cuántas horas extraclase se requieren semanalmente?

Da una respuesta breve y directa, en una sola frase.",9 horas,Se requieren 9 horas extraclase semanalmente.,MC1103-Gerencia de tecnología de información.txt;MC1201-Administración financiera de tecnología de información.txt;MC1203-Administración y estrategia de proyectos I.txt;MC1101-Sistemas Estratégicos Empresariales.txt;MC2301-Planificación estratégica de tecnología de información.txt,0.35,Gerencia de Tecnología de Información,MC1103,
qwen2.5-3b,short_answer,¿Es posible el reconocimiento del curso?,"En el curso Gerencia de Tecnología de Información de la Maestría en Gerencia de Tecnologías de la Información, ¿Es posible el reconocimiento del curso?

Da una respuesta breve y directa, en una sola frase.",No,No es posible el reconocimiento del curso.,MC7201-Introducción a la Investigación.txt;MC1103-Gerencia de tecnología de información.txt;MC2301-Planificación estratégica de tecnología de información.txt;MC6004-Sistemas Operativos Avanzados.txt;MC1103-Gerencia de tecnología de información.txt,0.29,Gerencia de Tecnología de Información,MC1103,
qwen2.5-3b,short_answer,¿Permite este curso la posibilidad de reconocimiento?,"En el curso Administración Financiera de TI de la Maestría en Gerencia de Tecnologías de la Información, ¿Permite este curso la posibilidad de reconocimiento?

Da una respuesta breve y directa, en una sola frase.",Sí,"Sí, permite la posibilidad de reconocimiento.",MC2301-Planificación estratégica de tecnología de información.txt;MC1201-Administración financiera de tecnología de información.txt;MC1101-Sistemas Estratégicos Empresariales.txt;MC1103-Gerencia de tecnología de información.txt;MC1103-Gerencia de tecnología de información.txt,0.31,Administración Financiera de TI,MC1201,
qwen2.5-3b,short_answer,¿En qué semestre se ubica la materia?,"En el curso Administración Financiera de TI de la Maestría en Gerencia de Tecnologías de la Información, ¿En qué semestre se ubica la materia?

Da una respuesta breve y directa, en una sola frase.",2do semestre,El curso Administración Financiera de TI se ubica en el 2do semestre del Programa de Maestría en Gerencia de Tecnologías de la Información.,MC1201-Administración financiera de tecnología de información.txt;MC1101-Sistemas Estratégicos Empresariales.txt;MC1201-Administración financiera de tecnología de información.txt;MC2301-Planificación estratégica de tecnología de información.txt;MC2301-Planificación estratégica de tecnología de información.txt,0.67,Administración Financiera de TI,MC1201,
qwen2.5-3b,short_answer,¿Qué porcentaje total de la nota suman los dos exámenes parciales?,"En el curso Administración Financiera de TI de la Maestría en Gerencia de Tecnologías de la Información, ¿Qué porcentaje total de la nota suman los dos exámenes parciales?

Da una respuesta breve y directa, en una sola frase.",50%,10%,MC6004-Sistemas Operativos Avanzados.txt;MC1101-Sistemas Estratégicos Empresariales.txt;MC1003-Seguridad y Criptografía.txt;MC2301-Planificación estratégica de tecnología de información.txt;MC1201-Administración financiera de tecnología de información.txt,0.15,Administración Financiera de TI,MC1201,
qwen2.5-3b,short_answer,¿Qué porcentaje de la evaluación corresponde a la investigación bibliográfica?,"En el curso Administración Financiera de TI de la Maestría en Gerencia de Tecnologías de la Información, ¿Qué porcentaje de la evaluación corresponde a la investigación bibliográfica?

Da una respuesta breve y directa, en una sola frase.",20%,20%,MC1101-Sistemas Estratégicos Empresariales.txt;MC2301-Planificación estratégica de tecnología de información.txt;MC1003-Seguridad y Criptografía.txt;MC1103-Gerencia de tecnología de información.txt;MC6104-Diseño de Experimentos.txt,0.15,Administración Financiera de TI,MC1201,
qwen2.5-3b,short_answer,¿Qué porcentaje de la nota representan las comprobaciones de lectura?,"En el curso Administración Financiera de TI de la Maestría en Gerencia de Tecnologías de la Información, ¿Qué porcentaje de la nota representan las comprobaciones de lectura?

Da una respuesta breve y directa, en una sola frase.",15%,No hay información sobre comprobaciones de lectura en el curso Administración Financiera de TI de la Maestría en Gerencia de Tecnologías de la Información.,MC6004-Sistemas Operativos Avanzados.txt;MC1101-Sistemas Estratégicos Empresariales.txt;MC2301-Planificación estratégica de tecnología de información.txt;MC1003-Seguridad y Criptografía.txt;MC6104-Diseño de Experimentos.txt,0.56,Administración Financiera de TI,MC1201,
qwen2.5-3b,short_answer,¿Permite el curso la suficiencia?,"En el curso Administración Financiera de TI de la Maestría en Gerencia de Tecnologías de la Información, ¿Permite el curso la suficiencia?

Da una respuesta breve y directa, en una sola frase.",No,No indica que permite la suficiencia.,MC2301-Planificación estratégica de tecnología de información.txt;MC1201-Administración financiera de tecnología de información.txt;MC1101-Sistemas Estratégicos Empresariales.txt;MC1103-Gerencia de tecnología de información.txt;MC1201-Administración financiera de tecnología de información.txt,0.29,Administración Financiera de TI,MC1201,
qwen2.5-3b,short_answer,¿De qué curso de nivel II es requisito esta materia?,"En el curso Administración y Estrategia de Proyectos I de la Maestría en Gerencia de Tecnologías de la Información, ¿De qué curso de nivel II es requisito esta materia?

Da una respuesta breve y directa, en una sola frase.",MC-6204 Administración y estrategia de proyectos II,El curso Administración y Estrategia de Proyectos I de la Maestría en Gerencia de Tecnologías de la Información no es un requisito de ningún otro curso de nivel II según la información proporcionada.,MC1103-Gerencia de tecnología de información.txt;MC2301-Planificación estratégica de tecnología de información.txt;MC1203-Administración y estrategia de proyectos I.txt;MC1203-Administración y estrategia de proyectos I.txt;MC1003-Seguridad y Criptografía.txt,0.71,Administración y Estrategia de Proyectos I,MC1203,
qwen2.5-3b,short_answer,¿Cuál es el tipo de curso según los datos generales?,"En el curso Administración y Estrategia de Proyectos I de la Maestría en Gerencia de Tecnologías de la Información, ¿Cuál es el tipo de curso según los datos generales?

Da una respuesta breve y directa, en una sola frase.",Teórico,El curso Administración y Estrategia de Proyectos I es un curso teórico obligatorio de 4 créditos en la Maestría en Gerencia de Tecnologías de la Información.,MC2301-Planificación estratégica de tecnología de información.txt;MC1103-Gerencia de tecnología de información.txt;MC1101-Sistemas Estratégicos Empresariales.txt;MC1203-Administración y estrategia de proyectos I.txt;MC1203-Administración y estrategia de proyectos I.txt,0.72,Administración y Estrategia de Proyectos I,MC1203,
qwen2.5-3b,short_answer,¿En qué semestre del programa se ubica?,"En el curso Administración y Estrategia de Proyectos I de la Maestría en Gerencia de Tecnologías de la Información, ¿En qué semestre del programa se ubica?

Da una respuesta breve y directa, en una sola frase.",3er semestre,El curso Administración y Estrategia de Proyectos I se ubica en el 3er semestre del programa de Maestría en Gerencia de Tecnologías de la Información.,MC1203-Administración y estrategia de proyectos I.txt;MC2301-Planificación estratégica de tecnología de información.txt;MC1103-Gerencia de tecnología de información.txt;MC1203-Administración y estrategia de proyectos I.txt;MC1101-Sistemas Estratégicos Empresariales.txt,0.66,Administración y Estrategia de Proyectos I,MC1203,
qwen2.5-3b,short_answer,¿Qué porcentaje de la nota final corresponde a la escritura de dos ensayos individuales?,"En el curso Administración y Estrategia de Proyectos I de la Maestría en Gerencia de Tecnologías de la Información, ¿Qué porcentaje de la nota final corresponde a la escritura de dos ensayos individuales?

Da una respuesta breve y directa, en una sola frase.",30%,No hay información sobre ensayos individuales en el curso Administración y Estrategia de Proyectos I de la Maestría en Gerencia de Tecnologías de la Información.,MC6004-Sistemas Operativos Avanzados.txt;MC2301-Planificación estratégica de tecnología de información.txt;MC1003-Seguridad y Criptografía.txt;MC1101-Sistemas Estratégicos Empresariales.txt;MC1103-Gerencia de tecnología de información.txt,0.62,Administración y Estrategia de Proyectos I,MC1203,
qwen2.5-3b,short_answer,¿Qué porcentaje de la evaluación es la resolución de casos prácticos?,"En el curso Administración y Estrategia de Proyectos I de la Maestría en Gerencia de Tecnologías de la Información, ¿Qué porcentaje de la evaluación es la resolución de casos prácticos?

Da una respuesta breve y directa, en una sola frase.",25%,25%,MC2301-Planificación estratégica de tecnología de información.txt;MC1103-Gerencia de tecnología de información.txt;MC1003-Seguridad y Criptografía.txt;MC1101-Sistemas Estratégicos Empresariales.txt;MC1203-Administración y estrategia de proyectos I.txt,0.15,Administración y Estrategia de Proyectos I,MC1203,
qwen2.5-3b,short_answer,¿Qué porcentaje de la nota vale la investigación sobre un tema seleccionado?,"En el curso Administración y Estrategia de Proyectos I de la Maestría en Gerencia de Tecnologías de la Información, ¿Qué porcentaje de la nota vale la investigación sobre un tema seleccionado?

Da una respuesta breve y directa, en una sola frase.",25%,20%,MC2301-Planificación estratégica de tecnología de información.txt;MC1101-Sistemas Estratégicos Empresariales.txt;MC1003-Seguridad y Criptografía.txt;MC1103-Gerencia de tecnología de información.txt;MC6004-Sistemas Operativos Avanzados.txt,0.15,Administración y Estrategia de Proyectos I,MC1203,
qwen2.5-3b,short_answer,¿Con cuántas faltas de asistencia injustificadas se reprueba el curso?,"En el curso Planificación Estratégica de TI de la Maestría en Gerencia de Tecnologías de la Información, ¿Con cuántas faltas de asistencia injustificadas se reprueba el curso?

Da una respuesta breve y directa, en una sola frase.",4 faltas,No hay información sobre el número de faltas de asistencia injustificadas necesarias para reprobar el curso en el texto proporcionado.,MC2301-Planificación estratégica de tecnología de información.txt;MC6004-Sistemas Operativos Avanzados.txt;MC1103-Gerencia de tecnología de información.txt;MC1203-Administración y estrategia de proyectos I.txt;MC1101-Sistemas Estratégicos Empresariales.txt,0.52,Planificación Estratégica de TI,MC2301,
qwen2.5-3b,short_answer,¿Qué porcentaje de la nota final representa la resolución de casos?,"En el curso Planificación Estratégica de TI de la Maestría en Gerencia de Tecnologías de la Información, ¿Qué porcentaje de la nota final representa la resolución de casos?

Da una respuesta breve y directa, en una sola frase.",40%,40%,MC2301-Planificación estratégica de tecnología de información.txt;MC1103-Gerencia de tecnología de información.txt;MC6004-Sistemas Operativos Avanzados.txt;MC1101-Sistemas Estratégicos Empresariales.txt;MC1103-Gerencia de tecnología de información.txt,0.17,Planificación Estratégica de TI,MC2301,
qwen2.5-3b,short_answer,¿Cuántos minutos después de la hora oficial de entrada se consideran para marcar ausencia?,"En el curso Planificación Estratégica de TI de la Maestría en Gerencia de Tecnologías de la Información, ¿Cuántos minutos después de la hora oficial de entrada se consideran para marcar ausencia?

Da una respuesta breve y directa, en una sola frase.",30 minutos,No se menciona cuántos minutos después de la hora oficial de entrada se considera ausencia.,MC1203-Administración y estrategia de proyectos I.txt;MC1101-Sistemas Estratégicos Empresariales.txt;MC2301-Planificación estratégica de tecnología de información.txt;MC6004-Sistemas Operativos Avanzados.txt;MC1103-Gerencia de tecnología de información.txt,0.46,Planificación Estratégica de TI,MC2301,
qwen2.5-3b,short_answer,¿Qué porcentaje de la evaluación corresponde a la investigación bibliográfica?,"En el curso Planificación Estratégica de TI de la Maestría en Gerencia de Tecnologías de la Información, ¿Qué porcentaje de la evaluación corresponde a la investigación bibliográfica?

Da una respuesta breve y directa, en una sola frase.",20%,40%,MC2301-Planificación estratégica de tecnología de información.txt;MC1101-Sistemas Estratégicos Empresariales.txt;MC1003-Seguridad y Criptografía.txt;MC1103-Gerencia de tecnología de información.txt;MC1103-Gerencia de tecnología de información.txt,0.17,Planificación Estratégica de TI,MC2301,
qwen2.5-3b,short_answer,¿Permite el curso la suficiencia?,"En el curso Planificación Estratégica de TI de la Maestría en Gerencia de Tecnologías de la Información, ¿Permite el curso la suficiencia?

Da una respuesta breve y directa, en una sola frase.",No,No permite la suficiencia.,MC1103-Gerencia de tecnología de información.txt;MC2301-Planificación estratégica de tecnología de información.txt;MC2301-Planificación estratégica de tecnología de información.txt;MC1101-Sistemas Estratégicos Empresariales.txt;MC1203-Administración y estrategia de proyectos I.txt,0.26,Planificación Estratégica de TI,MC2301,
qwen2.5-3b,short_answer,"¿Qué porcentaje de la nota representan las pruebas cortas, comprobaciones y ensayos?","En el curso Planificación Estratégica de TI de la Maestría en Gerencia de Tecnologías de la Información, ¿Qué porcentaje de la nota representan las pruebas cortas, comprobaciones y ensayos?

Da una respuesta breve y directa, en una sola frase.",40%,40%,MC2301-Planificación estratégica de tecnología de información.txt;MC6004-Sistemas Operativos Avanzados.txt;MC1101-Sistemas Estratégicos Empresariales.txt;MC1003-Seguridad y Criptografía.txt;MC1103-Gerencia de tecnología de información.txt,0.15,Planificación Estratégica de TI,MC2301,
qwen2.5-3b,short_answer,¿En qué periodo del plan de estudios se ubica?,"En el curso Teoría de Autómatas de la Maestría en Computación, ¿En qué periodo del plan de estudios se ubica?

Da una respuesta breve y directa, en una sola frase.",II Periodo,"El curso Teoría de Autómatas se ubica en el periodo del Plan de Estudios de Maestría en Computación con Énfasis en Ciencias de la Computación, en el bloque correspondiente a la asignatura II.",MC6003-Teoría de Autómatas.txt;MC6104-Diseño de Experimentos.txt;MC7201-Introducción a la Investigación.txt;MC6102-Análisis de Algoritmos.txt;MC2301-Planificación estratégica de tecnología de información.txt,0.85,Teoría de Autómatas,MC6003,
qwen2.5-3b,short_answer,¿Quién es el profesor titular del curso?,"En el curso Teoría de Autómatas de la Maestría en Computación, ¿Quién es el profesor titular del curso?

Da una respuesta breve y directa, en una sola frase.",Erick Mata Montero,No se menciona el nombre del profesor titular del curso Teoría de Autómatas en el contexto proporcionado.,MC7201-Introducción a la Investigación.txt;MC6003-Teoría de Autómatas.txt;MC6102-Análisis de Algoritmos.txt;MC7201-Introducción a la Investigación.txt;MC6104-Diseño de Experimentos.txt,0.54,Teoría de Autómatas,MC6003,
qwen2.5-3b,short_answer,¿Qué porcentaje de la nota final representa el examen final?,"En el curso Teoría de Autómatas de la Maestría en Computación, ¿Qué porcentaje de la nota final representa el examen final?

Da una respuesta breve y directa, en una sola frase.",30%,El examen final representa 25% de la nota final en el curso Teoría de Autómatas.,MC6004-Sistemas Operativos Avanzados.txt;MC1003-Seguridad y Criptografía.txt;MC6104-Diseño de Experimentos.txt;MC6003-Teoría de Autómatas.txt;MC2301-Planificación estratégica de tecnología de información.txt,0.46,Teoría de Autómatas,MC6003,
qwen2.5-3b,short_answer,¿Cuál es el porcentaje asignado al examen parcial?,"En el curso Teoría de Autómatas de la Maestría en Computación, ¿Cuál es el porcentaje asignado al examen parcial?

Da una respuesta breve y directa, en una sola frase.",20%,No hay información sobre el porcentaje asignado al examen parcial en el curso Teoría de Autómatas.,MC1003-Seguridad y Criptografía.txt;MC6003-Teoría de Autómatas.txt;MC6004-Sistemas Operativos Avanzados.txt;MC2301-Planificación estratégica de tecnología de información.txt;MC1101-Sistemas Estratégicos Empresariales.txt,0.45,Teoría de Autómatas,MC6003,
qwen2.5-3b,short_answer,¿Permite el curso la modalidad de suficiencia?,"En el curso Teoría de Autómatas de la Maestría en Computación, ¿Permite el curso la modalidad de suficiencia?

Da una respuesta breve y directa, en una sola frase.",Sí,No se menciona explícitamente la modalidad de suficiencia en el curso Teoría de Autómatas.,MC6003-Teoría de Autómatas.txt;MC6102-Análisis de Algoritmos.txt;MC6102-Análisis de Algoritmos.txt;MC7201-Introducción a la Investigación.txt;MC6104-Diseño de Experimentos.txt,0.57,Teoría de Autómatas,MC6003,
qwen2.5-3b,short_answer,¿Quiénes son los autores principales del libro de texto base?,"En el curso Teoría de Autómatas de la Maestría en Computación, ¿Quiénes son los autores principales del libro de texto base?

Da una respuesta breve y directa, en una sola frase.",Hopcroft et al.,El libro de texto base para el curso Teoría de Autómatas no menciona autores específicos en el contexto proporcionado.,MC6104-Diseño de Experimentos.txt;MC7201-Introducción a la Investigación.txt;MC7201-Introducción a la Investigación.txt;MC6102-Análisis de Algoritmos.txt;MC6003-Teoría de Autómatas.txt,0.58,Teoría de Autómatas,MC6003,
qwen2.5-3b,short_answer,¿De qué curso de redes es requisito esta materia?,"En el curso Sistemas Operativos Avanzados de la Maestría en Computación, ¿De qué curso de redes es requisito esta materia?

Da una respuesta breve y directa, en una sola frase.",MC-6006 Redes de Computadores Avanzadas,El curso de Redes Avanzadas no es requisito del curso Sistemas Operativos Avanzados en esta versión del programa de maestría en computación.,MC6004-Sistemas Operativos Avanzados.txt;MC6102-Análisis de Algoritmos.txt;MC6104-Diseño de Experimentos.txt;MC1103-Gerencia de tecnología de información.txt;MC7201-Introducción a la Investigación.txt,0.67,Sistemas Operativos Avanzados,MC6004,
qwen2.5-3b,short_answer,¿Cuál es la duración mínima exigida para la presentación oral?,"En el curso Sistemas Operativos Avanzados de la Maestría en Computación, ¿Cuál es la duración mínima exigida para la presentación oral?

Da una respuesta breve y directa, en una sola frase.",16 minutos,La duración mínima exigida para la presentación oral es 16 minutos.,MC6004-Sistemas Operativos Avanzados.txt;MC6004-Sistemas Operativos Avanzados.txt;MC7201-Introducción a la Investigación.txt;MC6104-Diseño de Experimentos.txt;MC1103-Gerencia de tecnología de información.txt,0.41,Sistemas Operativos Avanzados,MC6004,
qwen2.5-3b,short_answer,¿En qué formato deben confeccionarse los reportes de proyectos y el paper?,"En el curso Sistemas Operativos Avanzados de la Maestría en Computación, ¿En qué formato deben confeccionarse los reportes de proyectos y el paper?

Da una respuesta breve y directa, en una sola frase.",IEEE Transactions,"Los reportes de proyectos y el paper deben confeccionarse en formato de resúmenes escritos, con cada resumen dividido en dos partes: un resumen del material del paper y la respuesta a cinco preguntas claves sobre el artículo científico.",MC6004-Sistemas Operativos Avanzados.txt;MC6004-Sistemas Operativos Avanzados.txt;MC1103-Gerencia de tecnología de información.txt;MC2301-Planificación estratégica de tecnología de información.txt;MC1103-Gerencia de tecnología de información.txt,0.88,Sistemas Operativos Avanzados,MC6004,
qwen2.5-3b,short_answer,¿En qué idioma debe estar escrito el paper de investigación?,"En el curso Sistemas Operativos Avanzados de la Maestría en Computación, ¿En qué idioma debe estar escrito el paper de investigación?

Da una respuesta breve y directa, en una sola frase.",Inglés,No se menciona específicamente el idioma en el que debe estar escrito el paper de investigación en el curso Sistemas Operativos Avanzados.,MC6003-Teoría de Autómatas.txt;MC7201-Introducción a la Investigación.txt;MC6102-Análisis de Algoritmos.txt;MC2301-Planificación estratégica de tecnología de información.txt;MC7201-Introducción a la Investigación.txt,0.59,Sistemas Operativos Avanzados,MC6004,
qwen2.5-3b,short_answer,¿Qué porcentaje total de la nota suman los tres proyectos programados?,"En el curso Sistemas Operativos Avanzados de la Maestría en Computación, ¿Qué porcentaje total de la nota suman los tres proyectos programados?

Da una respuesta breve y directa, en una sola frase.",30%,30%,MC6004-Sistemas Operativos Avanzados.txt;MC2301-Planificación estratégica de tecnología de información.txt;MC1203-Administración y estrategia de proyectos I.txt;MC1203-Administración y estrategia de proyectos I.txt;MC1003-Seguridad y Criptografía.txt,0.14,Sistemas Operativos Avanzados,MC6004,
qwen2.5-3b,short_answer,¿Quién es el profesor titular del curso?,"En el curso Sistemas Operativos Avanzados de la Maestría en Computación, ¿Quién es el profesor titular del curso?

Da una respuesta breve y directa, en una sola frase.",Dr. Francisco J. Torres-Rojas,No se indica el nombre del profesor titular del curso Sistemas Operativos Avanzados en el contexto proporcionado.,MC7201-Introducción a la Investigación.txt;MC6004-Sistemas Operativos Avanzados.txt;MC6102-Análisis de Algoritmos.txt;MC6104-Diseño de Experimentos.txt;MC6104-Diseño de Experimentos.txt,0.53,Sistemas Operativos Avanzados,MC6004,
qwen2.5-3b,short_answer,¿En qué periodo del plan de estudios se imparte?,"En el curso Análisis de Algoritmos de la Maestría en Computación, ¿En qué periodo del plan de estudios se imparte?

Da una respuesta breve y directa, en una sola frase.",I Periodo,"El curso Análisis de Algoritmos se imparte en el periodo del Plan de Estudios de Maestría en Computación con Énfasis en Ciencias de la Computación, en el bloque correspondiente a la asignatura I.",MC6102-Análisis de Algoritmos.txt;MC6104-Diseño de Experimentos.txt;MC6102-Análisis de Algoritmos.txt;MC7201-Introducción a la Investigación.txt;MC6003-Teoría de Autómatas.txt,0.87,Análisis de Algoritmos,MC6102,
qwen2.5-3b,short_answer,¿En qué horario se dictan las clases los martes?,"En el curso Análisis de Algoritmos de la Maestría en Computación, ¿En qué horario se dictan las clases los martes?

Da una respuesta breve y directa, en una sola frase.",6:00 p. m. a 8:50 p. m.,No hay información sobre el horario de clases de martes en el documento proporcionado.,MC6003-Teoría de Autómatas.txt;MC6104-Diseño de Experimentos.txt;MC1103-Gerencia de tecnología de información.txt;MC1203-Administración y estrategia de proyectos I.txt;MC6102-Análisis de Algoritmos.txt,0.43,Análisis de Algoritmos,MC6102,
qwen2.5-3b,short_answer,¿Quién es el profesor del curso?,"En el curso Análisis de Algoritmos de la Maestría en Computación, ¿Quién es el profesor del curso?

Da una respuesta breve y directa, en una sola frase.",José E. Araya,No se proporciona información sobre quién es el profesor del curso en el contexto dado.,MC6102-Análisis de Algoritmos.txt;MC7201-Introducción a la Investigación.txt;MC6102-Análisis de Algoritmos.txt;MC6104-Diseño de Experimentos.txt;MC6004-Sistemas Operativos Avanzados.txt,0.46,Análisis de Algoritmos,MC6102,
qwen2.5-3b,short_answer,¿Qué porcentaje de la nota final representan las tareas e investigaciones?,"En el curso Análisis de Algoritmos de la Maestría en Computación, ¿Qué porcentaje de la nota final representan las tareas e investigaciones?

Da una respuesta breve y directa, en una sola frase.",50%,50%,MC6004-Sistemas Operativos Avanzados.txt;MC6102-Análisis de Algoritmos.txt;MC1003-Seguridad y Criptografía.txt;MC6102-Análisis de Algoritmos.txt;MC6104-Diseño de Experimentos.txt,0.19,Análisis de Algoritmos,MC6102,
qwen2.5-3b,short_answer,¿Qué porcentaje de la evaluación corresponde a los exámenes parciales?,"En el curso Análisis de Algoritmos de la Maestría en Computación, ¿Qué porcentaje de la evaluación corresponde a los exámenes parciales?

Da una respuesta breve y directa, en una sola frase.",50%,50%,MC1003-Seguridad y Criptografía.txt;MC6004-Sistemas Operativos Avanzados.txt;MC6102-Análisis de Algoritmos.txt;MC2301-Planificación estratégica de tecnología de información.txt;MC6102-Análisis de Algoritmos.txt,0.16,Análisis de Algoritmos,MC6102,
qwen2.5-3b,short_answer,¿Cuál es el libro de texto de carácter obligatorio?,"En el curso Análisis de Algoritmos de la Maestría en Computación, ¿Cuál es el libro de texto de carácter obligatorio?

Da una respuesta breve y directa, en una sola frase.",Fundamentos de Algoritmia de Brassard y Bratley,"El libro de texto de carácter obligatorio es ""Fundamentos de Algoritmia"" de Brassard y Bratley.",MC6102-Análisis de Algoritmos.txt;MC6102-Análisis de Algoritmos.txt;MC7201-Introducción a la Investigación.txt;MC6003-Teoría de Autómatas.txt;MC7201-Introducción a la Investigación.txt,0.56,Análisis de Algoritmos,MC6102,
qwen2.5-3b,short_answer,¿Es este curso obligatorio o electivo?,"En el curso Diseño de Experimentos de la Maestría en Computación, ¿Es este curso obligatorio o electivo?

Da una respuesta breve y directa, en una sola frase.",Electivo,El curso Diseño de Experimentos es un curso electivo.,MC6104-Diseño de Experimentos.txt;MC6102-Análisis de Algoritmos.txt;MC7201-Introducción a la Investigación.txt;MC7201-Introducción a la Investigación.txt;MC6004-Sistemas Operativos Avanzados.txt,0.37,Diseño de Experimentos,MC6104,
qwen2.5-3b,short_answer,¿De qué curso de Seminario de Investigación es requisito?,"En el curso Diseño de Experimentos de la Maestría en Computación, ¿De qué curso de Seminario de Investigación es requisito?

Da una respuesta breve y directa, en una sola frase.",MC-7203 – Seminario de Investigación - Tesis II,El curso de Diseño de Experimentos es requisito de la asignatura Seminario de Investigación.,MC7201-Introducción a la Investigación.txt;MC6104-Diseño de Experimentos.txt;MC6004-Sistemas Operativos Avanzados.txt;MC7201-Introducción a la Investigación.txt;MC6102-Análisis de Algoritmos.txt,0.47,Diseño de Experimentos,MC6104,
qwen2.5-3b,short_answer,¿Qué porcentaje de la nota final representan los proyectos?,"En el curso Diseño de Experimentos de la Maestría en Computación, ¿Qué porcentaje de la nota final representan los proyectos?

Da una respuesta breve y directa, en una sola frase.",35%,40% del total de la nota final representa los proyectos en el curso Diseño de Experimentos de la Maestría en Ciencias de la Computación.,MC6004-Sistemas Operativos Avanzados.txt;MC1003-Seguridad y Criptografía.txt;MC2301-Planificación estratégica de tecnología de información.txt;MC6104-Diseño de Experimentos.txt;MC6104-Diseño de Experimentos.txt,0.56,Diseño de Experimentos,MC6104,
qwen2.5-3b,short_answer,¿En qué idioma deben escribirse los reportes de los proyectos?,"En el curso Diseño de Experimentos de la Maestría en Computación, ¿En qué idioma deben escribirse los reportes de los proyectos?

Da una respuesta breve y directa, en una sola frase.",Inglés,Los reportes de los proyectos deben escribirse en inglés.,MC7201-Introducción a la Investigación.txt;MC6104-Diseño de Experimentos.txt;MC1103-Gerencia de tecnología de información.txt;MC6102-Análisis de Algoritmos.txt;MC2301-Planificación estratégica de tecnología de información.txt,0.35,Diseño de Experimentos,MC6104,
qwen2.5-3b,short_answer,¿Permite el curso la suficiencia?,"En el curso Diseño de Experimentos de la Maestría en Computación, ¿Permite el curso la suficiencia?

Da una respuesta breve y directa, en una sola frase.",No,"No, el curso Diseño de Experimentos no permite la suficiencia.",MC6102-Análisis de Algoritmos.txt;MC6104-Diseño de Experimentos.txt;MC7201-Introducción a la Investigación.txt;MC7201-Introducción a la Investigación.txt;MC6102-Análisis de Algoritmos.txt,0.42,Diseño de Experimentos,MC6104,
qwen2.5-3b,short_answer,¿Qué porcentaje de la nota corresponde al segundo examen parcial?,"En el curso Diseño de Experimentos de la Maestría en Computación, ¿Qué porcentaje de la nota corresponde al segundo examen parcial?

Da una respuesta breve y directa, en una sola frase.",25%,25%,MC1003-Seguridad y Criptografía.txt;MC6004-Sistemas Operativos Avanzados.txt;MC7201-Introducción a la Investigación.txt;MC2301-Planificación estratégica de tecnología de información.txt;MC6104-Diseño de Experimentos.txt,0.14,Diseño de Experimentos,MC6104,
qwen2.5-3b,short_answer,¿Cuál es el correquisito obligatorio de este curso?,"En el curso Introducción a la Investigación de la Maestría en Computación, ¿Cuál es el correquisito obligatorio de este curso?

Da una respuesta breve y directa, en una sola frase.",MC-7205 Tema Selecto de Investigación,El correquisito obligatorio de este curso es MC-7205 Tema Selecto de Investigación.,MC7201-Introducción a la Investigación.txt;MC7201-Introducción a la Investigación.txt;MC6104-Diseño de Experimentos.txt;MC6102-Análisis de Algoritmos.txt;MC2301-Planificación estratégica de tecnología de información.txt,0.49,Introducción a la Investigación,MC7201,
qwen2.5-3b,short_answer,¿Qué porcentaje de la nota final representa la presentación?,"En el curso Introducción a la Investigación de la Maestría en Computación, ¿Qué porcentaje de la nota final representa la presentación?

Da una respuesta breve y directa, en una sola frase.",25%,5%,MC6004-Sistemas Operativos Avanzados.txt;MC7201-Introducción a la Investigación.txt;MC6004-Sistemas Operativos Avanzados.txt;MC1003-Seguridad y Criptografía.txt;MC6104-Diseño de Experimentos.txt,0.16,Introducción a la Investigación,MC7201,
qwen2.5-3b,short_answer,¿Qué herramienta es obligatoria para preparar las presentaciones?,"En el curso Introducción a la Investigación de la Maestría en Computación, ¿Qué herramienta es obligatoria para preparar las presentaciones?

Da una respuesta breve y directa, en una sola frase.",Beamer,La herramienta obligatoria para preparar las presentaciones es Beamer.,MC7201-Introducción a la Investigación.txt;MC6004-Sistemas Operativos Avanzados.txt;MC7201-Introducción a la Investigación.txt;MC6102-Análisis de Algoritmos.txt;MC1103-Gerencia de tecnología de información.txt,0.37,Introducción a la Investigación,MC7201,
qwen2.5-3b,short_answer,¿En qué idioma debe escribirse el paper de investigación?,"En el curso Introducción a la Investigación de la Maestría en Computación, ¿En qué idioma debe escribirse el paper de investigación?

Da una respuesta breve y directa, en una sola frase.",Inglés,El paper de investigación debe escribirse en inglés.,MC7201-Introducción a la Investigación.txt;MC7201-Introducción a la Investigación.txt;MC6003-Teoría de Autómatas.txt;MC1103-Gerencia de tecnología de información.txt;MC6004-Sistemas Operativos Avanzados.txt,0.33,Introducción a la Investigación,MC7201,
qwen2.5-3b,short_answer,¿Quién es el profesor titular del curso?,"En el curso Introducción a la Investigación de la Maestría en Computación, ¿Quién es el profesor titular del curso?

Da una respuesta breve y directa, en una sola frase.",Dr. Francisco J. Torres-Rojas,No se menciona específicamente el nombre del profesor titular en el contexto proporcionado.,MC7201-Introducción a la Investigación.txt;MC6102-Análisis de Algoritmos.txt;MC6104-Diseño de Experimentos.txt;MC7201-Introducción a la Investigación.txt;MC6104-Diseño de Experimentos.txt,0.44,Introducción a la Investigación,MC7201,
qwen2.5-3b,short_answer,¿Permite el curso la posibilidad de reconocimiento?,"En el curso Introducción a la Investigación de la Maestría en Computación, ¿Permite el curso la posibilidad de reconocimiento?

Da una respuesta breve y directa, en una sola frase.",Sí,"Sí, permite la posibilidad de reconocimiento.",MC6102-Análisis de Algoritmos.txt;MC7201-Introducción a la Investigación.txt;MC7201-Introducción a la Investigación.txt;MC6104-Diseño de Experimentos.txt;MC1103-Gerencia de tecnología de información.txt,0.34,Introducción a la Investigación,MC7201,
qwen2.5-3b,open_ended,¿Cuál es el propósito principal de integrar inteligencia artificial en un Centro de Operaciones en Seguridad (SOC)?,"En el curso Análisis de Datos en Ciberseguridad de la Maestría en Ciberseguridad, ¿Cuál es el propósito principal de integrar inteligencia artificial en un Centro de Operaciones en Seguridad (SOC)?

Da una respuesta completa y explicativa.",Facilitar la distinción de vectores de ataque y permitir una toma de decisiones más precisa en la respuesta a incidentes.,"No hay información específica en el contexto proporcionado sobre el uso de inteligencia artificial en un Centro de Operaciones en Seguridad (SOC) en el curso de Análisis de Datos en Ciberseguridad. El documento menciona métodos y técnicas de análisis de datos y minería de datos, pero no aborda el uso de inteligencia artificial en SOC. Para responder a esta pregunta con precisión, necesitaríamos información adicional sobre cómo se aborda el tema de SOC y la integración de IA en el curso.",MC1006-Políticas y Gobernanza en Ciberseguridad.txt;MC1006-Políticas y Gobernanza en Ciberseguridad.txt;MC1001-Análisis de datos en ciberseguridad.txt;MC3001-Seguridad de Software Avanzado.txt;MC1003-Seguridad y Criptografía.txt,1.65,Análisis de Datos en Ciberseguridad,MC1001,
qwen2.5-3b,open_ended,¿Qué temas matemáticos específicos debe dominar el estudiante para tener un buen desempeño?,"En el curso Análisis de Datos en Ciberseguridad de la Maestría en Ciberseguridad, ¿Qué temas matemáticos específicos debe dominar el estudiante para tener un buen desempeño?

Da una respuesta completa y explicativa.","Conceptos de estadística y cálculo diferencial integral, como distribuciones de probabilidad, regresiones y optimización.","El estudiante del curso Análisis de Datos en Ciberseguridad de la Maestría en Ciberseguridad debe dominar varios conceptos matemáticos específicos para tener un buen desempeño. Según el documento de programa del curso, estos conceptos incluyen:

1. Distribuciones de probabilidad
2. Regresión lineal simple
3. Regresión logarítmica
4. Árboles de regresión y decisión
5. Validación cruzada
6. ""Clustering""
7. Optimización (de funciones)

Estos conceptos matemáticos son mencionados como siendo ""muy importantes"" para el curso, especialmente en el contexto de la estadística y cálculo diferencial integral. El curso busca que los estudiantes tengan un conocimiento general de estos conceptos para poder aplicarlos en el análisis de datos en ciberseguridad.",MC3010-Cibercrimen.txt;MC1003-Seguridad y Criptografía.txt;MC1001-Análisis de datos en ciberseguridad.txt;MC3010-Cibercrimen.txt;MC1006-Políticas y Gobernanza en Ciberseguridad.txt,2.71,Análisis de Datos en Ciberseguridad,MC1001,
qwen2.5-3b,open_ended,¿Cómo contribuye este curso a la perfilación del comportamiento humano y de software?,"En el curso Análisis de Datos en Ciberseguridad de la Maestría en Ciberseguridad, ¿Cómo contribuye este curso a la perfilación del comportamiento humano y de software?

Da una respuesta completa y explicativa.","Provee técnicas de detección de anomalías, minería de datos en tiempo real y procesamiento distribuido para analizar grandes volúmenes de datos.","El curso Análisis de Datos en Ciberseguridad contribuye significativamente a la perfilación del comportamiento humano y de software de varias maneras:

1. **Análisis de Bitácoras**: El curso aborda cómo utilizar bitácoras de sistemas para identificar conductas fraudulentas mediante modelos de aprendizaje automático. Esto implica el análisis de grandes volúmenes de datos de actividad de sistemas para detectar patrones anormales que puedan indicar comportamientos sospechosos.

2. **Perfilación de Conducta**: El curso destaca la construcción de perfiles de comportamiento tanto de personas como de software. Esto implica el análisis de datos para identificar patrones y tendencias en el comportamiento de usuarios y sistemas, lo cual es crucial para la detección de anomalías y la mejora de controles de seguridad.

3. **Técnicas de Análisis de Datos**: El curso aborda diversas técnicas de análisis de datos, como regresión lineal simple, regresión logarítmica, árboles de decisión y regresión, clustering, y validación cruzada. Estas técnicas son fundamentales para la identificación y perfilado de comportamientos anómalos.

4. **Privacidad en Análisis de Datos**: Como menciona el curso, se tiene en cuenta la privacidad en todo el proceso de análisis de datos",MC1001-Análisis de datos en ciberseguridad.txt;MC1006-Políticas y Gobernanza en Ciberseguridad.txt;MC1001-Análisis de datos en ciberseguridad.txt;MC3010-Cibercrimen.txt;MC3001-Seguridad de Software Avanzado.txt,4.13,Análisis de Datos en Ciberseguridad,MC1001,
qwen2.5-3b,open_ended,¿Qué capacidades desarrolla el estudiante respecto al diagnóstico de software?,"En el curso Análisis de Datos en Ciberseguridad de la Maestría en Ciberseguridad, ¿Qué capacidades desarrolla el estudiante respecto al diagnóstico de software?

Da una respuesta completa y explicativa.",La capacidad de desarrollar soluciones para el descubrimiento de conocimiento y análisis de amenazas mediante herramientas de análisis de datos.,"El curso Análisis de Datos en Ciberseguridad de la Maestría en Ciberseguridad tiene como objetivo principal que el estudiante desarrolle capacidades para diagnosticar software en el ámbito de la ciberseguridad. Basándose en el contenido proporcionado, aquí están las capacidades específicas que el estudiante adquiere:

1. **Aplicación de Modelos de Aprendizaje Automático**: El curso enseña cómo aplicar algoritmos de modelos de aprendizaje automático utilizando múltiples fuentes de datos, como sitios web, código fuente, trazas de red, para descubrir y analizar amenazas en los componentes de software.

2. **Análisis de Anomalías en Bitácoras de Sistemas**: El estudiante aprende a analizar anomalías en bitácoras de sistemas con el propósito de identificar conductas fraudulentas por medio de modelos de aprendizaje automático. Isso incluye construir perfiles de comportamiento de personas y software respetando la privacidad, mediante el análisis de datos, para la optimización de controles de seguridad.

Estas habilidades permiten al estudiante identificar posibles amenazas y errores en el software, lo cual es crucial para mantener la seguridad de los sistemas informáticos. El curso enfatiza la importancia de la detección de anomalías y la construcción de",MC1001-Análisis de datos en ciberseguridad.txt;MC3001-Seguridad de Software Avanzado.txt;MC1001-Análisis de datos en ciberseguridad.txt;MC3010-Cibercrimen.txt;MC1003-Seguridad y Criptografía.txt,4.13,Análisis de Datos en Ciberseguridad,MC1001,
qwen2.5-3b,open_ended,¿En qué consiste la metodología de evaluación práctica del curso?,"En el curso Análisis de Datos en Ciberseguridad de la Maestría en Ciberseguridad, ¿En qué consiste la metodología de evaluación práctica del curso?

Da una respuesta completa y explicativa.",Se basa principalmente en laboratorios (75% de la nota) y la resolución de casos de estudio (20%).,"La metodología de evaluación práctica del curso ""Análisis de Datos en Ciberseguridad"" consta de tres componentes principales:

1. **Tareas**: Representan el primer componente de evaluación y están diseñados para ayudar a los estudiantes a asimilar la materia vista en clase. No se especifica en detalle qué tipo de tareas se requieren, pero probablemente implicarán la aplicación práctica de conceptos teóricos.

2. **Laboratorios prácticos**: Este componente se destaca como el segundo de los tres elementos de evaluación. Los laboratorios prácticos permitirán a los estudiantes poner en práctica los conceptos y técnicas aprendidos durante el curso, utilizando herramientas de análisis de datos disponibles.

3. **Examen final**: Este es el último elemento de evaluación y consiste en un examen que evalúa la comprensión general del curso y la capacidad de aplicar los conceptos aprendidos en situaciones prácticas.

En total, la evaluación está compuesta por:
- Tareas: 50%
- Laboratorios: 50%
Total: 100%",MC1006-Políticas y Gobernanza en Ciberseguridad.txt;MC1001-Análisis de datos en ciberseguridad.txt;MC1003-Seguridad y Criptografía.txt;MC3010-Cibercrimen.txt;MC3010-Cibercrimen.txt,3.36,Análisis de Datos en Ciberseguridad,MC1001,
qwen2.5-3b,open_ended,¿Qué técnicas de minería de datos se aplican específicamente para el procesamiento en tiempo real?,"En el curso Análisis de Datos en Ciberseguridad de la Maestría en Ciberseguridad, ¿Qué técnicas de minería de datos se aplican específicamente para el procesamiento en tiempo real?

Da una respuesta completa y explicativa.","Se estudian los filtros de Bloom, hashes localmente sensibles y árboles de Hoeffding.","En el curso Análisis de Datos en Ciberseguridad, se menciona específicamente la técnica de minería de datos en tiempo real (data stream mining) como una técnica que se aplica para el procesamiento en tiempo real. Sin embargo, no se detalla en el contexto proporcionado qué técnicas concretas se utilizan dentro de esta categoría específica de minería de datos en tiempo real.",MC1001-Análisis de datos en ciberseguridad.txt;MC1001-Análisis de datos en ciberseguridad.txt;MC1006-Políticas y Gobernanza en Ciberseguridad.txt;MC1003-Seguridad y Criptografía.txt;MC1006-Políticas y Gobernanza en Ciberseguridad.txt,1.31,Análisis de Datos en Ciberseguridad,MC1001,
qwen2.5-3b,open_ended,¿Qué rol desempeña la criptografía en la infraestructura de Internet actual?,"En el curso Seguridad y Criptografía de la Maestría en Ciberseguridad, ¿Qué rol desempeña la criptografía en la infraestructura de Internet actual?

Da una respuesta completa y explicativa.","Actúa como el medio para asegurar la confidencialidad, autenticidad e integridad de las comunicaciones y los datos almacenados.","En el curso Seguridad y Criptografía de la Maestría en Ciberseguridad, la criptografía juega un papel crucial en la infraestructura de Internet actual. La criptografía es fundamental para asegurar la confidencialidad, autenticidad y integridad de las comunicaciones y los datos en Internet. 

La criptografía permite que los datos sean transmitidos de manera segura, protegiendo así la información sensible de usuarios y empresas. Esto es especialmente importante en Internet, donde la comunicación es bidireccional y puede ser interceptada por terceros maliciosos. Los algoritmos de criptografía, tanto simétricos como asimétricos, ayudan a mantener la privacidad y la seguridad de los datos en tránsito y en reposo.

Por ejemplo, el uso de cifrado simétrico permite que dos partes en comunicación puedan cifrar y descifrar mensajes utilizando la misma clave, mientras que el cifrado asimétrico utiliza una clave pública para cifrar el mensaje y una clave privada para descifrarlo. Ambos tipos de cifrado son fundamentales para la seguridad en Internet, ya que permiten que las transacciones sean seguras sin tener que compartir claves de seguridad.

Además, la criptografía también es esencial para la autenticación y la verificación de identidad en Internet. Las firmas digitales, por ejemplo, utiliz",MC1006-Políticas y Gobernanza en Ciberseguridad.txt;MC1001-Análisis de datos en ciberseguridad.txt;MC1006-Políticas y Gobernanza en Ciberseguridad.txt;MC1003-Seguridad y Criptografía.txt;MC3001-Seguridad de Software Avanzado.txt,4.14,Seguridad y Criptografía,MC1003,
qwen2.5-3b,open_ended,¿Qué aspectos avanzados de la matemática se exploran para entender los cifrados modernos?,"En el curso Seguridad y Criptografía de la Maestría en Ciberseguridad, ¿Qué aspectos avanzados de la matemática se exploran para entender los cifrados modernos?

Da una respuesta completa y explicativa.","El estudio de curvas elípticas, ataques diferenciales y lineales, y el protocolo Diffie-Hellman.","Lo siento por la confusión, pero no encontré información específica sobre un curso llamado ""Seguridad y Criptografía"" en la documentación proporcionada. La información más detallada que encontré se refiere a cursos de ciberseguridad y análisis de datos, pero no incluye un curso específico de Seguridad y Criptografía. 

Sin embargo, puedo proporcionarte una respuesta basada en los conceptos avanzados de matemáticas que a menudo se exploran en cursos de criptografía y seguridad:

Los cursos de Seguridad y Criptografía a menudo exploran varios aspectos avanzados de la matemática, especialmente en el campo de la teoría de números y álgebra abstracta. Algunos de estos conceptos incluyen:

1. **Teoría de Números**: Esto es crucial para entender muchos algoritmos de criptografía, como RSA. Los conceptos clave pueden incluir números primos, divisibilidad, congruencias y funciones aritméticas.

2. **Álgebra Abstracta**: Esto se usa para entender estructuras algebraicas como grupos, anillos y campos, que son fundamentales en muchos algoritmos de criptografía.

3. **Análisis Numérico**: Aunque no es directamente relacionado con criptografía, es útil para entender cómo se implementan algoritmos de criptografía en la práctica.

4. **Te",MC1001-Análisis de datos en ciberseguridad.txt;MC1006-Políticas y Gobernanza en Ciberseguridad.txt;MC6102-Análisis de Algoritmos.txt;MC1006-Políticas y Gobernanza en Ciberseguridad.txt;MC7201-Introducción a la Investigación.txt,4.13,Seguridad y Criptografía,MC1003,
qwen2.5-3b,open_ended,¿Qué diferencias conceptuales se analizan entre las primitivas de criptografía simétrica y asimétrica?,"En el curso Seguridad y Criptografía de la Maestría en Ciberseguridad, ¿Qué diferencias conceptuales se analizan entre las primitivas de criptografía simétrica y asimétrica?

Da una respuesta completa y explicativa.","Se estudia el rol de las funciones hash, las firmas digitales y la infraestructura de llave pública y privada (PKI).","En el curso de Seguridad y Criptografía de la Maestría en Ciberseguridad, se analizan las diferencias conceptuales entre las primitivas de criptografía simétrica y asimétrica de la siguiente manera:

1. **Simétrica vs Asimétrica**:
   - **Criptografía Simétrica**: En esta técnica, la misma clave se utiliza tanto para cifrar como para descifrar el mensaje. Esto significa que la clave de cifrado debe ser compartida previamente entre el emisor y el receptor. Las ventajas incluyen velocidad y eficiencia, pero también requiere un sistema de transporte seguro para compartir la clave.
   - **Criptografía Asimétrica**: Esta técnica utiliza dos claves distintas: una pública y una privada. La clave pública se puede compartir públicamente, mientras que la clave privada debe mantenerse secreta. La clave pública se usa para cifrar el mensaje, y la clave privada se usa para descifrarlo. Esto ofrece mayor seguridad en el intercambio de claves, ya que solo la persona que tiene la clave privada puede descifrar el mensaje.

2. **Funciones de Hash**:
   - En la criptografía simétrica, las funciones de hash son usadas para generar un resumen de texto (hash) que representa de forma única el contenido del mensaje original. Este hash se utiliza",MC1001-Análisis de datos en ciberseguridad.txt;MC1006-Políticas y Gobernanza en Ciberseguridad.txt;MC1006-Políticas y Gobernanza en Ciberseguridad.txt;MC3001-Seguridad de Software Avanzado.txt;MC1003-Seguridad y Criptografía.txt,4.13,Seguridad y Criptografía,MC1003,
qwen2.5-3b,open_ended,¿Sobre qué tendencias futuras en el campo de la seguridad se discute en clase?,"En el curso Seguridad y Criptografía de la Maestría en Ciberseguridad, ¿Sobre qué tendencias futuras en el campo de la seguridad se discute en clase?

Da una respuesta completa y explicativa.",Sobre los avances y desafíos que presenta la criptografía cuántica.,"No hay información específica sobre tendencias futuras en el campo de la seguridad mencionadas en el curso Seguridad y Criptografía de la Maestría en Ciberseguridad. El contenido del curso se centra en la teoría y práctica de criptografía, incluyendo conceptos básicos y avanzados de criptografía, así como en la matemática detrás de los cifrados simétricos y asimétricos. No se menciona ninguna tendencia futura en el campo de la seguridad en el documento proporcionado.",MC1006-Políticas y Gobernanza en Ciberseguridad.txt;MC1006-Políticas y Gobernanza en Ciberseguridad.txt;MC1003-Seguridad y Criptografía.txt;MC3001-Seguridad de Software Avanzado.txt;MC3010-Cibercrimen.txt,1.74,Seguridad y Criptografía,MC1003,
qwen2.5-3b,open_ended,¿Qué elementos históricos sirven de base para comprender la evolución del cifrado?,"En el curso Seguridad y Criptografía de la Maestría en Ciberseguridad, ¿Qué elementos históricos sirven de base para comprender la evolución del cifrado?

Da una respuesta completa y explicativa.","El estudio del Cifrado César, la máquina Enigma y el cifrado por permutación, entre otros.","En el curso Seguridad y Criptografía de la Maestría en Ciberseguridad, los elementos históricos que sirven de base para comprender la evolución del cifrado incluyen:

1. **Introducción**: Este capítulo generalmente da una visión panorámica de cómo el cifrado ha evolucionado a lo largo del tiempo, destacando sus primeras formas rudimentarias.

2. **Cifrado César**: Este método simple de cifrado, donde cada letra del texto original se reemplaza por una letra determinada a partir de ella, es un punto de partida para entender cómo se han desarrollado métodos más complejos.

3. **Cifrado por sustitución**: Este método más avanzado permite reemplazar cada carácter del texto original por otro carácter diferente, generalmente de manera aleatoria. Es un paso significativo hacia la creación de cifrados más robustos.

4. **Cifrado Vigènere**: Este cifrado utiliza una clave de longitud variable para realizar la sustitución de caracteres, lo que aumenta la complejidad y dificulta la descifrado sin la clave correcta.

5. **Cifrado por Permutación**: Este método intercambia los lugares de los caracteres en el texto original, añadiendo una capa adicional de seguridad.

6. **La máquina Enigma**: Este cifrador utilizado durante la Segunda Guerra Mund",MC1006-Políticas y Gobernanza en Ciberseguridad.txt;MC1006-Políticas y Gobernanza en Ciberseguridad.txt;MC1001-Análisis de datos en ciberseguridad.txt;MC1003-Seguridad y Criptografía.txt;MC3001-Seguridad de Software Avanzado.txt,4.14,Seguridad y Criptografía,MC1003,
qwen2.5-3b,open_ended,¿Cómo se estructura el sistema de evaluación del aprendizaje en esta materia?,"En el curso Seguridad y Criptografía de la Maestría en Ciberseguridad, ¿Cómo se estructura el sistema de evaluación del aprendizaje en esta materia?

Da una respuesta completa y explicativa.","Se compone de tareas para asimilación de materia (50%), laboratorios prácticos (20%) y un examen final (30%).","El sistema de evaluación del curso Seguridad y Criptografía en la Maestría en Ciberseguridad está estructurado de la siguiente manera:

1. Tareas: Representan el 50% de la evaluación total. Estas tareas se enfocan en la asimilación de la materia vista en clase.

2. Laboratorios: Representan el 75% de la evaluación total. Los laboratorios tienen el objetivo de adoptar los aspectos prácticos de los conceptos del curso.

3. Examen Final: Representa el 20% de la evaluación total. Este componente evalúa la comprensión y aplicación de los conceptos vistos en clase.

En resumen, el curso utiliza una combinación de evaluaciones teóricas (tareas y examen final) y prácticas (laboratorios) para evaluar el aprendizaje del curso. Esto refleja una metodología que combina tanto el aprendizaje teórico como el práctico, lo cual es común en cursos de ciberseguridad que buscan preparar a los estudiantes para situaciones reales de trabajo.",MC1006-Políticas y Gobernanza en Ciberseguridad.txt;MC1001-Análisis de datos en ciberseguridad.txt;MC1003-Seguridad y Criptografía.txt;MC1006-Políticas y Gobernanza en Ciberseguridad.txt;MC3001-Seguridad de Software Avanzado.txt,3.47,Seguridad y Criptografía,MC1003,
qwen2.5-3b,open_ended,¿Por qué es fundamental la gestión de procesos ante la vulnerabilidad tecnológica de los negocios?,"En el curso Políticas y Gobernanza en Ciberseguridad de la Maestría en Ciberseguridad, ¿Por qué es fundamental la gestión de procesos ante la vulnerabilidad tecnológica de los negocios?

Da una respuesta completa y explicativa.","Porque permite minimizar riesgos y amenazas de manera efectiva, asegurando la continuidad del negocio y el ahorro en costos.","En el curso Políticas y Gobernanza en Ciberseguridad de la Maestría en Ciberseguridad, la gestión de procesos ante la vulnerabilidad tecnológica de los negocios es fundamental debido a varias razones:

1. **Promoción del Entendimiento y Concienzación**: Los procesos de ciberseguridad deben estar respaldados por políticas claras y bien definidas que promuevan el entendimiento y concienciación de la importancia de la seguridad de la información en la organización. Esto ayuda a todos los miembros de la empresa a entender cómo contribuyen a la seguridad de la información y a identificar posibles vulnerabilidades.

2. **Gobernanza y Procesos de TI**: La gobernanza en ciberseguridad implica el pensamiento estratégico en la seguridad de la información, la identificación de riesgos y la continuidad del negocio. Esto requiere un enfoque sistemático y estructurado para gestionar eficazmente los procesos de TI y asegurar que la seguridad de la información esté alineada con los objetivos estratégicos de la organización.

3. **Evaluación y Medición de Riesgos**: La gestión de procesos de ciberseguridad implica la identificación, análisis y control de riesgos. Esto se logra mediante la implementación de modelos y metodologías de evaluación",MC1006-Políticas y Gobernanza en Ciberseguridad.txt;MC1006-Políticas y Gobernanza en Ciberseguridad.txt;MC1101-Sistemas Estratégicos Empresariales.txt;MC1103-Gerencia de tecnología de información.txt;MC1001-Análisis de datos en ciberseguridad.txt,4.12,Políticas y Gobernanza en Ciberseguridad,MC1006,
qwen2.5-3b,open_ended,¿Qué áreas de especialización se utilizan como marco de referencia para el conocimiento en este curso?,"En el curso Políticas y Gobernanza en Ciberseguridad de la Maestría en Ciberseguridad, ¿Qué áreas de especialización se utilizan como marco de referencia para el conocimiento en este curso?

Da una respuesta completa y explicativa.",El Framework NICE y las áreas de conocimiento en ciberseguridad según la ACM.,"El curso ""Políticas y Gobernanza en Ciberseguridad"" de la Maestría en Ciberseguridad no menciona directamente áreas de especialización como marco de referencia para el conocimiento. Sin embargo, el documento proporciona información sobre varios temas y conceptos que podrían considerarse áreas de conocimiento relacionadas con ciberseguridad, pero no se mencionan específicamente como áreas de especialización.

Algunos de estos temas incluyen:

1. Políticas, planes y programas de ciberseguridad
2. Pensamiento estratégico en seguridad de la información
3. Identificación de riesgos y continuidad del negocio
4. Promoción del entendimiento y concientización de la seguridad de la información
5. Estándares y regulaciones en ciberseguridad
6. Métricas de ciberseguridad
7. Análisis de riesgo y modelos de evaluación de riesgos
8. Ciber Ética
9. Diagnóstico y evaluación en ciberseguridad
10. Planificación de requerimientos de seguridad de sistemas informáticos
11. Criterios para el desarrollo de software seguro
12. Seguridad por diseño
13. Principales vulnerabilidades en el desarrollo de software
14. Impacto de DevOps en el ciclo de vida del software seguro
15. Seguridad de contrata",MC1006-Políticas y Gobernanza en Ciberseguridad.txt;MC1006-Políticas y Gobernanza en Ciberseguridad.txt;MC3010-Cibercrimen.txt;MC1003-Seguridad y Criptografía.txt;MC1001-Análisis de datos en ciberseguridad.txt,4.15,Políticas y Gobernanza en Ciberseguridad,MC1006,
qwen2.5-3b,open_ended,¿Cómo se aborda el diagnóstico del riesgo organizacional en este programa?,"En el curso Políticas y Gobernanza en Ciberseguridad de la Maestría en Ciberseguridad, ¿Cómo se aborda el diagnóstico del riesgo organizacional en este programa?

Da una respuesta completa y explicativa.",Mediante el uso de métricas de seguridad para la toma de decisiones estratégicas y modelos de evaluación de riesgo.,"En el curso Políticas y Gobernanza en Ciberseguridad de la Maestría en Ciberseguridad, aunque no hay una sección específica dedicada directamente al diagnóstico del riesgo organizacional, se abordan temas relacionados que contribuyen a este proceso. 

El curso aborda varios aspectos que podrían ser considerados como elementos clave para el diagnóstico del riesgo organizacional:

1. **Identificación de Riesgo**: Se menciona en el documento que se abordan modelos y metodologías de evaluación y medición de riesgo, lo que podría implicar la identificación de posibles amenazas y oportunidades para el riesgo organizacional.

2. **Análisis y Aseguramiento del Riesgo**: Este tema implica la evaluación y análisis de los riesgos identificados, lo cual es fundamental para entender cómo estos pueden afectar a la organización.

3. **Control de Riesgo**: La gestión de riesgos también se aborda, lo que incluye la implementación de medidas para mitigar o gestionar los riesgos identificados.

4. **Amenazas Internas**: Se menciona la identificación de amenazas internas, lo que es crucial para entender qué factores internos pueden poner en riesgo la seguridad de la información y la continuidad del negocio.

5. **Mecanismos para la Evaluación del R",MC1006-Políticas y Gobernanza en Ciberseguridad.txt;MC1006-Políticas y Gobernanza en Ciberseguridad.txt;MC1001-Análisis de datos en ciberseguridad.txt;MC3001-Seguridad de Software Avanzado.txt;MC1003-Seguridad y Criptografía.txt,4.15,Políticas y Gobernanza en Ciberseguridad,MC1006,
qwen2.5-3b,open_ended,"¿Qué importancia tiene el principio de ""Seguridad por diseño"" en el ciclo de vida del software?","En el curso Políticas y Gobernanza en Ciberseguridad de la Maestría en Ciberseguridad, ¿Qué importancia tiene el principio de ""Seguridad por diseño"" en el ciclo de vida del software?

Da una respuesta completa y explicativa.",Es un criterio clave para el aprovisionamiento de soluciones tecnológicas seguras y la planificación de requerimientos.,"En el curso Políticas y Gobernanza en Ciberseguridad de la Maestría en Ciberseguridad, el principio de ""Seguridad por diseño"" es considerado un concepto importante en el ciclo de vida del software. Este principio sugiere que la seguridad debe ser incorporada desde el inicio del desarrollo del software, en lugar de ser añadida como una característica adicional después de su creación. 

Este enfoque se menciona en el documento como uno de los principios clave para el desarrollo de soluciones de software seguras, junto con otros como el ""Seguro desde el diseño"". Este principio es fundamental porque permite que la seguridad sea una parte integral y natural del proceso de desarrollo, lo que puede resultar en software más seguro y menos susceptible a vulnerabilidades.

El curso probablemente abordaría cómo implementar este principio en el ciclo de vida del software, incluyendo aspectos como:

1. **Modelos de amenazas**: Estos ayudan a identificar posibles vulnerabilidades antes de que se implementen en el código.
2. **Estándares de codificación**: Los estándares de codificación pueden ayudar a garantizar que se sigan buenas prácticas de seguridad desde el principio.
3. **Control de acceso**: Implementar medidas de control de acceso adecuadas desde el diseño puede reducir significativamente el riesgo de ataques.
4. **",MC1006-Políticas y Gobernanza en Ciberseguridad.txt;MC1006-Políticas y Gobernanza en Ciberseguridad.txt;MC3001-Seguridad de Software Avanzado.txt;MC1003-Seguridad y Criptografía.txt;MC1001-Análisis de datos en ciberseguridad.txt,4.14,Políticas y Gobernanza en Ciberseguridad,MC1006,
qwen2.5-3b,open_ended,¿Qué elementos legales se analizan respecto a la protección de datos en Costa Rica?,"En el curso Políticas y Gobernanza en Ciberseguridad de la Maestría en Ciberseguridad, ¿Qué elementos legales se analizan respecto a la protección de datos en Costa Rica?

Da una respuesta completa y explicativa.",La legislación sobre delitos informáticos y la Ley 8968 de Protección de los Datos.,"No hay información específica sobre elementos legales relacionados con la protección de datos en Costa Rica en el documento proporcionado. El texto menciona regulaciones y leyes en general, pero no se detalla qué regulaciones o leyes específicas se abordan en el curso de Políticas y Gobernanza en Ciberseguridad. Para responder con precisión sobre la protección de datos en Costa Rica, se necesitaría información adicional sobre el contenido específico del curso.",MC1006-Políticas y Gobernanza en Ciberseguridad.txt;MC1006-Políticas y Gobernanza en Ciberseguridad.txt;MC1001-Análisis de datos en ciberseguridad.txt;MC3001-Seguridad de Software Avanzado.txt;MC1003-Seguridad y Criptografía.txt,1.5,Políticas y Gobernanza en Ciberseguridad,MC1006,
qwen2.5-3b,open_ended,¿Cuál es el objetivo de integrar los KPI de ciberseguridad con la visión de la empresa?,"En el curso Políticas y Gobernanza en Ciberseguridad de la Maestría en Ciberseguridad, ¿Cuál es el objetivo de integrar los KPI de ciberseguridad con la visión de la empresa?

Da una respuesta completa y explicativa.",Lograr una alineación estratégica que permita gestionar el portafolio de proyectos de seguridad según la misión organizacional.,"El objetivo de integrar los KPI (Key Performance Indicators) de ciberseguridad con la visión de la empresa en el curso Políticas y Gobernanza en Ciberseguridad de la Maestría en Ciberseguridad es:

Alinear la gestión de la ciberseguridad con los objetivos estratégicos de la organización. Esto implica entender cómo los indicadores clave de rendimiento relacionados con la seguridad de la información pueden reflejar y contribuir a la misión y visión de la empresa. Al hacerlo, se busca mejorar la eficiencia y efectividad de la ciberseguridad en el contexto de la estrategia general de la organización, asegurando que los esfuerzos de ciberseguridad estén bien alineados con los objetivos de negocio.",MC1006-Políticas y Gobernanza en Ciberseguridad.txt;MC1006-Políticas y Gobernanza en Ciberseguridad.txt;MC1001-Análisis de datos en ciberseguridad.txt;MC1101-Sistemas Estratégicos Empresariales.txt;MC1003-Seguridad y Criptografía.txt,2.47,Políticas y Gobernanza en Ciberseguridad,MC1006,
qwen2.5-3b,open_ended,¿Desde qué perspectiva se analizan vulnerabilidades como el Buffer Overflow?,"En el curso Seguridad de Software Avanzado de la Maestría en Ciberseguridad, ¿Desde qué perspectiva se analizan vulnerabilidades como el Buffer Overflow?

Da una respuesta completa y explicativa.",Desde una perspectiva avanzada que estudia vectores de ataque utilizados para violentar el software creado.,"En el curso Seguridad de Software Avanzado de la Maestría en Ciberseguridad, se analizan vulnerabilidades como el Buffer Overflow desde una perspectiva avanzada y avanzada de seguridad del software. Este análisis incluye:

1. **Vulnerabilidades comunes en Seguridad de Software**: Dentro de las vulnerabilidades comunes mencionadas, se destaca el desbordamiento de buffers y de enteros. Isso é uma vulnerabilidade específica que pode ser explorada para violar o software criado.

2. **Modelos de Amenazas**: Os modelos de amenazas são utilizados para entender cómo os atacantes podrían explotar estas vulnerabilidades. Esto incluye el Buffer Overflow, que é un tipo específico de vulnerabilidad que pode ser explotada para corromper o estado de un programa.

3. **Principios de Programación Segura**: A segurança desde el diseño é un principio importante que se aborda en este curso. Esto implica diseñar soluciones de software seguras desde o principio, evitando vulnerabilidades como o Buffer Overflow.

4. **Técnicas de Programación Segura**: Como parte da seguridad basada en o lenguaje de programación, se abordan técnicas como o tipado seguro, o aseguramiento de memoria e o control de acceso. Estas técnicas son utilizadas para prevenir ataques como",MC1006-Políticas y Gobernanza en Ciberseguridad.txt;MC1001-Análisis de datos en ciberseguridad.txt;MC3001-Seguridad de Software Avanzado.txt;MC1006-Políticas y Gobernanza en Ciberseguridad.txt;MC3001-Seguridad de Software Avanzado.txt,4.12,Seguridad de Software Avanzado,MC3001,
qwen2.5-3b,open_ended,¿Qué estrategias de defensa se consideran para prevenir ataques a las aplicaciones?,"En el curso Seguridad de Software Avanzado de la Maestría en Ciberseguridad, ¿Qué estrategias de defensa se consideran para prevenir ataques a las aplicaciones?

Da una respuesta completa y explicativa.","Técnicas de programación segura, modelado de vulnerabilidades y técnicas avanzadas de pruebas de seguridad.","En el curso Seguridad de Software Avanzado, se consideran varias estrategias de defensa para prevenir ataques a las aplicaciones. Según el contenido proporcionado, estas estrategias incluyen:

1. **Técnicas de programación**: Se menciona la importancia de diseñar soluciones de software seguro a través de mecanismos conocidos como Seguridad desde el Diseño. Esto implica diseñar software con consideración a la seguridad desde el principio.

2. **Modelado de vulnerabilidades**: Se habla de técnicas de modelado de vulnerabilidades para identificar posibles puntos débiles en el software.

3. **Pruebas de pruebas de penetración**: Se mencionan técnicas avanzadas de pruebas de penetración para detectar y mitigar ataques.

4. **Defensas avanzadas**: Se destacan técnicas avanzadas de defensa, como técnicas de programación segura, modelos de amenazas, y técnicas de ingeniería inversa automatizada.

5. **Estandares de codificación**: Se menciona la importancia de estándares de codificación para asegurar fallos y estados por defecto.

6. **Principios de programación segura**: Se abordan principios como el ""menor privilegio"", que implica minimizar los privilegios de los usuarios y roles en el sistema.

7. **Control",MC1006-Políticas y Gobernanza en Ciberseguridad.txt;MC1006-Políticas y Gobernanza en Ciberseguridad.txt;MC3001-Seguridad de Software Avanzado.txt;MC1001-Análisis de datos en ciberseguridad.txt;MC1003-Seguridad y Criptografía.txt,4.14,Seguridad de Software Avanzado,MC3001,
qwen2.5-3b,open_ended,"¿Cómo influye el concepto de ""Seguridad por Diseño"" en el estudiante?","En el curso Seguridad de Software Avanzado de la Maestría en Ciberseguridad, ¿Cómo influye el concepto de ""Seguridad por Diseño"" en el estudiante?

Da una respuesta completa y explicativa.","Lo capacita para diseñar soluciones que garanticen la tríada de la seguridad (confidencialidad, integridad y disponibilidad) desde el inicio del desarrollo.","En el curso Seguridad de Software Avanzado de la Maestría en Ciberseguridad, el concepto de ""Seguridad por Diseño"" es un objetivo específico mencionado en los objetivos del curso. Según el documento, uno de los objetivos específicos es ""Diseñar software desde una perspectiva de seguridad desde su diseño y a través de todo el ciclo de desarrollo de software"". 

El concepto de ""Seguridad por Diseño"" implica que la seguridad debe ser considerada desde el principio del proceso de desarrollo del software, en lugar de ser añadida como una característica adicional después de la implementación. Esto significa que los desarrolladores deben diseñar sus aplicaciones con la seguridad en mente desde el inicio, incorporando medidas de seguridad en cada etapa del ciclo de vida del software.

Al enfocarse en la ""Seguridad por Diseño"", los estudiantes del curso aprenderán a implementar prácticas de seguridad desde el diseño inicial del software, lo que resulta en aplicaciones más seguras y menos susceptibles a ataques. Esto incluye entender cómo diseñar interfaces seguras, cómo manejar datos de manera segura, cómo proteger contra ataques específicos como ataques de buffer overflow y SQL injection, y cómo asegurar la integridad y la confidencialidad de los datos.

En resumen, el concepto de ""Seguridad por Diseño"" es crucial en el",MC3001-Seguridad de Software Avanzado.txt;MC1006-Políticas y Gobernanza en Ciberseguridad.txt;MC1003-Seguridad y Criptografía.txt;MC1006-Políticas y Gobernanza en Ciberseguridad.txt;MC3010-Cibercrimen.txt,4.15,Seguridad de Software Avanzado,MC3001,
qwen2.5-3b,open_ended,¿Qué temas abarca la administración de riesgo aplicada específicamente al software?,"En el curso Seguridad de Software Avanzado de la Maestría en Ciberseguridad, ¿Qué temas abarca la administración de riesgo aplicada específicamente al software?

Da una respuesta completa y explicativa.","Identificación de riesgos técnicos y de negocio, priorización de riesgos y validación de correcciones.","El curso Seguridad de Software Avanzado, dentro de la Maestría en Ciberseguridad, no menciona específicamente temas de administración de riesgo aplicada al software en su descripción general. Sin embargo, hay algunos elementos relacionados que podrían implicar esta temática:

1. **Comprendiendo el contexto del negocio**: Esta sección podría implicar la identificación de riesgos empresariales que afectan a la seguridad del software, lo que es un aspecto de la administración de riesgo.

2. **Identificando los riesgos técnicos y de negocio**: Aquí se menciona la identificación de riesgos, que es fundamental en la administración de riesgo.

3. **Sintetizado y priorización del riesgo**: Este paso implica la clasificación y valoración de los riesgos identificados, que es un componente clave de la administración de riesgo.

4. **Definición de estrategias de mitigación**: La definición de estrategias para reducir o gestionar los riesgos es otra parte importante de la administración de riesgo.

Sin embargo, estos puntos se refieren más a la administración de riesgo en general, no específicamente a la administración de riesgo aplicada al software. Para obtener información específica sobre la administración de riesgo aplicada al software, sería necesario consultar el contenido más detallado del curso o buscar recursos adicionales",MC1006-Políticas y Gobernanza en Ciberseguridad.txt;MC1006-Políticas y Gobernanza en Ciberseguridad.txt;MC3001-Seguridad de Software Avanzado.txt;MC1001-Análisis de datos en ciberseguridad.txt;MC1003-Seguridad y Criptografía.txt,4.15,Seguridad de Software Avanzado,MC3001,
qwen2.5-3b,open_ended,¿Qué se entiende por seguridad basada en el lenguaje de programación en este contexto?,"En el curso Seguridad de Software Avanzado de la Maestría en Ciberseguridad, ¿Qué se entiende por seguridad basada en el lenguaje de programación en este contexto?

Da una respuesta completa y explicativa.","El estudio del tipado seguro, el aseguramiento de memoria y el control de acceso en ambientes abiertos.","En el contexto del curso Seguridad de Software Avanzado de la Maestría en Ciberseguridad, la seguridad basada en el lenguaje de programación se refiere a técnicas y principios que se aplican durante el desarrollo del software para garantizar su seguridad. Este enfoque se centra en la implementación de mecanismos de seguridad dentro del lenguaje de programación mismo, en lugar de agregar funcionalidades de seguridad adicionales después de la compilación.

Algunos aspectos clave de la seguridad basada en el lenguaje de programación mencionados en el documento son:

1. Tipado seguro: Esto implica que el lenguaje de programación garantiza que los tipos de datos sean correctos y consistentes durante todo el tiempo que el programa está en ejecución.

2. Type Soundness: Esta es una propiedad del tipado seguro que asegura que si un programa es válido en términos de tipos, entonces también será válido en términos de semántica.

3. Aseguramiento de memoria: Los lenguajes de programación con esta característica garantizan que la memoria sea utilizada de manera correcta y segura.

4. Control de acceso: Este mecanismo asegura que solo se permitan operaciones de acceso a ciertos recursos cuando se tienen los permisos necesarios.

5. Autenticación por contraseñas: Algunos",MC1006-Políticas y Gobernanza en Ciberseguridad.txt;MC1006-Políticas y Gobernanza en Ciberseguridad.txt;MC3001-Seguridad de Software Avanzado.txt;MC3001-Seguridad de Software Avanzado.txt;MC1001-Análisis de datos en ciberseguridad.txt,4.12,Seguridad de Software Avanzado,MC3001,
qwen2.5-3b,open_ended,¿Cómo se aplican las técnicas de análisis estático para mejorar la calidad del código?,"En el curso Seguridad de Software Avanzado de la Maestría en Ciberseguridad, ¿Cómo se aplican las técnicas de análisis estático para mejorar la calidad del código?

Da una respuesta completa y explicativa.","Mediante el análisis de flujo de datos, la ejecución simbólica y la ofuscación.","En el curso Seguridad de Software Avanzado de la Maestría en Ciberseguridad, se abordan técnicas de análisis estático para mejorar la calidad del código. Según el documento, se menciona que se estudian técnicas de análisis estático de código, incluyendo:

1. Análisis de flujo de datos e información
2. Ofuscación
3. Pruebas de penetración en análisis estático
4. Ejecución simbólica

Estas técnicas permiten identificar posibles vulnerabilidades y problemas en el código sin necesidad de ejecutarlo, lo que puede ser más eficiente y seguro que ejecutar pruebas de penetración en entornos de producción. 

El curso también aborda la importancia de la seguridad desde el diseño, lo que implica evaluar y proyectar la seguridad en cada etapa del ciclo de vida del software, incluyendo el análisis estático de código como una herramienta crucial para detectar y corregir vulnerabilidades temprano en el proceso de desarrollo.",MC1001-Análisis de datos en ciberseguridad.txt;MC3001-Seguridad de Software Avanzado.txt;MC3001-Seguridad de Software Avanzado.txt;MC1003-Seguridad y Criptografía.txt;MC1006-Políticas y Gobernanza en Ciberseguridad.txt,3.18,Seguridad de Software Avanzado,MC3001,
qwen2.5-3b,open_ended,¿Por qué el cibercrimen se estudia también desde la perspectiva de las ciencias sociales?,"En el curso Cibercrimen de la Maestría en Ciberseguridad, ¿Por qué el cibercrimen se estudia también desde la perspectiva de las ciencias sociales?

Da una respuesta completa y explicativa.","Porque muchos problemas, como el phishing, ocurren por motivadores conductuales y debilidades en el comportamiento humano, no solo por fallas técnicas.","El cibercrimen se estudia también desde la perspectiva de las ciencias sociales porque muchas de las acciones y motivaciones detrás de estos actos no son técnicas, sino más bien sociales y legales. Esto significa que los individuos involucrados en el cibercrimen a menudo actúan bajo influencias sociales y legales que pueden no ser evidentes desde una perspectiva técnica.

Por ejemplo, el phishing, que es uno de los temas principales del curso, ocurre cuando las personas legítimas son engañadas por ataques cibernéticos. Esta vulnerabilidad puede estar relacionada con factores sociales como la falta de conciencia sobre las amenazas cibernéticas, la facilidad de acceso a información sensible, o incluso la influencia de factores económicos. 

Desde una perspectiva social, se pueden analizar cómo las personas tienden a ser víctimas de phishing debido a costos-beneficios atractivos. Además, la legislación puede dificultar el abordaje de estos problemas desde una perspectiva transnacional, lo que implica considerar aspectos legales y políticos.

Por lo tanto, para entender completamente las amenazas y desarrollar estrategias efectivas de prevención, es necesario tener en cuenta tanto los elementos técnicos como los sociales y legales que influyen en el cibercrimen.",MC3010-Cibercrimen.txt;MC1006-Políticas y Gobernanza en Ciberseguridad.txt;MC1006-Políticas y Gobernanza en Ciberseguridad.txt;MC1001-Análisis de datos en ciberseguridad.txt;MC3010-Cibercrimen.txt,4.08,Cibercrimen,MC3010,
qwen2.5-3b,open_ended,¿Qué objetivos persiguen los criminales al manipular a usuarios legítimos?,"En el curso Cibercrimen de la Maestría en Ciberseguridad, ¿Qué objetivos persiguen los criminales al manipular a usuarios legítimos?

Da una respuesta completa y explicativa.","Obtener información confidencial mediante ingeniería social, espionaje industrial e investigación de recopilación de datos.","Los objetivos principales que persiguen los criminales al manipular a usuarios legítimos en el curso Cibercrimen de la Maestría en Ciberseguridad son:

1. Obtener información confidencial: Los criminales buscan acceder a información sensible o confidencial que pueda ser valiosa para ellos. Esto puede incluir detalles personales, credenciales de acceso a sistemas, o incluso información financiera.

2. Manipular sistemas: Al manipular a los usuarios legítimos, los criminales pueden intentar comprometer sistemas informáticos o redes, lo que podría resultar en daños significativos a la seguridad de los sistemas y a los datos de los usuarios.

3. Evadir detectores de seguridad: Al utilizar tácticas de engaño y manipulación, los criminales pueden evitar que los sistemas de detección de amenazas detecten sus actividades maliciosas.

4. Comprender comportamientos humanos: Los criminales también pueden aprender sobre los comportamientos humanos y las debilidades de los usuarios legítimos, lo que les permite diseñar tácticas más efectivas para engañarlos en el futuro.

5. Exploitar costos-beneficios: Como menciona el texto, la relación de costo-beneficio para un atacante es atractiva, especialmente en situaciones como el phishing, donde los costos",MC1001-Análisis de datos en ciberseguridad.txt;MC1006-Políticas y Gobernanza en Ciberseguridad.txt;MC1006-Políticas y Gobernanza en Ciberseguridad.txt;MC3010-Cibercrimen.txt;MC3010-Cibercrimen.txt,4.11,Cibercrimen,MC3010,
qwen2.5-3b,open_ended,¿Cómo ayudan los motivadores sociales a identificar la naturaleza de las amenazas?,"En el curso Cibercrimen de la Maestría en Ciberseguridad, ¿Cómo ayudan los motivadores sociales a identificar la naturaleza de las amenazas?

Da una respuesta completa y explicativa.",Permiten valorar las acciones de los individuos y potenciar la identificación temprana de actos delictivos.,"En el curso de Cibercrimen, los motivadores sociales (social engineering) son técnicas utilizadas por los cibercriminales para manipular a las personas para obtener información sensible o acceder a sistemas. Estos motivadores sociales pueden ser utilizados para identificar la naturaleza de las amenazas de varias maneras:

1. **Manipulación Psicológica**: Los motivadores sociales utilizan técnicas psicológicas para persuadir a las víctimas a revelar información confidencial. Esto puede incluir técnicas como la empatía, la autoridad, la urgencia, la necesidad de pertenencia, etc.

2. **Identificación de Personas de Confianza**: Los motivadores sociales buscan atraer a las víctimas a través de individuos que consideran confiables. Esto puede incluir llamadas telefónicas, correos electrónicos o mensajes de texto que parecen provenir de alguien conocido o de una institución confiable.

3. **Manipulación de Emociones**: Los cibercriminales utilizan emociones como la curiosidad, la cura de la ansiedad, la necesidad de pertenencia o la empatía para manipular a las víctimas. Por ejemplo, un mensaje de correo electrónico podría parecer una invitación a participar en un evento importante o una solicitud de ayuda urgente.",MC1006-Políticas y Gobernanza en Ciberseguridad.txt;MC1006-Políticas y Gobernanza en Ciberseguridad.txt;MC1001-Análisis de datos en ciberseguridad.txt;MC3010-Cibercrimen.txt;MC3001-Seguridad de Software Avanzado.txt,4.1,Cibercrimen,MC3010,
qwen2.5-3b,open_ended,¿Qué métodos de investigación social se aplican para entender el fenómeno criminal?,"En el curso Cibercrimen de la Maestría en Ciberseguridad, ¿Qué métodos de investigación social se aplican para entender el fenómeno criminal?

Da una respuesta completa y explicativa.","La teorización, el diseño experimental, la validación de hipótesis y el análisis de datos con SPSS.","En el curso de Cibercrimen de la Maestría en Ciberseguridad, no se menciona específicamente ningún método de investigación social para entender el fenómeno criminal. La información proporcionada habla sobre la metodología de enseñanza y aprendizaje, la evaluación y la bibliografía, pero no incluye detalles sobre cómo se aborda el tema de la investigación social en el estudio del cibercrimen.

La metodología de enseñanza y aprendizaje mencionada para este curso incluye:

1. Clases magistrales por parte del profesor.
2. Comprobaciones de lectura.
3. Casos específicos de estudio.
4. Investigación bibliográfica.

Sin embargo, estos métodos se describen en general y no se especifica cómo se aplicarían en el caso del cibercrimen. Para entender el fenómeno del cibercrimen, se podría esperar que se utilizaran técnicas de investigación social, como encuestas, entrevistas, observación participante, análisis de datos de bitácoras de sistemas, etc. Pero estos métodos no están explicitamente mencionados en el contexto proporcionado.",MC3010-Cibercrimen.txt;MC1006-Políticas y Gobernanza en Ciberseguridad.txt;MC1006-Políticas y Gobernanza en Ciberseguridad.txt;MC1001-Análisis de datos en ciberseguridad.txt;MC1103-Gerencia de tecnología de información.txt,3.47,Cibercrimen,MC3010,
qwen2.5-3b,open_ended,"¿Qué aspectos analiza la ""Ciencia del Crimen"" respecto a los actos delictivos?","En el curso Cibercrimen de la Maestría en Ciberseguridad, ¿Qué aspectos analiza la ""Ciencia del Crimen"" respecto a los actos delictivos?

Da una respuesta completa y explicativa.","La elección racional del criminal, las actividades de rutina y los estudios de victimización y autoreporte.","En el curso de Cibercrimen de la Maestría en Ciberseguridad, la ""Ciencia del Crimen"" analiza varios aspectos relacionados con los actos delictivos, específicamente en el contexto del cibercrimen. Algunos de estos aspectos incluyen:

1. Orígenes del Crimen: Se examinan los antecedentes y las raíces históricas de la cibercriminalidad.

2. Elección Racional: Se estudian las decisiones y motivaciones subyacentes que llevan a las personas a cometer actos delictivos en el mundo digital.

3. Actividades de Rutina: Se analizan las prácticas habituales y rutinarias que los criminales utilizan en sus actividades delictivas en línea.

4. Estudios de Autoreporte: Se revisan los informes y declaraciones de los propios criminales sobre sus acciones delictivas.

5. Estudios de Victimización: Se examinan los efectos y consecuencias de los actos delictivos en las víctimas.

6. Registros Policiales: Se analizan los registros oficiales y las investigaciones realizadas por las autoridades en casos de cibercrimen.

7. Sensores Técnicos: Se estudian las tecnologías y dispositivos utilizados por las fuerzas de seguridad para",MC3010-Cibercrimen.txt;MC1006-Políticas y Gobernanza en Ciberseguridad.txt;MC1006-Políticas y Gobernanza en Ciberseguridad.txt;MC1001-Análisis de datos en ciberseguridad.txt;MC3010-Cibercrimen.txt,4.11,Cibercrimen,MC3010,
qwen2.5-3b,open_ended,¿En qué consiste la teoría de prevención del crimen en situación según el curso?,"En el curso Cibercrimen de la Maestría en Ciberseguridad, ¿En qué consiste la teoría de prevención del crimen en situación según el curso?

Da una respuesta completa y explicativa.","Analiza la oportunidad del crimen, el triángulo del crimen y el desplazamiento del beneficio delictivo.","La teoría de prevención del crimen en situación, también conocida como Teoría de Oportunidad, es un componente importante del contenido del curso Cibercrimen de la Maestría en Ciberseguridad. Según el documento, esta teoría se menciona en el apartado ""Previenección del Crimen en situación"" del contenido del curso.

La teoría de prevención del crimen en situación sugiere que la probabilidad de que un delito ocurra depende de tres factores:

1. La oportunidad: Existe la posibilidad de que el delito pueda ser cometido sin ser descubierto o atrapado.

2. La disposición: El individuo tiene la intención de cometer el delito.

3. La recompensa: El delito ofrece una recompensa significativa para el delincuente.

Esta teoría se utiliza para entender cómo y cuándo los delitos pueden ocurrir, y cómo estas condiciones pueden ser modificadas para reducir la probabilidad de que ocurran. En el contexto del cibercrimen, esto podría implicar mejorar la seguridad de las redes y sistemas informáticos para hacer menos probable que los delincuentes encuentren oportunidades para cometer delitos, y también podría implicar educar a los usuarios sobre cómo evitar ser víctimas de estos delitos.

El curso probablemente explique cómo esta te",MC3010-Cibercrimen.txt;MC1006-Políticas y Gobernanza en Ciberseguridad.txt;MC1006-Políticas y Gobernanza en Ciberseguridad.txt;MC1001-Análisis de datos en ciberseguridad.txt;MC3010-Cibercrimen.txt,4.11,Cibercrimen,MC3010,
qwen2.5-3b,open_ended,¿Cómo se articulan las TI con la propuesta de valor de un negocio?,"En el curso Sistemas Estratégicos Empresariales de la Maestría en Gerencia de Tecnologías de la Información, ¿Cómo se articulan las TI con la propuesta de valor de un negocio?

Da una respuesta completa y explicativa.",Se integran coherentemente dentro de un sistema de actividades para fortalecer la posición estratégica de la empresa.,"En el curso ""Sistemas Estratégicos Empresariales"" de la Maestría en Gerencia de Tecnologías de la Información, se enfatiza la importancia de cómo las Tecnologías de la Información (TI) están íntimamente relacionadas con la creación y mantenimiento de una propuesta de valor competitiva para un negocio. Este vínculo se articula a través de varios aspectos clave:

1. **Propuesta de Valor**: Se explica cómo las TI pueden ser utilizadas para crear una propuesta de valor única y diferenciadora para los clientes. Esto implica entender qué beneficios específicos ofrecen a los clientes y cómo estas soluciones se distinguen de las de los competidores.

2. **Posicionamiento hacia los Clientes**: Se discute cómo las TI pueden ayudar a posicionar a la empresa en el mercado, enfocándose en cómo las soluciones tecnológicas se adaptan a las necesidades y expectativas de los clientes. Esto incluye la implementación de sistemas de información que faciliten la comunicación y la colaboración con los clientes.

3. **Cadenas de Valor y Sistemas de Valor**: Se examinan cómo las TI pueden formar parte de las cadenas de valor y sistemas de valor de una empresa, contribuyendo a la eficiencia y la innovación. Esto implica entender cómo las TI pueden transformar procesos intern",MC1101-Sistemas Estratégicos Empresariales.txt;MC2301-Planificación estratégica de tecnología de información.txt;MC1103-Gerencia de tecnología de información.txt;MC1203-Administración y estrategia de proyectos I.txt;MC1201-Administración financiera de tecnología de información.txt,4.12,Sistemas Estratégicos Empresariales,MC1101,
qwen2.5-3b,open_ended,¿Qué tipos de sistemas de información se estudian como referentes de manejo interno y externo?,"En el curso Sistemas Estratégicos Empresariales de la Maestría en Gerencia de Tecnologías de la Información, ¿Qué tipos de sistemas de información se estudian como referentes de manejo interno y externo?

Da una respuesta completa y explicativa.","Los sistemas ERP, CRM y SCM.","En el curso Sistemas Estratégicos Empresariales de la Maestría en Gerencia de Tecnologías de la Información, se estudian varios tipos de sistemas de información tanto internos como externos. 

Internos, estos incluyen:

1. **Sistemas de Planificación de Recursos Empresariales (ERP)**: Esta es una arquitectura de información que abarca la gestión de recursos empresariales, incluyendo finanzas, producción, inventario, compras, ventas, etc. Se enfoca en la optimización de recursos y procesos internos.

2. **Sistemas de Administración de Cadena de Abastecimiento (SCM)**: Este sistema se centra en la eficiencia en la cadena de abastecimiento, desde la compra hasta la entrega de productos al cliente. Se enfoca en mejorar la eficiencia y la eficacia en la cadena de suministro.

3. **Sistema de Administración de Relaciones con el Cliente (CRM)**: Este sistema se enfoca en la gestión de relaciones con los clientes, incluyendo la captura, almacenamiento, análisis y uso de datos de clientes para mejorar la experiencia del cliente y aumentar la satisfacción del cliente.

4. **Sistemas de Administración del Conocimiento**: Este sistema se enfoca en la gestión del conocimiento dentro de la organización, incluyendo",MC1103-Gerencia de tecnología de información.txt;MC1103-Gerencia de tecnología de información.txt;MC2301-Planificación estratégica de tecnología de información.txt;MC1201-Administración financiera de tecnología de información.txt;MC1101-Sistemas Estratégicos Empresariales.txt,4.11,Sistemas Estratégicos Empresariales,MC1101,
qwen2.5-3b,open_ended,¿Qué fuerzas competitivas influyen en la dinámica de una industria según Michael Porter?,"En el curso Sistemas Estratégicos Empresariales de la Maestría en Gerencia de Tecnologías de la Información, ¿Qué fuerzas competitivas influyen en la dinámica de una industria según Michael Porter?

Da una respuesta completa y explicativa.","La amenaza de nuevos entrantes, el poder de compradores y proveedores, los sustitutos y la rivalidad entre competidores.","Según el documento proporcionado, el curso Sistemas Estratégicos Empresariales de la Maestría en Gerencia de Tecnologías de la Información no especifica directamente qué fuerzas competitivas influyen en la dinámica de una industria según Michael Porter. Sin embargo, el documento menciona que se estudian los modelos competitivos de Michael Porter, lo que sugiere que estos conceptos son relevantes para el curso. 

Michael Porter identifica cinco fuerzas principales que influyen en la dinámica de una industria:

1. **Poder de los compradores**: La capacidad de los consumidores para ejercer presión sobre los precios y condiciones de compra.
2. **Poder de los proveedores**: La capacidad de los proveedores para ejercer presión sobre los precios y condiciones de venta.
3. **Rivalidad entre los competidores**: La intensidad de la competencia existente en la industria.
4. **Posicionamiento de los nuevos entrantes**: La facilidad o dificultad para nuevos competidores entrar en la industria.
5. **Posicionamiento de los sustitutos**: La capacidad de los productos o servicios de la industria de ser sustituidos por alternativas más baratas o mejoradas.

Estas fuerzas se analizan en el curso para entender cómo afectan la estrategia empresarial y la creación de valor en las empresas",MC1101-Sistemas Estratégicos Empresariales.txt;MC1101-Sistemas Estratégicos Empresariales.txt;MC1103-Gerencia de tecnología de información.txt;MC2301-Planificación estratégica de tecnología de información.txt;MC1103-Gerencia de tecnología de información.txt,4.08,Sistemas Estratégicos Empresariales,MC1101,
qwen2.5-3b,open_ended,¿Qué papel desempeña la investigación en la metodología de enseñanza de este curso?,"En el curso Sistemas Estratégicos Empresariales de la Maestría en Gerencia de Tecnologías de la Información, ¿Qué papel desempeña la investigación en la metodología de enseñanza de este curso?

Da una respuesta completa y explicativa.",Permite al estudiante profundizar en fundamentos y tendencias mediante la creación de un estado del arte de sistemas empresariales.,"En el curso Sistemas Estratégicos Empresariales de la Maestría en Gerencia de Tecnologías de la Información, la investigación juega un papel importante en la metodología de enseñanza del curso. Según el documento proporcionado, se menciona que los estudiantes deberán realizar un estado del arte en cada tipo de sistema empresarial (ERP, CRM, KMS, SCM) como parte de su formación en investigación. 

Este requerimiento implica que la investigación no solo es un componente de la evaluación, sino que también es una parte integral del contenido del curso. Los estudiantes deben buscar y sintetizar referencias específicas en cada tipo de sistema empresarial, lo que sugiere que la investigación es un aspecto activo y participativo en el aprendizaje del curso.

Además, el curso aborda la importancia de entender los sistemas de información empresariales y cómo las tecnologías de información pueden ser utilizadas estratégicamente para favorecer la propuesta de valor de una empresa. Esto implica un enfoque práctico y aplicado, donde la investigación se utiliza para comprender y analizar estos sistemas y tecnologías.

Por lo tanto, la investigación no solo es una parte de la evaluación, sino que también es un componente fundamental del aprendizaje y el entendimiento del curso.",MC1103-Gerencia de tecnología de información.txt;MC2301-Planificación estratégica de tecnología de información.txt;MC1103-Gerencia de tecnología de información.txt;MC1101-Sistemas Estratégicos Empresariales.txt;MC1101-Sistemas Estratégicos Empresariales.txt,3.81,Sistemas Estratégicos Empresariales,MC1101,
qwen2.5-3b,open_ended,¿Cómo se vincula el conocimiento teórico con la práctica real en este programa?,"En el curso Sistemas Estratégicos Empresariales de la Maestría en Gerencia de Tecnologías de la Información, ¿Cómo se vincula el conocimiento teórico con la práctica real en este programa?

Da una respuesta completa y explicativa.",A través de una investigación aplicada donde el estudiante enfrenta un problema real de una empresa utilizando los conocimientos adquiridos.,"En el curso Sistemas Estratégicos Empresariales de la Maestría en Gerencia de Tecnologías de la Información, el conocimiento teórico se vincula estrechamente con la práctica real a través de varias estrategias metodológicas:

1. **Exposiciones Magistrales**: El profesor presenta conceptos teóricos y los explica con ejemplos y casos, promoviendo la participación y el desarrollo de criterio del estudiante. Esto permite que los estudiantes asimilen y apliquen los conceptos teóricos en situaciones prácticas.

2. **Investigación del Estudiante**: El estudiante profundiza en los conceptos del curso mediante la creación de un estado del arte. Este proceso implica la consulta de fundamentos, tendencias recientes e información de la industria, lo que les permite aplicar el conocimiento teórico en un contexto real.

3. **Exposición de Casos**: Basándose en la teoría asimilada, el estudiante identifica y expone casos relevantes dentro del ámbito del curso. Esta práctica les permite aplicar sus conocimientos teóricos a situaciones concretas y reales.

4. **Aplicación del Conocimiento en Forma Concurrente**: Durante la Investigación Aplicada, el estudiante aplica los conocimientos adquiridos en el curso a",MC1103-Gerencia de tecnología de información.txt;MC1103-Gerencia de tecnología de información.txt;MC2301-Planificación estratégica de tecnología de información.txt;MC1101-Sistemas Estratégicos Empresariales.txt;MC2301-Planificación estratégica de tecnología de información.txt,4.09,Sistemas Estratégicos Empresariales,MC1101,
qwen2.5-3b,open_ended,¿Qué modelos complementarios a las fuerzas de Porter se analizan para el uso estratégico de TI?,"En el curso Sistemas Estratégicos Empresariales de la Maestría en Gerencia de Tecnologías de la Información, ¿Qué modelos complementarios a las fuerzas de Porter se analizan para el uso estratégico de TI?

Da una respuesta completa y explicativa.",El modelo basado en recursos (Resource Based View) y la competencia por capacidades.,"En el curso Sistemas Estratégicos Empresariales de la Maestría en Gerencia de Tecnologías de la Información, se analizan modelos complementarios a las fuerzas de Porter para el uso estratégico de TI. Estos modelos incluyen:

1. **Resource-Based View (RBV)**: Este modelo enfatiza la importancia de los recursos y capacidades de una empresa para generar valor estratégico. Se utiliza para entender cómo las tecnologías de información pueden ser utilizadas para fortalecer estos recursos y capacidades competitivas.

2. **Competencia por Capacidades**: Este modelo se centra en cómo las empresas pueden diferenciarse a través de sus capacidades y recursos. Se utiliza para explorar cómo las tecnologías de información pueden ayudar a una empresa a construir y mantener una ventaja competitiva única.

Además, se complementan estas lecturas de modelos competitivos con otros modelos como el Resource Based View y Competencia por Capacidades, enfocados en el uso estratégico de tecnologías de información. Esto permite una comprensión más completa de cómo las tecnologías de información pueden ser utilizadas para mejorar la competitividad de una empresa.",MC1103-Gerencia de tecnología de información.txt;MC2301-Planificación estratégica de tecnología de información.txt;MC1101-Sistemas Estratégicos Empresariales.txt;MC2301-Planificación estratégica de tecnología de información.txt;MC1101-Sistemas Estratégicos Empresariales.txt,3.43,Sistemas Estratégicos Empresariales,MC1101,
qwen2.5-3b,open_ended,¿Qué elementos componen el enfoque integrado del proceso de gestión de TI?,"En el curso Gerencia de Tecnología de Información de la Maestría en Gerencia de Tecnologías de la Información, ¿Qué elementos componen el enfoque integrado del proceso de gestión de TI?

Da una respuesta completa y explicativa.","La combinación de cuatro factores clave: personas, procesos, herramientas y proveedores.","En el curso de ""Gerencia de Tecnología de Información"" de la Maestría en Gerencia de Tecnologías de la Información, el enfoque integrado del proceso de gestión de TI se aborda de varias maneras:

1. **Modelos y Propuestas**: El curso presenta varios modelos y propuestas para la gestión de TI, como el modelo de ""IT Demand/IT Supply"" de Broadbent y Kitzis, el modelo de Scott Proctor, el modelo de Dyche, el modelo de Martha Heller, el enfoque holístico de Al Kluebler, y la transformación digital y su rol en TI. Estos modelos ofrecen diferentes perspectivas y herramientas para entender y gestionar la tecnología de información.

2. **Cadena de Valor**: Se explica el concepto de cadena de valor y cómo se aplica a la gestión de TI. Esto incluye temas como la cadena de valor genérica para TI, actividades ""core"" y de soporte, y el enfoque holístico de Al Kluebler.

3. **Gobernanza de TI**: Se abordan temas como la gobernanza de TI, diferenciando entre administración y gobernanza, y su importancia y beneficios. También se discuten políticas, procedimientos y estándares, así como la matriz de gobernanza de Weill.

4. **Desarrollo Organ",MC1103-Gerencia de tecnología de información.txt;MC1103-Gerencia de tecnología de información.txt;MC1201-Administración financiera de tecnología de información.txt;MC2301-Planificación estratégica de tecnología de información.txt;MC1203-Administración y estrategia de proyectos I.txt,4.12,Gerencia de Tecnología de Información,MC1103,
qwen2.5-3b,open_ended,¿Cuáles son los equilibrios críticos que un líder de TI debe buscar permanentemente?,"En el curso Gerencia de Tecnología de Información de la Maestría en Gerencia de Tecnologías de la Información, ¿Cuáles son los equilibrios críticos que un líder de TI debe buscar permanentemente?

Da una respuesta completa y explicativa.","El balance entre innovación y gestión de riesgos, y entre ser agente de cambio y mantener la operación impecable.","En el curso de ""Gerencia de Tecnología de Información"" de la Maestría en Gerencia de Tecnologías de la Información, no se menciona específicamente los ""equilibrios críticos"" que un líder de TI debe buscar permanentemente. Sin embargo, se destacan varios aspectos importantes que un líder de TI debe considerar para gestionar eficazmente la tecnología de información en una organización:

1. **Gobernanza de TI**: Los estudiantes aprenderán sobre la diferencia entre administración y gobernanza de TI, así como sobre la importancia y beneficios de la gobernanza de TI. Esto implica entender cómo establecer políticas, procedimientos y estándares para asegurar que la tecnología de información esté alineada con los objetivos estratégicos de la organización.

2. **Desarrollo Organizacional de TI**: Se estudian temas como el espectro centralización-descentralización, ubicación del área de TI dentro de la estructura organizacional, etapas de desarrollo organizacional, organización interna de TI y diseño organizacional. Estos conceptos ayudan a entender cómo la TI se integra dentro de la estructura organizacional y cómo se desarrolla a lo largo del tiempo.

3. **Propuestas para Administración o Gerenciamiento de TI**: Los estudiantes se familiarizan con diferentes modelos y propuestas para gestionar la tecnología de información, como",MC1103-Gerencia de tecnología de información.txt;MC2301-Planificación estratégica de tecnología de información.txt;MC1101-Sistemas Estratégicos Empresariales.txt;MC1103-Gerencia de tecnología de información.txt;MC1006-Políticas y Gobernanza en Ciberseguridad.txt,4.09,Gerencia de Tecnología de Información,MC1103,
qwen2.5-3b,open_ended,¿Qué diferencia establece el curso entre administración y gobernanza de TI?,"En el curso Gerencia de Tecnología de Información de la Maestría en Gerencia de Tecnologías de la Información, ¿Qué diferencia establece el curso entre administración y gobernanza de TI?

Da una respuesta completa y explicativa.","Se analizan como conceptos distintos, estudiando la gobernanza a través de arquetipos y mecanismos de la matriz de Weill.","El curso de Gerencia de Tecnología de Información en la Maestría en Gerencia de Tecnologías de la Información no establece una diferencia específica entre administración y gobernanza de TI. Sin embargo, el documento proporcionado hace referencia a estos términos en varios temas, pero no los compara directamente ni establece una diferencia clara entre ellos.

En el tema de ""Gobernanza de TI"", se menciona:

- ""Diferencia entre administración y gobernanza""
- ""Concepto de gobernanza de TI""
- ""Importancia y beneficios de la gobernanza de TI""

Estos puntos sugieren que el curso probablemente aborda la gobernanza de TI como un concepto separado o diferente a la administración de TI, pero no proporciona una explicación detallada de cómo es esta diferencia. 

Para entender mejor la diferencia entre administración y gobernanza de TI, se tendría que consultar otros documentos o materiales relacionados con la administración de TI, como el curso de Administración Financiera de Tecnología de Información o el curso de Administración y Estrategia de Proyectos I, que podrían ofrecer esa información.",MC1103-Gerencia de tecnología de información.txt;MC1103-Gerencia de tecnología de información.txt;MC1006-Políticas y Gobernanza en Ciberseguridad.txt;MC1201-Administración financiera de tecnología de información.txt;MC1203-Administración y estrategia de proyectos I.txt,3.63,Gerencia de Tecnología de Información,MC1103,
qwen2.5-3b,open_ended,¿Qué modelos de tercerización de servicios se introducen en el contenido?,"En el curso Gerencia de Tecnología de Información de la Maestría en Gerencia de Tecnologías de la Información, ¿Qué modelos de tercerización de servicios se introducen en el contenido?

Da una respuesta completa y explicativa.","SaaS, IaaS y PaaS, junto con los factores críticos de éxito para su gestión.","En el curso ""Gerencia de Tecnología de Información"" de la Maestría en Gerencia de Tecnologías de la Información, se introduce el modelo de tercerización de servicios de TI. Este modelo se menciona en el tema ""Tercerización de servicios de TI"", específicamente en el contenido ""Propuestas para administración o gerenciamiento de TI"". 

El texto menciona el modelo de tercerización de servicios de TI como una de las propuestas para administración o gerenciamiento de TI, junto con otros modelos como el de Broadbent y Kitzis (modelo de ""IT Demand/IT Supply""), De Scott Proctor, De Dyche, De Martha Heller, y el enfoque holístico de Al Kluebler.",MC1103-Gerencia de tecnología de información.txt;MC2301-Planificación estratégica de tecnología de información.txt;MC1103-Gerencia de tecnología de información.txt;MC1006-Políticas y Gobernanza en Ciberseguridad.txt;MC1101-Sistemas Estratégicos Empresariales.txt,2.27,Gerencia de Tecnología de Información,MC1103,
qwen2.5-3b,open_ended,¿Cómo se utiliza la metodología de casos para fomentar el aprendizaje socio-constructivista?,"En el curso Gerencia de Tecnología de Información de la Maestría en Gerencia de Tecnologías de la Información, ¿Cómo se utiliza la metodología de casos para fomentar el aprendizaje socio-constructivista?

Da una respuesta completa y explicativa.","Mediante estudio individual, análisis grupal y sesiones plenarias de discusión sobre casos comprensivos.","En el curso de Gerencia de Tecnología de Información de la Maestría en Gerencia de Tecnologías de la Información, la metodología de casos es utilizada de manera significativa para fomentar el aprendizaje socio-constructivista. Este método implica que los estudiantes construyen su conocimiento a través de experiencias interactivas y colaborativas, en lugar de recibir información pasivamente.

La metodología de casos se implementa de la siguiente manera:

1. **Guía de Estudio**: Los estudiantes pueden recibir una guía de estudio que les ayuda a abordar diferentes aspectos del material estudiado desde una perspectiva holística. Esto permite que los estudiantes se familiaricen con la diversidad de elementos que conforman el tema central.

2. **Foros Virtuales**: Se realiza al menos un foro de discusión virtual para fomentar la interacción y la colaboración entre los estudiantes. Esto les permite compartir sus ideas, preguntas y reflexiones, lo que contribuye a un entendimiento más profundo del tema.

3. **Evaluación de Casos**: Los estudiantes deben analizar y discutir casos de estudio. Esta actividad requiere que los estudiantes utilicen su conocimiento teórico para aplicarlo a situaciones prácticas, lo que les permite ver cómo se aplica la teoría en contextos reales.

4. **Investigación de",MC1103-Gerencia de tecnología de información.txt;MC3010-Cibercrimen.txt;MC2301-Planificación estratégica de tecnología de información.txt;MC6102-Análisis de Algoritmos.txt;MC6102-Análisis de Algoritmos.txt,4.07,Gerencia de Tecnología de Información,MC1103,
qwen2.5-3b,open_ended,¿Qué herramientas pedagógicas deben elaborar los estudiantes para demostrar la asimilación semanal de la teoría?,"En el curso Gerencia de Tecnología de Información de la Maestría en Gerencia de Tecnologías de la Información, ¿Qué herramientas pedagógicas deben elaborar los estudiantes para demostrar la asimilación semanal de la teoría?

Da una respuesta completa y explicativa.","Mapas mentales, conceptuales, infografías o cuadros sinópticos basados en la bibliografía.","Según el contexto proporcionado, los estudiantes del curso ""Gerencia de Tecnología de Información"" deben elaborar herramientas pedagógicas para demostrar la asimilación semanal de la teoría. Sin embargo, el contexto específico no menciona qué exactamente deben elaborar. 

El contexto sugiere que los estudiantes deben realizar tareas cortas y trabajos en clase como parte de su evaluación. Estas tareas podrían incluir:

1. Mapas mentales
2. Mapas conceptuales
3. Esquemas de ideas
4. Infografías
5. Cuadros sinópticos

Estas herramientas permiten a los estudiantes visualizar y organizar la información teórica aprendida, lo que es útil para la asimilación y retención del conocimiento. Sin embargo, no se especifica si estas son las únicas herramientas que deben elaborar o si pueden haber otras como las mencionadas.",MC1103-Gerencia de tecnología de información.txt;MC6102-Análisis de Algoritmos.txt;MC7201-Introducción a la Investigación.txt;MC2301-Planificación estratégica de tecnología de información.txt;MC7201-Introducción a la Investigación.txt,2.82,Gerencia de Tecnología de Información,MC1103,
qwen2.5-3b,open_ended,¿Qué abarca la gestión de recursos financieros invertidos en TI?,"En el curso Administración Financiera de TI de la Maestría en Gerencia de Tecnologías de la Información, ¿Qué abarca la gestión de recursos financieros invertidos en TI?

Da una respuesta completa y explicativa.","La planificación, operación, control, evaluación y toma de decisiones fundamentadas en información financiera.","En el curso de Administración Financiera de Tecnología de Información (MC1201) de la Maestría en Gerencia de Tecnologías de la Información, la gestión de recursos financieros invertidos en TI se enfoca en varios aspectos clave:

1. **Fundamentos Teóricos**: Se abordan los fundamentos de la contabilidad, finanzas, presupuesto, costos y evaluación de proyectos relevantes para la administración financiera de proyectos y servicios de tecnología de información.

2. **Contabilidad Financiera**: Se estudian conceptos como el sistema de contabilidad, los estados financieros principales, normas internacionales de información financiera y el registro contable de la operación de tecnología de información.

3. **Análisis Financiero**: Se examinan métodos de análisis financiero, incluyendo análisis porcentual de estados financieros, análisis de las principales razones financieras y análisis financiero específico para la operación de tecnología de información.

4. **Contabilidad de Costos**: Se introducen conceptos introductorios a la contabilidad de costos, sistemas de costeo para productos y servicios y sistemas de costeo específicos para la operación de tecnología de información.

5. **Presupuestos**: Se exploran conceptos y metodologías para la elaboración de presupuestos, así como presupuestos específicos para la operación de tecnología de información",MC1201-Administración financiera de tecnología de información.txt;MC1103-Gerencia de tecnología de información.txt;MC1103-Gerencia de tecnología de información.txt;MC1201-Administración financiera de tecnología de información.txt;MC2301-Planificación estratégica de tecnología de información.txt,4.12,Administración Financiera de TI,MC1201,
qwen2.5-3b,open_ended,¿Cuál es el objetivo final de aplicar finanzas a los proyectos y servicios de TI?,"En el curso Administración Financiera de TI de la Maestría en Gerencia de Tecnologías de la Información, ¿Cuál es el objetivo final de aplicar finanzas a los proyectos y servicios de TI?

Da una respuesta completa y explicativa.",Optimizar los recursos asignados y gestionar los riesgos inherentes a las inversiones tecnológicas.,"El objetivo final de aplicar finanzas a los proyectos y servicios de TI en el curso de Administración Financiera de TI de la Maestría en Gerencia de Tecnologías de la Información es desarrollar la capacidad para formular y evaluar financieramente proyectos de TI. 

Este curso tiene como objetivo principal formar a los estudiantes en cómo utilizar métodos y conceptos financieros para tomar decisiones informadas sobre proyectos de TI. Esto incluye:

1. **Formulación de proyectos**: Los estudiantes aprenderán a diseñar y estructurar proyectos de TI de manera que puedan ser evaluados financieramente. Esto implica entender cómo definir claramente los objetivos, recursos necesarios e impacto económico de los proyectos.

2. **Evaluación financiera de proyectos**: Una vez que los proyectos están formulados, los estudiantes deben saber cómo evaluarlos financieramente. Esto incluye la utilización de herramientas y métodos como el análisis de costos-beneficios, el análisis de riesgos financieros y la determinación de la viabilidad financiera de los proyectos.

3. **Aplicación de estándares internacionales**: El curso también aborda la importancia de seguir estándares internacionales como COBIT 5.0 y ITIL 2011, que proporcionan guías para la gestión financiera y presupuestaria de proyectos de TI.

4. **Integración teó",MC1201-Administración financiera de tecnología de información.txt;MC1103-Gerencia de tecnología de información.txt;MC2301-Planificación estratégica de tecnología de información.txt;MC1203-Administración y estrategia de proyectos I.txt;MC1101-Sistemas Estratégicos Empresariales.txt,4.12,Administración Financiera de TI,MC1201,
qwen2.5-3b,open_ended,¿Qué áreas de la contabilidad se estudian para respaldar la operación técnica?,"En el curso Administración Financiera de TI de la Maestría en Gerencia de Tecnologías de la Información, ¿Qué áreas de la contabilidad se estudian para respaldar la operación técnica?

Da una respuesta completa y explicativa.","Contabilidad financiera (activos, pasivos, capital), análisis financiero (razones financieras) y contabilidad de costos.","En el curso de Administración Financiera de Tecnología de Información (TI) de la Maestría en Gerencia de Tecnologías de la Información, no se menciona específicamente ninguna área de la contabilidad para respaldar la operación técnica. Sin embargo, se menciona que se estudian varios temas relacionados con la contabilidad y la administración financiera de TI, como:

1. Métodos para la elaboración de presupuestos.
2. Formulación y evaluación financiera de proyectos.
3. Estándares internacionales para la administración financiera de TI.
4. Métodos de control y gestión de costos de TI.
5. Presupuestos y costeo para la operación de TI.
6. Análisis y diagnóstico financiero.
7. Contabilidad de costos.
8. Análisis para la dirección financiera.
9. Análisis y diagnóstico financiero.
10. Presupuestos.

Estos temas sugieren que se abordan aspectos financieros y de costos relacionados con la operación de TI, pero no se especifica directamente una área específica de la contabilidad. Los temas más relacionados con la contabilidad en este curso son probablemente aquellos que se enfocan en la formulación y evaluación de presupuestos, el costeo y la administración financiera de proyectos de TI.",MC1201-Administración financiera de tecnología de información.txt;MC1103-Gerencia de tecnología de información.txt;MC2301-Planificación estratégica de tecnología de información.txt;MC1103-Gerencia de tecnología de información.txt;MC1101-Sistemas Estratégicos Empresariales.txt,4.02,Administración Financiera de TI,MC1201,
qwen2.5-3b,open_ended,¿Cómo se integra el presupuesto en la administración de la función de información?,"En el curso Administración Financiera de TI de la Maestría en Gerencia de Tecnologías de la Información, ¿Cómo se integra el presupuesto en la administración de la función de información?

Da una respuesta completa y explicativa.",Mediante el estudio de metodologías de elaboración presupuestaria específicas para la operación de TI.,"En el curso de Administración Financiera de Tecnología de Información (MC1201), el presupuesto es fundamental para la administración de la función de información. Este curso aborda cómo la administración financiera puede ser utilizada para optimizar los recursos asignados a proyectos y servicios de tecnología de información, e incluye temas relacionados con el presupuesto.

El curso introduce conceptos básicos de presupuesto, como:

1. **Conceptos introductorios al presupuesto**: Aquí se explican los fundamentos del presupuesto, lo que incluye la idea de establecer límites financieros para proyectos y servicios de tecnología de información.

2. **Metodologías para la elaboración de presupuestos**: Se discuten diferentes métodos y técnicas para crear presupuestos precisos y realistas, lo que ayuda a asegurar que los recursos asignados sean efectivamente utilizados.

3. **Presupuestos para la operación de tecnología de información**: Aquí se enfoca en cómo los presupuestos pueden ser aplicados específicamente a la operación de tecnología de información. Esto implica la creación de presupuestos detallados para diferentes aspectos de la operación tecnológica, como el mantenimiento de sistemas, el desarrollo de software, etc.

La integración del presupuesto en la administración de la función de información se refleja en cómo estos conceptos se aplican prácticamente. Por ejemplo, al",MC1201-Administración financiera de tecnología de información.txt;MC1103-Gerencia de tecnología de información.txt;MC2301-Planificación estratégica de tecnología de información.txt;MC1201-Administración financiera de tecnología de información.txt;MC1203-Administración y estrategia de proyectos I.txt,4.08,Administración Financiera de TI,MC1201,
qwen2.5-3b,open_ended,¿Qué estándares internacionales se referencian para la gestión de costos?,"En el curso Administración Financiera de TI de la Maestría en Gerencia de Tecnologías de la Información, ¿Qué estándares internacionales se referencian para la gestión de costos?

Da una respuesta completa y explicativa.",El dominio APO06 de COBIT 5.0 y los procesos de estrategia de servicios de ITIL 2011.,"El curso de Administración Financiera de Tecnología de Información (TI) en la Maestría en Gerencia de Tecnologías de la Información se refiere a dos estándares internacionales para la administración financiera de TI:

1. **Objetivos de Control de Tecnología de Información (COBIT 5.0)**: Este estándar se menciona en el documento como uno de los objetivos de control de tecnología de información. COBIT 5.0 es una guía internacional para la gobernanza y la administración de la tecnología de información. Es importante notar que COBIT 5.0 no es un estándar técnico de costeo, pero es relevante para la gestión financiera y operativa de la TI.

2. **Information Technology Infrastructure Library (ITIL 2011)**: También se menciona ITIL 2011, que es un conjunto de prácticas recomendadas para la gestión de servicios de TI. ITIL no es un estándar técnico de costeo, sino más bien una guía para la gestión de servicios de TI, incluyendo la planificación, implementación y mejora de servicios.

Estos estándares no se enfocan directamente en el sistema de costeo para la operación de TI ni en la formulación y evaluación financiera de proyectos de TI. Sin embargo, ambos son fundamentales para la",MC1201-Administración financiera de tecnología de información.txt;MC1201-Administración financiera de tecnología de información.txt;MC1103-Gerencia de tecnología de información.txt;MC1103-Gerencia de tecnología de información.txt;MC1006-Políticas y Gobernanza en Ciberseguridad.txt,4.09,Administración Financiera de TI,MC1201,
qwen2.5-3b,open_ended,¿En qué tipo de actividades se concentra la evaluación del curso?,"En el curso Administración Financiera de TI de la Maestría en Gerencia de Tecnologías de la Información, ¿En qué tipo de actividades se concentra la evaluación del curso?

Da una respuesta completa y explicativa.","En exámenes parciales, investigación bibliográfica, comprobaciones de lectura y trabajo en clase.","La evaluación del curso de Administración Financiera de TI de la Maestría en Gerencia de Tecnologías de la Información se concentra en varias actividades específicas, conforme a la metodología de enseñanza y aprendizaje propuesta. Según el documento, las actividades principales incluyen:

1. **Investigación práctica aplicada**: Esta actividad consta de dos partes, cada una valuada en 50%. Significa que esta sección representa el 100% de la evaluación total doble.

2. **Examen parcial**: Esta actividad consta de dos exámenes parciales, cada uno valuada en 25%. Esto representa el 50% de la evaluación total.

Portanto, la evaluación del curso se centra principalmente en dos tipos de actividades: investigaciones prácticas aplicadas y exámenes parciales. Estas actividades cubren aproximadamente el 150% de la evaluación total, lo que sugiere que pueden haber otras actividades no mencionadas en el documento que completan el 100% de la evaluación.",MC2301-Planificación estratégica de tecnología de información.txt;MC1103-Gerencia de tecnología de información.txt;MC1003-Seguridad y Criptografía.txt;MC1201-Administración financiera de tecnología de información.txt;MC1101-Sistemas Estratégicos Empresariales.txt,3.25,Administración Financiera de TI,MC1201,
qwen2.5-3b,open_ended,¿Por qué la gestión de proyectos es una competencia indispensable para un gerente de TI?,"En el curso Administración y Estrategia de Proyectos I de la Maestría en Gerencia de Tecnologías de la Información, ¿Por qué la gestión de proyectos es una competencia indispensable para un gerente de TI?

Da una respuesta completa y explicativa.",Porque las transformaciones modernas de las organizaciones se ejecutan a través de proyectos tecnológicos exitosos.,"En el curso de Administración y Estrategia de Proyectos I, la gestión de proyectos se presenta como una competencia indispensable para un gerente de TI debido a varias razones:

1. **Interconexión con otros campos**: Como se menciona en el contexto, la gestión de proyectos es fundamental para la administración de tecnología de información (TI). Esto implica que los gerentes de TI deben entender cómo gestionar proyectos para poder implementar y mantener eficientemente sistemas y tecnologías.

2. **Desarrollo de soluciones tecnológicas**: Muchas soluciones tecnológicas requieren la gestión de proyectos para su desarrollo y implementación. Desde la fase inicial de formulación hasta la finalización y cierre del proyecto, los gerentes de TI deben ser capaces de manejar estos procesos de manera efectiva.

3. **Gestión de portafolios y programas**: La gestión de proyectos también implica la gestión de portafolios y programas, lo cual es crucial para los gerentes de TI. Esto significa que deben ser capaces de evaluar y priorizar múltiples proyectos y programas de TI, asegurando que se realicen en el orden correcto y que se mantengan en línea con los objetivos estratégicos de la organización.

4. **Modelo OPM3**: El documento menciona el uso del modelo OPM3 para la gestión de portafolios y programas. Este",MC1203-Administración y estrategia de proyectos I.txt;MC1103-Gerencia de tecnología de información.txt;MC2301-Planificación estratégica de tecnología de información.txt;MC1103-Gerencia de tecnología de información.txt;MC1203-Administración y estrategia de proyectos I.txt,4.07,Administración y Estrategia de Proyectos I,MC1203,
qwen2.5-3b,open_ended,¿Qué componentes estratégicos se analizan en las fases iniciales de un proyecto?,"En el curso Administración y Estrategia de Proyectos I de la Maestría en Gerencia de Tecnologías de la Información, ¿Qué componentes estratégicos se analizan en las fases iniciales de un proyecto?

Da una respuesta completa y explicativa.","El análisis de factibilidad, las condiciones de inicio y la planificación de alcance, calidad y costos.","En el curso Administración y Estrategia de Proyectos I de la Maestría en Gerencia de Tecnologías de la Información, no se especifica directamente qué componentes estratégicos se analizan en las fases iniciales de un proyecto. Sin embargo, se menciona que se analiza el enlace estratégico de los proyectos en TI, lo cual sugiere que se abordan aspectos estratégicos desde el principio del proyecto.

Las fases iniciales de un proyecto generalmente incluyen:

1. **Formulación de proyectos**: Aquí se aborda cómo se formulan ideas y se transforman en casos de negocio, lo que implica consideraciones estratégicas iniciales.

2. **Proceso de formulación y sus herramientas**: Este componente probablemente incluirá la identificación de objetivos estratégicos y la definición de la misión y visión del proyecto.

3. **Dimensiones y decisiones en la formulación efectiva**: Aquí se abordaría la importancia de tomar decisiones estratégicas informadas y basadas en la comprensión de los objetivos y necesidades estratégicas de la organización.

4. **La presentación de resultados del proceso de formulación**: Esta fase también implicaría la exposición de cómo se han integrado los aspectos estratégicos en la formulación del proyecto.

Sin embargo, para obtener información más específica sobre los componentes estratégicos en las",MC1203-Administración y estrategia de proyectos I.txt;MC1103-Gerencia de tecnología de información.txt;MC2301-Planificación estratégica de tecnología de información.txt;MC1203-Administración y estrategia de proyectos I.txt;MC2301-Planificación estratégica de tecnología de información.txt,4.04,Administración y Estrategia de Proyectos I,MC1203,
qwen2.5-3b,open_ended,¿Cómo ha evolucionado la orientación de la gestión de proyectos según el curso?,"En el curso Administración y Estrategia de Proyectos I de la Maestría en Gerencia de Tecnologías de la Información, ¿Cómo ha evolucionado la orientación de la gestión de proyectos según el curso?

Da una respuesta completa y explicativa.",Ha pasado de una orientación basada exclusivamente en planes hacia una orientación ágil.,"En el curso Administración y Estrategia de Proyectos I de la Maestría en Gerencia de Tecnologías de la Información, la orientación de la gestión de proyectos ha evolucionado significativamente desde la versión original hasta la versión más reciente. Este cambio se refleja en varios aspectos del contenido del curso, incluyendo la metodología de enseñanza y aprendizaje, la evaluación y la bibliografía.

### Evolución de la Orientación de la Gestión de Proyectos:

1. **Metodología de Enseñanza y Aprendizaje**:
   - **Versión Original**: Se enfatizaba en clases magistrales y evaluaciones basadas en exámenes cortos y llamadas orales.
   - **Versión Reciente**: Se incorporaron estrategias de evaluación más complejas, como la investigación práctica aplicada y la resolución de casos prácticos. Además, se destacó la importancia de la participación activa de los estudiantes a través de la resolución de casos y la realización de investigaciones.

2. **Evaluación**:
   - **Versión Original**: La evaluación se centraba en exámenes cortos y llamadas orales.
   - **Versión Reciente**: Se introdujeron nuevas formas de evaluación, como la investigación práctica aplicada y la resolución de casos prácticos. Esta",MC1203-Administración y estrategia de proyectos I.txt;MC2301-Planificación estratégica de tecnología de información.txt;MC1203-Administración y estrategia de proyectos I.txt;MC1103-Gerencia de tecnología de información.txt;MC2301-Planificación estratégica de tecnología de información.txt,4.04,Administración y Estrategia de Proyectos I,MC1203,
qwen2.5-3b,open_ended,¿Qué papel desempeña la Oficina de Proyectos (PMO) en las organizaciones modernas?,"En el curso Administración y Estrategia de Proyectos I de la Maestría en Gerencia de Tecnologías de la Información, ¿Qué papel desempeña la Oficina de Proyectos (PMO) en las organizaciones modernas?

Da una respuesta completa y explicativa.",Actúa como soporte estratégico para la gestión de portafolios y programas bajo modelos como OPM3.,"En el curso de Administración y Estrategia de Proyectos I, no se proporciona directamente información específica sobre el papel de la Oficina de Proyectos (PMO) en las organizaciones modernas. Sin embargo, podemos inferir algunas respuestas basándonos en el contenido general del curso y en la información proporcionada sobre la gestión de proyectos y portafolios.

El curso aborda temas como la gestión de portafolios y programas, el modelo OPM3, y la oficina de proyectos y su papel en las organizaciones proyectizadas. Estos temas sugieren que la PMO juega un papel importante en la planificación, gestión y control de proyectos y portafolios.

La oficina de proyectos (PMO) es una unidad de la organización encargada de supervisar y gestionar varios proyectos simultáneamente. Su objetivo principal es asegurar que los proyectos se realicen de manera eficiente y efectiva, cumpliendo con los objetivos establecidos y dentro de los límites presupuestarios y de tiempo. 

En organizaciones modernas, la PMO puede desempeñar roles adicionales como:

1. **Gestión de Portafolios**: Coordinar múltiples proyectos y asegurar que se realicen de manera coherente y que contribuyan a los objetivos estratégicos de la organización.
   
2. **Evaluación",MC1203-Administración y estrategia de proyectos I.txt;MC1203-Administración y estrategia de proyectos I.txt;MC2301-Planificación estratégica de tecnología de información.txt;MC1103-Gerencia de tecnología de información.txt;MC1103-Gerencia de tecnología de información.txt,4.06,Administración y Estrategia de Proyectos I,MC1203,
qwen2.5-3b,open_ended,¿En qué consiste el proceso de formulación de un caso de negocio efectivo?,"En el curso Administración y Estrategia de Proyectos I de la Maestría en Gerencia de Tecnologías de la Información, ¿En qué consiste el proceso de formulación de un caso de negocio efectivo?

Da una respuesta completa y explicativa.",En el desarrollo de herramientas y dimensiones de decisión para presentar resultados sólidos de una idea de proyecto.,"El proceso de formulación de un caso de negocio efectivo en el curso Administración y Estrategia de Proyectos I de la Maestría en Gerencia de Tecnologías de la Información incluye varios pasos clave:

1. **De la idea al caso de negocio**: Este paso implica identificar una necesidad o oportunidad de mejora dentro de la organización. Es aquí donde surge la idea inicial que luego se desarrollará en un caso de negocio.

2. **El proceso de formulación y sus herramientas**: Se utilizan diversas herramientas y métodos para estructurar y formalizar la idea. Esto puede incluir la creación de diagramas de flujo, matrices SWOT (Fortalezas, Debilidades, Oportunidades, Amenazas), análisis de costos-beneficios, etc.

3. **Dimensiones y decisiones en la formulación efectiva**: Aquí se toman en cuenta factores como la viabilidad financiera, la sostenibilidad a largo plazo, la adopción de nuevas tecnologías, la adaptabilidad a cambios futuros, entre otros. Se realizan análisis de riesgos y oportunidades.

4. **La presentación de resultados del proceso de formulación**: Finalmente, se presenta el caso de negocio a un equipo de evaluación, que revisa y evalúa la viabilidad y el potencial de éxito del proyecto.

Este proceso busca asegurar que el caso",MC1203-Administración y estrategia de proyectos I.txt;MC2301-Planificación estratégica de tecnología de información.txt;MC1103-Gerencia de tecnología de información.txt;MC1101-Sistemas Estratégicos Empresariales.txt;MC1203-Administración y estrategia de proyectos I.txt,4.04,Administración y Estrategia de Proyectos I,MC1203,
qwen2.5-3b,open_ended,¿Qué dilemas se presentan comúnmente en la gestión de la calidad de proyectos de TI?,"En el curso Administración y Estrategia de Proyectos I de la Maestría en Gerencia de Tecnologías de la Información, ¿Qué dilemas se presentan comúnmente en la gestión de la calidad de proyectos de TI?

Da una respuesta completa y explicativa.",La aplicación del concepto de deuda técnica y el equilibrio entre procesos de gestión e ingeniería.,"En el curso Administración y Estrategia de Proyectos I de la Maestría en Gerencia de Tecnologías de la Información, no se especifican directamente los dilemas comunes en la gestión de la calidad de proyectos de TI. Sin embargo, se menciona la gestión de la calidad en proyectos de TI en el apartado ""El proceso de gestión de los alcances"" y se mencionan algunos conceptos relacionados con la gestión de la calidad:

1. **Conceptos de la calidad en la gestión de proyectos**: Se menciona que se abordará el concepto de calidad en la gestión de proyectos, aunque no se detalla qué dilemas específicos se presentan.

2. **Procesos de la gestión de calidad**: Se menciona que se abordarán los procesos de gestión de calidad, pero no se especifican los dilemas comunes.

3. **Herramientas para la gestión de la calidad**: Se mencionan algunas herramientas para la gestión de la calidad, pero no se detallan los dilemas específicos.

4. **Dilemas en la gestión de la calidad**: Este punto específico no se menciona en el contexto proporcionado.

5. **Aplicación de la deuda técnica**: Se menciona la aplicación de la deuda técnica, pero no se relaciona con dilemas específicos de la gestión de la calidad.

Para obtener información más detallada sobre los",MC1203-Administración y estrategia de proyectos I.txt;MC1103-Gerencia de tecnología de información.txt;MC1203-Administración y estrategia de proyectos I.txt;MC2301-Planificación estratégica de tecnología de información.txt;MC2301-Planificación estratégica de tecnología de información.txt,4.04,Administración y Estrategia de Proyectos I,MC1203,
qwen2.5-3b,open_ended,¿Qué elementos integran el marco filosófico de un negocio necesario para la planificación?,"En el curso Planificación Estratégica de TI de la Maestría en Gerencia de Tecnologías de la Información, ¿Qué elementos integran el marco filosófico de un negocio necesario para la planificación?

Da una respuesta completa y explicativa.","Análisis FODA, misión, visión, valores, objetivos, estrategias, políticas y metas.","En el curso Planificación Estratégica de TI de la Maestría en Gerencia de Tecnologías de la Información, el marco filosófico de un negocio necesario para la planificación incluye varios elementos fundamentales:

1. **Análisis de Visión del Negocio y sus Procesos**: Este componente implica entender cómo la empresa ve su futuro y cómo planeja alcanzar sus objetivos a largo plazo. Esto incluye la visión estratégica de la empresa, sus metas y objetivos, y cómo estas se relacionan con la tecnología de información.

2. **Análisis de la Función de TI (Diagnóstico de la Función de la Información)**: Aquí se evalúa la eficiencia y efectividad de la función de TI en la empresa. Esto incluye la identificación de fortalezas, debilidades, oportunidades y amenazas (SWOT) relacionadas con la tecnología de información.

3. **Tendencias Actuales de la Organización de la Función de TI**: Este aspecto implica estar al tanto de las últimas tendencias en la gestión de la tecnología de información. Esto puede incluir la implementación de nuevas tecnologías, la evolución de las prácticas de gobernanza de TI, y otros desarrollos relevantes.

4. **Modelos Básicos para Organizar la Función de la",MC2301-Planificación estratégica de tecnología de información.txt;MC1103-Gerencia de tecnología de información.txt;MC1203-Administración y estrategia de proyectos I.txt;MC2301-Planificación estratégica de tecnología de información.txt;MC1101-Sistemas Estratégicos Empresariales.txt,4.08,Planificación Estratégica de TI,MC2301,
qwen2.5-3b,open_ended,¿Qué factores se consideran para derivar el plan de información desde el modelo de negocio?,"En el curso Planificación Estratégica de TI de la Maestría en Gerencia de Tecnologías de la Información, ¿Qué factores se consideran para derivar el plan de información desde el modelo de negocio?

Da una respuesta completa y explicativa.","Tendencias tecnológicas, procesos de negocio, arquitectura de aplicaciones y proyección de inversión.","En el curso Planificación Estratégica de TI de la Maestría en Gerencia de Tecnologías de la Información, no se proporciona directamente información específica sobre los factores que se consideran para derivar el plan de información desde el modelo de negocio. Sin embargo, podemos inferir algunos aspectos clave basándonos en el contenido general del curso y en la metodología de enseñanza y aprendizaje.

El curso aborda temas relacionados con la planificación estratégica de TI, incluyendo:

1. **Análisis de visión del negocio y sus procesos**: Esto sugiere que se considera cómo el modelo de negocio de la empresa influye en la planificación de TI.

2. **Análisis de la función de TI (Diagnóstico de la Función de la Información)**: Este tema implica un análisis detallado de cómo la TI actualmente opera en la empresa, lo que podría ayudar a identificar áreas que necesitan ajustes o mejoras para apoyar el modelo de negocio.

3. **Tendencias actuales de la organización de la Función de TI**: Esto sugiere que se considera cómo las tendencias actuales en la gestión de TI pueden influir en la planificación estratégica.

4. **Desarrollo de la visión y dirección de TI**: Aquí se enfatiza en la importancia de tener una visión clara",MC2301-Planificación estratégica de tecnología de información.txt;MC1103-Gerencia de tecnología de información.txt;MC2301-Planificación estratégica de tecnología de información.txt;MC1101-Sistemas Estratégicos Empresariales.txt;MC1203-Administración y estrategia de proyectos I.txt,4.09,Planificación Estratégica de TI,MC2301,
qwen2.5-3b,open_ended,¿Qué capacidad específica adquiere el estudiante al finalizar este programa?,"En el curso Planificación Estratégica de TI de la Maestría en Gerencia de Tecnologías de la Información, ¿Qué capacidad específica adquiere el estudiante al finalizar este programa?

Da una respuesta completa y explicativa.",La capacidad de desarrollar un plan estratégico de TI basado en lineamientos del negocio y mecanismos de priorización.,"Al finalizar el curso ""Planificación Estratégica de Tecnología de Información"" (MC2301), el estudiante adquiere la capacidad de desarrollar un plan estratégico de TI a partir de las bases técnicas derivadas de los lineamientos estratégicos del negocio, las tendencias de tecnología de información, el modelo organizacional, los factores críticos de éxito, los procesos de negocio, mecanismos de priorización e incluso la definición de un presupuesto. 

Este curso enfatiza en la importancia de la planificación estratégica de la tecnología de información y cómo esta se integra con la estrategia organizacional. Los estudiantes aprenderán a diagnosticar y definir la función de información en la organización, a través de la comprensión de los elementos básicos necesarios para el proceso de creación de la planificación estratégica de tecnología de información. 

Además, el estudiante adquiere la capacidad de entender los principios básicos y técnicas de análisis para diagnosticar y definir la función de información en la organización, y cómo estos pueden ser aplicados en la creación de un plan estratégico de TI efectivo. Esto incluye la comprensión de las tendencias de la tecnología de información y su aplicación en la organización, así como la importancia de la gobernanza de TI y el desarrollo organizacional de TI.",MC2301-Planificación estratégica de tecnología de información.txt;MC1103-Gerencia de tecnología de información.txt;MC2301-Planificación estratégica de tecnología de información.txt;MC1103-Gerencia de tecnología de información.txt;MC1203-Administración y estrategia de proyectos I.txt,4.0,Planificación Estratégica de TI,MC2301,
qwen2.5-3b,open_ended,¿Cómo se define el liderazgo y la administración desde la perspectiva del CIO?,"En el curso Planificación Estratégica de TI de la Maestría en Gerencia de Tecnologías de la Información, ¿Cómo se define el liderazgo y la administración desde la perspectiva del CIO?

Da una respuesta completa y explicativa.",Se analiza como la gestión de expectativas para lograr una empresa habilitada por TI bajo un gobierno sólido.,"Lo siento por la confusión, pero según el contexto proporcionado, no hay información específica sobre cómo se define el liderazgo y la administración desde la perspectiva del CIO en el curso de Planificación Estratégica de TI de la Maestría en Gerencia de Tecnologías de la Información. El texto brindado no contiene detalles sobre el contenido específico del curso ni sobre el enfoque de liderazgo y administración del CIO. Solo se proporciona información general sobre el curso, incluyendo la metodología de enseñanza y aprendizaje, los temas a tratar y las referencias bibliográficas utilizadas. Para obtener esta información específica, sería necesario consultar directamente el contenido del curso o hablar con el instructor del mismo.",MC2301-Planificación estratégica de tecnología de información.txt;MC1203-Administración y estrategia de proyectos I.txt;MC1103-Gerencia de tecnología de información.txt;MC1103-Gerencia de tecnología de información.txt;MC1203-Administración y estrategia de proyectos I.txt,2.27,Planificación Estratégica de TI,MC2301,
qwen2.5-3b,open_ended,¿Cómo se aborda el diagnóstico de la situación actual de TI?,"En el curso Planificación Estratégica de TI de la Maestría en Gerencia de Tecnologías de la Información, ¿Cómo se aborda el diagnóstico de la situación actual de TI?

Da una respuesta completa y explicativa.","Mediante el análisis de brecha, tendencias de organización de la función de TI y análisis de la industria.","En el curso Planificación Estratégica de TI de la Maestría en Gerencia de Tecnologías de la Información, el diagnóstico de la situación actual de TI se aborda de la siguiente manera:

El diagnóstico de la situación actual de TI es un paso crucial en el proceso de planificación estratégica de TI. Este diagnóstico se lleva a cabo mediante el análisis de la función de TI, que incluye la identificación de las fortalezas, debilidades, oportunidades y amenazas (SWOT) relacionadas con la función de TI de la organización.

Este análisis se realiza a través de diversas herramientas y técnicas, como la matriz de gobernanza de Weill, que ayuda a identificar diferentes arquetipos y mecanismos de gobernanza de TI. Además, se utilizan otros modelos y marcos de referencia para entender mejor la situación actual de TI, como el modelo de ""IT Demand/IT Supply"" propuesto por Broadbent y Kitzis, el enfoque holístico de Al Kluebler, y el concepto de cadena de valor de Martha Heller.

El diagnóstico también implica entender cómo la función de TI está integrada dentro de la estructura organizacional y cómo se desarrolla la organización TI. Esto incluye la ubicación del área de TI dentro de la estructura organizacional, las etapas de desarrollo organizacional, la",MC2301-Planificación estratégica de tecnología de información.txt;MC2301-Planificación estratégica de tecnología de información.txt;MC1103-Gerencia de tecnología de información.txt;MC1103-Gerencia de tecnología de información.txt;MC1203-Administración y estrategia de proyectos I.txt,4.04,Planificación Estratégica de TI,MC2301,
qwen2.5-3b,open_ended,¿Bajo qué condiciones específicas un estudiante puede reprobar el curso por asistencia?,"En el curso Planificación Estratégica de TI de la Maestría en Gerencia de Tecnologías de la Información, ¿Bajo qué condiciones específicas un estudiante puede reprobar el curso por asistencia?

Da una respuesta completa y explicativa.",Si acumula 4 faltas de asistencia injustificadas durante el semestre.,"Basándome en el contexto proporcionado, no hay ninguna información específica sobre las condiciones bajo las cuales un estudiante puede reprobar el curso ""Planificación Estratégica de TI"" por asistencia. El documento detalla la metodología de evaluación, los contenidos del curso e incluso menciona la asistencia como obligatoria, pero no incluye detalles sobre las consecuencias de no asistir. Por lo tanto, no tengo suficiente información para responder a esta pregunta con certeza.",MC1103-Gerencia de tecnología de información.txt;MC2301-Planificación estratégica de tecnología de información.txt;MC1103-Gerencia de tecnología de información.txt;MC2301-Planificación estratégica de tecnología de información.txt;MC1203-Administración y estrategia de proyectos I.txt,1.52,Planificación Estratégica de TI,MC2301,
qwen2.5-3b,open_ended,¿Cuál es el concepto fundamental que modela este curso por encima de la tecnología física?,"En el curso Teoría de Autómatas de la Maestría en Computación, ¿Cuál es el concepto fundamental que modela este curso por encima de la tecnología física?

Da una respuesta completa y explicativa.","El concepto de cómputo, definido a través de mecanismos abstractos independientes de computadoras específicas.","El concepto fundamental que modela el curso de Teoría de Autómatas por encima de la tecnología física es el concepto de cómputo. Este curso se enfoca en desarrollar la comprensión de modelos formales que capturan la esencia del proceso de cómputo, sin necesidad de referirse a lenguajes de programación o a computadoras específicas. 

Este enfoque teórico es crucial para entender las relaciones entre la computación teórica y diversas áreas de la informática, incluyendo la generación y reconocimiento de lenguajes formales, diseño de compiladores, lingüística computacional, manejo de bases de datos textuales e incluso el análisis de complejidad y computabilidad de algoritmos y problemas. 

En otras palabras, aunque los sistemas físicos de cómputo pueden variar, el modelo abstracto de autómatas y lenguajes formales es lo que realmente importa para la ciencia de la computación.",MC7201-Introducción a la Investigación.txt;MC6102-Análisis de Algoritmos.txt;MC7201-Introducción a la Investigación.txt;MC6003-Teoría de Autómatas.txt;MC6004-Sistemas Operativos Avanzados.txt,3.06,Teoría de Autómatas,MC6003,
qwen2.5-3b,open_ended,¿Cómo se relaciona la computación teórica con la construcción práctica de compiladores?,"En el curso Teoría de Autómatas de la Maestría en Computación, ¿Cómo se relaciona la computación teórica con la construcción práctica de compiladores?

Da una respuesta completa y explicativa.",Brinda los modelos formales necesarios para el reconocimiento y generación de lenguajes formales usados en compilación.,"En el curso de Teoría de Autómatas, se establece que la computación teórica es fundamental para comprender las relaciones entre la computación teórica y la construcción de compiladores. Esto implica que la teoría de autómatas y lenguajes formales son herramientas cruciales para entender cómo se manejan y procesan los lenguajes de programación, que son fundamentales para la construcción de compiladores.

Los autómatas de estados finitos (FA's) y las gramáticas regulares son modelos teóricos que se utilizan para describir y analizar lenguajes formales. Estos conceptos son esenciales para la comprensión de cómo los compiladores pueden traducir código fuente en código máquina. Los FA's se utilizan para analizar el flujo de tokens en el código fuente, mientras que las gramáticas regulares ayudan a definir las reglas sintácticas del lenguaje de programación.

Por lo tanto, aunque la teoría de autómatas no se centra directamente en la construcción práctica de compiladores, su estudio proporciona las bases teóricas necesarias para entender y diseñar sistemas de compilación. La teoría de autómatas y lenguajes formales son herramientas clave para el análisis y diseño de algoritmos que se utilizan en la construcción de compil",MC6102-Análisis de Algoritmos.txt;MC6003-Teoría de Autómatas.txt;MC7201-Introducción a la Investigación.txt;MC7201-Introducción a la Investigación.txt;MC6102-Análisis de Algoritmos.txt,4.17,Teoría de Autómatas,MC6003,
qwen2.5-3b,open_ended,¿Qué jerarquía se utiliza para clasificar gramáticas según su estructura de frase?,"En el curso Teoría de Autómatas de la Maestría en Computación, ¿Qué jerarquía se utiliza para clasificar gramáticas según su estructura de frase?

Da una respuesta completa y explicativa.",La jerarquía de Chomsky.,"En el curso de Teoría de Autómatas (MC-6003) de la Maestría en Computación, la jerarquía utilizada para clasificar gramáticas según su estructura de frase es la jerarquía de Chomsky. Esta jerarquía divide las gramáticas en cuatro categorías principales:

1. **Gramáticas de tipo 0 (Universal Grammar)**: Son las más generales y no están limitadas por reglas de producción. No tienen restricciones de producción.

2. **Gramáticas de tipo 1 (Gramáticas Context-Free)**: Estas gramáticas tienen reglas de producción que solo pueden producir cadenas que comienzan y terminan en símbolos de la misma clase. No tienen restricciones de producción intermedias.

3. **Gramáticas de tipo 2 (Gramáticas Context-Sensitive)**: Estas gramáticas tienen reglas de producción que pueden producir cadenas donde las palabras intermedias pueden ser modificadas, pero no las extremidades. No tienen restricciones de producción intermedias.

4. **Gramáticas de tipo 3 (Gramáticas Regular)**: Estas gramáticas tienen reglas de producción que solo pueden producir cadenas regulares. No tienen restricciones de producción intermedias.

La jerarquía de Chomsky es importante en la teoría de autómatas porque establece",MC6003-Teoría de Autómatas.txt;MC6102-Análisis de Algoritmos.txt;MC6102-Análisis de Algoritmos.txt;MC6003-Teoría de Autómatas.txt;MC6004-Sistemas Operativos Avanzados.txt,4.17,Teoría de Autómatas,MC6003,
qwen2.5-3b,open_ended,¿Qué herramienta matemática se estudia para demostrar que un lenguaje no es regular?,"En el curso Teoría de Autómatas de la Maestría en Computación, ¿Qué herramienta matemática se estudia para demostrar que un lenguaje no es regular?

Da una respuesta completa y explicativa.",El Pumping Lemma.,"En el curso de Teoría de Autómatas (MC-6003) de la Maestría en Computación, se estudia el **Lema de Pumping** como una herramienta matemática para demostrar que un lenguaje no es regular.

El Lema de Pumping es una propiedad crucial de los lenguajes regulares que se utiliza para probar que ciertos lenguajes no pueden ser generados por una máquina de autómata finito determinista (FA) o una máquina de pila (PDA). Este lema establece que si un lenguaje es regular, entonces existe un ""tamaño de pumping"" (o ""longitud de pumping"") que puede ser utilizado para dividir cualquier cadena suficientemente larga en tres partes: una inicial, una central y una final, tal que la cadena resultante al repetir la parte central varias veces sigue siendo una cadena válida del lenguaje.

Si se encuentra un lenguaje que no cumple con esta propiedad, se puede concluir que ese lenguaje no es regular. Este método es una prueba poderosa y es ampliamente utilizado en la teoría de autómatas para demostrar que ciertos lenguajes no son regulares.",MC6003-Teoría de Autómatas.txt;MC6102-Análisis de Algoritmos.txt;MC6102-Análisis de Algoritmos.txt;MC6003-Teoría de Autómatas.txt;MC7201-Introducción a la Investigación.txt,3.71,Teoría de Autómatas,MC6003,
qwen2.5-3b,open_ended,¿Qué modelos matemáticos se analizan para el reconocimiento de lenguajes formales?,"En el curso Teoría de Autómatas de la Maestría en Computación, ¿Qué modelos matemáticos se analizan para el reconocimiento de lenguajes formales?

Da una respuesta completa y explicativa.",Desde los autómatas de estados finitos hasta las máquinas de Turing.,"En el curso de Teoría de Autómatas de la Maestría en Computación, se analizan varios modelos matemáticos para el reconocimiento de lenguajes formales. Los modelos principales incluyen:

1. **Autómatas de Estados Finitos (FA's)**: Estos son los modelos más simples para el reconocimiento de lenguajes formales. Los FA's tienen un número finito de estados y una transición única para cada entrada posible. 

2. **Expresiones Regulares**: Estos son una representación simbólica de los autómatas de estados finitos. Las expresiones regulares pueden describir una variedad de lenguajes formales y son una herramienta útil para trabajar con lenguajes regulares.

3. **Autómatas de Pila (PDA's)**: Estos modelos son más poderosos que los FA's ya que tienen una pila auxiliar adicional. Los PDAs pueden reconocer un mayor conjunto de lenguajes formales que los FA's.

4. **Máquinas de Turing**: Aunque no se analizan en detalle en este curso, se menciona que se estudian en el capítulo dedicado a Máquinas de Turing. Las máquinas de Turing son modelos aún más poderosos que los PDAs y pueden reconocer cualquier lenguaje que sea decidable.

Estos modelos matemát",MC6003-Teoría de Autómatas.txt;MC6102-Análisis de Algoritmos.txt;MC7201-Introducción a la Investigación.txt;MC6102-Análisis de Algoritmos.txt;MC6003-Teoría de Autómatas.txt,4.15,Teoría de Autómatas,MC6003,
qwen2.5-3b,open_ended,¿Qué formación matemática previa se asume en los estudiantes de este curso de postgrado?,"En el curso Teoría de Autómatas de la Maestría en Computación, ¿Qué formación matemática previa se asume en los estudiantes de este curso de postgrado?

Da una respuesta completa y explicativa.",Conocimientos sólidos de matemática discreta adquiridos durante el bachillerato.,"El curso ""Teoría de Autómatas"" de la Maestría en Computación asume una formación matemática previa básica. Basándome en el contenido del documento proporcionado, podemos inferir que los estudiantes deben tener conocimientos de:

1. Lógica y teoría de conjuntos: Los conceptos de lógica y conjuntos son fundamentales para entender los modelos de autómatas y gramáticas regulares.

2. Matemáticas discretas: Esto incluye nociones de combinatoria, teoría de grafos y estructuras de datos discretas, que son importantes para entender los modelos de autómatas y gramáticas.

3. Álgebra: Los conceptos de álgebra lineal pueden ser útiles, especialmente en el estudio de gramáticas regulares y autómatas de pila.

No se menciona específicamente ningún otro tipo de matemática avanzada, pero se asume que los estudiantes tienen una base sólida en matemáticas discretas y lógica matemática. Sin embargo, no se especifica si estos conocimientos deben haber sido adquiridos antes de comenzar el curso o si se les proporcionará algún tipo de preparación adicional dentro del mismo.",MC7201-Introducción a la Investigación.txt;MC6003-Teoría de Autómatas.txt;MC6102-Análisis de Algoritmos.txt;MC7201-Introducción a la Investigación.txt;MC6104-Diseño de Experimentos.txt,3.68,Teoría de Autómatas,MC6003,
qwen2.5-3b,open_ended,¿Qué tipo de material se revisa para estudiar las tendencias actuales de investigación?,"En el curso Sistemas Operativos Avanzados de la Maestría en Computación, ¿Qué tipo de material se revisa para estudiar las tendencias actuales de investigación?

Da una respuesta completa y explicativa.",Diferentes papers y artículos científicos seleccionados por el profesor en lugar de un libro de texto único.,"Para estudiar las tendencias actuales de investigación en el curso Sistemas Operativos Avanzados, según el contexto proporcionado, não há especificação direta do tipo de material que deve ser revisado. No entanto, podemos inferir que o conteúdo abrangente do curso, que inclui vários temas avanzados em design e implementação de sistemas operativos, sugere que o material revisado provavelmente cobre tanto os aspectos teóricos quanto os aspectos de pesquisa mais recente na área.

Os tópicos abordados no curso incluem:

1. Introducción
2. Estructuras de Sistemas Operativos
3. Monitores de Máquinas Virtuales
4. Mecanismo de Comunicación en Sistemas Distribuidos
5. Sincronización
6. Scheduling
7. Sistemas distribuidos: Conceptos
8. File Systems
9. Distributed Shared Memory (DSM)
10. Memoria Virtual Recuperable –Atomicidad
11. Sistemas de Tiempo Real: Conceptos Básicos y Scheduling
12. Conceptos de High Performance Computing
13. Dispositivos Móviles
14. Internet, Computación Distribuida y Cloud Computing

Dado que o curso aborda tanto aspectos teóricos quanto práticos, é provável que o material",MC2301-Planificación estratégica de tecnología de información.txt;MC7201-Introducción a la Investigación.txt;MC1103-Gerencia de tecnología de información.txt;MC6004-Sistemas Operativos Avanzados.txt;MC6102-Análisis de Algoritmos.txt,4.08,Sistemas Operativos Avanzados,MC6004,
qwen2.5-3b,open_ended,¿Qué requisitos de calidad deben cumplir los apuntes oficiales realizados por los estudiantes?,"En el curso Sistemas Operativos Avanzados de la Maestría en Computación, ¿Qué requisitos de calidad deben cumplir los apuntes oficiales realizados por los estudiantes?

Da una respuesta completa y explicativa.","Deben ser reportes detallados con imágenes, gráficos y datos adicionales, evitando ser simples resúmenes ejecutivos.","Según el documento proporcionado, los apuntes oficiales deben cumplir con ciertos requisitos de calidad. Los requisitos mencionados son:

1. Habrán al menos 2 apuntes oficiales por clase.
2. Los apuntes deben ser subidos al foro del curso antes de la siguiente lección.
3. Todos los estudiantes deben ser apuntadores durante el semestre, ya que esto es parte de la nota final.
4. Los apuntes deben ser de ""muchísima calidad"".
5. No se trata de un ""resumen ejecutivo"" de la clase, sino que deben ser un ""reporte detallado de todo lo que se dice y ocurre en 3 horas de clase, enriquecido con portada, tabla de contenido, imágenes, gráficos, etc.""

Estos requisitos indican que los apuntes deben ser completos, detallados y de alta calidad, no solo un simple resumen de lo que se ha dicho en clase.",MC6004-Sistemas Operativos Avanzados.txt;MC1003-Seguridad y Criptografía.txt;MC1103-Gerencia de tecnología de información.txt;MC6102-Análisis de Algoritmos.txt;MC2301-Planificación estratégica de tecnología de información.txt,2.95,Sistemas Operativos Avanzados,MC6004,
qwen2.5-3b,open_ended,¿Qué cinco preguntas clave deben responderse al entregar los resúmenes de los artículos científicos?,"En el curso Sistemas Operativos Avanzados de la Maestría en Computación, ¿Qué cinco preguntas clave deben responderse al entregar los resúmenes de los artículos científicos?

Da una respuesta completa y explicativa.","Problema planteado, importancia, soluciones previas, propuesta de los autores y éxito de la misma.","No hay directamente una lista de cinco preguntas clave que se menciona en el documento sobre el curso Sistemas Operativos Avanzados para los resúmenes de los artículos científicos. Sin embargo, basándome en la estructura y contenido del documento, puedo inferir algunas preguntas que podrían ser relevantes:

1. **¿Cuál es el objetivo principal del estudio?** - Esto ayuda a entender el propósito fundamental detrás del artículo.

2. **¿Cómo se abordan los problemas o investigaciones en el campo?** - Esto revela la metodología utilizada y cómo se abordan los problemas.

3. **¿Qué hallazgos o conclusiones se obtuvieron?** - Esta pregunta busca identificar los resultados finales del estudio.

4. **¿Qué implicaciones o aplicaciones potenciales tiene el estudio?** - Esto ayuda a entender si el estudio tiene relevancia práctica o si sus hallazgos pueden ser aplicados en otros contextos.

5. **¿Qué contribución hace este estudio al campo de investigación?** - Esta pregunta busca identificar si el estudio introduce nuevos conocimientos o cambia la perspectiva en el campo.

Estas preguntas cubren aspectos importantes para una buena redacción de un resumen de un artículo científico, aunque no están específicamente mencionadas en el documento.",MC7201-Introducción a la Investigación.txt;MC6102-Análisis de Algoritmos.txt;MC6104-Diseño de Experimentos.txt;MC6004-Sistemas Operativos Avanzados.txt;MC7201-Introducción a la Investigación.txt,3.84,Sistemas Operativos Avanzados,MC6004,
qwen2.5-3b,open_ended,¿Cómo se evalúa la capacidad de comunicación científica de los estudiantes?,"En el curso Sistemas Operativos Avanzados de la Maestría en Computación, ¿Cómo se evalúa la capacidad de comunicación científica de los estudiantes?

Da una respuesta completa y explicativa.",Mediante una presentación oral obligatoria que sigue el formato de una conferencia científica.,"En el curso Sistemas Operativos Avanzados, la capacidad de comunicación científica de los estudiantes se evalúa principalmente a través de la presentación oral de un paper asignado por el profesor. Esta presentación debe seguir el formato de una conferencia científica, como se describe en las notas de ""Introducción a la Investigación"". 

Las características clave de esta evaluación son:

1. El formato de la presentación debe seguir el modelo de una conferencia científica, lo que implica una estructura clara y una presentación cuidadosa.

2. Los estudiantes deben ensayar previamente para asegurar que puedan explicar el material asignado de manera efectiva y concisa.

3. La duración de la presentación está limitada a 20 minutos, con una tolerancia de 4 minutos (16-20 minutos).

4. Se recomienda que los estudiantes eviten improvisar elementos no ensayados durante la presentación.

5. Una ausencia el día de la presentación implica una calificación de 0 en ese rubro.

Esta evaluación refleja la importancia de la comunicación efectiva y la claridad en la presentación de ideas científicas, que son habilidades cruciales para cualquier investigador o científico.",MC7201-Introducción a la Investigación.txt;MC6102-Análisis de Algoritmos.txt;MC7201-Introducción a la Investigación.txt;MC1103-Gerencia de tecnología de información.txt;MC6004-Sistemas Operativos Avanzados.txt,3.71,Sistemas Operativos Avanzados,MC6004,
qwen2.5-3b,open_ended,¿Qué experiencia técnica previa es indispensable para el éxito en los proyectos programados?,"En el curso Sistemas Operativos Avanzados de la Maestría en Computación, ¿Qué experiencia técnica previa es indispensable para el éxito en los proyectos programados?

Da una respuesta completa y explicativa.","Programación en C, lenguaje ensamblador y dominio de ambientes UNIX o Linux.","No hay información específica en el contexto proporcionado sobre qué experiencia técnica previa sea indispensable para el éxito en los proyectos programados en el curso Sistemas Operativos Avanzados. El texto menciona que el curso cubre temas avanzados en diseño e implementación de Sistemas Operativos, mas no proporciona detalles sobre requisitos de experiencia técnica previa para los proyectos programados.",MC2301-Planificación estratégica de tecnología de información.txt;MC6004-Sistemas Operativos Avanzados.txt;MC1103-Gerencia de tecnología de información.txt;MC6102-Análisis de Algoritmos.txt;MC7201-Introducción a la Investigación.txt,1.23,Sistemas Operativos Avanzados,MC6004,
qwen2.5-3b,open_ended,¿Qué temas de computación moderna se incluyen en los contenidos técnicos?,"En el curso Sistemas Operativos Avanzados de la Maestría en Computación, ¿Qué temas de computación moderna se incluyen en los contenidos técnicos?

Da una respuesta completa y explicativa.","Cloud Computing, High Performance Computing, dispositivos móviles y sistemas de tiempo real.","En el curso ""Sistemas Operativos Avanzados"" de la Maestría en Computación, los contenidos técnicos incluyen varios temas de computación moderna. Basándome en el contenido proporcionado:

1. **Monitores de Máquinas Virtuales**: Este tema probablemente se refiere a la gestión de múltiples entornos virtuales dentro de un sistema operativo, lo que es crucial en entornos de virtualización y cloud computing.

2. **Mecanismo de Comunicación en Sistemas Distribuidos**: Esto se relaciona con la comunicación entre diferentes partes de un sistema distribuido, lo que es fundamental en la arquitectura de redes y la computación en la nube.

3. **Sincronización**: Este tema aborda cómo asegurar que diferentes procesos o partes de un sistema operativo se sincronizan correctamente, lo que es crucial para evitar errores y garantizar la consistencia del sistema.

4. **Scheduling**: Se refiere a la asignación de recursos y prioridades a diferentes tareas o procesos, lo que es esencial para optimizar el rendimiento del sistema operativo.

5. **Sistemas Distribuidos: Conceptos**: Este tema probablemente cubre los fundamentos de la arquitectura de sistemas distribuidos, lo que es relevante para entender cómo funcionan las aplicaciones en la nube y las",MC6004-Sistemas Operativos Avanzados.txt;MC7201-Introducción a la Investigación.txt;MC6102-Análisis de Algoritmos.txt;MC7201-Introducción a la Investigación.txt;MC6104-Diseño de Experimentos.txt,4.15,Sistemas Operativos Avanzados,MC6004,
qwen2.5-3b,open_ended,¿Por qué el diseño de algoritmos se considera la actividad fundamental de la computación?,"En el curso Análisis de Algoritmos de la Maestría en Computación, ¿Por qué el diseño de algoritmos se considera la actividad fundamental de la computación?

Da una respuesta completa y explicativa.","Porque toda computación es, por definición, el resultado de la ejecución de un algoritmo.","En el curso de Análisis de Algoritmos de la Maestría en Computación, el diseño de algoritmos se considera la actividad fundamental de la computación debido a varias razones:

1. Resultado de la ejecución: Como menciona el texto, ""Una computación es el resultado de la ejecución de un algoritmo"". Esto significa que cualquier tarea computacional que se desee realizar necesita un algoritmo específico para llevarla a cabo. Por lo tanto, el diseño de algoritmos es crucial para poder realizar cualquier tipo de procesamiento o cálculo en una computadora.

2. Amplia aplicación: El texto destaca que el diseño de algoritmos se aplica en diversas áreas de las Ciencias de la Computación, incluyendo sistemas operativos, inteligencia artificial, modelado de la mente humana, modelado de la representación perceptible de la realidad, y más. Esto demuestra la relevancia y extensión del diseño de algoritmos en la computación.

3. Eficiencia: Como señala el texto, un algoritmo debe ser efectivo y también eficiente. La eficiencia se define como la utilización de ""pocos"" recursos de almacenamiento o ""poco"" tiempo con respecto a otros algoritmos efectivos para el mismo problema. Esto significa que el diseño de algoritmos no solo debe resolver correctamente el problema, sino hacerlo de manera",MC6102-Análisis de Algoritmos.txt;MC6102-Análisis de Algoritmos.txt;MC7201-Introducción a la Investigación.txt;MC7201-Introducción a la Investigación.txt;MC6004-Sistemas Operativos Avanzados.txt,4.16,Análisis de Algoritmos,MC6102,
qwen2.5-3b,open_ended,¿Cuál es la diferencia crítica entre la efectividad y la eficiencia de un algoritmo?,"En el curso Análisis de Algoritmos de la Maestría en Computación, ¿Cuál es la diferencia crítica entre la efectividad y la eficiencia de un algoritmo?

Da una respuesta completa y explicativa.",La efectividad asegura que resuelva el problema; la eficiencia asegura que lo haga usando pocos recursos de tiempo y espacio.,"En el curso de Análisis de Algoritmos, la diferencia crítica entre la efectividad y la eficiencia de un algoritmo es fundamental para entender cómo se evalúa y mejora la calidad de los algoritmos.

La **efectividad** de un algoritmo se refiere a su capacidad para resolver correctamente el problema específico para el que fue diseñado. Esto se mide desde el punto de vista matemático y se asegura mediante pruebas de corrección y demostraciones formales. Un algoritmo es efectivo si siempre produce la solución correcta para todos los casos de entrada válida.

Por otro lado, la **eficiencia** de un algoritmo se refiere a su uso de recursos computacionales, como tiempo de ejecución y espacio de memoria. Se mide en términos de complejidad de tiempo y espacio. Un algoritmo es eficiente si utiliza pocos recursos de almacenamiento y tiempo comparado con otros algoritmos efectivos para el mismo problema.

En resumen, la efectividad garantiza que el algoritmo resuelva el problema correctamente, mientras que la eficiencia asegura que el algoritmo lo haga de manera óptima en términos de recursos computacionales. Ambas características son importantes, pero la eficiencia es particularmente crucial en el mundo de la computación dado que los volúmenes de datos pueden ser enormes y",MC6102-Análisis de Algoritmos.txt;MC6102-Análisis de Algoritmos.txt;MC7201-Introducción a la Investigación.txt;MC6004-Sistemas Operativos Avanzados.txt;MC6003-Teoría de Autómatas.txt,4.16,Análisis de Algoritmos,MC6102,
qwen2.5-3b,open_ended,¿Qué tres componentes son necesarios para lograr algoritmos eficientes?,"En el curso Análisis de Algoritmos de la Maestría en Computación, ¿Qué tres componentes son necesarios para lograr algoritmos eficientes?

Da una respuesta completa y explicativa.","Técnicas de diseño, técnicas de análisis y la creatividad intuitiva.","En el curso de Análisis de Algoritmos de la Maestría en Computación, para lograr algoritmos eficientes, son necesarios los siguientes tres componentes:

1. **Técnicas de diseño**: Estas técnicas sugieren las maneras de abordar el problema y cuáles son las estructuras de datos apropiadas para apoyar el algoritmo. Esto implica pensar en cómo estructurar el problema para que pueda ser resuelto de manera óptima.

2. **Técnicas de análisis**: Estas técnicas ayudan a determinar la complejidad del algoritmo y, por lo tanto, a compararlo con otros. Esto implica calcular cuánto tiempo y recursos de memoria se requieren para ejecutar el algoritmo.

3. **Creatividad**: Es necesario enfocarse en el problema usando las técnicas mencionadas anteriormente y utilizar la intuición. Esto implica buscar soluciones innovadoras y eficientes al problema.

Estos tres componentes son fundamentales para diseñar algoritmos efectivos y eficientes.",MC6102-Análisis de Algoritmos.txt;MC6102-Análisis de Algoritmos.txt;MC6004-Sistemas Operativos Avanzados.txt;MC1003-Seguridad y Criptografía.txt;MC7201-Introducción a la Investigación.txt,3.27,Análisis de Algoritmos,MC6102,
qwen2.5-3b,open_ended,"¿Qué herramientas se utilizan para analizar la complejidad de ""peor caso""?","En el curso Análisis de Algoritmos de la Maestría en Computación, ¿Qué herramientas se utilizan para analizar la complejidad de ""peor caso""?

Da una respuesta completa y explicativa.","Funciones recurrentes, notación asintótica (""O grande"") y pruebas por inducción.","En el curso de Análisis de Algoritmos de la Maestría en Computación, se utilizan varias herramientas para analizar la complejidad de ""peor caso"" de los algoritmos. Según el contenido proporcionado, se mencionan las siguientes herramientas:

1. Funciones Recurrentes: Se menciona que el estudiante será capaz de analizar la complejidad de ""peor caso"" de algoritmos utilizando herramientas como funciones recurrentes.

2. Notación ""O Grande"": Se indica que se utilizarán herramientas como la notación ""O grande"" para ayudar a determinar la complejidad del algoritmo.

3. Pruebas por Inducción: Se menciona que se utilizarán pruebas por inducción para analizar la complejidad de los algoritmos.

Estas herramientas permiten al estudiante analizar formalmente la complejidad de los algoritmos desde el punto de vista del tiempo de ejecución, lo que es crucial para determinar la solución más adecuada para problemas específicos y diseñar algoritmos eficientes.",MC6102-Análisis de Algoritmos.txt;MC6102-Análisis de Algoritmos.txt;MC1103-Gerencia de tecnología de información.txt;MC6004-Sistemas Operativos Avanzados.txt;MC7201-Introducción a la Investigación.txt,3.3,Análisis de Algoritmos,MC6102,
qwen2.5-3b,open_ended,¿Qué tipos de algoritmos se estudian dentro de la categoría probabilista?,"En el curso Análisis de Algoritmos de la Maestría en Computación, ¿Qué tipos de algoritmos se estudian dentro de la categoría probabilista?

Da una respuesta completa y explicativa.","Algoritmos numéricos, de Monte Carlo y de Las Vegas.","En el curso de Análisis de Algoritmos no se especifica en detalle la inclusión de algoritmos probabilistas en el contenido programado. Según el contenido proporcionado, el curso aborda diversos temas relacionados con el diseño y análisis de algoritmos, incluyendo:

- Algoritmos avaricios/voraces
- Algoritmos divide y vencerás
- Programación dinámica
- Algoritmos genéticos
- Algoritmos probabilistas (mencionado en la lista de contenidos)
- Algoritmos heurísticos y aproximados

Sin embargo, no hay detalles específicos sobre cómo se abordan o se estudian los algoritmos probabilistas en el curso. Los temas de algoritmos probabilistas se encuentran mencionados pero sin profundizar en ellos dentro del contenido específico del curso.",MC6102-Análisis de Algoritmos.txt;MC6102-Análisis de Algoritmos.txt;MC7201-Introducción a la Investigación.txt;MC6004-Sistemas Operativos Avanzados.txt;MC6104-Diseño de Experimentos.txt,2.58,Análisis de Algoritmos,MC6102,
qwen2.5-3b,open_ended,¿Cómo se clasifican los problemas según su complejidad en este programa?,"En el curso Análisis de Algoritmos de la Maestría en Computación, ¿Cómo se clasifican los problemas según su complejidad en este programa?

Da una respuesta completa y explicativa.","En las clases P, NP, NP-completos y NP-difíciles.","En el curso Análisis de Algoritmos de la Maestría en Computación, los problemas se clasifican según su complejidad en términos de tiempo de ejecución. El programa aborda el análisis de la complejidad de ""peor caso"" de algoritmos utilizando herramientas como funciones recurrentes, notación ""O grande"", y inducción. 

El análisis de la complejidad de ""peor caso"" ayuda a determinar cuánto tiempo un algoritmo puede tomar en el peor de los escenarios para resolver un problema específico. Esto es crucial para entender cómo eficientes son diferentes algoritmos y para elegir el más adecuado para un problema dado.

Además, aunque no se menciona explícitamente, se sugiere que se analiza la complejidad promedio y amortizada de algunos algoritmos clásicos, lo que podría implicar considerar cómo se comportan los algoritmos en situaciones más comunes o típicas.

Sin embargo, no se especifica en el contexto proporcionado si se clasifican los problemas en categorías como P, NP, o NP-completo. Para clasificar problemas en estas categorías, se necesitaría un estudio adicional de teoría de complejidad computacional, que no parece ser el foco principal del curso Análisis de Algoritmos.",MC6102-Análisis de Algoritmos.txt;MC6102-Análisis de Algoritmos.txt;MC6004-Sistemas Operativos Avanzados.txt;MC6104-Diseño de Experimentos.txt;MC7201-Introducción a la Investigación.txt,4.08,Análisis de Algoritmos,MC6102,
qwen2.5-3b,open_ended,"¿Por qué la Ciencia de la Computación ha sido considerada históricamente ""débil"" en sus procedimientos?","En el curso Diseño de Experimentos de la Maestría en Computación, ¿Por qué la Ciencia de la Computación ha sido considerada históricamente ""débil"" en sus procedimientos?

Da una respuesta completa y explicativa.",Debido a la falta de uso sistemático de técnicas experimentales clásicas para validar o refutar hipótesis.,"En el curso de Diseño de Experimentos, se menciona que la Ciencia de la Computación ha sido históricamente considerada ""débil"" en sus procedimientos experimentales debido a sus características particulares. Este curso busca corregir esa desventaja, entrenando a los estudiantes en el uso de técnicas clásicas de Diseño de Experimentos para validar o refutar afirmaciones, hipótesis o teorías en la disciplina computacional. La idea es que estas técnicas puedan ser aplicadas no solo en la investigación académica, sino también en la práctica del desarrollo de software, permitiendo un control más efectivo de la calidad de los productos desarrollados.",MC6102-Análisis de Algoritmos.txt;MC7201-Introducción a la Investigación.txt;MC7201-Introducción a la Investigación.txt;MC6104-Diseño de Experimentos.txt;MC6004-Sistemas Operativos Avanzados.txt,2.14,Diseño de Experimentos,MC6104,
qwen2.5-3b,open_ended,¿Qué utilidad tiene el Diseño de Experimentos (DoE) en la industria del software?,"En el curso Diseño de Experimentos de la Maestría en Computación, ¿Qué utilidad tiene el Diseño de Experimentos (DoE) en la industria del software?

Da una respuesta completa y explicativa.",Permite ejercer controles de calidad rigurosos durante el desarrollo de productos de software.,"No tengo suficiente información directa sobre el curso ""Diseño de Experimentos"" específico en la Maestría en Computación mencionado en el contexto proporcionado. Sin embargo, puedo ofrecerte una respuesta basada en la información general sobre el Diseño de Experimentos (DoE) y cómo podría aplicarse en la industria del software.

El Diseño de Experimentos (DoE) es una técnica estadística que se utiliza para diseñar y analizar experimentos para obtener información precisa y eficiente sobre cómo diferentes factores afectan a un resultado. En la industria del software, el DoE puede tener varias utilidades:

1. **Optimización de Algoritmos**: Los algoritmos son fundamentales en la industria del software. El DoE puede ayudar a optimizar estos algoritmos para mejorar su rendimiento, reducir su complejidad y asegurar que funcionen eficientemente en diferentes entornos y cargas de trabajo.

2. **Selección de Factores Importantes**: En proyectos de software, hay muchas variables que pueden influir en el rendimiento del sistema. El DoE puede ayudar a identificar qué factores son realmente importantes y cuáles pueden ser ignorados, lo que puede simplificar el diseño del producto y reducir costos.

3. **Validación de Modelos**: Los modelos estadísticos son comunes en el software para predecir comportamientos futuros",MC6102-Análisis de Algoritmos.txt;MC1103-Gerencia de tecnología de información.txt;MC7201-Introducción a la Investigación.txt;MC7201-Introducción a la Investigación.txt;MC6102-Análisis de Algoritmos.txt,4.16,Diseño de Experimentos,MC6104,
qwen2.5-3b,open_ended,¿Qué capacidades adquiere el estudiante para manejar datos experimentales?,"En el curso Diseño de Experimentos de la Maestría en Computación, ¿Qué capacidades adquiere el estudiante para manejar datos experimentales?

Da una respuesta completa y explicativa.",El uso de software estadístico para analizar resultados con niveles de confianza y certeza científica.,"Basándome en el contexto proporcionado, no hay información específica sobre el curso ""Diseño de Experimentos"" en la Maestría en Computación. El contexto proporcionado se centra en varios cursos relacionados con el análisis y diseño de algoritmos, seguridad y criptografía, gerencia de tecnología de información, y introducción a la investigación. No hay detalles sobre capacidades de manejo de datos experimentales en ningún de estos cursos mencionados. Para responder con precisión, necesitaría información específica sobre el curso ""Diseño de Experimentos"" en la Maestría en Computación.",MC6102-Análisis de Algoritmos.txt;MC6102-Análisis de Algoritmos.txt;MC1103-Gerencia de tecnología de información.txt;MC1003-Seguridad y Criptografía.txt;MC7201-Introducción a la Investigación.txt,1.86,Diseño de Experimentos,MC6104,
qwen2.5-3b,open_ended,¿Cuál es la estructura metodológica que siguen los proyectos en este curso?,"En el curso Diseño de Experimentos de la Maestría en Computación, ¿Cuál es la estructura metodológica que siguen los proyectos en este curso?

Da una respuesta completa y explicativa.","Realización de experimentos, recolección de datos, análisis de resultados y redacción de reportes técnicos.","En el curso Diseño de Experimentos de la Maestría en Computación, la estructura metodológica que siguen los proyectos incluye varios pasos clave:

1. **Establecimiento de Hipótesis**: Los estudiantes deben establecer hipótesis específicas sobre sistemas computacionales que puedan ser verificadas mediante experimentos.

2. **Diseño de Experimentos**: Los estudiantes deben diseñar experimentos científicos aplicados a la Ciencia de la Computación. Esto implica la aplicación de técnicas de Diseño de Experimentos para validar o refutar las afirmaciones, hipótesis o teorías de las disciplinas computacionales.

3. **Análisis de Resultados**: Los estudiantes deben usar software apropiado para analizar los resultados obtenidos de los experimentos y dar niveles de confianza de la certeza de sus conclusiones.

4. **Aplicación de Técnicas de Diseño de Experimentos**: Los estudiantes deben aplicar estas técnicas para el control de calidad en el desarrollo de productos de software.

5. **Uso de Técnicas Experimentales**: Los estudiantes deben aplicar las técnicas experimentales aprendidas en este curso en su propuesta de tesis, en el desarrollo de su tesis, y en investigaciones científicas en general.

Esta estructura metodológica se basa en el uso de técnicas clásicas de Diseño de Experimentos",MC6102-Análisis de Algoritmos.txt;MC7201-Introducción a la Investigación.txt;MC7201-Introducción a la Investigación.txt;MC6104-Diseño de Experimentos.txt;MC6004-Sistemas Operativos Avanzados.txt,4.16,Diseño de Experimentos,MC6104,
qwen2.5-3b,open_ended,¿Qué formación técnica previa es requerida para el uso de herramientas en este curso?,"En el curso Diseño de Experimentos de la Maestría en Computación, ¿Qué formación técnica previa es requerida para el uso de herramientas en este curso?

Da una respuesta completa y explicativa.","Conocimiento de UNIX, programación en C y dominio del entorno estadístico R.","Para el curso Diseño de Experimentos (MC-6104) de la Maestría en Ciencias de la Computación, no se menciona ninguna formación técnica previa específica como requisito. Sin embargo, se menciona que los estudiantes deben tener conhecimentos em Álgebra Linear, Cálculo e Probabilidades como requisitos para este curso. Essas são ferramentas matemáticas e estatísticas que são usadas na análise e design de experimentos, conforme descrito no conteúdo do curso. Portanto, embora não seja explicitamente mencionado, é presumível que os alunos devam ter uma boa compreensão dessas áreas matemáticas para poder aplicar as técnicas de Design de Experimentos corretamente.",MC7201-Introducción a la Investigación.txt;MC6102-Análisis de Algoritmos.txt;MC6104-Diseño de Experimentos.txt;MC6102-Análisis de Algoritmos.txt;MC7201-Introducción a la Investigación.txt,2.29,Diseño de Experimentos,MC6104,
qwen2.5-3b,open_ended,¿Cómo influye este curso en el desarrollo de la tesis de maestría del estudiante?,"En el curso Diseño de Experimentos de la Maestría en Computación, ¿Cómo influye este curso en el desarrollo de la tesis de maestría del estudiante?

Da una respuesta completa y explicativa.",Entrena al estudiante para establecer hipótesis verificables experimentalmente en su propuesta de tesis.,"El curso Diseño de Experimentos (MC-6104) tiene un papel significativo en el desarrollo de la tesis de maestría del estudiante. Al finalizar este curso, el estudiante estará capacitado para:

1. Establecer hipótesis respecto a sistemas computacionales que puedan ser verificadas experimentalmente.
2. Diseñar experimentos científicos aplicados a la Ciencia de la Computación.
3. Usar software apropiado para analizar los resultados obtenidos de los experimentos dando niveles de confianza de la certeza de sus conclusiones.
4. Aplicar técnicas de Diseño de Experimentos para el control de calidad en el desarrollo de productos de software.
5. Usar las técnicas experimentales aprendidas en este curso en su propuesta de tesis, en el desarrollo de su tesis, y en investigaciones científicas en general.

Estas habilidades son cruciales para el desarrollo de una tesis de maestría en Ciencias de la Computación. El diseño de experimentos es una técnica fundamental en la investigación científica, especialmente en campos como la Ciencia de la Computación, donde se requiere validar o refutar afirmaciones, hipótesis o teorías. 

El curso proporciona a los estudiantes la comprensión necesaria para diseñar experimentos efectivos y aplicar técnicas de análisis estadístico para interpretar",MC7201-Introducción a la Investigación.txt;MC6102-Análisis de Algoritmos.txt;MC7201-Introducción a la Investigación.txt;MC6104-Diseño de Experimentos.txt;MC6102-Análisis de Algoritmos.txt,4.11,Diseño de Experimentos,MC6104,
qwen2.5-3b,open_ended,¿Qué criterios separan la ciencia de la pseudociencia según los contenidos del curso?,"En el curso Introducción a la Investigación de la Maestría en Computación, ¿Qué criterios separan la ciencia de la pseudociencia según los contenidos del curso?

Da una respuesta completa y explicativa.","Los conceptos de historia y filosofía de la ciencia, aplicados a través de un exigente escepticismo científico.","Según los contenidos del curso ""Introducción a la Investigación"" de la Maestría en Computación, los criterios principales que separan la ciencia de la pseudociencia son:

1. Método Científico: El curso destaca la importancia del método científico como un marco para la investigación. Los métodos científicos implican la formulación de hipótesis, la recolección de datos mediante observación y experimentación, y la revisión crítica de dichos datos para evaluar la validez de las hipótesis. 

2. Observación: La observación sistemática y la recolección de datos son elementos fundamentales en la ciencia. Sin embargo, en la pseudociencia, estos procesos pueden ser descuidados o manipulados para obtener resultados que apoyen una creencia o teoría.

3. Falacias lógicas: El curso menciona falacias lógicas, que son errores en la forma en que se argumenta una idea. En la pseudociencia, estas falacias pueden ser usadas para convencer a la audiencia de creencias no respaldadas por evidencia.

4. Hipótesis científicas: En la ciencia, las hipótesis son formuladas de manera que puedan ser probadas o refutadas mediante experimentos y observaciones. En la pseudociencia, las hipótesis pueden ser formul",MC7201-Introducción a la Investigación.txt;MC7201-Introducción a la Investigación.txt;MC6102-Análisis de Algoritmos.txt;MC1103-Gerencia de tecnología de información.txt;MC6104-Diseño de Experimentos.txt,4.15,Introducción a la Investigación,MC7201,
qwen2.5-3b,open_ended,¿Cuál es el deber esencial de un científico según este programa académico?,"En el curso Introducción a la Investigación de la Maestría en Computación, ¿Cuál es el deber esencial de un científico según este programa académico?

Da una respuesta completa y explicativa.",Generar y comunicar conocimiento nuevo a la comunidad.,"Según el programa académico del curso ""Introducción a la Investigación"" de la Maestría en Computación, el deber esencial de un científico, según este programa, es generar y comunicar conocimiento nuevo, obtenido a través de un exigente escepticismo. 

Este programa destaca que el trabajo fundamental de un científico es generar y compartir conocimiento nuevo, basándose en el método científico y el escepticismo crítico. Esto implica no solo la creación de nuevos descubrimientos o hallazgos, sino también su comunicación efectiva a otros investigadores y al público en general.",MC7201-Introducción a la Investigación.txt;MC7201-Introducción a la Investigación.txt;MC6102-Análisis de Algoritmos.txt;MC1103-Gerencia de tecnología de información.txt;MC6104-Diseño de Experimentos.txt,1.94,Introducción a la Investigación,MC7201,
qwen2.5-3b,open_ended,"¿Qué habilidades de ""infraestructura"" se desarrollan para maximizar el éxito del investigador?","En el curso Introducción a la Investigación de la Maestría en Computación, ¿Qué habilidades de ""infraestructura"" se desarrollan para maximizar el éxito del investigador?

Da una respuesta completa y explicativa.","Cómo dar presentaciones, leer y escribir papers, y administrar efectivamente el tiempo.","En el curso Introducción a la Investigación de la Maestría en Computación, se desarrollan varias habilidades de ""infraestructura"" para maximizar el éxito del investigador. Estas incluyen:

1. **Cómo dar presentaciones científicas**: Se enseña cómo preparar y dar presentaciones de alta calidad, lo que es crucial para la comunicación de resultados de investigación.

2. **Cómo leer papers**: Se proporciona guía sobre cómo analizar y comprender documentos académicos, una habilidad vital para la actualización constante y la comprensión de la investigación existente.

3. **Escritura de Documentos Científicos**: Se enseña cómo escribir artículos y tesis de investigación de manera efectiva, lo que es esencial para la publicación y difusión de los resultados de la investigación.

4. **Cómo escribir papers**: Se proporciona orientación sobre la estructura y el formato de los artículos científicos, lo que ayuda a los estudiantes a redactar trabajos de investigación de manera profesional.

Estas habilidades forman parte de la infraestructura necesaria para el desarrollo y el éxito de la investigación científica. La capacidad de comunicarse eficazmente, entender y analizar la literatura existente, y presentar y publicar los resultados de la investigación son fundamentales para el avance y el reconocimiento en el campo de la investigación en computación",MC1003-Seguridad y Criptografía.txt;MC6102-Análisis de Algoritmos.txt;MC7201-Introducción a la Investigación.txt;MC7201-Introducción a la Investigación.txt;MC2301-Planificación estratégica de tecnología de información.txt,4.06,Introducción a la Investigación,MC7201,
qwen2.5-3b,open_ended,¿Qué aspectos administrativos se revisan para orientar al estudiante en su posgrado?,"En el curso Introducción a la Investigación de la Maestría en Computación, ¿Qué aspectos administrativos se revisan para orientar al estudiante en su posgrado?

Da una respuesta completa y explicativa.",Los reglamentos y lineamientos del programa de maestría para la presentación de propuestas y tesis.,"En el curso ""Introducción a la Investigación"" de la Maestría en Computación, se revisan varios aspectos administrativos para orientar al estudiante en su posgrado. Estos aspectos incluyen:

1. **Reglamentos y Lineamientos del Programa de Maestría en Computación del ITCR**: Se revisa cómo se manejan los procesos de presentación de propuestas de investigación y el desarrollo de tesis de investigación dentro del programa.

2. **Metodología de la Investigación Científica y de Solución de Problemas**: Se abordan tanto los aspectos técnicos como formales para la publicación de resultados de la investigación.

3. **Proceso de Presentación de Propuestas de Investigación**: Se explica cómo se estructuran y presentan estas propuestas de investigación dentro del programa.

4. **Diseño de Experimentos con Tratamiento Estadístico**: Se aborda cómo se diseñan y llevan a cabo experimentos científicos con un enfoque estadístico.

5. **Publicación de Resultados**: Se discute cómo se redactan y presentan los resultados de la investigación en forma de artículos científicos.

Estos aspectos administrativos se incluyen en el objetivo de orientar al estudiante en el desarrollo de habilidades y conocimientos necesarios para llevar a cabo una investigación científica en el área de la computación, así",MC1103-Gerencia de tecnología de información.txt;MC7201-Introducción a la Investigación.txt;MC7201-Introducción a la Investigación.txt;MC6102-Análisis de Algoritmos.txt;MC2301-Planificación estratégica de tecnología de información.txt,4.07,Introducción a la Investigación,MC7201,
qwen2.5-3b,open_ended,¿Qué elementos debe contener la propuesta de un artículo científico para ser aprobada?,"En el curso Introducción a la Investigación de la Maestría en Computación, ¿Qué elementos debe contener la propuesta de un artículo científico para ser aprobada?

Da una respuesta completa y explicativa.","Definición del problema, su importancia, soluciones previas, propuesta original y efectos esperados.","No tengo información específica en el contexto proporcionado sobre qué elementos deben contener exactamente la propuesta de un artículo científico para ser aprobada. El contexto menciona varios aspectos relacionados con la investigación científica y la presentación de artículos, pero no detalla los elementos específicos de una propuesta de artículo científico. 

Para obtener esta información, sería necesario consultar directamente el contenido del curso ""Introducción a la Investigación"" o buscar en la bibliografía sugerida, especialmente aquellos libros que se mencionan como referencias para la investigación científica en computación.",MC7201-Introducción a la Investigación.txt;MC7201-Introducción a la Investigación.txt;MC6104-Diseño de Experimentos.txt;MC1103-Gerencia de tecnología de información.txt;MC2301-Planificación estratégica de tecnología de información.txt,1.77,Introducción a la Investigación,MC7201,
qwen2.5-3b,open_ended,¿Cuál es la herramienta tecnológica obligatoria para la elaboración de presentaciones?,"En el curso Introducción a la Investigación de la Maestría en Computación, ¿Cuál es la herramienta tecnológica obligatoria para la elaboración de presentaciones?

Da una respuesta completa y explicativa.",Beamer.,"No hay ninguna información específica en el contexto proporcionado sobre una herramienta tecnológica obligatoria para la elaboración de presentaciones en el curso Introducción a la Investigación de la Maestría en Computación. El documento menciona que las presentaciones deben prepararse con Beamer, pero no especifica si Beamer es una herramienta tecnológica obligatoria o si se requiere la instalación de Beamer en dispositivos específicos.",MC7201-Introducción a la Investigación.txt;MC7201-Introducción a la Investigación.txt;MC6102-Análisis de Algoritmos.txt;MC1103-Gerencia de tecnología de información.txt;MC6102-Análisis de Algoritmos.txt,1.37,Introducción a la Investigación,MC7201,
