model_key,category,question,composed_question,expected_answer,predicted_answer,generation_time_s,curso,codigo,error
deepseek-r1-14b-f16,binary,¿Es la asistencia obligatoria?,"En el curso Análisis de Datos en Ciberseguridad de la Maestría en Ciberseguridad, ¿Es la asistencia obligatoria?

Responde únicamente con 'Sí' o 'No'.",Sí,Sí,11.4,Análisis de Datos en Ciberseguridad,MC1001,
deepseek-r1-14b-f16,binary,¿Tiene el curso requisitos previos?,"En el curso Análisis de Datos en Ciberseguridad de la Maestría en Ciberseguridad, ¿Tiene el curso requisitos previos?

Responde únicamente con 'Sí' o 'No'.",No,No,8.81,Análisis de Datos en Ciberseguridad,MC1001,
deepseek-r1-14b-f16,binary,¿Es un curso electivo?,"En el curso Análisis de Datos en Ciberseguridad de la Maestría en Ciberseguridad, ¿Es un curso electivo?

Responde únicamente con 'Sí' o 'No'.",No,No,8.81,Análisis de Datos en Ciberseguridad,MC1001,
deepseek-r1-14b-f16,binary,¿Existe la posibilidad de ganar el curso por suficiencia?,"En el curso Análisis de Datos en Ciberseguridad de la Maestría en Ciberseguridad, ¿Existe la posibilidad de ganar el curso por suficiencia?

Responde únicamente con 'Sí' o 'No'.",Sí,No,8.88,Análisis de Datos en Ciberseguridad,MC1001,
deepseek-r1-14b-f16,binary,¿Es posible el reconocimiento del curso?,"En el curso Análisis de Datos en Ciberseguridad de la Maestría en Ciberseguridad, ¿Es posible el reconocimiento del curso?

Responde únicamente con 'Sí' o 'No'.",Sí,Sí,9.01,Análisis de Datos en Ciberseguridad,MC1001,
deepseek-r1-14b-f16,binary,¿Los laboratorios representan el 75% de la nota final?,"En el curso Análisis de Datos en Ciberseguridad de la Maestría en Ciberseguridad, ¿Los laboratorios representan el 75% de la nota final?

Responde únicamente con 'Sí' o 'No'.",Sí,No,8.98,Análisis de Datos en Ciberseguridad,MC1001,
deepseek-r1-14b-f16,binary,¿Es la asistencia obligatoria?,"En el curso Seguridad y Criptografía de la Maestría en Ciberseguridad, ¿Es la asistencia obligatoria?

Responde únicamente con 'Sí' o 'No'.",Sí,No,9.01,Seguridad y Criptografía,MC1003,
deepseek-r1-14b-f16,binary,¿Es este un curso electivo?,"En el curso Seguridad y Criptografía de la Maestría en Ciberseguridad, ¿Es este un curso electivo?

Responde únicamente con 'Sí' o 'No'.",No,No,9.07,Seguridad y Criptografía,MC1003,
deepseek-r1-14b-f16,binary,¿Tiene correquisitos establecidos?,"En el curso Seguridad y Criptografía de la Maestría en Ciberseguridad, ¿Tiene correquisitos establecidos?

Responde únicamente con 'Sí' o 'No'.",No,No,9.08,Seguridad y Criptografía,MC1003,
deepseek-r1-14b-f16,binary,"¿Es este curso requisito para ""Blockchain y Ledger Distribuidos""?","En el curso Seguridad y Criptografía de la Maestría en Ciberseguridad, ¿Es este curso requisito para ""Blockchain y Ledger Distribuidos""?

Responde únicamente con 'Sí' o 'No'.",Sí,No,9.17,Seguridad y Criptografía,MC1003,
deepseek-r1-14b-f16,binary,¿Se permite el reconocimiento del curso?,"En el curso Seguridad y Criptografía de la Maestría en Ciberseguridad, ¿Se permite el reconocimiento del curso?

Responde únicamente con 'Sí' o 'No'.",Sí,No,9.34,Seguridad y Criptografía,MC1003,
deepseek-r1-14b-f16,binary,¿El examen final tiene un valor del 30%?,"En el curso Seguridad y Criptografía de la Maestría en Ciberseguridad, ¿El examen final tiene un valor del 30%?

Responde únicamente con 'Sí' o 'No'.",Sí,No,9.32,Seguridad y Criptografía,MC1003,
deepseek-r1-14b-f16,binary,¿Es el curso de tipo electivo?,"En el curso Políticas y Gobernanza en Ciberseguridad de la Maestría en Ciberseguridad, ¿Es el curso de tipo electivo?

Responde únicamente con 'Sí' o 'No'.",No,No,9.24,Políticas y Gobernanza en Ciberseguridad,MC1006,
deepseek-r1-14b-f16,binary,¿Es la asistencia obligatoria?,"En el curso Políticas y Gobernanza en Ciberseguridad de la Maestría en Ciberseguridad, ¿Es la asistencia obligatoria?

Responde únicamente con 'Sí' o 'No'.",Sí,No,9.2,Políticas y Gobernanza en Ciberseguridad,MC1006,
deepseek-r1-14b-f16,binary,¿Se permite el reconocimiento de este curso?,"En el curso Políticas y Gobernanza en Ciberseguridad de la Maestría en Ciberseguridad, ¿Se permite el reconocimiento de este curso?

Responde únicamente con 'Sí' o 'No'.",No,No,9.19,Políticas y Gobernanza en Ciberseguridad,MC1006,
deepseek-r1-14b-f16,binary,¿Existe la posibilidad de suficiencia?,"En el curso Políticas y Gobernanza en Ciberseguridad de la Maestría en Ciberseguridad, ¿Existe la posibilidad de suficiencia?

Responde únicamente con 'Sí' o 'No'.",Sí,No,9.26,Políticas y Gobernanza en Ciberseguridad,MC1006,
deepseek-r1-14b-f16,binary,¿Se ubica el curso en el primer trimestre del plan de estudios?,"En el curso Políticas y Gobernanza en Ciberseguridad de la Maestría en Ciberseguridad, ¿Se ubica el curso en el primer trimestre del plan de estudios?

Responde únicamente con 'Sí' o 'No'.",Sí,No,9.31,Políticas y Gobernanza en Ciberseguridad,MC1006,
deepseek-r1-14b-f16,binary,¿El estudio de casos vale un 40% de la calificación?,"En el curso Políticas y Gobernanza en Ciberseguridad de la Maestría en Ciberseguridad, ¿El estudio de casos vale un 40% de la calificación?

Responde únicamente con 'Sí' o 'No'.",Sí,No,9.33,Políticas y Gobernanza en Ciberseguridad,MC1006,
deepseek-r1-14b-f16,binary,¿Es un curso electivo?,"En el curso Seguridad de Software Avanzado de la Maestría en Ciberseguridad, ¿Es un curso electivo?

Responde únicamente con 'Sí' o 'No'.",No,No,9.31,Seguridad de Software Avanzado,MC3001,
deepseek-r1-14b-f16,binary,¿Es obligatoria la asistencia?,"En el curso Seguridad de Software Avanzado de la Maestría en Ciberseguridad, ¿Es obligatoria la asistencia?

Responde únicamente con 'Sí' o 'No'.",Sí,No,9.32,Seguridad de Software Avanzado,MC3001,
deepseek-r1-14b-f16,binary,¿Tiene requisitos previos?,"En el curso Seguridad de Software Avanzado de la Maestría en Ciberseguridad, ¿Tiene requisitos previos?

Responde únicamente con 'Sí' o 'No'.",No,No,9.27,Seguridad de Software Avanzado,MC3001,
deepseek-r1-14b-f16,binary,¿Es requisito para el curso de Seguridad en la Nube?,"En el curso Seguridad de Software Avanzado de la Maestría en Ciberseguridad, ¿Es requisito para el curso de Seguridad en la Nube?

Responde únicamente con 'Sí' o 'No'.",Sí,No,9.23,Seguridad de Software Avanzado,MC3001,
deepseek-r1-14b-f16,binary,¿Se permite la suficiencia?,"En el curso Seguridad de Software Avanzado de la Maestría en Ciberseguridad, ¿Se permite la suficiencia?

Responde únicamente con 'Sí' o 'No'.",No,No,9.23,Seguridad de Software Avanzado,MC3001,
deepseek-r1-14b-f16,binary,¿El examen final vale el 30% de la nota?,"En el curso Seguridad de Software Avanzado de la Maestría en Ciberseguridad, ¿El examen final vale el 30% de la nota?

Responde únicamente con 'Sí' o 'No'.",Sí,No,9.21,Seguridad de Software Avanzado,MC3001,
deepseek-r1-14b-f16,binary,¿Es el curso de tipo electivo?,"En el curso Cibercrimen de la Maestría en Ciberseguridad, ¿Es el curso de tipo electivo?

Responde únicamente con 'Sí' o 'No'.",Sí,No,9.23,Cibercrimen,MC3010,
deepseek-r1-14b-f16,binary,¿Es obligatoria la asistencia?,"En el curso Cibercrimen de la Maestría en Ciberseguridad, ¿Es obligatoria la asistencia?

Responde únicamente con 'Sí' o 'No'.",Sí,No,9.28,Cibercrimen,MC3010,
deepseek-r1-14b-f16,binary,¿Tiene requisitos o correquisitos?,"En el curso Cibercrimen de la Maestría en Ciberseguridad, ¿Tiene requisitos o correquisitos?

Responde únicamente con 'Sí' o 'No'.",No,No,9.3,Cibercrimen,MC3010,
deepseek-r1-14b-f16,binary,¿Se permite la suficiencia para este curso?,"En el curso Cibercrimen de la Maestría en Ciberseguridad, ¿Se permite la suficiencia para este curso?

Responde únicamente con 'Sí' o 'No'.",No,No,9.32,Cibercrimen,MC3010,
deepseek-r1-14b-f16,binary,¿Existe la posibilidad de reconocimiento?,"En el curso Cibercrimen de la Maestría en Ciberseguridad, ¿Existe la posibilidad de reconocimiento?

Responde únicamente con 'Sí' o 'No'.",No,No,9.29,Cibercrimen,MC3010,
deepseek-r1-14b-f16,binary,¿La investigación social aplicada tiene un peso del 40%?,"En el curso Cibercrimen de la Maestría en Ciberseguridad, ¿La investigación social aplicada tiene un peso del 40%?

Responde únicamente con 'Sí' o 'No'.",Sí,No,9.26,Cibercrimen,MC3010,
deepseek-r1-14b-f16,binary,¿Es un curso obligatorio?,"En el curso Sistemas Estratégicos Empresariales de la Maestría en Gerencia de Tecnologías de la Información, ¿Es un curso obligatorio?

Responde únicamente con 'Sí' o 'No'.",Sí,No,9.26,Sistemas Estratégicos Empresariales,MC1101,
deepseek-r1-14b-f16,binary,¿Tiene requisitos o correquisitos previos?,"En el curso Sistemas Estratégicos Empresariales de la Maestría en Gerencia de Tecnologías de la Información, ¿Tiene requisitos o correquisitos previos?

Responde únicamente con 'Sí' o 'No'.",No,No,9.26,Sistemas Estratégicos Empresariales,MC1101,
deepseek-r1-14b-f16,binary,¿Es la asistencia obligatoria?,"En el curso Sistemas Estratégicos Empresariales de la Maestría en Gerencia de Tecnologías de la Información, ¿Es la asistencia obligatoria?

Responde únicamente con 'Sí' o 'No'.",Sí,No,9.29,Sistemas Estratégicos Empresariales,MC1101,
deepseek-r1-14b-f16,binary,¿Existe la posibilidad de suficiencia?,"En el curso Sistemas Estratégicos Empresariales de la Maestría en Gerencia de Tecnologías de la Información, ¿Existe la posibilidad de suficiencia?

Responde únicamente con 'Sí' o 'No'.",No,No,9.33,Sistemas Estratégicos Empresariales,MC1101,
deepseek-r1-14b-f16,binary,¿Es posible el reconocimiento del curso?,"En el curso Sistemas Estratégicos Empresariales de la Maestría en Gerencia de Tecnologías de la Información, ¿Es posible el reconocimiento del curso?

Responde únicamente con 'Sí' o 'No'.",No,No,9.32,Sistemas Estratégicos Empresariales,MC1101,
deepseek-r1-14b-f16,binary,¿La investigación en sistema empresarial vale un 40%?,"En el curso Sistemas Estratégicos Empresariales de la Maestría en Gerencia de Tecnologías de la Información, ¿La investigación en sistema empresarial vale un 40%?

Responde únicamente con 'Sí' o 'No'.",Sí,No,9.33,Sistemas Estratégicos Empresariales,MC1101,
deepseek-r1-14b-f16,binary,¿Es la asistencia obligatoria?,"En el curso Gerencia de Tecnología de Información de la Maestría en Gerencia de Tecnologías de la Información, ¿Es la asistencia obligatoria?

Responde únicamente con 'Sí' o 'No'.",Sí,No,9.27,Gerencia de Tecnología de Información,MC1103,
deepseek-r1-14b-f16,binary,¿Tiene el curso requisitos previos?,"En el curso Gerencia de Tecnología de Información de la Maestría en Gerencia de Tecnologías de la Información, ¿Tiene el curso requisitos previos?

Responde únicamente con 'Sí' o 'No'.",No,No,9.23,Gerencia de Tecnología de Información,MC1103,
deepseek-r1-14b-f16,binary,¿Se permite la suficiencia?,"En el curso Gerencia de Tecnología de Información de la Maestría en Gerencia de Tecnologías de la Información, ¿Se permite la suficiencia?

Responde únicamente con 'Sí' o 'No'.",No,No,9.19,Gerencia de Tecnología de Información,MC1103,
deepseek-r1-14b-f16,binary,¿Es posible el reconocimiento del curso?,"En el curso Gerencia de Tecnología de Información de la Maestría en Gerencia de Tecnologías de la Información, ¿Es posible el reconocimiento del curso?

Responde únicamente con 'Sí' o 'No'.",No,No,9.17,Gerencia de Tecnología de Información,MC1103,
deepseek-r1-14b-f16,binary,¿El estudio de casos vale un 40% de la nota?,"En el curso Gerencia de Tecnología de Información de la Maestría en Gerencia de Tecnologías de la Información, ¿El estudio de casos vale un 40% de la nota?

Responde únicamente con 'Sí' o 'No'.",Sí,No,9.2,Gerencia de Tecnología de Información,MC1103,
deepseek-r1-14b-f16,binary,¿Requiere el curso la elaboración de una investigación bibliográfica?,"En el curso Gerencia de Tecnología de Información de la Maestría en Gerencia de Tecnologías de la Información, ¿Requiere el curso la elaboración de una investigación bibliográfica?

Responde únicamente con 'Sí' o 'No'.",Sí,No,9.26,Gerencia de Tecnología de Información,MC1103,
deepseek-r1-14b-f16,binary,¿Es este un curso obligatorio?,"En el curso Administración Financiera de TI de la Maestría en Gerencia de Tecnologías de la Información, ¿Es este un curso obligatorio?

Responde únicamente con 'Sí' o 'No'.",Sí,No,9.33,Administración Financiera de TI,MC1201,
deepseek-r1-14b-f16,binary,¿Se permite el reconocimiento del curso?,"En el curso Administración Financiera de TI de la Maestría en Gerencia de Tecnologías de la Información, ¿Se permite el reconocimiento del curso?

Responde únicamente con 'Sí' o 'No'.",Sí,No,9.34,Administración Financiera de TI,MC1201,
deepseek-r1-14b-f16,binary,¿Existe la posibilidad de suficiencia?,"En el curso Administración Financiera de TI de la Maestría en Gerencia de Tecnologías de la Información, ¿Existe la posibilidad de suficiencia?

Responde únicamente con 'Sí' o 'No'.",No,No,9.41,Administración Financiera de TI,MC1201,
deepseek-r1-14b-f16,binary,¿Es la asistencia obligatoria?,"En el curso Administración Financiera de TI de la Maestría en Gerencia de Tecnologías de la Información, ¿Es la asistencia obligatoria?

Responde únicamente con 'Sí' o 'No'.",Sí,No,9.35,Administración Financiera de TI,MC1201,
deepseek-r1-14b-f16,binary,¿Se ubica en el segundo semestre del programa?,"En el curso Administración Financiera de TI de la Maestría en Gerencia de Tecnologías de la Información, ¿Se ubica en el segundo semestre del programa?

Responde únicamente con 'Sí' o 'No'.",Sí,No,9.34,Administración Financiera de TI,MC1201,
deepseek-r1-14b-f16,binary,¿Los dos exámenes parciales valen un 50% en total?,"En el curso Administración Financiera de TI de la Maestría en Gerencia de Tecnologías de la Información, ¿Los dos exámenes parciales valen un 50% en total?

Responde únicamente con 'Sí' o 'No'.",Sí,No,9.44,Administración Financiera de TI,MC1201,
deepseek-r1-14b-f16,binary,¿Es un curso obligatorio?,"En el curso Administración y Estrategia de Proyectos I de la Maestría en Gerencia de Tecnologías de la Información, ¿Es un curso obligatorio?

Responde únicamente con 'Sí' o 'No'.",No,No,9.46,Administración y Estrategia de Proyectos I,MC1203,
deepseek-r1-14b-f16,binary,¿Es la asistencia obligatoria?,"En el curso Administración y Estrategia de Proyectos I de la Maestría en Gerencia de Tecnologías de la Información, ¿Es la asistencia obligatoria?

Responde únicamente con 'Sí' o 'No'.",Sí,No,9.44,Administración y Estrategia de Proyectos I,MC1203,
deepseek-r1-14b-f16,binary,¿Es requisito para el curso de Administración y Estrategia de Proyectos II?,"En el curso Administración y Estrategia de Proyectos I de la Maestría en Gerencia de Tecnologías de la Información, ¿Es requisito para el curso de Administración y Estrategia de Proyectos II?

Responde únicamente con 'Sí' o 'No'.",Sí,Sí,9.44,Administración y Estrategia de Proyectos I,MC1203,
deepseek-r1-14b-f16,binary,¿Permite el curso la suficiencia?,"En el curso Administración y Estrategia de Proyectos I de la Maestría en Gerencia de Tecnologías de la Información, ¿Permite el curso la suficiencia?

Responde únicamente con 'Sí' o 'No'.",No,No,9.3,Administración y Estrategia de Proyectos I,MC1203,
deepseek-r1-14b-f16,binary,¿Existe la posibilidad de reconocimiento?,"En el curso Administración y Estrategia de Proyectos I de la Maestría en Gerencia de Tecnologías de la Información, ¿Existe la posibilidad de reconocimiento?

Responde únicamente con 'Sí' o 'No'.",Sí,No,9.25,Administración y Estrategia de Proyectos I,MC1203,
deepseek-r1-14b-f16,binary,¿La resolución de casos prácticos vale un 25%?,"En el curso Administración y Estrategia de Proyectos I de la Maestría en Gerencia de Tecnologías de la Información, ¿La resolución de casos prácticos vale un 25%?

Responde únicamente con 'Sí' o 'No'.",Sí,No,9.24,Administración y Estrategia de Proyectos I,MC1203,
deepseek-r1-14b-f16,binary,¿Es un curso obligatorio?,"En el curso Planificación Estratégica de TI de la Maestría en Gerencia de Tecnologías de la Información, ¿Es un curso obligatorio?

Responde únicamente con 'Sí' o 'No'.",Sí,No,9.25,Planificación Estratégica de TI,MC2301,
deepseek-r1-14b-f16,binary,¿Es la asistencia obligatoria?,"En el curso Planificación Estratégica de TI de la Maestría en Gerencia de Tecnologías de la Información, ¿Es la asistencia obligatoria?

Responde únicamente con 'Sí' o 'No'.",Sí,Sí,9.27,Planificación Estratégica de TI,MC2301,
deepseek-r1-14b-f16,binary,¿Se reprueba el curso con 4 faltas de asistencia injustificadas?,"En el curso Planificación Estratégica de TI de la Maestría en Gerencia de Tecnologías de la Información, ¿Se reprueba el curso con 4 faltas de asistencia injustificadas?

Responde únicamente con 'Sí' o 'No'.",Sí,No,9.21,Planificación Estratégica de TI,MC2301,
deepseek-r1-14b-f16,binary,¿Existe la posibilidad de suficiencia?,"En el curso Planificación Estratégica de TI de la Maestría en Gerencia de Tecnologías de la Información, ¿Existe la posibilidad de suficiencia?

Responde únicamente con 'Sí' o 'No'.",No,No,9.23,Planificación Estratégica de TI,MC2301,
deepseek-r1-14b-f16,binary,¿Se permite el reconocimiento del curso?,"En el curso Planificación Estratégica de TI de la Maestría en Gerencia de Tecnologías de la Información, ¿Se permite el reconocimiento del curso?

Responde únicamente con 'Sí' o 'No'.",No,No,9.31,Planificación Estratégica de TI,MC2301,
deepseek-r1-14b-f16,binary,¿La resolución de casos vale un 40% de la nota?,"En el curso Planificación Estratégica de TI de la Maestría en Gerencia de Tecnologías de la Información, ¿La resolución de casos vale un 40% de la nota?

Responde únicamente con 'Sí' o 'No'.",Sí,No,9.42,Planificación Estratégica de TI,MC2301,
deepseek-r1-14b-f16,binary,¿Es un curso electivo?,"En el curso Teoría de Autómatas de la Maestría en Computación, ¿Es un curso electivo?

Responde únicamente con 'Sí' o 'No'.",No,No,9.49,Teoría de Autómatas,MC6003,
deepseek-r1-14b-f16,binary,¿Es la asistencia obligatoria?,"En el curso Teoría de Autómatas de la Maestría en Computación, ¿Es la asistencia obligatoria?

Responde únicamente con 'Sí' o 'No'.",Sí,Sí,9.52,Teoría de Autómatas,MC6003,
deepseek-r1-14b-f16,binary,¿Se permite la suficiencia?,"En el curso Teoría de Autómatas de la Maestría en Computación, ¿Se permite la suficiencia?

Responde únicamente con 'Sí' o 'No'.",Sí,No,9.42,Teoría de Autómatas,MC6003,
deepseek-r1-14b-f16,binary,¿Es posible el reconocimiento del curso?,"En el curso Teoría de Autómatas de la Maestría en Computación, ¿Es posible el reconocimiento del curso?

Responde únicamente con 'Sí' o 'No'.",Sí,Sí,9.47,Teoría de Autómatas,MC6003,
deepseek-r1-14b-f16,binary,¿Tiene requisitos previos?,"En el curso Teoría de Autómatas de la Maestría en Computación, ¿Tiene requisitos previos?

Responde únicamente con 'Sí' o 'No'.",No,No,9.35,Teoría de Autómatas,MC6003,
deepseek-r1-14b-f16,binary,¿El examen final vale el 30%?,"En el curso Teoría de Autómatas de la Maestría en Computación, ¿El examen final vale el 30%?

Responde únicamente con 'Sí' o 'No'.",Sí,No,9.33,Teoría de Autómatas,MC6003,
deepseek-r1-14b-f16,binary,¿Es un curso electivo?,"En el curso Sistemas Operativos Avanzados de la Maestría en Computación, ¿Es un curso electivo?

Responde únicamente con 'Sí' o 'No'.",No,No,9.28,Sistemas Operativos Avanzados,MC6004,
deepseek-r1-14b-f16,binary,¿Es la asistencia obligatoria?,"En el curso Sistemas Operativos Avanzados de la Maestría en Computación, ¿Es la asistencia obligatoria?

Responde únicamente con 'Sí' o 'No'.",Sí,Sí,9.34,Sistemas Operativos Avanzados,MC6004,
deepseek-r1-14b-f16,binary,"¿Es requisito para ""Redes de Computadores Avanzadas""?","En el curso Sistemas Operativos Avanzados de la Maestría en Computación, ¿Es requisito para ""Redes de Computadores Avanzadas""?

Responde únicamente con 'Sí' o 'No'.",Sí,No,9.25,Sistemas Operativos Avanzados,MC6004,
deepseek-r1-14b-f16,binary,¿Permite el curso la suficiencia?,"En el curso Sistemas Operativos Avanzados de la Maestría en Computación, ¿Permite el curso la suficiencia?

Responde únicamente con 'Sí' o 'No'.",Sí,No,9.22,Sistemas Operativos Avanzados,MC6004,
deepseek-r1-14b-f16,binary,¿Se permite el reconocimiento?,"En el curso Sistemas Operativos Avanzados de la Maestría en Computación, ¿Se permite el reconocimiento?

Responde únicamente con 'Sí' o 'No'.",Sí,No,9.35,Sistemas Operativos Avanzados,MC6004,
deepseek-r1-14b-f16,binary,¿Los proyectos programados valen un 30%?,"En el curso Sistemas Operativos Avanzados de la Maestría en Computación, ¿Los proyectos programados valen un 30%?

Responde únicamente con 'Sí' o 'No'.",Sí,No,9.35,Sistemas Operativos Avanzados,MC6004,
deepseek-r1-14b-f16,binary,¿Es un curso electivo?,"En el curso Análisis de Algoritmos de la Maestría en Computación, ¿Es un curso electivo?

Responde únicamente con 'Sí' o 'No'.",No,No,9.34,Análisis de Algoritmos,MC6102,
deepseek-r1-14b-f16,binary,¿Es la asistencia obligatoria?,"En el curso Análisis de Algoritmos de la Maestría en Computación, ¿Es la asistencia obligatoria?

Responde únicamente con 'Sí' o 'No'.",Sí,No,9.34,Análisis de Algoritmos,MC6102,
deepseek-r1-14b-f16,binary,¿Existe la posibilidad de suficiencia?,"En el curso Análisis de Algoritmos de la Maestría en Computación, ¿Existe la posibilidad de suficiencia?

Responde únicamente con 'Sí' o 'No'.",Sí,No,9.34,Análisis de Algoritmos,MC6102,
deepseek-r1-14b-f16,binary,¿Se permite el reconocimiento del curso?,"En el curso Análisis de Algoritmos de la Maestría en Computación, ¿Se permite el reconocimiento del curso?

Responde únicamente con 'Sí' o 'No'.",Sí,No,9.28,Análisis de Algoritmos,MC6102,
deepseek-r1-14b-f16,binary,¿Las tareas e investigaciones valen el 50% de la nota?,"En el curso Análisis de Algoritmos de la Maestría en Computación, ¿Las tareas e investigaciones valen el 50% de la nota?

Responde únicamente con 'Sí' o 'No'.",Sí,No,9.25,Análisis de Algoritmos,MC6102,
deepseek-r1-14b-f16,binary,¿Se imparte el curso los martes por la noche?,"En el curso Análisis de Algoritmos de la Maestría en Computación, ¿Se imparte el curso los martes por la noche?

Responde únicamente con 'Sí' o 'No'.",Sí,No,9.25,Análisis de Algoritmos,MC6102,
deepseek-r1-14b-f16,binary,¿Es este un curso electivo?,"En el curso Diseño de Experimentos de la Maestría en Computación, ¿Es este un curso electivo?

Responde únicamente con 'Sí' o 'No'.",Sí,Sí,9.38,Diseño de Experimentos,MC6104,
deepseek-r1-14b-f16,binary,¿Es la asistencia obligatoria?,"En el curso Diseño de Experimentos de la Maestría en Computación, ¿Es la asistencia obligatoria?

Responde únicamente con 'Sí' o 'No'.",Sí,Sí,9.42,Diseño de Experimentos,MC6104,
deepseek-r1-14b-f16,binary,¿Se permite la suficiencia?,"En el curso Diseño de Experimentos de la Maestría en Computación, ¿Se permite la suficiencia?

Responde únicamente con 'Sí' o 'No'.",No,No,9.28,Diseño de Experimentos,MC6104,
deepseek-r1-14b-f16,binary,¿Es posible el reconocimiento del curso?,"En el curso Diseño de Experimentos de la Maestría en Computación, ¿Es posible el reconocimiento del curso?

Responde únicamente con 'Sí' o 'No'.",No,No,9.25,Diseño de Experimentos,MC6104,
deepseek-r1-14b-f16,binary,¿Requiere conocimientos previos de Probabilidades?,"En el curso Diseño de Experimentos de la Maestría en Computación, ¿Requiere conocimientos previos de Probabilidades?

Responde únicamente con 'Sí' o 'No'.",Sí,Sí,9.28,Diseño de Experimentos,MC6104,
deepseek-r1-14b-f16,binary,¿La presentación oral tiene un valor del 5%?,"En el curso Diseño de Experimentos de la Maestría en Computación, ¿La presentación oral tiene un valor del 5%?

Responde únicamente con 'Sí' o 'No'.",Sí,No,9.22,Diseño de Experimentos,MC6104,
deepseek-r1-14b-f16,binary,¿Es un curso electivo?,"En el curso Introducción a la Investigación de la Maestría en Computación, ¿Es un curso electivo?

Responde únicamente con 'Sí' o 'No'.",No,No,9.32,Introducción a la Investigación,MC7201,
deepseek-r1-14b-f16,binary,¿Es la asistencia obligatoria?,"En el curso Introducción a la Investigación de la Maestría en Computación, ¿Es la asistencia obligatoria?

Responde únicamente con 'Sí' o 'No'.",Sí,Sí,9.47,Introducción a la Investigación,MC7201,
deepseek-r1-14b-f16,binary,¿Permite el curso la suficiencia?,"En el curso Introducción a la Investigación de la Maestría en Computación, ¿Permite el curso la suficiencia?

Responde únicamente con 'Sí' o 'No'.",Sí,No,9.31,Introducción a la Investigación,MC7201,
deepseek-r1-14b-f16,binary,¿Es posible el reconocimiento?,"En el curso Introducción a la Investigación de la Maestría en Computación, ¿Es posible el reconocimiento?

Responde únicamente con 'Sí' o 'No'.",Sí,No,9.26,Introducción a la Investigación,MC7201,
deepseek-r1-14b-f16,binary,"¿Es ""Tema Selecto de Investigación"" un correquisito?","En el curso Introducción a la Investigación de la Maestría en Computación, ¿Es ""Tema Selecto de Investigación"" un correquisito?

Responde únicamente con 'Sí' o 'No'.",Sí,No,9.3,Introducción a la Investigación,MC7201,
deepseek-r1-14b-f16,binary,¿La presentación tiene un valor del 25%?,"En el curso Introducción a la Investigación de la Maestría en Computación, ¿La presentación tiene un valor del 25%?

Responde únicamente con 'Sí' o 'No'.",Sí,No,9.45,Introducción a la Investigación,MC7201,
deepseek-r1-14b-f16,short_answer,¿Cuántos créditos tiene el curso?,"En el curso Análisis de Datos en Ciberseguridad de la Maestría en Ciberseguridad, ¿Cuántos créditos tiene el curso?

Da una respuesta breve y directa, en una sola frase.",4 créditos,El curso Análisis de Datos en Ciberseguridad tiene 4 créditos.,10.67,Análisis de Datos en Ciberseguridad,MC1001,
deepseek-r1-14b-f16,short_answer,¿En qué trimestre del plan de estudios se ubica?,"En el curso Análisis de Datos en Ciberseguridad de la Maestría en Ciberseguridad, ¿En qué trimestre del plan de estudios se ubica?

Da una respuesta breve y directa, en una sola frase.",Tercer trimestre,El curso Análisis de Datos en Ciberseguridad se ubica en el tercer trimestre del plan de estudios de la Maestría en Ciberseguridad.,11.85,Análisis de Datos en Ciberseguridad,MC1001,
deepseek-r1-14b-f16,short_answer,¿Qué porcentaje de la nota final representan los laboratorios?,"En el curso Análisis de Datos en Ciberseguridad de la Maestría en Ciberseguridad, ¿Qué porcentaje de la nota final representan los laboratorios?

Da una respuesta breve y directa, en una sola frase.",75%,"En el curso Análisis de Datos en Ciberseguridad de la Maestría en Ciberseguridad, los laboratorios representan el 75% de la nota final.",12.1,Análisis de Datos en Ciberseguridad,MC1001,
deepseek-r1-14b-f16,short_answer,¿Permite el curso la modalidad de suficiencia?,"En el curso Análisis de Datos en Ciberseguridad de la Maestría en Ciberseguridad, ¿Permite el curso la modalidad de suficiencia?

Da una respuesta breve y directa, en una sola frase.",Sí,"Sí, el curso Análisis de Datos en Ciberseguridad de la Maestría en Ciberseguridad permite la modalidad de suficiencia.",14.09,Análisis de Datos en Ciberseguridad,MC1001,
deepseek-r1-14b-f16,short_answer,¿Cuál es la vigencia del programa?,"En el curso Análisis de Datos en Ciberseguridad de la Maestría en Ciberseguridad, ¿Cuál es la vigencia del programa?

Da una respuesta breve y directa, en una sola frase.",2023,La vigencia del programa del curso Análisis de Datos en Ciberseguridad es 2023.,10.93,Análisis de Datos en Ciberseguridad,MC1001,
deepseek-r1-14b-f16,short_answer,¿Qué porcentaje de la evaluación corresponde a la resolución de casos de estudio?,"En el curso Análisis de Datos en Ciberseguridad de la Maestría en Ciberseguridad, ¿Qué porcentaje de la evaluación corresponde a la resolución de casos de estudio?

Da una respuesta breve y directa, en una sola frase.",20%,"En el curso Análisis de Datos en Ciberseguridad de la Maestría en Ciberseguridad, el 20% de la evaluación corresponde a la resolución de casos de estudio.",12.37,Análisis de Datos en Ciberseguridad,MC1001,
deepseek-r1-14b-f16,short_answer,¿En qué trimestre se imparte esta materia?,"En el curso Seguridad y Criptografía de la Maestría en Ciberseguridad, ¿En qué trimestre se imparte esta materia?

Da una respuesta breve y directa, en una sola frase.",Cuarto trimestre,El curso de Seguridad y Criptografía de la Maestría en Ciberseguridad se imparte en el cuarto trimestre.,11.3,Seguridad y Criptografía,MC1003,
deepseek-r1-14b-f16,short_answer,¿De qué curso de Blockchain es requisito esta materia?,"En el curso Seguridad y Criptografía de la Maestría en Ciberseguridad, ¿De qué curso de Blockchain es requisito esta materia?

Da una respuesta breve y directa, en una sola frase.",MC4001 Blockchain y Ledger Distribuidos,"En el curso ""Seguridad y Criptografía"" de la Maestría en Ciberseguridad, el curso de Blockchain es requisito de ""MC4001 Blockchain y Ledger Distribuidos"".",12.26,Seguridad y Criptografía,MC1003,
deepseek-r1-14b-f16,short_answer,¿Qué porcentaje de la nota corresponde al examen final?,"En el curso Seguridad y Criptografía de la Maestría en Ciberseguridad, ¿Qué porcentaje de la nota corresponde al examen final?

Da una respuesta breve y directa, en una sola frase.",30%,"En el curso Seguridad y Criptografía de la Maestría en Ciberseguridad, el examen final corresponde al 30% de la nota.",11.68,Seguridad y Criptografía,MC1003,
deepseek-r1-14b-f16,short_answer,¿Cuántas horas de clase por semana tiene el curso?,"En el curso Seguridad y Criptografía de la Maestría en Ciberseguridad, ¿Cuántas horas de clase por semana tiene el curso?

Da una respuesta breve y directa, en una sola frase.",4 horas,El curso Seguridad y Criptografía de la Maestría en Ciberseguridad tiene 4 horas de clase por semana.,11.07,Seguridad y Criptografía,MC1003,
deepseek-r1-14b-f16,short_answer,"¿Quiénes son los autores del ""Handbook of applied cryptography"" incluido en la bibliografía?","En el curso Seguridad y Criptografía de la Maestría en Ciberseguridad, ¿Quiénes son los autores del ""Handbook of applied cryptography"" incluido en la bibliografía?

Da una respuesta breve y directa, en una sola frase.","Menezes, Van Oorschot y Vanstone","Los autores del ""Handbook of applied cryptography"" son A. J. Menezes, P. C. Van Oorschot y S. A. Vanstone.",11.66,Seguridad y Criptografía,MC1003,
deepseek-r1-14b-f16,short_answer,¿Qué porcentaje de la calificación representan las tareas?,"En el curso Seguridad y Criptografía de la Maestría en Ciberseguridad, ¿Qué porcentaje de la calificación representan las tareas?

Da una respuesta breve y directa, en una sola frase.",50%,"En el curso Seguridad y Criptografía de la Maestría en Ciberseguridad, las tareas representan el 50% de la calificación.",11.7,Seguridad y Criptografía,MC1003,
deepseek-r1-14b-f16,short_answer,¿Permite este curso la posibilidad de reconocimiento?,"En el curso Políticas y Gobernanza en Ciberseguridad de la Maestría en Ciberseguridad, ¿Permite este curso la posibilidad de reconocimiento?

Da una respuesta breve y directa, en una sola frase.",No,"Sí, el curso Políticas y Gobernanza en Ciberseguridad de la Maestría en Ciberseguridad permite la posibilidad de reconocimiento.",11.8,Políticas y Gobernanza en Ciberseguridad,MC1006,
deepseek-r1-14b-f16,short_answer,¿Qué porcentaje de la nota final representa el estudio de casos?,"En el curso Políticas y Gobernanza en Ciberseguridad de la Maestría en Ciberseguridad, ¿Qué porcentaje de la nota final representa el estudio de casos?

Da una respuesta breve y directa, en una sola frase.",40%,"En el curso Políticas y Gobernanza en Ciberseguridad de la Maestría en Ciberseguridad, el estudio de casos representa el 40% de la nota final.",12.17,Políticas y Gobernanza en Ciberseguridad,MC1006,
deepseek-r1-14b-f16,short_answer,¿En qué trimestre se ubica el curso?,"En el curso Políticas y Gobernanza en Ciberseguridad de la Maestría en Ciberseguridad, ¿En qué trimestre se ubica el curso?

Da una respuesta breve y directa, en una sola frase.",Primer trimestre,El curso Políticas y Gobernanza en Ciberseguridad se ubica en el cuarto trimestre del programa de Maestría en Ciberseguridad.,11.78,Políticas y Gobernanza en Ciberseguridad,MC1006,
deepseek-r1-14b-f16,short_answer,¿Qué porcentaje de la nota corresponde a la investigación bibliográfica?,"En el curso Políticas y Gobernanza en Ciberseguridad de la Maestría en Ciberseguridad, ¿Qué porcentaje de la nota corresponde a la investigación bibliográfica?

Da una respuesta breve y directa, en una sola frase.",20%,"En el curso Políticas y Gobernanza en Ciberseguridad de la Maestría en Ciberseguridad, el 20% de la nota corresponde a la investigación bibliográfica.",12.34,Políticas y Gobernanza en Ciberseguridad,MC1006,
deepseek-r1-14b-f16,short_answer,¿Cuál es la vigencia de este programa?,"En el curso Políticas y Gobernanza en Ciberseguridad de la Maestría en Ciberseguridad, ¿Cuál es la vigencia de este programa?

Da una respuesta breve y directa, en una sola frase.",2023,La vigencia del programa del curso Políticas y Gobernanza en Ciberseguridad es 2023.,11.13,Políticas y Gobernanza en Ciberseguridad,MC1006,
deepseek-r1-14b-f16,short_answer,¿Cuántas horas extraclase por semana se requieren?,"En el curso Políticas y Gobernanza en Ciberseguridad de la Maestría en Ciberseguridad, ¿Cuántas horas extraclase por semana se requieren?

Da una respuesta breve y directa, en una sola frase.",14 horas,"En el curso Políticas y Gobernanza en Ciberseguridad de la Maestría en Ciberseguridad, se requieren 14 horas extraclase por semana.",12.05,Políticas y Gobernanza en Ciberseguridad,MC1006,
deepseek-r1-14b-f16,short_answer,¿En qué área del plan de estudios se ubica este curso?,"En el curso Seguridad de Software Avanzado de la Maestría en Ciberseguridad, ¿En qué área del plan de estudios se ubica este curso?

Da una respuesta breve y directa, en una sola frase.",Área de tópicos electivos profesionalizantes,El curso Seguridad de Software Avanzado se ubica en la área de tópicos electivos profesionalizantes del plan de estudios de la Maestría en Ciberseguridad.,12.06,Seguridad de Software Avanzado,MC3001,
deepseek-r1-14b-f16,short_answer,¿Permite el curso la modalidad de suficiencia?,"En el curso Seguridad de Software Avanzado de la Maestría en Ciberseguridad, ¿Permite el curso la modalidad de suficiencia?

Da una respuesta breve y directa, en una sola frase.",No,"Sí, el curso Seguridad de Software Avanzado de la Maestría en Ciberseguridad permite la modalidad de suficiencia.",13.69,Seguridad de Software Avanzado,MC3001,
deepseek-r1-14b-f16,short_answer,¿Qué porcentaje de la nota valen las tareas programadas?,"En el curso Seguridad de Software Avanzado de la Maestría en Ciberseguridad, ¿Qué porcentaje de la nota valen las tareas programadas?

Da una respuesta breve y directa, en una sola frase.",40%,"En el curso Seguridad de Software Avanzado de la Maestría en Ciberseguridad, las tareas programadas valen el 40% de la nota.",11.79,Seguridad de Software Avanzado,MC3001,
deepseek-r1-14b-f16,short_answer,¿De qué curso de defensa y ataque es requisito esta materia?,"En el curso Seguridad de Software Avanzado de la Maestría en Ciberseguridad, ¿De qué curso de defensa y ataque es requisito esta materia?

Da una respuesta breve y directa, en una sola frase.",MC3006 Defensa y Ataque de Sistemas,"En el curso Seguridad de Software Avanzado de la Maestría en Ciberseguridad, el curso de defensa y ataque es requisito de **MC3006 Defensa y Ataque de Sistemas**.",12.74,Seguridad de Software Avanzado,MC3001,
deepseek-r1-14b-f16,short_answer,¿Qué porcentaje de la nota final corresponde al examen final?,"En el curso Seguridad de Software Avanzado de la Maestría en Ciberseguridad, ¿Qué porcentaje de la nota final corresponde al examen final?

Da una respuesta breve y directa, en una sola frase.",30%,"En el curso Seguridad de Software Avanzado de la Maestría en Ciberseguridad, el examen final corresponde al 30% de la nota final.",11.84,Seguridad de Software Avanzado,MC3001,
deepseek-r1-14b-f16,short_answer,¿Cuál es el valor porcentual del reporte de lecturas?,"En el curso Seguridad de Software Avanzado de la Maestría en Ciberseguridad, ¿Cuál es el valor porcentual del reporte de lecturas?

Da una respuesta breve y directa, en una sola frase.",10%,"En el curso Seguridad de Software Avanzado de la Maestría en Ciberseguridad, el valor porcentual del reporte de lecturas es del 10%.",11.84,Seguridad de Software Avanzado,MC3001,
deepseek-r1-14b-f16,short_answer,¿Es este curso obligatorio o electivo?,"En el curso Cibercrimen de la Maestría en Ciberseguridad, ¿Es este curso obligatorio o electivo?

Da una respuesta breve y directa, en una sola frase.",Electivo,El curso Cibercrimen de la Maestría en Ciberseguridad es un curso electivo.,10.83,Cibercrimen,MC3010,
deepseek-r1-14b-f16,short_answer,¿Permite la posibilidad de reconocimiento?,"En el curso Cibercrimen de la Maestría en Ciberseguridad, ¿Permite la posibilidad de reconocimiento?

Da una respuesta breve y directa, en una sola frase.",No,"Sí, el curso de Cibercrimen de la Maestría en Ciberseguridad permite la posibilidad de reconocimiento.",11.23,Cibercrimen,MC3010,
deepseek-r1-14b-f16,short_answer,¿Qué porcentaje de la nota final representa la investigación?,"En el curso Cibercrimen de la Maestría en Ciberseguridad, ¿Qué porcentaje de la nota final representa la investigación?

Da una respuesta breve y directa, en una sola frase.",40%,La investigación en el curso Cibercrimen de la Maestría en Ciberseguridad representa el 40% de la nota final.,11.43,Cibercrimen,MC3010,
deepseek-r1-14b-f16,short_answer,¿Qué porcentaje de la evaluación corresponde al estudio de casos?,"En el curso Cibercrimen de la Maestría en Ciberseguridad, ¿Qué porcentaje de la evaluación corresponde al estudio de casos?

Da una respuesta breve y directa, en una sola frase.",40%,"En el curso Cibercrimen de la Maestría en Ciberseguridad, el 40% de la evaluación corresponde al estudio de casos.",11.73,Cibercrimen,MC3010,
deepseek-r1-14b-f16,short_answer,¿Qué software específico se menciona en los contenidos para el análisis de datos?,"En el curso Cibercrimen de la Maestría en Ciberseguridad, ¿Qué software específico se menciona en los contenidos para el análisis de datos?

Da una respuesta breve y directa, en una sola frase.",SPSS,"En el curso ""Cibercrimen"" de la Maestría en Ciberseguridad, el software específico mencionado en los contenidos para el análisis de datos es SPSS.",12.07,Cibercrimen,MC3010,
deepseek-r1-14b-f16,short_answer,¿Qué porcentaje de la nota representan las pruebas cortas o comprobaciones?,"En el curso Cibercrimen de la Maestría en Ciberseguridad, ¿Qué porcentaje de la nota representan las pruebas cortas o comprobaciones?

Da una respuesta breve y directa, en una sola frase.",20%,"En el curso Cibercrimen de la Maestría en Ciberseguridad, las pruebas cortas o comprobaciones representan el 20% de la nota.",12.01,Cibercrimen,MC3010,
deepseek-r1-14b-f16,short_answer,¿En qué año se aprobó y actualizó este programa?,"En el curso Sistemas Estratégicos Empresariales de la Maestría en Gerencia de Tecnologías de la Información, ¿En qué año se aprobó y actualizó este programa?

Da una respuesta breve y directa, en una sola frase.",2025,El curso Sistemas Estratégicos Empresariales de la Maestría en Gerencia de Tecnologías de la Información fue aprobado y actualizado en el año 2025.,12.34,Sistemas Estratégicos Empresariales,MC1101,
deepseek-r1-14b-f16,short_answer,¿Qué porcentaje de la nota final es la investigación en sistema empresarial?,"En el curso Sistemas Estratégicos Empresariales de la Maestría en Gerencia de Tecnologías de la Información, ¿Qué porcentaje de la nota final es la investigación en sistema empresarial?

Da una respuesta breve y directa, en una sola frase.",40%,"En el curso Sistemas Estratégicos Empresariales de la Maestría en Gerencia de Tecnologías de la Información, el porcentaje de la nota final correspondiente a la investigación en sistema empresarial es del 40%.",12.88,Sistemas Estratégicos Empresariales,MC1101,
deepseek-r1-14b-f16,short_answer,¿En qué semestre del programa se ubica este curso?,"En el curso Sistemas Estratégicos Empresariales de la Maestría en Gerencia de Tecnologías de la Información, ¿En qué semestre del programa se ubica este curso?

Da una respuesta breve y directa, en una sola frase.",I semestre,El curso Sistemas Estratégicos Empresariales se ubica en el primer semestre del programa de Maestría en Gerencia de Tecnologías de la Información.,11.86,Sistemas Estratégicos Empresariales,MC1101,
deepseek-r1-14b-f16,short_answer,¿Qué porcentaje total suman los dos exámenes parciales?,"En el curso Sistemas Estratégicos Empresariales de la Maestría en Gerencia de Tecnologías de la Información, ¿Qué porcentaje total suman los dos exámenes parciales?

Da una respuesta breve y directa, en una sola frase.",40%,"En el curso ""Sistemas Estratégicos Empresariales"" de la Maestría en Gerencia de Tecnologías de la Información, los dos exámenes parciales suman un total de 40%.",16.47,Sistemas Estratégicos Empresariales,MC1101,
deepseek-r1-14b-f16,short_answer,¿Cuántas horas de clase por semana tiene la materia?,"En el curso Sistemas Estratégicos Empresariales de la Maestría en Gerencia de Tecnologías de la Información, ¿Cuántas horas de clase por semana tiene la materia?

Da una respuesta breve y directa, en una sola frase.",3 horas,El curso Sistemas Estratégicos Empresariales tiene 3 horas de clase por semana.,10.73,Sistemas Estratégicos Empresariales,MC1101,
deepseek-r1-14b-f16,short_answer,¿Quién es el autor de los artículos sobre las cinco fuerzas competitivas citados?,"En el curso Sistemas Estratégicos Empresariales de la Maestría en Gerencia de Tecnologías de la Información, ¿Quién es el autor de los artículos sobre las cinco fuerzas competitivas citados?

Da una respuesta breve y directa, en una sola frase.",Michael Porter,Michael E. Porter es el autor de los artículos sobre las cinco fuerzas competitivas citados en el curso Sistemas Estratégicos Empresariales de la Maestría en Gerencia de Tecnologías de la Información.,16.31,Sistemas Estratégicos Empresariales,MC1101,
deepseek-r1-14b-f16,short_answer,¿Permite este curso la suficiencia?,"En el curso Gerencia de Tecnología de Información de la Maestría en Gerencia de Tecnologías de la Información, ¿Permite este curso la suficiencia?

Da una respuesta breve y directa, en una sola frase.",No,"Sí, el curso Gerencia de Tecnología de Información de la Maestría en Gerencia de Tecnologías de la Información permite la suficiencia.",11.78,Gerencia de Tecnología de Información,MC1103,
deepseek-r1-14b-f16,short_answer,¿En qué semestre del programa se ubica (indicado como código)?,"En el curso Gerencia de Tecnología de Información de la Maestría en Gerencia de Tecnologías de la Información, ¿En qué semestre del programa se ubica (indicado como código)?

Da una respuesta breve y directa, en una sola frase.",P4 semestre,El curso Gerencia de Tecnología de Información (MC1103) se ubica en el cuarto semestre del programa de Maestría en Gerencia de Tecnologías de la Información.,12.4,Gerencia de Tecnología de Información,MC1103,
deepseek-r1-14b-f16,short_answer,¿Qué porcentaje de la evaluación corresponde al estudio de casos?,"En el curso Gerencia de Tecnología de Información de la Maestría en Gerencia de Tecnologías de la Información, ¿Qué porcentaje de la evaluación corresponde al estudio de casos?

Da una respuesta breve y directa, en una sola frase.",40%,"En el curso Gerencia de Tecnología de Información de la Maestría en Gerencia de Tecnologías de la Información, el 40% de la evaluación corresponde al estudio de casos.",12.39,Gerencia de Tecnología de Información,MC1103,
deepseek-r1-14b-f16,short_answer,¿Qué porcentaje de la nota es la investigación bibliográfica y exposición?,"En el curso Gerencia de Tecnología de Información de la Maestría en Gerencia de Tecnologías de la Información, ¿Qué porcentaje de la nota es la investigación bibliográfica y exposición?

Da una respuesta breve y directa, en una sola frase.",20%,"En el curso Gerencia de Tecnología de Información de la Maestría en Gerencia de Tecnologías de la Información, la investigación bibliográfica y exposición representan el 20% de la nota.",12.59,Gerencia de Tecnología de Información,MC1103,
deepseek-r1-14b-f16,short_answer,¿Cuántas horas extraclase se requieren semanalmente?,"En el curso Gerencia de Tecnología de Información de la Maestría en Gerencia de Tecnologías de la Información, ¿Cuántas horas extraclase se requieren semanalmente?

Da una respuesta breve y directa, en una sola frase.",9 horas,"En el curso Gerencia de Tecnología de Información de la Maestría en Gerencia de Tecnologías de la Información, se requieren 9 horas extraclase semanalmente.",12.15,Gerencia de Tecnología de Información,MC1103,
deepseek-r1-14b-f16,short_answer,¿Es posible el reconocimiento del curso?,"En el curso Gerencia de Tecnología de Información de la Maestría en Gerencia de Tecnologías de la Información, ¿Es posible el reconocimiento del curso?

Da una respuesta breve y directa, en una sola frase.",No,"Sí, el curso Gerencia de Tecnología de Información de la Maestría en Gerencia de Tecnologías de la Información tiene la posibilidad de reconocimiento.",11.82,Gerencia de Tecnología de Información,MC1103,
deepseek-r1-14b-f16,short_answer,¿Permite este curso la posibilidad de reconocimiento?,"En el curso Administración Financiera de TI de la Maestría en Gerencia de Tecnologías de la Información, ¿Permite este curso la posibilidad de reconocimiento?

Da una respuesta breve y directa, en una sola frase.",Sí,"Sí, el curso de Administración Financiera de Tecnologías de la Información de la Maestría en Gerencia de Tecnologías de la Información permite la posibilidad de reconocimiento.",12.2,Administración Financiera de TI,MC1201,
deepseek-r1-14b-f16,short_answer,¿En qué semestre se ubica la materia?,"En el curso Administración Financiera de TI de la Maestría en Gerencia de Tecnologías de la Información, ¿En qué semestre se ubica la materia?

Da una respuesta breve y directa, en una sola frase.",2do semestre,El curso de Administración Financiera de Tecnologías de la Información se ubica en el segundo semestre del programa de Maestría en Gerencia de Tecnologías de la Información.,12.15,Administración Financiera de TI,MC1201,
deepseek-r1-14b-f16,short_answer,¿Qué porcentaje total de la nota suman los dos exámenes parciales?,"En el curso Administración Financiera de TI de la Maestría en Gerencia de Tecnologías de la Información, ¿Qué porcentaje total de la nota suman los dos exámenes parciales?

Da una respuesta breve y directa, en una sola frase.",50%,"En el curso de Administración Financiera de TI, los dos exámenes parciales suman un total de 50% de la nota.",11.67,Administración Financiera de TI,MC1201,
deepseek-r1-14b-f16,short_answer,¿Qué porcentaje de la evaluación corresponde a la investigación bibliográfica?,"En el curso Administración Financiera de TI de la Maestría en Gerencia de Tecnologías de la Información, ¿Qué porcentaje de la evaluación corresponde a la investigación bibliográfica?

Da una respuesta breve y directa, en una sola frase.",20%,"En el curso de Administración Financiera de Tecnologías de la Información de la Maestría en Gerencia de Tecnologías de la Información, el 20% de la evaluación corresponde a la investigación bibliográfica.",12.91,Administración Financiera de TI,MC1201,
deepseek-r1-14b-f16,short_answer,¿Qué porcentaje de la nota representan las comprobaciones de lectura?,"En el curso Administración Financiera de TI de la Maestría en Gerencia de Tecnologías de la Información, ¿Qué porcentaje de la nota representan las comprobaciones de lectura?

Da una respuesta breve y directa, en una sola frase.",15%,"En el curso de Administración Financiera de Tecnologías de la Información de la Maestría en Gerencia de Tecnologías de la Información, las comprobaciones de lectura representan el 20% de la nota.",12.85,Administración Financiera de TI,MC1201,
deepseek-r1-14b-f16,short_answer,¿Permite el curso la suficiencia?,"En el curso Administración Financiera de TI de la Maestría en Gerencia de Tecnologías de la Información, ¿Permite el curso la suficiencia?

Da una respuesta breve y directa, en una sola frase.",No,"No, el curso de Administración Financiera de TI en la Maestría en Gerencia de Tecnologías de la Información no permite la suficiencia.",11.72,Administración Financiera de TI,MC1201,
deepseek-r1-14b-f16,short_answer,¿De qué curso de nivel II es requisito esta materia?,"En el curso Administración y Estrategia de Proyectos I de la Maestría en Gerencia de Tecnologías de la Información, ¿De qué curso de nivel II es requisito esta materia?

Da una respuesta breve y directa, en una sola frase.",MC-6204 Administración y estrategia de proyectos II,"En el curso ""Administración y Estrategia de Proyectos I"" de la Maestría en Gerencia de Tecnologías de la Información, el requisito es el curso ""Administración y estrategia de proyectos I"" itself, ya que no se menciona otro curso específico como requisito en los documentos proporcionados.",14.13,Administración y Estrategia de Proyectos I,MC1203,
deepseek-r1-14b-f16,short_answer,¿Cuál es el tipo de curso según los datos generales?,"En el curso Administración y Estrategia de Proyectos I de la Maestría en Gerencia de Tecnologías de la Información, ¿Cuál es el tipo de curso según los datos generales?

Da una respuesta breve y directa, en una sola frase.",Teórico,"El curso ""Administración y Estrategia de Proyectos I"" es un curso teórico.",10.82,Administración y Estrategia de Proyectos I,MC1203,
deepseek-r1-14b-f16,short_answer,¿En qué semestre del programa se ubica?,"En el curso Administración y Estrategia de Proyectos I de la Maestría en Gerencia de Tecnologías de la Información, ¿En qué semestre del programa se ubica?

Da una respuesta breve y directa, en una sola frase.",3er semestre,El curso Administración y Estrategia de Proyectos I se ubica en el tercer semestre del programa de Maestría en Gerencia de Tecnologías de la Información.,11.93,Administración y Estrategia de Proyectos I,MC1203,
deepseek-r1-14b-f16,short_answer,¿Qué porcentaje de la nota final corresponde a la escritura de dos ensayos individuales?,"En el curso Administración y Estrategia de Proyectos I de la Maestría en Gerencia de Tecnologías de la Información, ¿Qué porcentaje de la nota final corresponde a la escritura de dos ensayos individuales?

Da una respuesta breve y directa, en una sola frase.",30%,"En el curso ""Administración y Estrategia de Proyectos I"" de la Maestría en Gerencia de Tecnologías de la Información, el 30% de la nota final corresponde a la escritura de dos ensayos individuales.",13.04,Administración y Estrategia de Proyectos I,MC1203,
deepseek-r1-14b-f16,short_answer,¿Qué porcentaje de la evaluación es la resolución de casos prácticos?,"En el curso Administración y Estrategia de Proyectos I de la Maestría en Gerencia de Tecnologías de la Información, ¿Qué porcentaje de la evaluación es la resolución de casos prácticos?

Da una respuesta breve y directa, en una sola frase.",25%,"En el curso Administración y Estrategia de Proyectos I de la Maestría en Gerencia de Tecnologías de la Información, el 40% de la evaluación corresponde a la resolución de casos prácticos.",12.8,Administración y Estrategia de Proyectos I,MC1203,
deepseek-r1-14b-f16,short_answer,¿Qué porcentaje de la nota vale la investigación sobre un tema seleccionado?,"En el curso Administración y Estrategia de Proyectos I de la Maestría en Gerencia de Tecnologías de la Información, ¿Qué porcentaje de la nota vale la investigación sobre un tema seleccionado?

Da una respuesta breve y directa, en una sola frase.",25%,"En el curso Administración y Estrategia de Proyectos I de la Maestría en Gerencia de Tecnologías de la Información, la investigación sobre un tema seleccionado vale el 20% de la nota.",12.54,Administración y Estrategia de Proyectos I,MC1203,
deepseek-r1-14b-f16,short_answer,¿Con cuántas faltas de asistencia injustificadas se reprueba el curso?,"En el curso Planificación Estratégica de TI de la Maestría en Gerencia de Tecnologías de la Información, ¿Con cuántas faltas de asistencia injustificadas se reprueba el curso?

Da una respuesta breve y directa, en una sola frase.",4 faltas,"En el curso de Planificación Estratégica de TI de la Maestría en Gerencia de Tecnologías de la Información, se reprueba el curso con 4 faltas de asistencia injustificadas.",12.43,Planificación Estratégica de TI,MC2301,
deepseek-r1-14b-f16,short_answer,¿Qué porcentaje de la nota final representa la resolución de casos?,"En el curso Planificación Estratégica de TI de la Maestría en Gerencia de Tecnologías de la Información, ¿Qué porcentaje de la nota final representa la resolución de casos?

Da una respuesta breve y directa, en una sola frase.",40%,"En el curso de Planificación Estratégica de TI de la Maestría en Gerencia de Tecnologías de la Información, la resolución de casos representa el 40% de la nota final.",12.37,Planificación Estratégica de TI,MC2301,
deepseek-r1-14b-f16,short_answer,¿Cuántos minutos después de la hora oficial de entrada se consideran para marcar ausencia?,"En el curso Planificación Estratégica de TI de la Maestría en Gerencia de Tecnologías de la Información, ¿Cuántos minutos después de la hora oficial de entrada se consideran para marcar ausencia?

Da una respuesta breve y directa, en una sola frase.",30 minutos,"En el curso Planificación Estratégica de TI de la Maestría en Gerencia de Tecnologías de la Información, se consideran 30 minutos después de la hora oficial de entrada para marcar ausencia.",12.64,Planificación Estratégica de TI,MC2301,
deepseek-r1-14b-f16,short_answer,¿Qué porcentaje de la evaluación corresponde a la investigación bibliográfica?,"En el curso Planificación Estratégica de TI de la Maestría en Gerencia de Tecnologías de la Información, ¿Qué porcentaje de la evaluación corresponde a la investigación bibliográfica?

Da una respuesta breve y directa, en una sola frase.",20%,"En el curso de Planificación Estratégica de TI de la Maestría en Gerencia de Tecnologías de la Información, el porcentaje de evaluación correspondiente a la investigación bibliográfica es del 20%.",12.7,Planificación Estratégica de TI,MC2301,
deepseek-r1-14b-f16,short_answer,¿Permite el curso la suficiencia?,"En el curso Planificación Estratégica de TI de la Maestría en Gerencia de Tecnologías de la Información, ¿Permite el curso la suficiencia?

Da una respuesta breve y directa, en una sola frase.",No,"Sí, el curso de Planificación Estratégica de TI de la Maestría en Gerencia de Tecnologías de la Información permite la suficiencia.",11.72,Planificación Estratégica de TI,MC2301,
deepseek-r1-14b-f16,short_answer,"¿Qué porcentaje de la nota representan las pruebas cortas, comprobaciones y ensayos?","En el curso Planificación Estratégica de TI de la Maestría en Gerencia de Tecnologías de la Información, ¿Qué porcentaje de la nota representan las pruebas cortas, comprobaciones y ensayos?

Da una respuesta breve y directa, en una sola frase.",40%,"En el curso de Planificación Estratégica de TI de la Maestría en Gerencia de Tecnologías de la Información, las pruebas cortas, comprobaciones y ensayos representan el 40% de la nota.",12.88,Planificación Estratégica de TI,MC2301,
deepseek-r1-14b-f16,short_answer,¿En qué periodo del plan de estudios se ubica?,"En el curso Teoría de Autómatas de la Maestría en Computación, ¿En qué periodo del plan de estudios se ubica?

Da una respuesta breve y directa, en una sola frase.",II Periodo,El curso Teoría de Autómatas se ubica en el II Periodo del Plan de Estudios de la Maestría en Computación con énfasis en Ciencias de la Computación.,12.26,Teoría de Autómatas,MC6003,
deepseek-r1-14b-f16,short_answer,¿Quién es el profesor titular del curso?,"En el curso Teoría de Autómatas de la Maestría en Computación, ¿Quién es el profesor titular del curso?

Da una respuesta breve y directa, en una sola frase.",Erick Mata Montero,El profesor titular del curso Teoría de Autómatas de la Maestría en Computación es Erick Mata Montero.,11.24,Teoría de Autómatas,MC6003,
deepseek-r1-14b-f16,short_answer,¿Qué porcentaje de la nota final representa el examen final?,"En el curso Teoría de Autómatas de la Maestría en Computación, ¿Qué porcentaje de la nota final representa el examen final?

Da una respuesta breve y directa, en una sola frase.",30%,El examen final representa el 30% de la nota final en el curso de Teoría de Autómatas.,11.15,Teoría de Autómatas,MC6003,
deepseek-r1-14b-f16,short_answer,¿Cuál es el porcentaje asignado al examen parcial?,"En el curso Teoría de Autómatas de la Maestría en Computación, ¿Cuál es el porcentaje asignado al examen parcial?

Da una respuesta breve y directa, en una sola frase.",20%,"En el curso Teoría de Autómatas de la Maestría en Computación, el porcentaje asignado al examen parcial es del 20%.",11.83,Teoría de Autómatas,MC6003,
deepseek-r1-14b-f16,short_answer,¿Permite el curso la modalidad de suficiencia?,"En el curso Teoría de Autómatas de la Maestría en Computación, ¿Permite el curso la modalidad de suficiencia?

Da una respuesta breve y directa, en una sola frase.",Sí,"Sí, el curso de Teoría de Autómatas de la Maestría en Computación permite la modalidad de suficiencia.",11.48,Teoría de Autómatas,MC6003,
deepseek-r1-14b-f16,short_answer,¿Quiénes son los autores principales del libro de texto base?,"En el curso Teoría de Autómatas de la Maestría en Computación, ¿Quiénes son los autores principales del libro de texto base?

Da una respuesta breve y directa, en una sola frase.",Hopcroft et al.,"Los autores principales del libro de texto base del curso Teoría de Autómatas son Thomas H. Cormen, Charles E. Leiserson, Ronald L. Rivest y Clifford Stein.",12.2,Teoría de Autómatas,MC6003,
deepseek-r1-14b-f16,short_answer,¿De qué curso de redes es requisito esta materia?,"En el curso Sistemas Operativos Avanzados de la Maestría en Computación, ¿De qué curso de redes es requisito esta materia?

Da una respuesta breve y directa, en una sola frase.",MC-6006 Redes de Computadores Avanzadas,"En el curso Sistemas Operativos Avanzados de la Maestría en Computación, el curso de requisito es **MC6004-Sistemas Operativos Avanzados**.",12.24,Sistemas Operativos Avanzados,MC6004,
deepseek-r1-14b-f16,short_answer,¿Cuál es la duración mínima exigida para la presentación oral?,"En el curso Sistemas Operativos Avanzados de la Maestría en Computación, ¿Cuál es la duración mínima exigida para la presentación oral?

Da una respuesta breve y directa, en una sola frase.",16 minutos,La duración mínima exigida para la presentación oral en el curso Sistemas Operativos Avanzados es de 16 minutos.,11.42,Sistemas Operativos Avanzados,MC6004,
deepseek-r1-14b-f16,short_answer,¿En qué formato deben confeccionarse los reportes de proyectos y el paper?,"En el curso Sistemas Operativos Avanzados de la Maestría en Computación, ¿En qué formato deben confeccionarse los reportes de proyectos y el paper?

Da una respuesta breve y directa, en una sola frase.",IEEE Transactions,Los reportes de proyectos y el paper deben confeccionarse en formato IEEE Transactions utilizando LaTeX.,10.72,Sistemas Operativos Avanzados,MC6004,
deepseek-r1-14b-f16,short_answer,¿En qué idioma debe estar escrito el paper de investigación?,"En el curso Sistemas Operativos Avanzados de la Maestría en Computación, ¿En qué idioma debe estar escrito el paper de investigación?

Da una respuesta breve y directa, en una sola frase.",Inglés,"En el curso Sistemas Operativos Avanzados de la Maestría en Computación, el paper de investigación debe estar escrito en inglés.",11.44,Sistemas Operativos Avanzados,MC6004,
deepseek-r1-14b-f16,short_answer,¿Qué porcentaje total de la nota suman los tres proyectos programados?,"En el curso Sistemas Operativos Avanzados de la Maestría en Computación, ¿Qué porcentaje total de la nota suman los tres proyectos programados?

Da una respuesta breve y directa, en una sola frase.",30%,"En el curso Sistemas Operativos Avanzados de la Maestría en Computación, los tres proyectos programados suman un total del 30% de la nota.",11.96,Sistemas Operativos Avanzados,MC6004,
deepseek-r1-14b-f16,short_answer,¿Quién es el profesor titular del curso?,"En el curso Sistemas Operativos Avanzados de la Maestría en Computación, ¿Quién es el profesor titular del curso?

Da una respuesta breve y directa, en una sola frase.",Dr. Francisco J. Torres-Rojas,El profesor titular del curso Sistemas Operativos Avanzados de la Maestría en Computación es Dr. Francisco J. Torres-Rojas.,11.59,Sistemas Operativos Avanzados,MC6004,
deepseek-r1-14b-f16,short_answer,¿En qué periodo del plan de estudios se imparte?,"En el curso Análisis de Algoritmos de la Maestría en Computación, ¿En qué periodo del plan de estudios se imparte?

Da una respuesta breve y directa, en una sola frase.",I Periodo,"En el curso Análisis de Algoritmos de la Maestría en Computación, se imparte en el primer período del plan de estudios.",11.49,Análisis de Algoritmos,MC6102,
deepseek-r1-14b-f16,short_answer,¿En qué horario se dictan las clases los martes?,"En el curso Análisis de Algoritmos de la Maestría en Computación, ¿En qué horario se dictan las clases los martes?

Da una respuesta breve y directa, en una sola frase.",6:00 p. m. a 8:50 p. m.,"En el curso Análisis de Algoritmos de la Maestría en Computación, las clases se dictan los martes a las 6:00 pm – 8:50 pm.",12.2,Análisis de Algoritmos,MC6102,
deepseek-r1-14b-f16,short_answer,¿Quién es el profesor del curso?,"En el curso Análisis de Algoritmos de la Maestría en Computación, ¿Quién es el profesor del curso?

Da una respuesta breve y directa, en una sola frase.",José E. Araya,"El profesor del curso Análisis de Algoritmos de la Maestría en Computación es José E. Araya, Ph.D.",11.36,Análisis de Algoritmos,MC6102,
deepseek-r1-14b-f16,short_answer,¿Qué porcentaje de la nota final representan las tareas e investigaciones?,"En el curso Análisis de Algoritmos de la Maestría en Computación, ¿Qué porcentaje de la nota final representan las tareas e investigaciones?

Da una respuesta breve y directa, en una sola frase.",50%,"En el curso Análisis de Algoritmos de la Maestría en Computación, las tareas e investigaciones representan el 50% de la nota final.",11.92,Análisis de Algoritmos,MC6102,
deepseek-r1-14b-f16,short_answer,¿Qué porcentaje de la evaluación corresponde a los exámenes parciales?,"En el curso Análisis de Algoritmos de la Maestría en Computación, ¿Qué porcentaje de la evaluación corresponde a los exámenes parciales?

Da una respuesta breve y directa, en una sola frase.",50%,"En el curso Análisis de Algoritmos de la Maestría en Computación, los exámenes parciales representan el 50% de la evaluación.",12.01,Análisis de Algoritmos,MC6102,
deepseek-r1-14b-f16,short_answer,¿Cuál es el libro de texto de carácter obligatorio?,"En el curso Análisis de Algoritmos de la Maestría en Computación, ¿Cuál es el libro de texto de carácter obligatorio?

Da una respuesta breve y directa, en una sola frase.",Fundamentos de Algoritmia de Brassard y Bratley,"El libro de texto obligatorio para el curso Análisis de Algoritmos de la Maestría en Computación es ""Introduction to Algorithms"" de Cormen, Leiserson, Rivest y Stein.",12.31,Análisis de Algoritmos,MC6102,
deepseek-r1-14b-f16,short_answer,¿Es este curso obligatorio o electivo?,"En el curso Diseño de Experimentos de la Maestría en Computación, ¿Es este curso obligatorio o electivo?

Da una respuesta breve y directa, en una sola frase.",Electivo,El curso Diseño de Experimentos de la Maestría en Computación es obligatorio.,10.59,Diseño de Experimentos,MC6104,
deepseek-r1-14b-f16,short_answer,¿De qué curso de Seminario de Investigación es requisito?,"En el curso Diseño de Experimentos de la Maestría en Computación, ¿De qué curso de Seminario de Investigación es requisito?

Da una respuesta breve y directa, en una sola frase.",MC-7203 – Seminario de Investigación - Tesis II,"En el curso Diseño de Experimentos de la Maestría en Computación, el requisito es el curso de Seminario de Investigación Tesis II (MC-7203).",12.05,Diseño de Experimentos,MC6104,
deepseek-r1-14b-f16,short_answer,¿Qué porcentaje de la nota final representan los proyectos?,"En el curso Diseño de Experimentos de la Maestría en Computación, ¿Qué porcentaje de la nota final representan los proyectos?

Da una respuesta breve y directa, en una sola frase.",35%,"En el curso Diseño de Experimentos de la Maestría en Computación, los proyectos representan el 35% de la nota final.",11.38,Diseño de Experimentos,MC6104,
deepseek-r1-14b-f16,short_answer,¿En qué idioma deben escribirse los reportes de los proyectos?,"En el curso Diseño de Experimentos de la Maestría en Computación, ¿En qué idioma deben escribirse los reportes de los proyectos?

Da una respuesta breve y directa, en una sola frase.",Inglés,"En el curso Diseño de Experimentos de la Maestría en Computación, los reportes de los proyectos deben escribirse en inglés.",13.56,Diseño de Experimentos,MC6104,
deepseek-r1-14b-f16,short_answer,¿Permite el curso la suficiencia?,"En el curso Diseño de Experimentos de la Maestría en Computación, ¿Permite el curso la suficiencia?

Da una respuesta breve y directa, en una sola frase.",No,"Sí, el curso Diseño de Experimentos de la Maestría en Computación permite la suficiencia.",10.92,Diseño de Experimentos,MC6104,
deepseek-r1-14b-f16,short_answer,¿Qué porcentaje de la nota corresponde al segundo examen parcial?,"En el curso Diseño de Experimentos de la Maestría en Computación, ¿Qué porcentaje de la nota corresponde al segundo examen parcial?

Da una respuesta breve y directa, en una sola frase.",25%,"En el curso Diseño de Experimentos de la Maestría en Computación, el segundo examen parcial corresponde al 25% de la nota.",11.59,Diseño de Experimentos,MC6104,
deepseek-r1-14b-f16,short_answer,¿Cuál es el correquisito obligatorio de este curso?,"En el curso Introducción a la Investigación de la Maestría en Computación, ¿Cuál es el correquisito obligatorio de este curso?

Da una respuesta breve y directa, en una sola frase.",MC-7205 Tema Selecto de Investigación,"El curso ""Introducción a la Investigación"" de la Maestría en Computación no tiene un correquisito obligatorio, ya que no se menciona ninguno en los documentos proporcionados.",12.17,Introducción a la Investigación,MC7201,
deepseek-r1-14b-f16,short_answer,¿Qué porcentaje de la nota final representa la presentación?,"En el curso Introducción a la Investigación de la Maestría en Computación, ¿Qué porcentaje de la nota final representa la presentación?

Da una respuesta breve y directa, en una sola frase.",25%,"En el curso Introducción a la Investigación de la Maestría en Computación, la presentación representa un 25% de la nota final.",11.57,Introducción a la Investigación,MC7201,
deepseek-r1-14b-f16,short_answer,¿Qué herramienta es obligatoria para preparar las presentaciones?,"En el curso Introducción a la Investigación de la Maestría en Computación, ¿Qué herramienta es obligatoria para preparar las presentaciones?

Da una respuesta breve y directa, en una sola frase.",Beamer,"En el curso Introducción a la Investigación de la Maestría en Computación, la herramienta obligatoria para preparar las presentaciones es Beamer.",11.66,Introducción a la Investigación,MC7201,
deepseek-r1-14b-f16,short_answer,¿En qué idioma debe escribirse el paper de investigación?,"En el curso Introducción a la Investigación de la Maestría en Computación, ¿En qué idioma debe escribirse el paper de investigación?

Da una respuesta breve y directa, en una sola frase.",Inglés,"En el curso Introducción a la Investigación de la Maestría en Computación, el paper de investigación debe escribirse en inglés.",11.37,Introducción a la Investigación,MC7201,
deepseek-r1-14b-f16,short_answer,¿Quién es el profesor titular del curso?,"En el curso Introducción a la Investigación de la Maestría en Computación, ¿Quién es el profesor titular del curso?

Da una respuesta breve y directa, en una sola frase.",Dr. Francisco J. Torres-Rojas,El profesor titular del curso Introducción a la Investigación de la Maestría en Computación es Dr. Francisco J. Torres-Rojas.,11.45,Introducción a la Investigación,MC7201,
deepseek-r1-14b-f16,short_answer,¿Permite el curso la posibilidad de reconocimiento?,"En el curso Introducción a la Investigación de la Maestría en Computación, ¿Permite el curso la posibilidad de reconocimiento?

Da una respuesta breve y directa, en una sola frase.",Sí,"Sí, el curso Introducción a la Investigación de la Maestría en Computación permite la posibilidad de reconocimiento.",11.14,Introducción a la Investigación,MC7201,
deepseek-r1-14b-f16,open_ended,¿Cuál es el propósito principal de integrar inteligencia artificial en un Centro de Operaciones en Seguridad (SOC)?,"En el curso Análisis de Datos en Ciberseguridad de la Maestría en Ciberseguridad, ¿Cuál es el propósito principal de integrar inteligencia artificial en un Centro de Operaciones en Seguridad (SOC)?

Da una respuesta completa y explicativa.",Facilitar la distinción de vectores de ataque y permitir una toma de decisiones más precisa en la respuesta a incidentes.,"En el curso ""Análisis de Datos en Ciberseguridad"" de la Maestría en Ciberseguridad, el propósito principal de integrar inteligencia artificial en un Centro de Operaciones en Seguridad (SOC) es mejorar la eficiencia y precisión en la detección y respuesta a incidentes de seguridad cibernética. La inteligencia artificial (IA) se utiliza para analizar grandes volúmenes de datos en tiempo real, identificar patrones, detectar amenazas potenciales y automatizar procesos, lo que permite a los profesionales de seguridad tomar decisiones más rápidas y efectivas. Además, la IA puede ayudar a reducir el riesgo de falsos positivos y negativos, optimizando los recursos y mejorando la capacidad de respuesta ante amenazas complejas y avanzadas.",21.43,Análisis de Datos en Ciberseguridad,MC1001,
deepseek-r1-14b-f16,open_ended,¿Qué temas matemáticos específicos debe dominar el estudiante para tener un buen desempeño?,"En el curso Análisis de Datos en Ciberseguridad de la Maestría en Ciberseguridad, ¿Qué temas matemáticos específicos debe dominar el estudiante para tener un buen desempeño?

Da una respuesta completa y explicativa.","Conceptos de estadística y cálculo diferencial integral, como distribuciones de probabilidad, regresiones y optimización.","Para tener un buen desempeño en el curso **Análisis de Datos en Ciberseguridad** de la Maestría en Ciberseguridad, el estudiante debe dominar los siguientes temas matemáticos específicos:

### 1. **Estadística y Probabilidad**
   - **Distribuciones de Probabilidad**: Comprender distribuciones como la normal, binomial, t-student, chi-cuadrado, etc., es fundamental para analizar datos categóricos y continuos.
   - **Pruebas de Hipótesis**: Saber cómo realizar y interpretar pruebas estadísticas (como la t de Student, ANOVA, chi-cuadrado) es esencial para evaluar diferencias significativas entre grupos.
   - **Regresión**: Conocer regresión lineal simple y logarítmica permite modelar relaciones entre variables y预decir tendencias.
   - **Validación Cruzada**: Este método es clave para evaluar el rendimiento de los modelos y evitar el sobreajuste.

### 2. **Cálculo Diferencial e Integral**
   - **Optimización**: Los algoritmos de aprendizaje automático y la minería de datos requieren una comprensión sólida de técnicas de optimización, como la minimización de funciones objetivo.
   - **Funciones y Modelos Matemáticos**:",29.88,Análisis de Datos en Ciberseguridad,MC1001,
deepseek-r1-14b-f16,open_ended,¿Cómo contribuye este curso a la perfilación del comportamiento humano y de software?,"En el curso Análisis de Datos en Ciberseguridad de la Maestría en Ciberseguridad, ¿Cómo contribuye este curso a la perfilación del comportamiento humano y de software?

Da una respuesta completa y explicativa.","Provee técnicas de detección de anomalías, minería de datos en tiempo real y procesamiento distribuido para analizar grandes volúmenes de datos.","El curso ""Análisis de Datos en Ciberseguridad"" de la Maestría en Ciberseguridad contribuye significativamente a la perfilación del comportamiento humano y de software a través de varias técnicas y herramientas avanzadas. Aquí están los aspectos clave:

1. **Análisis de Anomalías**: El curso enseña cómo detectar y analizar anomalías en grandes conjuntos de datos, lo que permite identificar comportamientos anómalos tanto en usuarios humanos como en software. Esto es esencial para detectar amenazas y actividades fraudulentas.

2. **Minería de Datos en Tiempo Real (Stream Mining)**: Se utiliza para procesar datos en tiempo real, lo que facilita la identificación de patrones y comportamientos emergentes. Esto es útil para monitorear actividades en tiempo real y responder rápidamente a posibles amenazas.

3. **Procesamiento de Datos Distribuidos**: A través de herramientas como Map-Reduce y Spark, el curso capacita a los estudiantes para analizar grandes volúmenes de datos distribuidos, lo que es crucial para comprender comportamientos complejos en sistemas grandes y dispersos.

4. **Ingeniería Inversa Automatizada**: Esta técnica permite analizar y modificar programas para entender su comportamiento, lo que es útil para detectar vulnerabilidades y manipular software malicioso.

5",30.02,Análisis de Datos en Ciberseguridad,MC1001,
deepseek-r1-14b-f16,open_ended,¿Qué capacidades desarrolla el estudiante respecto al diagnóstico de software?,"En el curso Análisis de Datos en Ciberseguridad de la Maestría en Ciberseguridad, ¿Qué capacidades desarrolla el estudiante respecto al diagnóstico de software?

Da una respuesta completa y explicativa.",La capacidad de desarrollar soluciones para el descubrimiento de conocimiento y análisis de amenazas mediante herramientas de análisis de datos.,"En el curso ""Análisis de Datos en Ciberseguridad"" de la Maestría en Ciberseguridad, el estudiante desarrolla las siguientes capacidades relacionadas con el diagnóstico de software:

1. **Aplicación de Algoritmos de Aprendizaje Automático**: El estudiante aprende a utilizar algoritmos de aprendizaje automático para analizar múltiples fuentes de datos, como bitácoras de software, código fuente y trazas de red, con el fin de detectar amenazas y diagnosticar problemas en el software.

2. **Análisis de Anomalías**: Se capacita para identificar y analizar anomalías en bitácoras de sistemas, lo que le permite detectar comportamientos fraudulentos o inusuales que puedan indicar una amenaza cibernética.

3. **Perfilación de Comportamiento**: El estudiante aprende a construir perfiles de comportamiento de personas y software, respetando la privacidad, lo que le permite optimizar los controles de seguridad y mejorar la detección de amenazas.

4. **Uso de Herramientas de Análisis**: Utiliza herramientas de software avanzadas para el análisis de datos, lo que le permite realizar un diagnóstico más eficiente y preciso del software en cuestión.

5. **Resolución de Problemas Técnicos**:",30.01,Análisis de Datos en Ciberseguridad,MC1001,
deepseek-r1-14b-f16,open_ended,¿En qué consiste la metodología de evaluación práctica del curso?,"En el curso Análisis de Datos en Ciberseguridad de la Maestría en Ciberseguridad, ¿En qué consiste la metodología de evaluación práctica del curso?

Da una respuesta completa y explicativa.",Se basa principalmente en laboratorios (75% de la nota) y la resolución de casos de estudio (20%).,"La metodología de evaluación práctica del curso ""Análisis de Datos en Ciberseguridad"" de la Maestría en Ciberseguridad se compone de tres componentes principales:

1. **Laboratorios (75%)**:
   - Los laboratorios son la parte más importante de la evaluación, representando el 75% de la calificación total.
   - En estos laboratorios, los estudiantes aplican los conceptos teóricos aprendidos en clase a través de实践活动, como el desarrollo de soluciones para detectar anomalías, analizar datos en tiempo real y construir perfiles de comportamiento.
   - Esto permite a los estudiantes adquirir habilidades prácticas y familiarizarse con herramientas de análisis de datos utilizadas en el campo de la ciberseguridad.

2. **Resolución de casos de estudio (20%)**:
   - Los estudiantes deben resolver casos de estudio relacionados con la detección de anomalías, la identificación de perfiles de comportamiento y la minería de datos en tiempo real.
   - Esto fomenta la aplicación de los conocimientos adquiridos en situaciones reales y mejora su capacidad para enfrentar desafíos prácticos en ciberseguridad.

3. **Reporte de lecturas (5%)**:
   - Los estudiantes deben presentar un reporte basado en la lectura de art",30.04,Análisis de Datos en Ciberseguridad,MC1001,
deepseek-r1-14b-f16,open_ended,¿Qué técnicas de minería de datos se aplican específicamente para el procesamiento en tiempo real?,"En el curso Análisis de Datos en Ciberseguridad de la Maestría en Ciberseguridad, ¿Qué técnicas de minería de datos se aplican específicamente para el procesamiento en tiempo real?

Da una respuesta completa y explicativa.","Se estudian los filtros de Bloom, hashes localmente sensibles y árboles de Hoeffding.","En el curso ""Análisis de Datos en Ciberseguridad"" de la Maestría en Ciberseguridad, se aplican varias técnicas de minería de datos en tiempo real (stream mining) para el procesamiento de datos. Algunas de las técnicas específicas mencionadas en el documento incluyen:

1. **Identificación de Información Relevante**: Se enfoca en detectar patrones o eventos significativos en los flujos de datos en tiempo real.

2. **Filtros de Bloom**: Son utilizados para reducir el volumen de datos y mantener solo la información relevante, optimizando el procesamiento.

3. **Hashes Localmente Sensibles (LSH)**: Sirven para aproximar y comparar datos de manera eficiente, facilitando la detección de anomalías.

4. **Árboles de Hoeffding**: Son estructuras de datos utilizadas para tomar decisiones rápidas en tiempo real, basadas en muestras estadísticas de los datos.

Estas técnicas se integran para permitir la detección de amenazas y anomalías en tiempo real, lo que es esencial para la ciberseguridad.",26.8,Análisis de Datos en Ciberseguridad,MC1001,
deepseek-r1-14b-f16,open_ended,¿Qué rol desempeña la criptografía en la infraestructura de Internet actual?,"En el curso Seguridad y Criptografía de la Maestría en Ciberseguridad, ¿Qué rol desempeña la criptografía en la infraestructura de Internet actual?

Da una respuesta completa y explicativa.","Actúa como el medio para asegurar la confidencialidad, autenticidad e integridad de las comunicaciones y los datos almacenados.","La criptografía desempeña un papel fundamental en la infraestructura de Internet actual, garantizando la confidencialidad, autenticidad y integridad de las comunicaciones y datos. En el curso ""Seguridad y Criptografía"" de la Maestría en Ciberseguridad, se estudian tecnologías y protocolos criptográficos que son esenciales para la seguridad en línea. Algunos de los roles clave de la criptografía en Internet incluyen:

1. **Protección de Datos en Transmisión**: Los protocolos como SSL/TLS utilizan criptografía para cifrar los datos durante su传输, evitando que sean interceptados y leídos por terceros no autorizados.

2. **Autenticación de Usuarios**: La criptografía se utiliza para verificar la identidad de los usuarios y los servidores, asegurando que las comunicaciones sean realizadas con las partes correctas.

3. **Integridad de Datos**: A través de funciones de hash y firmas digitales, la criptografía asegura que los datos no hayan sido alterados durante su传输.

4. **Privacidad y Anonimato**: En aplicaciones como correo electrónico cifrado y redes privadas virtuales (VPNs), la criptografía protege la privacidad de los usuarios, permitiendo transacciones y comunicaciones anónimas.

5. **Seguridad de",30.13,Seguridad y Criptografía,MC1003,
deepseek-r1-14b-f16,open_ended,¿Qué aspectos avanzados de la matemática se exploran para entender los cifrados modernos?,"En el curso Seguridad y Criptografía de la Maestría en Ciberseguridad, ¿Qué aspectos avanzados de la matemática se exploran para entender los cifrados modernos?

Da una respuesta completa y explicativa.","El estudio de curvas elípticas, ataques diferenciales y lineales, y el protocolo Diffie-Hellman.","En el curso de Seguridad y Criptografía de la Maestría en Ciberseguridad, se exploran varios aspectos avanzados de la matemática que son fundamentales para entender los cifrados modernos. Estos incluyen:

1. **Cifrados Simétricos y Asimétricos**: Se estudian los fundamentos matemáticos detrás de los cifrados simétricos, como AES (Advanced Encryption Standard), y los cifrados asimétricos, como RSA y Curvas Elípticas. Esto implica un entendimiento profundo de las funciones matemáticas que aseguran la confidencialidad y autenticidad de las comunicaciones.

2. **Funciones de Hash**: Se analizan las funciones de hash, que son esenciales para la generación de huellas dactilares digitales y la integridad de los datos. Esto incluye conceptos como la entropía y la distribución de probabilidad.

3. **Protocolos Criptográficos**: Se estudian protocolos como Diffie-Hellman para el intercambio seguro de claves y su implementación en entornos seguros. Esto requiere un conocimiento sólido de las estructuras algebraicas y las propiedades de los grupos finitos.

4. **Técnicas Avanzadas de Ataque y Defensa**: Se abordan técnicas como los ataques diferencia",29.95,Seguridad y Criptografía,MC1003,
deepseek-r1-14b-f16,open_ended,¿Qué diferencias conceptuales se analizan entre las primitivas de criptografía simétrica y asimétrica?,"En el curso Seguridad y Criptografía de la Maestría en Ciberseguridad, ¿Qué diferencias conceptuales se analizan entre las primitivas de criptografía simétrica y asimétrica?

Da una respuesta completa y explicativa.","Se estudia el rol de las funciones hash, las firmas digitales y la infraestructura de llave pública y privada (PKI).","En el curso de Seguridad y Criptografía de la Maestría en Ciberseguridad, se analizan las siguientes diferencias conceptuales entre las primitivas de criptografía simétrica y asimétrica:

1. **Clave Única vs. Claves Públicas y Privadas**:
   - **Criptografía Simétrica**: Utiliza una sola clave secreta para tanto el cifrado como el descifrado. Ejemplo: Algoritmo de cifrado AES.
   - **Criptografía Asimétrica**: Utiliza dos claves diferentes, una pública (para cifrar) y otra privada (para descifrar). Ejemplo: Algoritmo RSA.

2. **Velocidad**:
   - **Criptografía Simétrica**: Ofrece una mayor velocidad en el procesamiento debido a su simplicidad.
   - **Criptografía Asimétrica**: Es más lenta debido a su complejidad matemática.

3. **Uso Principal**:
   - **Criptografía Simétrica**: Ideal para proteger datos en reposo o en tránsito cuando el enfoque principal es la velocidad.
   - **Criptografía Asimétrica**: Utilizada para la autenticación, firma digital y encriptación de clave pública, siendo esencial en la seguridad de las comunicaciones.

4. **Aplicaciones**:",30.24,Seguridad y Criptografía,MC1003,
deepseek-r1-14b-f16,open_ended,¿Sobre qué tendencias futuras en el campo de la seguridad se discute en clase?,"En el curso Seguridad y Criptografía de la Maestría en Ciberseguridad, ¿Sobre qué tendencias futuras en el campo de la seguridad se discute en clase?

Da una respuesta completa y explicativa.",Sobre los avances y desafíos que presenta la criptografía cuántica.,"En el curso de Seguridad y Criptografía de la Maestría en Ciberseguridad, se discuten varias tendencias futuras en el campo de la seguridad. Algunas de ellas incluyen:

1. **Criptografía Cuántica**: Se aborda la evolución hacia algoritmos resistentes a los cuantúmicos, dada la amenaza que representa el desarrollo de computadoras cuánticas para romper los sistemas actuales de encriptación.

2. **Blockchain y Ledger Distribuidos**: Se analiza el uso de estas tecnologías en la mejora de la seguridad de transacciones y sistemas, así como sus aplicaciones en diferentes领域 como la identidad digital y la autenticación.

3. **Inteligencia Artificial y Machine Learning en Seguridad**: Se discute cómo la IA y el aprendizaje automático pueden ser utilizados para detectar amenazas, prevenir incidentes y mejorar los sistemas de seguridad.

4. **IoT (Internet de las Cosas)**: Se enfoca en los desafíos de seguridad específicos que plantea la creciente adopción de dispositivos conectados, como la exposición de sensores y dispositivos a amenazas cibernéticas.

5. **Gestión de Riesgos y Gobernanza**: Se aborda la importancia de una gestión eficiente de riesgos y la implementación",29.91,Seguridad y Criptografía,MC1003,
deepseek-r1-14b-f16,open_ended,¿Qué elementos históricos sirven de base para comprender la evolución del cifrado?,"En el curso Seguridad y Criptografía de la Maestría en Ciberseguridad, ¿Qué elementos históricos sirven de base para comprender la evolución del cifrado?

Da una respuesta completa y explicativa.","El estudio del Cifrado César, la máquina Enigma y el cifrado por permutación, entre otros.","En el curso de Seguridad y Criptografía de la Maestría en Ciberseguridad, los elementos históricos que sirven de base para comprender la evolución del cifrado incluyen:

1. **Introducción al Cifrado César**: Este método antiguo utiliza un desplazamiento fijo de las letras del alfabeto para encriptar mensajes. Es un ejemplo temprano de un cifrado simple y básico.

2. **Cifrado por Sustitución**: Un método de encriptación donde cada letra del alfabeto es reemplazada por otra letra. Ejemplo incluye el Cifrado de César y otros sistemas más complejos.

3. **Cifrado de Vigenère**: Un sistema de encriptación polialfabetico que utiliza una serie de tablas de encriptación (alfabetos césares) para encriptar mensajes, basado en un alfabeto de clave.

4. **La Máquina Enigma**: Un dispositivo de encriptación mecánico utilizado durante la Segunda Guerra Mundial por los alemanes. Su complejidad y diseño hicieron que fuera un desafío para los aliados descifrar.

5. **Cifrado de Stream (Stream Ciphers)**: Un tipo de cifrado que encripta los datos en tiempo real, codificando cada bit de datos en el momento",29.96,Seguridad y Criptografía,MC1003,
deepseek-r1-14b-f16,open_ended,¿Cómo se estructura el sistema de evaluación del aprendizaje en esta materia?,"En el curso Seguridad y Criptografía de la Maestría en Ciberseguridad, ¿Cómo se estructura el sistema de evaluación del aprendizaje en esta materia?

Da una respuesta completa y explicativa.","Se compone de tareas para asimilación de materia (50%), laboratorios prácticos (20%) y un examen final (30%).","En el curso de **Seguridad y Criptografía** de la Maestría en Ciberseguridad, el sistema de evaluación del aprendizaje se estructura de la siguiente manera:

1. **Tareas** (50%):
   - Se asignan tareas relacionadas con la aplicación de los conceptos teóricos aprendidos en clase.
   - Estas tareas buscan reforzar la comprensión de los estudiantes sobre los temas abordados, como la implementación de algoritmos criptográficos o la resolución de problemas prácticos.

2. **Laboratorios prácticos** (20%):
   - Los laboratorios permiten a los estudiantes aplicar técnicas y herramientas prácticas en un entorno experimental.
   - Se enfocan en la implementación de protocolos criptográficos, la identificación de vulnerabilidades y la resolución de casos reales.

3. **Examen final** (30%):
   - El examen final evalúa la comprensión global del curso, incluyendo la capacidad de los estudiantes para aplicar los conceptos y técnicas aprendidas en situaciones nuevas y complejas.
   - Se enfoca en la resolución de problemas avanzados y la demostración de conocimientos sobre los temas clave del curso.

Este sistema de evaluación busca asegurar que los estudiantes no solo comprendan los conceptos",29.94,Seguridad y Criptografía,MC1003,
deepseek-r1-14b-f16,open_ended,¿Por qué es fundamental la gestión de procesos ante la vulnerabilidad tecnológica de los negocios?,"En el curso Políticas y Gobernanza en Ciberseguridad de la Maestría en Ciberseguridad, ¿Por qué es fundamental la gestión de procesos ante la vulnerabilidad tecnológica de los negocios?

Da una respuesta completa y explicativa.","Porque permite minimizar riesgos y amenazas de manera efectiva, asegurando la continuidad del negocio y el ahorro en costos.","En el curso ""Políticas y Gobernanza en Ciberseguridad"" de la Maestría en Ciberseguridad, la gestión de procesos es fundamental ante la vulnerabilidad tecnológica de los negocios debido a varios motivos:

1. **Identificación y Evaluación de Riesgos**: La gestión de procesos permite identificar y evaluar los riesgos cibernéticos que pueden afectar a los negocios. Esto incluye la detección de amenazas, vulnerabilidades y exposiciones, lo cual es esencial para采取 medidas preventivas y mitigadoras.

2. **Implementación de Políticas Efectivas**: A través de la gestión de procesos, se pueden desarrollar y aplicar políticas y normativas que regulen el uso de tecnologías y aseguren la confidencialidad, integridad y disponibilidad de la información.

3. **Mejora Continua**: La gestión de procesos fomenta la mejora continua de las prácticas de ciberseguridad, lo que permite adaptarse a los constantes cambios en el entorno tecnológico y a las nuevas amenazas.

4. **Cumplimiento Regulatorio**: Muchos negocios operan bajo regulaciones específicas en materia de seguridad de la información. La gestión de procesos asegura el cumplimiento de estos requisitos legales y regulatorios.

5. **Optimización de Rec",29.98,Políticas y Gobernanza en Ciberseguridad,MC1006,
deepseek-r1-14b-f16,open_ended,¿Qué áreas de especialización se utilizan como marco de referencia para el conocimiento en este curso?,"En el curso Políticas y Gobernanza en Ciberseguridad de la Maestría en Ciberseguridad, ¿Qué áreas de especialización se utilizan como marco de referencia para el conocimiento en este curso?

Da una respuesta completa y explicativa.",El Framework NICE y las áreas de conocimiento en ciberseguridad según la ACM.,"En el curso ""Políticas y Gobernanza en Ciberseguridad"" de la Maestría en Ciberseguridad, se utilizan como marco de referencia las siguientes áreas de especialización:

1. **Áreas de Conocimiento en Ciberseguridad según ACM (Asociación de Computación de los Estados Unidos):**  
   - Esto incluye laclasificación de las habilidades y conocimientos necesarios en el campo de la ciberseguridad, proporcionando una base sólida para entender las diferentes facetas de la seguridad cibernética.

2. **Áreas de Especialización en Ciberseguridad según el Framework NICE (National Initiative for Cybersecurity Education):**  
   - Este marco define roles y habilidades específicas en ciberseguridad, ayudando a los estudiantes a comprender cómo se pueden especializar en diferentes aspectos de la seguridad cibernética.

Estas áreas de especialización se utilizan para estructurar el conocimiento y guiar la formación de los estudiantes en el curso, asegurando que adquieran una comprensión integral de las políticas y la gobernanza en ciberseguridad.",26.41,Políticas y Gobernanza en Ciberseguridad,MC1006,
deepseek-r1-14b-f16,open_ended,¿Cómo se aborda el diagnóstico del riesgo organizacional en este programa?,"En el curso Políticas y Gobernanza en Ciberseguridad de la Maestría en Ciberseguridad, ¿Cómo se aborda el diagnóstico del riesgo organizacional en este programa?

Da una respuesta completa y explicativa.",Mediante el uso de métricas de seguridad para la toma de decisiones estratégicas y modelos de evaluación de riesgo.,"En el curso ""Políticas y Gobernanza en Ciberseguridad"" de la Maestría en Ciberseguridad, el diagnóstico del riesgo organizacional se aborda de manera integral y estructurada, con el fin de equiparar a los estudiantes para identificar, evaluar y mitigar los riesgos cibernéticos en un entorno organizacional. Este enfoque se centra en tres componentes clave: la identificación de riesgos, la evaluación de los mismos y la implementación de controles efectivos para minimizar su impacto.

### 1. **Identificación de Riesgos**
El curso inicia con la identificación de riesgos, donde los estudiantes aprenden a detectar amenazas y vulnerabilidades que podrían afectar a la organización. Esto se realiza mediante la revisión de políticas actuales, la auditoría de sistemas y la analítica de datos. Además, se consideran factores externos como la naturaleza del negocio, la industria y el entorno regulatorio.

### 2. **Evaluación de Riesgos**
Una vez identificados los riesgos, el curso enseña cómo evaluar su gravedad y probabilidad. Esto se hace mediante herramientas y metodologías como el Análisis de Impacto (IA), el Análisis de Factores Críticos (CFA) y el Análisis",29.93,Políticas y Gobernanza en Ciberseguridad,MC1006,
deepseek-r1-14b-f16,open_ended,"¿Qué importancia tiene el principio de ""Seguridad por diseño"" en el ciclo de vida del software?","En el curso Políticas y Gobernanza en Ciberseguridad de la Maestría en Ciberseguridad, ¿Qué importancia tiene el principio de ""Seguridad por diseño"" en el ciclo de vida del software?

Da una respuesta completa y explicativa.",Es un criterio clave para el aprovisionamiento de soluciones tecnológicas seguras y la planificación de requerimientos.,"En el curso ""Políticas y Gobernanza en Ciberseguridad"" de la Maestría en Ciberseguridad, el principio de ""Seguridad por diseño"" adquiere una importancia fundamental en el ciclo de vida del software. Este enfoque proactivo se centra en integrar las consideraciones de seguridad desde las etapas iniciales del desarrollo, en lugar de abordarlas de manera reactiva al final del proceso o en caso de un incidente. 

El ""Seguridad por diseño"" se basa en el设计理念 de construir sistemas seguros desde el principio, lo que implica identificar y mitigar los riesgos antes de que se conviertan en vulnerabilidades explotables. Esto no solo mejora la robustez del software, sino que también reduce los costos asociados a la corrección de errores y la mitigación de amenazas en etapas posteriores.

En el contexto del curso, se estudian cómo las políticas y las prácticas de gobernanza en ciberseguridad pueden beneficiarse de este enfoque. Esto incluye la implementación de estándares y marcos que promuevan la integración de la seguridad en todas las fases del desarrollo, desde el diseño inicial hasta la implementación y mantenimiento. Además, se analizan casos de éxito y fracaso para demostrar cómo la adopción de este principio puede fortale",29.95,Políticas y Gobernanza en Ciberseguridad,MC1006,
deepseek-r1-14b-f16,open_ended,¿Qué elementos legales se analizan respecto a la protección de datos en Costa Rica?,"En el curso Políticas y Gobernanza en Ciberseguridad de la Maestría en Ciberseguridad, ¿Qué elementos legales se analizan respecto a la protección de datos en Costa Rica?

Da una respuesta completa y explicativa.",La legislación sobre delitos informáticos y la Ley 8968 de Protección de los Datos.,"En el curso ""Políticas y Gobernanza en Ciberseguridad"" de la Maestría en Ciberseguridad, se analizan varios elementos legales relacionados con la protección de datos en Costa Rica. Entre ellos se encuentran:

1. **Principios Introductorios sobre leyes e investigación legal**: Esto incluye una introducción a la legislación nacional e internacional que rige la protección de datos.

2. **Jurisdicción territorial, contenido en línea, delitos informáticos y protección de datos**: Se estudian cómo se aplican las leyes en el espacio cibernético y cómo se protegen los datos personales en línea.

3. **Privacidad**: Se aborda la privacidad como un derecho fundamental y se analizan las normativas que regulan el tratamiento de datos personales.

4. **Propiedad Intelectual**: Se discute cómo se protege la propiedad intelectual en el contexto digital y su relación con la ciberseguridad.

5. **Ley 8968 de Protección de los Datos**: Esta ley es un marco legal clave en Costa Rica que regula el tratamiento de datos personales y se encuentra ampliamente cubierto en el curso.

6. **General Data Protection Regulation (GDPR)**: Aunque se enfoca en la legislación costarricense, también se menciona el GDPR como un estándar internacional relevante",29.93,Políticas y Gobernanza en Ciberseguridad,MC1006,
deepseek-r1-14b-f16,open_ended,¿Cuál es el objetivo de integrar los KPI de ciberseguridad con la visión de la empresa?,"En el curso Políticas y Gobernanza en Ciberseguridad de la Maestría en Ciberseguridad, ¿Cuál es el objetivo de integrar los KPI de ciberseguridad con la visión de la empresa?

Da una respuesta completa y explicativa.",Lograr una alineación estratégica que permita gestionar el portafolio de proyectos de seguridad según la misión organizacional.,"En el curso ""Políticas y Gobernanza en Ciberseguridad"" de la Maestría en Ciberseguridad, el objetivo de integrar los KPI (Indicadores Clave de Rendimiento) de ciberseguridad con la visión de la empresa esencialmente busca alinear las métricas de seguridad con los objetivos estratégicos de la organización. Esto permite a los gestores de seguridad comprender cómo los esfuerzos en ciberseguridad contribuyen al logro de los objetivos empresariales, mejoran la toma de decisiones y facilitan la comunicación con los stakeholders. A continuación, se detalla cómo se logra esta integración y sus beneficios:

1. **Alineación Estratégica**: Los KPI de ciberseguridad se definen para medir el impacto de las acciones de seguridad en los resultados empresariales. Esto asegura que la gestión de seguridad no sea un departamento aislado, sino un componente integral de la estrategia general de la empresa.

2. **Medición del Impacto**: Al integrar los KPI con la visión empresarial, se puede cuantificar cómo las iniciativas de seguridad afectan la confidencialidad, integridad y disponibilidad de los activos de la empresa, así como su reputación y cumplimiento regulatorio.

3. **Toma de Decisiones Informativa**: Los",30.03,Políticas y Gobernanza en Ciberseguridad,MC1006,
deepseek-r1-14b-f16,open_ended,¿Desde qué perspectiva se analizan vulnerabilidades como el Buffer Overflow?,"En el curso Seguridad de Software Avanzado de la Maestría en Ciberseguridad, ¿Desde qué perspectiva se analizan vulnerabilidades como el Buffer Overflow?

Da una respuesta completa y explicativa.",Desde una perspectiva avanzada que estudia vectores de ataque utilizados para violentar el software creado.,"En el curso ""Seguridad de Software Avanzado"" de la Maestría en Ciberseguridad, las vulnerabilidades como el Buffer Overflow se analizan desde una perspectiva técnica y práctica, enfocándose en entender cómo funcionan, cómo explotarlas y cómo defenderse contra ellas. El curso aborda estos temas mediante la presentación de conceptos teóricos, el desarrollo de laboratorios prácticos y la resolución de casos reales, lo que permite a los estudiantes adquirir habilidades necesarias para detectar y mitigar estas amenazas en diferentes contextos.",18.27,Seguridad de Software Avanzado,MC3001,
deepseek-r1-14b-f16,open_ended,¿Qué estrategias de defensa se consideran para prevenir ataques a las aplicaciones?,"En el curso Seguridad de Software Avanzado de la Maestría en Ciberseguridad, ¿Qué estrategias de defensa se consideran para prevenir ataques a las aplicaciones?

Da una respuesta completa y explicativa.","Técnicas de programación segura, modelado de vulnerabilidades y técnicas avanzadas de pruebas de seguridad.","En el curso ""Seguridad de Software Avanzado"" de la Maestría en Ciberseguridad, se consideran varias estrategias de defensa para prevenir ataques a las aplicaciones. Estas estrategias incluyen:

1. **Seguridad desde el Diseño (Security by Design):**  
   - Integra la seguridad en todas las etapas del desarrollo del software, desde el diseño inicial hasta la implementación y mantenimiento.  
   - Se enfoca en identificar vulnerabilidades tempranas y aplicar medidas de mitigación.

2. **Pruebas de Seguridad:**  
   - Se realizan pruebas de penetración (pentesting) y análisis estático/dinámico para detectar vulnerabilidades.  
   - Se utilizan herramientas de análisis estático como SAST (Static Application Security Testing) y DAST (Dynamic Application Security Testing).

3. **Validación de Entrada:**  
   - Se implementan controles rigurosos para validar la entrada de datos, evitando inyecciones como SQL Injection y XSS.  
   - Se utiliza codificación de caracteres y sanitización de entradas.

4. **Control de Acceso:**  
   - Se implementan mecanismos de autenticación fuerte, como autenticación multifactorial (MFA).  
   - Se utiliza el modelo RBAC (Role-Based Access Control) para controlar el acceso",29.89,Seguridad de Software Avanzado,MC3001,
deepseek-r1-14b-f16,open_ended,"¿Cómo influye el concepto de ""Seguridad por Diseño"" en el estudiante?","En el curso Seguridad de Software Avanzado de la Maestría en Ciberseguridad, ¿Cómo influye el concepto de ""Seguridad por Diseño"" en el estudiante?

Da una respuesta completa y explicativa.","Lo capacita para diseñar soluciones que garanticen la tríada de la seguridad (confidencialidad, integridad y disponibilidad) desde el inicio del desarrollo.","En el curso ""Seguridad de Software Avanzado"" de la Maestría en Ciberseguridad, el concepto de ""Seguridad por Diseño"" influye en los estudiantes de manera significativa al proporcionarles una metodología proactiva para integrar la seguridad en el proceso de desarrollo de software. Este enfoque les permite identificar y mitigar vulnerabilidades desde etapas tempranas, lo que conduce a soluciones más robustas y resistentes a amenazas. A través de técnicas avanzadas de programación y modelado de vulnerabilidades, los estudiantes aprenden a diseñar software seguro, lo que mejora la confidencialidad, integridad y disponibilidad de los datos. Además, este concepto fomenta una cultura de prevención, lo que les permite abordar desafíos futuros en ciberseguridad de manera más efectiva.",22.59,Seguridad de Software Avanzado,MC3001,
deepseek-r1-14b-f16,open_ended,¿Qué temas abarca la administración de riesgo aplicada específicamente al software?,"En el curso Seguridad de Software Avanzado de la Maestría en Ciberseguridad, ¿Qué temas abarca la administración de riesgo aplicada específicamente al software?

Da una respuesta completa y explicativa.","Identificación de riesgos técnicos y de negocio, priorización de riesgos y validación de correcciones.","En el curso ""Seguridad de Software Avanzado"" de la Maestría en Ciberseguridad, la administración de riesgo aplicada específicamente al software abarca los siguientes temas:

1. **Comprendiendo el contexto del negocio**:
   - Identificación de los objetivos y alcances del negocio.
   - Análisis de las amenazas y vulnerabilidades que podrían afectar al negocio.

2. **Identificando los riesgos técnicos y de negocio**:
   - Detección de vulnerabilidades comunes en el software, como desbordamientos de buffers, inyecciones de código, etc.
   - Evaluación de los impactos potenciales de las amenazas en los activos del negocio.

3. **Sintetizando y priorización del riesgo**:
   - Uso de metodologías para evaluar y priorizar los riesgos basados en su gravedad y probabilidad.
   - Determinación de la prioridad de mitigación de cada riesgo.

4. **Definición de estrategias de mitigación**:
   - Desarrollo de planes para reducir o eliminar los riesgos identificados.
   - Implementación de controles técnicos y organizacionales para mitigar las amenazas.

5. **Creación de correcciones y validación**:
   - Desarrollo de parches o correcciones para abordar",29.88,Seguridad de Software Avanzado,MC3001,
deepseek-r1-14b-f16,open_ended,¿Qué se entiende por seguridad basada en el lenguaje de programación en este contexto?,"En el curso Seguridad de Software Avanzado de la Maestría en Ciberseguridad, ¿Qué se entiende por seguridad basada en el lenguaje de programación en este contexto?

Da una respuesta completa y explicativa.","El estudio del tipado seguro, el aseguramiento de memoria y el control de acceso en ambientes abiertos.","En el curso ""Seguridad de Software Avanzado"" de la Maestría en Ciberseguridad, la seguridad basada en el lenguaje de programación se refiere a la adopción de técnicas y metodologías que aprovechan las características intrínsecas de los lenguajes de programación para mitigar vulnerabilidades y mejorar la robustez del software. Esto implica diseñar y desarrollar aplicaciones con lenguajes que ofrecen mecanismos inherentemente seguros, como el tipado estático, la gestión de memoria segura y la prevención de inyecciones de código.

### Principios Clave:
1. **Tipado Seguro**: Lenguajes como Rust o Go tienen sistemas de tipado que ayudan a evitar errores comunes, como la manipulación incorrecta de punteros, que pueden conducir a vulnerabilidades como desbordamientos de búfer.
   
2. **Type Soundness**: Asegura que los tipos de datos sean consistentes y preven errores tipológicos que podrían ser explotados.

3. **Gestión de Memoria**: Lenguajes con recolección automática de basura, como Java o Python, reducen los riesgos de fugas de memoria y manipulaciones no autorizadas.

4. **Prevención de Inyecciones**: Lenguajes que admiten validación de entradas y en",29.99,Seguridad de Software Avanzado,MC3001,
deepseek-r1-14b-f16,open_ended,¿Cómo se aplican las técnicas de análisis estático para mejorar la calidad del código?,"En el curso Seguridad de Software Avanzado de la Maestría en Ciberseguridad, ¿Cómo se aplican las técnicas de análisis estático para mejorar la calidad del código?

Da una respuesta completa y explicativa.","Mediante el análisis de flujo de datos, la ejecución simbólica y la ofuscación.","En el curso ""Seguridad de Software Avanzado"" de la Maestría en Ciberseguridad, las técnicas de análisis estático se aplican para mejorar la calidad del código de las siguientes maneras:

1. **Detección de Vulnerabilidades**: Se utilizan herramientas de análisis estático para identificar vulnerabilidades comunes como desbordamientos de buffer, inyecciones de código (SQL, XSS), y condiciones de carrera. Esto permite corregir el código antes de que se convierta en un problema en un entorno real.

2. **Validación de Codificación**: Las técnicas de análisis estático ayudan a asegurar que el código cumpla con estándares de codificación segura. Por ejemplo, se verifican las prácticas de codificación para evitar exposiciones de información o fallos en la validación de entradas.

3. **Optimización del Código**: A través del análisis estático, se pueden detectar patrones de código ineficientes o redundantes, lo que permite optimizar el rendimiento y reducir el consumo de recursos.

4. **Revisión de Seguridad**: Se realizan revisiones de seguridad en profundidad para asegurar que el código no contenga errores que puedan ser explotados por atacantes. Esto incluye la verificación de la implementación de controles de acceso y la gestión de excepciones",29.94,Seguridad de Software Avanzado,MC3001,
deepseek-r1-14b-f16,open_ended,¿Por qué el cibercrimen se estudia también desde la perspectiva de las ciencias sociales?,"En el curso Cibercrimen de la Maestría en Ciberseguridad, ¿Por qué el cibercrimen se estudia también desde la perspectiva de las ciencias sociales?

Da una respuesta completa y explicativa.","Porque muchos problemas, como el phishing, ocurren por motivadores conductuales y debilidades en el comportamiento humano, no solo por fallas técnicas.","En el curso ""Cibercrimen"" de la Maestría en Ciberseguridad, el cibercrimen se estudia también desde la perspectiva de las ciencias sociales debido a que éste fenómeno no solo es técnico, sino que también tiene dimensiones humanas, sociales y legales que influyen en su naturaleza y dinámica. Las ciencias sociales aportan herramientas y enfoques para comprender cómo los actores humanos, sus motivaciones, comportamientos y relaciones sociales inciden en la perpetración de actividades criminales en línea.

Algunas razones clave por las cuales se aborda el cibercrimen desde las ciencias sociales son:

1. **Comportamiento Humano**: Los ciberdelincuentes, como cualquier otro delincuente, son seres humanos con motivaciones, emociones y dinámicas sociales. Las ciencias sociales ayudan a entender estos factores, como la economía conductual, la psicología y la sociología, que influyen en la toma de decisiones de los criminales.

2. **Impacto en la Sociedad**: El cibercrimen afecta a las víctimas, las empresas y las instituciones de manera que trasciende el ámbito técnico. Es necesario comprender cómo estos delitos afectan la percepción de seguridad, la confianza en las tecnologías y",30.0,Cibercrimen,MC3010,
deepseek-r1-14b-f16,open_ended,¿Qué objetivos persiguen los criminales al manipular a usuarios legítimos?,"En el curso Cibercrimen de la Maestría en Ciberseguridad, ¿Qué objetivos persiguen los criminales al manipular a usuarios legítimos?

Da una respuesta completa y explicativa.","Obtener información confidencial mediante ingeniería social, espionaje industrial e investigación de recopilación de datos.","En el curso ""Cibercrimen"" de la Maestría en Ciberseguridad, los criminales persiguen varios objetivos al manipular a usuarios legítimos. Estos objetivos incluyen:

1. **Obtención de información confidencial**: Los ciberdelincuentes buscan acceder a datos personales, financieros o de otro tipo que puedan ser vendidos o utilizados ilegalmente.

2. **Realización de fraudes**: A través de técnicas como phishing o诈骗, los criminales诱导 usuarios a revelar información sensible o realizar transacciones fraudulentas.

3. **Instalación de malware**: Manipulando a los usuarios, los criminales pueden infectar sus dispositivos con软件 que les permite acceder a sistemas o redes, robar datos o causar interferencias.

4. **Deshonestidad y reputación**: Al manipular a los usuarios, los criminales pueden comprometer la reputación de las empresas o instituciones, causando pérdida de confianza en los sistemas y servicios.

5. **Evitar la detección**: Los criminales utilizan técnicas de ingeniería social para evitar que las autoridades o las víctimas detecten sus actividades ilícitas.

6. **Ganancias económicas**: Muchos ciberdelitos tienen como objetivo obtener ganancias económicas, ya sea a través de extorsiones, ransom",29.96,Cibercrimen,MC3010,
deepseek-r1-14b-f16,open_ended,¿Cómo ayudan los motivadores sociales a identificar la naturaleza de las amenazas?,"En el curso Cibercrimen de la Maestría en Ciberseguridad, ¿Cómo ayudan los motivadores sociales a identificar la naturaleza de las amenazas?

Da una respuesta completa y explicativa.",Permiten valorar las acciones de los individuos y potenciar la identificación temprana de actos delictivos.,"En el curso ""Cibercrimen"" de la Maestría en Ciberseguridad, los motivadores sociales juegan un papel crucial en la identificación de la naturaleza de las amenazas. Estos motivadores ayudan a comprender los incentivos que llevan a los ciberdelincuentes a perpetrar sus ataques. Al analizar estos factores, los estudiantes pueden mejor identificar las tácticas, técnicas y procedimientos (TTPs) utilizados por los ciberdelincuentes, lo que a su vez permite una mejor prevención y mitigación de las amenazas.

### Explicación detallada:

1. **Motivadores sociales y su impacto en el cibercrimen**:
   - Los motivadores sociales incluyen factores como la necesidad, el ego, el acceso a recursos, y la percepción de impunidad. Estos factores influyen en la toma de decisiones de los ciberdelincuentes, llevándolos a explotar vulnerabilidades en sistemas informáticos.

2. **Análisis de la naturaleza de las amenazas**:
   - Los estudiantes aprenden a descomponer las amenazas en términos de sus motivaciones subyacentes. Por ejemplo, un ataque por motivos económicos (como el robo de datos) puede requerir una estrategia de def",29.97,Cibercrimen,MC3010,
deepseek-r1-14b-f16,open_ended,¿Qué métodos de investigación social se aplican para entender el fenómeno criminal?,"En el curso Cibercrimen de la Maestría en Ciberseguridad, ¿Qué métodos de investigación social se aplican para entender el fenómeno criminal?

Da una respuesta completa y explicativa.","La teorización, el diseño experimental, la validación de hipótesis y el análisis de datos con SPSS.","En el curso ""Cibercrimen"" de la Maestría en Ciberseguridad, se aplican varios métodos de investigación social para entender el fenómeno criminal. Algunos de los métodos más destacados incluyen:

1. **Métodos Cuantitativos**:
   - **Análisis de datos**: Se utiliza para analizar grandes conjuntos de datos relacionados con incidentes cibernéticos, como el volumen de ataques, sus tipos y patrones.
   - **Estadísticas descriptivas**: Se emplean para resumir información sobre víctimas, perpetradores y otros factores relevantes.
   - **Muestreo**: Seleccionar una muestra representativa de casos para análisis.

2. **Métodos Cualesitativos**:
   - **Entrevistas**: Se realizan a víctimas, perpetradores o profesionales del sector para obtener perspectivas y experiencias personales.
   - **Observación**: Se observan comportamientos y patrones en línea para identificar posibles amenazas.
   - **Análisis de contenido**: Se estudian mensajes, correos electrónicos y otros medios digitales para extraer información relevante.

3. **Métodos Mixtos**:
   - **Enfoque combinado**: Se combina la recolección de datos cuantitativos y cualitativos para obtener una visión más completa del",30.07,Cibercrimen,MC3010,
deepseek-r1-14b-f16,open_ended,"¿Qué aspectos analiza la ""Ciencia del Crimen"" respecto a los actos delictivos?","En el curso Cibercrimen de la Maestría en Ciberseguridad, ¿Qué aspectos analiza la ""Ciencia del Crimen"" respecto a los actos delictivos?

Da una respuesta completa y explicativa.","La elección racional del criminal, las actividades de rutina y los estudios de victimización y autoreporte.","En el curso ""Cibercrimen"" de la Maestría en Ciberseguridad, la ""Ciencia del Crimen"" se enfoca en analizar los actos delictivos desde una perspectiva multidisciplinaria que combina aspectos sociales, legales y tecnológicos. Algunos de los aspectos clave que se analizan son:

1. **Orígenes del Crimen**: Se estudian los factores que llevan a individuos a cometer delitos, considerando aspectos como la motivación, la oportunidad y el entorno social.

2. **Elección Racional**: Se analiza cómo los criminales evalúan los costos y beneficios de realizar un acto delictivo, así como las consecuencias que podrían enfrentar.

3. **Actividades de Rutina**: Se investigan las rutinas y patrones de conducta de los delincuentes, lo que puede ayudar a prevenir o detectar actividades criminales.

4. **Estudios de Autoreporte**: Se recopilan datos sobre la percepción que tienen los criminales de sí mismos y de su entorno, lo que puede proporcionar insights sobre sus motivaciones y estrategias.

5. **Estudios de Victimización**: Se examinan las experiencias de las víctimas para identificar patrones y vulnerabilidades que puedan ser explot",29.92,Cibercrimen,MC3010,
deepseek-r1-14b-f16,open_ended,¿En qué consiste la teoría de prevención del crimen en situación según el curso?,"En el curso Cibercrimen de la Maestría en Ciberseguridad, ¿En qué consiste la teoría de prevención del crimen en situación según el curso?

Da una respuesta completa y explicativa.","Analiza la oportunidad del crimen, el triángulo del crimen y el desplazamiento del beneficio delictivo.","La teoría de prevención del crimen en situación, según el curso ""Cibercrimen"" de la Maestría en Ciberseguridad, se centra en comprender y prevenir las conductas criminales que se llevan a cabo en entornos digitales. Esta teoría se basa en el análisis de la oportunidad del crimen, la identificación de los factores que facilitan o dificultan la comisión de un delito, y la implementación de medidas preventivas para reducir el riesgo de que ocurra.

### Principales Componentes de la Teoría de Prevención del Crimen en Situación:
1. **Teoría de la Oportunidad del Crimen**:
   - Según esta teoría, un crimen ocurre cuando un individuo ve una oportunidad clara para cometer un delito sin un costo significativo. En el contexto cibernético, esto se traduce en la facilidad con la que un atacante puede acceder a sistemas o datos sin ser detectado.

2. **Triángulo del Crimen**:
   - Este modelo propone que un crimen se produce cuando se unen tres elementos: el deseo de cometer un crimen, la oportunidad para hacerlo y la ausencia de inhibiciones. En el cibercrimen, la ausencia de inhibiciones puede ser el resultado de la",30.11,Cibercrimen,MC3010,
deepseek-r1-14b-f16,open_ended,¿Cómo se articulan las TI con la propuesta de valor de un negocio?,"En el curso Sistemas Estratégicos Empresariales de la Maestría en Gerencia de Tecnologías de la Información, ¿Cómo se articulan las TI con la propuesta de valor de un negocio?

Da una respuesta completa y explicativa.",Se integran coherentemente dentro de un sistema de actividades para fortalecer la posición estratégica de la empresa.,"En el curso ""Sistemas Estratégicos Empresariales"" de la Maestría en Gerencia de Tecnologías de la Información, se aborda cómo las Tecnologías de la Información (TI) se articulan con la propuesta de valor de un negocio de la siguiente manera:

1. **Entendiendo la Propuesta de Valor**: La propuesta de valor define cómo una empresa crea y entrega valor a sus clientes. Las TI actúan como un recurso estratégico que permite mejorar, optimizar o transformar esta propuesta.

2. **Análisis de las Fuerzas Competitivas**: Se estudian las fuerzas competitivas que afectan al negocio, como la amenaza de nuevos entrantes, el poder de los compradores, los proveedores, los sustitutos y la competencia. Las TI pueden utilizarse para ganar ventaja competitiva, por ejemplo, mediante la implementación de sistemas innovadores o la mejora de procesos.

3. **Creación de Sistemas de Actividades**: Se trabaja en la creación de un sistema de actividades que responda a la propuesta de valor. Esto implica integrar las TI en los procesos empresariales para apoyar la creación de valor. Por ejemplo, un sistema de gestión de clientes (CRM) puede ayudar a personalizar la experiencia del cliente, mejorando así la propuesta de valor.

4",30.01,Sistemas Estratégicos Empresariales,MC1101,
deepseek-r1-14b-f16,open_ended,¿Qué tipos de sistemas de información se estudian como referentes de manejo interno y externo?,"En el curso Sistemas Estratégicos Empresariales de la Maestría en Gerencia de Tecnologías de la Información, ¿Qué tipos de sistemas de información se estudian como referentes de manejo interno y externo?

Da una respuesta completa y explicativa.","Los sistemas ERP, CRM y SCM.","En el curso **Sistemas Estratégicos Empresariales** de la Maestría en Gerencia de Tecnologías de la Información, se estudian varios tipos de sistemas de información que actúan como referentes para el manejo interno y externo de las empresas. Estos sistemas incluyen:

1. **Sistemas de Planificación de Recursos Empresariales (ERP)**:
   - Estos sistemas integran y gestionan información de diferentes departamentos de una empresa, como finanzas, ventas, compras y producción. Su objetivo principal es mejorar la eficiencia y la toma de decisiones mediante la integración de datos en tiempo real.

2. **Sistemas de Administración de la Cadena de Suministro (SCM)**:
   - Se enfocan en gestionar la cadena de suministro, desde los proveedores hasta el cliente final. Facilitan la planificación, el seguimiento y la optimización de los procesos logísticos y de almacenamiento.

3. **Sistemas de Administración de Relación con el Cliente (CRM)**:
   - Estos sistemas ayudan a gestionar las relaciones con los clientes, desde la captación hasta el servicio postventa. Proporcionan herramientas para el seguimiento de interacciones, el análisis de datos y la personalización de experiencias.

4. **Sistemas de Gestión de Conoc",29.97,Sistemas Estratégicos Empresariales,MC1101,
deepseek-r1-14b-f16,open_ended,¿Qué fuerzas competitivas influyen en la dinámica de una industria según Michael Porter?,"En el curso Sistemas Estratégicos Empresariales de la Maestría en Gerencia de Tecnologías de la Información, ¿Qué fuerzas competitivas influyen en la dinámica de una industria según Michael Porter?

Da una respuesta completa y explicativa.","La amenaza de nuevos entrantes, el poder de compradores y proveedores, los sustitutos y la rivalidad entre competidores.","En el curso ""Sistemas Estratégicos Empresariales"" de la Maestría en Gerencia de Tecnologías de la Información, las fuerzas competitivas que influyen en la dinámica de una industria, según Michael Porter, son las siguientes:

1. ** Amenaza de nuevos entrantes**: La facilidad con la que empresas nuevas pueden ingresar al mercado y competir con las empresas existentes. Esto depende de factores como los costos de entrada, las barreras regulatorias y la disponibilidad de recursos.

2. ** Poder de los compradores**: La capacidad de los compradores de negociar precios más bajos o exigir mejores condiciones debido a la existencia de alternativas o la concentración de la demanda.

3. ** Poder de los proveedores**: La capacidad de los proveedores de negociar precios más altos o imponer condiciones debido a la dependencia de los compradores de sus productos o servicios.

4. ** Amenaza de sustitutos**: La posibilidad de que los consumidores opten por productos o servicios alternativos que cumplan la misma función que los ofrecidos por las empresas de la industria.

5. ** Competencia entre rivales**: La intensidad de la competencia entre las empresas ya establecidas en el mercado, lo que puede afectar los precios, las inversiones y los márgenes de ganancia.

Estas fuerzas, conocidas",30.01,Sistemas Estratégicos Empresariales,MC1101,
deepseek-r1-14b-f16,open_ended,¿Qué papel desempeña la investigación en la metodología de enseñanza de este curso?,"En el curso Sistemas Estratégicos Empresariales de la Maestría en Gerencia de Tecnologías de la Información, ¿Qué papel desempeña la investigación en la metodología de enseñanza de este curso?

Da una respuesta completa y explicativa.",Permite al estudiante profundizar en fundamentos y tendencias mediante la creación de un estado del arte de sistemas empresariales.,"En el curso ""Sistemas Estratégicos Empresariales"" de la Maestría en Gerencia de Tecnologías de la Información, la investigación desempeña un papel fundamental en la metodología de enseñanza. Esto se refleja de manera clara en los siguientes aspectos:

1. **Desarrollo de Competencias Investigativas**: El curso está diseñado para que los estudiantes adquieran habilidades en la creación de un estado del arte, lo que implica una revisión exhaustiva de la literatura existente en la temática de los sistemas empresariales. Esto les permite comprender las tendencias actuales y los avances en la disciplina.

2. **Aplicación Práctica del Conocimiento**: La investigación no solo se limita a la teoría, sino que también se aplica en la resolución de casos y problemas reales. A través de la investigación, los estudiantes pueden analizar situaciones empresariales complejas y proponer soluciones basadas en evidencia.

3. **Enfoque en la Resolución de Problemas**: La metodología del curso utiliza la investigación como herramienta clave para abordar problemas estratégicos. Los estudiantes son animados a enfrentar desafíos empresariales mediante la aplicación de conceptos teóricos y el análisis de datos.

4. **Integración con la Práctica**: La investigación se",30.05,Sistemas Estratégicos Empresariales,MC1101,
deepseek-r1-14b-f16,open_ended,¿Cómo se vincula el conocimiento teórico con la práctica real en este programa?,"En el curso Sistemas Estratégicos Empresariales de la Maestría en Gerencia de Tecnologías de la Información, ¿Cómo se vincula el conocimiento teórico con la práctica real en este programa?

Da una respuesta completa y explicativa.",A través de una investigación aplicada donde el estudiante enfrenta un problema real de una empresa utilizando los conocimientos adquiridos.,"En el curso ""Sistemas Estratégicos Empresariales"" de la Maestría en Gerencia de Tecnologías de la Información, el conocimiento teórico se vincula con la práctica real a través de una metodología que combina exposiciones magistrales, casos de estudio, investigación bibliográfica y aplicación práctica. Esto se logra a través de los siguientes componentes:

1. **Exposiciones Magistrales**: Los profesores imparten clases teóricas que introducen los conceptos fundamentales, como las fuerzas competitivas, la creación de valor, los sistemas empresariales y las tendencias tecnológicas. Esto forma la base teórica necesaria para entender los temas.

2. **Casos de Estudio**: Los estudiantes analizan casos reales que ilustran la aplicación de los conceptos teóricos en contextos empresariales. Esto permite comprender cómo se enfrentan y resuelven problemas en situaciones similares a las del mundo real.

3. **Investigación Bibliográfica**: Los estudiantes realizan investigaciones sobre temas específicos, lo que los lleva a explorar artículos, libros y estudios recientes. Esto fortalece su comprensión teórica y les permite actualizar sus conocimientos con las tendencias más actuales.

4. **Aplicación Práctica**: A través de la Investigación Aplicada,",29.96,Sistemas Estratégicos Empresariales,MC1101,
deepseek-r1-14b-f16,open_ended,¿Qué modelos complementarios a las fuerzas de Porter se analizan para el uso estratégico de TI?,"En el curso Sistemas Estratégicos Empresariales de la Maestría en Gerencia de Tecnologías de la Información, ¿Qué modelos complementarios a las fuerzas de Porter se analizan para el uso estratégico de TI?

Da una respuesta completa y explicativa.",El modelo basado en recursos (Resource Based View) y la competencia por capacidades.,"En el curso ""Sistemas Estratégicos Empresariales"" de la Maestría en Gerencia de Tecnologías de la Información, se analizan los siguientes modelos complementarios a las fuerzas de Porter para el uso estratégico de TI:

1. **Modelos basados en recursos (Resource-Based View - RBV):**  
   Estos modelos se centran en los activos y capacidades únicas de una empresa que pueden proporcionar una ventaja competitiva. Se analiza cómo la tecnología de la información puede actuar como un recurso estratégico, permitiendo a las empresas diferenciarse y mejorar su rendimiento.

2. **Modelos de cadena de valor (Value Chain):**  
   Introducidos por Michael Porter, estos modelos ayudan a identificar las actividades principales y auxiliares de una empresa, y cómo la tecnología puede optimizar estas actividades para crear valor.

3. **Modelos de alineación estratégica (Strategy-Technology Fit):**  
   Se estudian cómo la tecnología debe alinearse con la estrategia empresarial para maximizar el impacto. Esto incluye la adopción de tecnologías que respalden las metas y objetivos de la empresa.

4. **Modelos de gestión de la innovación tecnológica:**  
   Se analizan frameworks que describen cómo las empresas pueden gestionar el desarrollo y adopción de tecnologías",30.21,Sistemas Estratégicos Empresariales,MC1101,
deepseek-r1-14b-f16,open_ended,¿Qué elementos componen el enfoque integrado del proceso de gestión de TI?,"En el curso Gerencia de Tecnología de Información de la Maestría en Gerencia de Tecnologías de la Información, ¿Qué elementos componen el enfoque integrado del proceso de gestión de TI?

Da una respuesta completa y explicativa.","La combinación de cuatro factores clave: personas, procesos, herramientas y proveedores.","En el curso Gerencia de Tecnología de Información de la Maestría en Gerencia de Tecnologías de la Información, el enfoque integrado del proceso de gestión de TI se compone de los siguientes elementos:

1. **Personas**: Incluye la gestión de los recursos humanos, roles y responsabilidades, capacitación y desarrollo profesional de los empleados.

2. **Procesos**: Refiere a los flujos de trabajo, políticas, procedimientos y estándares que guían la operación y mejora continua de los servicios de TI.

3. **Herramientas**: Se refiere a las tecnologías y sistemas utilizados para realizar actividades de gestión, como software de gestión, plataformas de monitoreo y herramientas de análisis.

4. **Proveedores**: Involucra la gestión de relaciones con proveedores, contratos, servicios y la tercerización de funciones TI.

Este enfoque busca integrar estos cuatro elementos para lograr una gestión eficiente y efectiva de la tecnología de la información en las organizaciones.",25.07,Gerencia de Tecnología de Información,MC1103,
deepseek-r1-14b-f16,open_ended,¿Cuáles son los equilibrios críticos que un líder de TI debe buscar permanentemente?,"En el curso Gerencia de Tecnología de Información de la Maestría en Gerencia de Tecnologías de la Información, ¿Cuáles son los equilibrios críticos que un líder de TI debe buscar permanentemente?

Da una respuesta completa y explicativa.","El balance entre innovación y gestión de riesgos, y entre ser agente de cambio y mantener la operación impecable.","En el curso de **Gerencia de Tecnología de Información** de la Maestría en Gerencia de Tecnologías de la Información, los equilibrios críticos que un líder de TI debe buscar permanentemente son:

1. **Innovación vs. Gestión de Riesgos**  
   Un líder de TI debe equilibrar la necesidad de innovar con la gestión adecuada de los riesgos asociados. Esto implica adoptar tecnologías nuevas y emergentes para mejorar la competitividad de la organización, pero también asegurarse de que estas tecnologías sean seguras, estables y no comprometan los procesos existentes.

2. **Cambio vs. Mantenimiento**  
   Es fundamental mantener la operación de los sistemas actuales a un nivel impecable mientras promueve el cambio y la adaptación a nuevas tecnologías. Esto requiere una planificación cuidadosa para evitar interrupciones y garantizar la连续idad de los servicios.

3. **Incorporación de Nuevas Tecnologías vs. Reducción de Costos**  
   Un líder de TI debe buscar la incorporación de tecnologías innovadoras para mejorar la eficiencia y el valor agregado, sin olvidar la necesidad de reducir costos y optimizar recursos. Este equilibrio implica una evaluación constante de la relación costo-beneficio de",30.03,Gerencia de Tecnología de Información,MC1103,
deepseek-r1-14b-f16,open_ended,¿Qué diferencia establece el curso entre administración y gobernanza de TI?,"En el curso Gerencia de Tecnología de Información de la Maestría en Gerencia de Tecnologías de la Información, ¿Qué diferencia establece el curso entre administración y gobernanza de TI?

Da una respuesta completa y explicativa.","Se analizan como conceptos distintos, estudiando la gobernanza a través de arquetipos y mecanismos de la matriz de Weill.","En el curso de **Gerencia de Tecnología de Información** de la Maestría en Gerencia de Tecnologías de la Información, se establece una diferencia clara entre **administración** y **gobernanza** de TI. 

La **administración** de TI se centra en la gestión diaria de los recursos tecnológicos, la planificación, la dirección y el control de los procesos operativos de la tecnología de la información. Esto incluye actividades como la asignación de presupuestos, la gestión de proyectos, la optimización de recursos y la resolución de problemas técnicos. La administración busca asegurar que los sistemas funcionen eficientemente y que las necesidades de la organización se cumplan.

Por otro lado, la **gobernanza** de TI se enfoca en la dirección estratégica y el establecimiento de políticas que guíen la utilización de la tecnología de manera coherente con los objetivos y valores de la organización. Esto implica tomar decisiones sobre cómo la tecnología debe ser utilizada, cómo se gestionan los riesgos, y cómo se alinean los recursos tecnológicos con las prioridades estratégicas de la empresa. La gobernanza busca asegurar que la tecnología contribuya al logro de los objetivos de la organización de manera sostenible y responsable.

En resumen, mientras la administración de TI es una función operativa que se",29.99,Gerencia de Tecnología de Información,MC1103,
deepseek-r1-14b-f16,open_ended,¿Qué modelos de tercerización de servicios se introducen en el contenido?,"En el curso Gerencia de Tecnología de Información de la Maestría en Gerencia de Tecnologías de la Información, ¿Qué modelos de tercerización de servicios se introducen en el contenido?

Da una respuesta completa y explicativa.","SaaS, IaaS y PaaS, junto con los factores críticos de éxito para su gestión.","En el curso de **Gerencia de Tecnología de Información** de la Maestría en Gerencia de Tecnologías de la Información, se introducen varios modelos de tercerización de servicios. Estos modelos son parte del contenido del curso y están relacionados con la gestión y administración de servicios de TI. A continuación, se detallan los modelos más relevantes:

1. **SaaS (Software as a Service)**:
   - **Descripción**: Modelo en el que los servicios de software se ofrecen a través de internet, generalmente bajo un modelo de suscripción.
   - **Características**: El proveedor maneja la infraestructura y el software, y el cliente solo necesita una conexión a internet para acceder a los servicios.

2. **IaaS (Infrastructure as a Service)**:
   - **Descripción**: Modelo que proporciona acceso a infraestructura computacional, como servidores y almacenamiento, a través de internet.
   - **Características**: El cliente gestiona el sistema operativo, aplicaciones y datos, mientras que el proveedor se encarga de la infraestructura física.

3. **PaaS (Platform as a Service)**:
   - **Descripción**: Modelo que ofrece una plataforma para desarrollar, probar y deployar aplicaciones sin necesidad de gestionar la infraestructura subyacente.
   - **Características**: Ideal para desarrolladores que necesitan",29.95,Gerencia de Tecnología de Información,MC1103,
deepseek-r1-14b-f16,open_ended,¿Cómo se utiliza la metodología de casos para fomentar el aprendizaje socio-constructivista?,"En el curso Gerencia de Tecnología de Información de la Maestría en Gerencia de Tecnologías de la Información, ¿Cómo se utiliza la metodología de casos para fomentar el aprendizaje socio-constructivista?

Da una respuesta completa y explicativa.","Mediante estudio individual, análisis grupal y sesiones plenarias de discusión sobre casos comprensivos.","En el curso de **Gerencia de Tecnología de Información** de la Maestría en Gerencia de Tecnologías de la Información, la metodología de casos se utiliza de manera efectiva para fomentar el aprendizaje socio-constructivista. Esta metodología se basa en el enfoque de aprendizaje activo, donde los estudiantes no solo reciben información, sino que también participan activamente en la construcción de conocimientos a través de la resolución de problemas reales o hipotéticos.

### Cómo se utiliza la metodología de casos:

1. **Análisis Individual Inicial**:
   - Los estudiantes comienzan estudiando un caso asignado de manera individual. Esto les permite adquirir una comprensión básica del problema planteado y reflexionar sobre cómo abordarlo.

2. **Discusión en Grupos**:
   - Posteriormente, los estudiantes se reúnen en grupos para compartir sus ideas y análisis. Este intercambio de perspectivas fomenta el diálogo colaborativo y permite que los estudiantes aprendan de la experiencia de sus compañeros.

3. **Resolución Colectiva del Caso**:
   - El grupo trabaja juntos para desarrollar una solución integral al caso. Este proceso implica la integración de diferentes conceptos y herramientas aprendidas en el curso, lo que fortalece su aplicación práctica.

4",30.02,Gerencia de Tecnología de Información,MC1103,
deepseek-r1-14b-f16,open_ended,¿Qué herramientas pedagógicas deben elaborar los estudiantes para demostrar la asimilación semanal de la teoría?,"En el curso Gerencia de Tecnología de Información de la Maestría en Gerencia de Tecnologías de la Información, ¿Qué herramientas pedagógicas deben elaborar los estudiantes para demostrar la asimilación semanal de la teoría?

Da una respuesta completa y explicativa.","Mapas mentales, conceptuales, infografías o cuadros sinópticos basados en la bibliografía.","En el curso de **Gerencia de Tecnología de Información** de la Maestría en Gerencia de Tecnologías de la Información, los estudiantes deben elaborar **mapas mentales, mapas conceptuales, esquemas de ideas, infografías o cuadros sinópticos** para demostrar la asimilación semanal de la teoría.",14.98,Gerencia de Tecnología de Información,MC1103,
deepseek-r1-14b-f16,open_ended,¿Qué abarca la gestión de recursos financieros invertidos en TI?,"En el curso Administración Financiera de TI de la Maestría en Gerencia de Tecnologías de la Información, ¿Qué abarca la gestión de recursos financieros invertidos en TI?

Da una respuesta completa y explicativa.","La planificación, operación, control, evaluación y toma de decisiones fundamentadas en información financiera.","La gestión de recursos financieros invertidos en TI abarca la planificación, operación, control, evaluación y toma de decisiones fundamentadas en información financiera, con el fin de optimizar los recursos asignados y mitigar los riesgos asociados a las inversiones en proyectos y servicios de tecnología de información. Esto incluye la entrega de los beneficios acordados a través de la optimización de los recursos y la gestión de riesgos.",16.02,Administración Financiera de TI,MC1201,
deepseek-r1-14b-f16,open_ended,¿Cuál es el objetivo final de aplicar finanzas a los proyectos y servicios de TI?,"En el curso Administración Financiera de TI de la Maestría en Gerencia de Tecnologías de la Información, ¿Cuál es el objetivo final de aplicar finanzas a los proyectos y servicios de TI?

Da una respuesta completa y explicativa.",Optimizar los recursos asignados y gestionar los riesgos inherentes a las inversiones tecnológicas.,"En el curso **Administración Financiera de Tecnologías de la Información** de la Maestría en Gerencia de Tecnologías de la Información, el objetivo final de aplicar finanzas a los proyectos y servicios de TI es **garantizar la optimización de los recursos financieros asignados, asegurando que los beneficios obtenidos superen los costos asociados y minimizando los riesgos inherentes a las inversiones en tecnología de la información**. Esto se logra a través de la planificación, operación, control, evaluación y toma de decisiones fundamentadas en información financiera, con el fin de maximizar el valor generado para la organización.",19.33,Administración Financiera de TI,MC1201,
deepseek-r1-14b-f16,open_ended,¿Qué áreas de la contabilidad se estudian para respaldar la operación técnica?,"En el curso Administración Financiera de TI de la Maestría en Gerencia de Tecnologías de la Información, ¿Qué áreas de la contabilidad se estudian para respaldar la operación técnica?

Da una respuesta completa y explicativa.","Contabilidad financiera (activos, pasivos, capital), análisis financiero (razones financieras) y contabilidad de costos.","En el curso **Administración Financiera de Tecnologías de la Información** de la Maestría en Gerencia de Tecnologías de la Información, se estudian varias áreas de la contabilidad que respaldan la operación técnica. Estas áreas incluyen:

1. **Contabilidad Financiera**:
   - Conceptos y tipos de contabilidad.
   - Sistema contable y ciclo contable.
   - Estructura de los estados financieros principales (balance general, estado de resultados, estado de flujo de efectivo).
   - Normas internacionales de información financiera (IFRS).

2. **Análisis Financiero**:
   - Bases del análisis financiero.
   - Análisis porcentual y razones financieras clave.
   - Análisis de la operación de Tecnologías de la Información (TI).

3. **Contabilidad de Costos**:
   - Conceptos introductorios y sistema de costeo.
   - Elementos de costeo para productos y servicios.
   - Costos en la operación de TI.

4. **Presupuestos**:
   - Conceptos y metodologías de elaboración de presupuestos.
   - Presupuestos para la operación de TI.

5. **Formulación y Evaluación Financiera de Proyectos**:
   - Formulación de proyectos de TI.
   - Evaluación financiera de",29.91,Administración Financiera de TI,MC1201,
deepseek-r1-14b-f16,open_ended,¿Cómo se integra el presupuesto en la administración de la función de información?,"En el curso Administración Financiera de TI de la Maestría en Gerencia de Tecnologías de la Información, ¿Cómo se integra el presupuesto en la administración de la función de información?

Da una respuesta completa y explicativa.",Mediante el estudio de metodologías de elaboración presupuestaria específicas para la operación de TI.,"En el curso ""Administración Financiera de Tecnologías de la Información"" de la Maestría en Gerencia de Tecnologías de la Información, el presupuesto se integra en la administración de la función de información de manera integral y estratégica. A continuación, se detalla cómo se aborda este tema en el curso:

1. **Planeación y Alineación con la Estrategia**:
   - Se enseña a los estudiantes a alinear el presupuesto de TI con los objetivos estratégicos de la organización. Esto implica identificar cómo los proyectos y servicios de TI contribuyen al logro de los objetivos empresariales.

2. **Definición de Prioridades**:
   - Se trabaja en la identificación de proyectos y actividades clave que requieren financiamiento, basándose en su impacto en la estrategia y la mejora de la competitividad.

3. **Gestión de Portafolio de Proyectos**:
   - Los estudiantes aprenden a gestionar un portafolio de proyectos, priorizando aquellos que ofrecen mayor valor y asegurando que el presupuesto se distribuya de manera eficiente.

4. **Control y Evaluación**:
   - Se implementan mecanismos de control para monitorear el uso del presupuesto, evaluar el rendimiento de los proyectos y ajustar los recursos según sea necesario.

5. **Opt",29.99,Administración Financiera de TI,MC1201,
deepseek-r1-14b-f16,open_ended,¿Qué estándares internacionales se referencian para la gestión de costos?,"En el curso Administración Financiera de TI de la Maestría en Gerencia de Tecnologías de la Información, ¿Qué estándares internacionales se referencian para la gestión de costos?

Da una respuesta completa y explicativa.",El dominio APO06 de COBIT 5.0 y los procesos de estrategia de servicios de ITIL 2011.,"En el curso **Administración Financiera de Tecnologías de la Información** de la Maestría en Gerencia de Tecnologías de la Información, se mencionan los siguientes estándares internacionales relacionados con la gestión de costos:

1. **Normas Internacionales de Información Financiera (IFRS)**:  
   - Estas normas proporcionan un marco global para la presentación de información financiera, lo que facilita la comparabilidad entre empresas de diferentes países.

2. **Normas de Contabilidad para las Empresas (GAAP)**:  
   - Aunque se centra en Estados Unidos, GAAP es ampliamente utilizado y reconocido internacionalmente para la contabilidad y la gestión de costos.

3. **Control de Costos en Proyectos (CMMI)**:  
   - Este marco se enfoca en la mejora de los procesos de gestión de proyectos, incluyendo la gestión de costos, lo que permite a las organizaciones alcanzar niveles de madurez en sus procesos.

4. **Marco de Gestión de Proyectos (PMBOK)**:  
   - PMBOK es un estándar ampliamente utilizado para la gestión de proyectos, que incluye metodologías para el control y gestión de costos.

5. **Marco de Gestión de la Cadena de Suministro (SCM)**:",30.22,Administración Financiera de TI,MC1201,
deepseek-r1-14b-f16,open_ended,¿En qué tipo de actividades se concentra la evaluación del curso?,"En el curso Administración Financiera de TI de la Maestría en Gerencia de Tecnologías de la Información, ¿En qué tipo de actividades se concentra la evaluación del curso?

Da una respuesta completa y explicativa.","En exámenes parciales, investigación bibliográfica, comprobaciones de lectura y trabajo en clase.","La evaluación del curso de **Administración Financiera de Tecnologías de la Información** en la Maestría en Gerencia de Tecnologías de la Información se concentra en actividades específicas que integran tanto el componente teórico como práctico del curso. Estas actividades buscan evaluar la comprensión de los estudiantes sobre los conceptos clave de gestión financiera en TI, su capacidad para aplicar estos conceptos en situaciones reales y su habilidad para realizar investigaciones y presentaciones.

### Componentes de la Evaluación:
1. **Investigación Práctica Aplicada 1 (50%)**:
   - Los estudiantes desarrollan un proyecto de investigación que involucra la aplicación de conceptos financieros y de gestión en un entorno tecnológico. Esto puede incluir el análisis de presupuestos, costos, beneficios y la evaluación de proyectos de TI.

2. **Investigación Práctica Aplicada 2 (50%)**:
   - Similar al primer proyecto, pero con un enfoque más avanzado o en un contexto diferente. Esto permite a los estudiantes profundizar en temas específicos y demostrar su capacidad para manejar situaciones complejas en la gestión financiera de TI.

### Detalles de la Evaluación:
- **Investigación Práctica Aplicada 1 y 2**: Cada proyecto debe incluir un análisis",30.22,Administración Financiera de TI,MC1201,
deepseek-r1-14b-f16,open_ended,¿Por qué la gestión de proyectos es una competencia indispensable para un gerente de TI?,"En el curso Administración y Estrategia de Proyectos I de la Maestría en Gerencia de Tecnologías de la Información, ¿Por qué la gestión de proyectos es una competencia indispensable para un gerente de TI?

Da una respuesta completa y explicativa.",Porque las transformaciones modernas de las organizaciones se ejecutan a través de proyectos tecnológicos exitosos.,"La gestión de proyectos es una competencia indispensable para un gerente de TI porque permite alinear las tecnologías de información con los objetivos estratégicos de la organización, asegurando el éxito de las iniciativas tecnológicas y la consecución de los resultados esperados. A continuación, una explicación detallada:

1. **Alineación con la Estrategia**: Los proyectos de TI son esenciales para impulsar la transformación digital y alcanzar los objetivos empresariales. Un gerente de TI debe gestionar estos proyectos para asegurar que estén alineados con la estrategia general de la empresa, lo que implica comprender las necesidades del negocio y traducirlas en proyectos tecnológicos relevantes.

2. **Ejecución Efectiva**: La gestión de proyectos asegura que los recursos se utilicen de manera eficiente y que los proyectos se ejecuten dentro de los plazos y presupuestos establecidos. Esto incluye la planificación, asignación de tareas, monitoreo del progreso y resolución de problemas, habilidades cruciales para cualquier gerente de TI.

3. **Mejora de la Calidad y el Rendimiento**: A través de metodologías como PMBOK, PRINCE2 o ágil, los gerentes de TI pueden implementar prácticas que mejoren la calidad de los proyectos y aseguren que los",30.33,Administración y Estrategia de Proyectos I,MC1203,
deepseek-r1-14b-f16,open_ended,¿Qué componentes estratégicos se analizan en las fases iniciales de un proyecto?,"En el curso Administración y Estrategia de Proyectos I de la Maestría en Gerencia de Tecnologías de la Información, ¿Qué componentes estratégicos se analizan en las fases iniciales de un proyecto?

Da una respuesta completa y explicativa.","El análisis de factibilidad, las condiciones de inicio y la planificación de alcance, calidad y costos.","En el curso **Administración y Estrategia de Proyectos I** de la Maestría en Gerencia de Tecnologías de la Información, los componentes estratégicos que se analizan en las fases iniciales de un proyecto son los siguientes:

1. **Enlace Estratégico de los Proyectos en TI**:
   - Se estudia cómo los proyectos se alinean con los objetivos estratégicos de la organización, asegurando que los esfuerzos en tecnología de la información (TI) contribuyan a los resultados empresariales.

2. **Análisis del Entorno en Proyectos**:
   - Se evalúa el entorno interno y externo que puede afectar el proyecto, identificando factores como la disponibilidad de recursos, la cultura organizacional y los factores regulatorios.

3. **Gestión de Portafolios y Programas**:
   - Se aborda la importancia de gestionar un portafolio de proyectos para priorizar y seleccionar aquellos que maximicen el valor para la organización, utilizando frameworks como el modelo OPM3.

4. **La Oficina de Proyectos y su Papel en las Organizaciones**:
   - Se analiza el rol de la oficina de proyectos (Project Management Office, PMO) en la estandarización de procesos, el apoyo a los proyectos y la mejora continua",30.18,Administración y Estrategia de Proyectos I,MC1203,
deepseek-r1-14b-f16,open_ended,¿Cómo ha evolucionado la orientación de la gestión de proyectos según el curso?,"En el curso Administración y Estrategia de Proyectos I de la Maestría en Gerencia de Tecnologías de la Información, ¿Cómo ha evolucionado la orientación de la gestión de proyectos según el curso?

Da una respuesta completa y explicativa.",Ha pasado de una orientación basada exclusivamente en planes hacia una orientación ágil.,"En el curso ""Administración y Estrategia de Proyectos I"" de la Maestría en Gerencia de Tecnologías de la Información, la evolución de la orientación de la gestión de proyectos se centra en la adaptación y mejora continua de las metodologías y herramientas utilizadas para abordar los desafíos actuales en el entorno tecnológico. 

El curso inicia con una introducción a los conceptos fundamentales de la gestión de proyectos, como los marcos de trabajo clásicos (PMBOK, PRINCE2, IPMA y CMMI), que proporcionan una base sólida para la planificación, ejecución y control de proyectos. Sin embargo, se hace hincapié en la evolución hacia enfoques más ágiles y ágil-híbridos, que responden a la necesidad de mayor flexibilidad y adaptabilidad en un entorno dinámico y tecnológicamente avanzado.

La orientación estratégica se refuerza a través de la analítica de factibilidad, la formulación de casos de negocio y la identificación de proyectos que alineen los objetivos tecnológicos con las estrategias organizacionales. Además, se aborda la importancia de la gestión del riesgo, la calidad y los costos, lo que permite una toma de decisiones más informada y eficiente.

Finalmente, el curso",29.93,Administración y Estrategia de Proyectos I,MC1203,
deepseek-r1-14b-f16,open_ended,¿Qué papel desempeña la Oficina de Proyectos (PMO) en las organizaciones modernas?,"En el curso Administración y Estrategia de Proyectos I de la Maestría en Gerencia de Tecnologías de la Información, ¿Qué papel desempeña la Oficina de Proyectos (PMO) en las organizaciones modernas?

Da una respuesta completa y explicativa.",Actúa como soporte estratégico para la gestión de portafolios y programas bajo modelos como OPM3.,"En el curso ""Administración y Estrategia de Proyectos I"" de la Maestría en Gerencia de Tecnologías de la Información, la Oficina de Proyectos (PMO) desempeña un papel crucial en las organizaciones modernas. Su función principal es actuar como un centro de excelencia en la gestión de proyectos, proporcionando dirección, soporte y estandarización en la gestión de iniciativas tecnológicas. La PMO asegura que los proyectos se alineen con los objetivos estratégicos de la organización, promoviendo una visión uniforme y mejorando la capacidad de respuesta a los cambios.

La PMO también coordina recursos, fomenta la colaboración entre equipos y asegura que las mejores prácticas se implementen consistentemente. Además, actúa como un punto de referencia para la toma de decisiones, el monitoreo del progreso y la resolución de conflictos. Su papel es esencial para maximizar el valor generado por los proyectos y garantizar el éxito de las iniciativas tecnológicas en la organización.",25.24,Administración y Estrategia de Proyectos I,MC1203,
deepseek-r1-14b-f16,open_ended,¿En qué consiste el proceso de formulación de un caso de negocio efectivo?,"En el curso Administración y Estrategia de Proyectos I de la Maestría en Gerencia de Tecnologías de la Información, ¿En qué consiste el proceso de formulación de un caso de negocio efectivo?

Da una respuesta completa y explicativa.",En el desarrollo de herramientas y dimensiones de decisión para presentar resultados sólidos de una idea de proyecto.,"En el curso ""Administración y Estrategia de Proyectos I"" de la Maestría en Gerencia de Tecnologías de la Información, el proceso de formulación de un caso de negocio efectivo consiste en varios pasos clave que aseguran que el proyecto sea bien definido, alineado con los objetivos estratégicos de la organización y viable tanto técnicamente como financieramente. Aquí están los componentes principales:

1. **Identificación de la Idea Inicial**: El proceso comienza con la identificación de una idea o necesidad que pueda ser abordada mediante un proyecto. Esto puede surgir de una oportunidad de mercado, un problema identificado dentro de la organización o una mejora propuesta en los procesos actuales.

2. **Análisis de Factibilidad**: En este paso, se evalúa si el proyecto es técnicamente viable, económicamente rentable y alineado con los objetivos de la organización. Se realizan estudios de mercado, análisis de recursos disponibles y评估 de los riesgos potenciales.

3. **Definición del Caso de Negocio**: Se elabora un documento que describe el proyecto en detalle, incluyendo:
   - **Problema o Oportunidad**: Una descripción clara del problema que busca resolverse o la oportunidad que se pretende explotar.
   - **Propuesta de Solución**: Una descri",29.87,Administración y Estrategia de Proyectos I,MC1203,
deepseek-r1-14b-f16,open_ended,¿Qué dilemas se presentan comúnmente en la gestión de la calidad de proyectos de TI?,"En el curso Administración y Estrategia de Proyectos I de la Maestría en Gerencia de Tecnologías de la Información, ¿Qué dilemas se presentan comúnmente en la gestión de la calidad de proyectos de TI?

Da una respuesta completa y explicativa.",La aplicación del concepto de deuda técnica y el equilibrio entre procesos de gestión e ingeniería.,"En el curso ""Administración y Estrategia de Proyectos I"" de la Maestría en Gerencia de Tecnologías de la Información, los dilemas comunes en la gestión de la calidad de proyectos de TI incluyen:

1. **Balance entre Calidad y Tiempo/Costo**: Asegurar la calidad del proyecto puede requerir más tiempo y recursos, lo que puede entrar en conflicto con los plazos y presupuestos establecidos.

2. **Definición Fuzzy de la Calidad**: La calidad puede ser subjetiva y variar según las perspectivas de los stakeholders, lo que dificulta su medición y gestión.

3. **Adopción de Técnicas de Gestión de Calidad**: La implementación de metodologías como PMBOK, PRINCE2 o ágil puede enfrentar resistencia o falta de familiaridad por parte del equipo.

4. **Comunicación entre los Equipos**: La falta de comunicación clara entre los equipos de desarrollo, los testers y los stakeholders puede afectar la calidad del proyecto.

5. **Priorización de Defectos**: Decidir cuáles defectos priorizar para corregir puede ser complicado, especialmente cuando hay múltiples problemas que competir por recursos limitados.

6. **Integración con otros Procesos de Gestión**: La gestión de la calidad debe integrarse con otros procesos como el plan",30.0,Administración y Estrategia de Proyectos I,MC1203,
deepseek-r1-14b-f16,open_ended,¿Qué elementos integran el marco filosófico de un negocio necesario para la planificación?,"En el curso Planificación Estratégica de TI de la Maestría en Gerencia de Tecnologías de la Información, ¿Qué elementos integran el marco filosófico de un negocio necesario para la planificación?

Da una respuesta completa y explicativa.","Análisis FODA, misión, visión, valores, objetivos, estrategias, políticas y metas.","En el curso de **Planificación Estratégica de Tecnologías de la Información** de la Maestría en Gerencia de Tecnologías de la Información, el marco filosófico de un negocio necesario para la planificación estratégica de TI integra varios elementos clave que se detallan a continuación:

### 1. **Análisis de la Visión del Negocio**
   - **Definición de la Misión y Visión**: Se identifican los objetivos a largo plazo y los valores fundamentales de la organización.
   - **Análisis de la Industria y el Mercado**: Se evalúan las tendencias, competidores y oportunidades del mercado para entender el entorno en el que opera la empresa.
   - **Análisis de la Función de TI**: Se realiza un diagnóstico de la situación actual de la tecnología de la información, incluyendo sus fortalezas, debilidades y gaps.

### 2. **Estrategias y Objetivos**
   - **Definición de Estrategias**: Se establecen las líneas generales de acción para alinear la tecnología con los objetivos empresariales.
   - **Establecimiento de Metas y Objetivos**: Se definen metas específicas, medibles y temporales que guíen el desarrollo de la planificación estratégica de TI.

### 3.",29.98,Planificación Estratégica de TI,MC2301,
deepseek-r1-14b-f16,open_ended,¿Qué factores se consideran para derivar el plan de información desde el modelo de negocio?,"En el curso Planificación Estratégica de TI de la Maestría en Gerencia de Tecnologías de la Información, ¿Qué factores se consideran para derivar el plan de información desde el modelo de negocio?

Da una respuesta completa y explicativa.","Tendencias tecnológicas, procesos de negocio, arquitectura de aplicaciones y proyección de inversión.","En el curso de **Planificación Estratégica de Tecnología de la Información** de la Maestría en Gerencia de Tecnologías de la Información, los siguientes factores se consideran para derivar el plan de información desde el modelo de negocio:

1. **Análisis de la Visión y Misión de la Empresa**:
   - Se identifican los objetivos estratégicos de la organización y cómo la tecnología de la información (TI) puede apoyar la consecución de estos objetivos.

2. **Tendencias de la Tecnología de la Información**:
   - Se evalúan las tendencias tecnológicas actuales y futuras que podrían impactar en la planificación estratégica de TI.

3. **Procesos de Negocio**:
   - Se analizan los procesos clave de la empresa para identificar dónde y cómo la TI puede mejorar su eficiencia y efectividad.

4. **Arquitectura Tecnológica**:
   - Se define la arquitectura tecnológica actual y futura, considerando la integración de sistemas y plataformas.

5. **Modelo Organizacional**:
   - Se estudia la estructura organizacional y cómo la función de TI se integra en ella, identificando roles y responsabilidades.

6. **Análisis de Riesgos**:
   - Se identifican los riesgos",30.01,Planificación Estratégica de TI,MC2301,
deepseek-r1-14b-f16,open_ended,¿Qué capacidad específica adquiere el estudiante al finalizar este programa?,"En el curso Planificación Estratégica de TI de la Maestría en Gerencia de Tecnologías de la Información, ¿Qué capacidad específica adquiere el estudiante al finalizar este programa?

Da una respuesta completa y explicativa.",La capacidad de desarrollar un plan estratégico de TI basado en lineamientos del negocio y mecanismos de priorización.,"En el curso de **Planificación Estratégica de Tecnologías de la Información** de la Maestría en Gerencia de Tecnologías de la Información, los estudiantes adquieren la capacidad específica de **desarrollar un plan estratégico de TI a partir de los lineamientos estratégicos del negocio, considerando tendencias tecnológicas, análisis de riesgos, priorización de proyectos y definición de presupuestos**. Esto les permite actuar como gestores eficientes de tecnología, contribuyendo a la alineación de las tecnologías de información con los objetivos organizacionales y mejorando la competitividad de la empresa.",18.81,Planificación Estratégica de TI,MC2301,
deepseek-r1-14b-f16,open_ended,¿Cómo se define el liderazgo y la administración desde la perspectiva del CIO?,"En el curso Planificación Estratégica de TI de la Maestría en Gerencia de Tecnologías de la Información, ¿Cómo se define el liderazgo y la administración desde la perspectiva del CIO?

Da una respuesta completa y explicativa.",Se analiza como la gestión de expectativas para lograr una empresa habilitada por TI bajo un gobierno sólido.,"En el curso ""Planificación Estratégica de Tecnología de la Información"" de la Maestría en Gerencia de Tecnologías de la Información, el liderazgo y la administración desde la perspectiva del Chief Information Officer (CIO) se definen de la siguiente manera:

### Liderazgo:
El liderazgo del CIO se centra en guiar y motivar a los equipos de tecnología para alinear sus esfuerzos con los objetivos estratégicos de la organización. Esto implica:
1. **Visión Estratégica**: El CIO debe tener una clara visión de cómo la tecnología puede impulsar el negocio, identificando oportunidades y amenazas tecnológicas.
2. **Alineación con la Estrategia Corporativa**: El CIO actúa como un enlace entre la tecnología y los objetivos empresariales, asegurando que las iniciativas tecnológicas contribuyan al éxito general de la empresa.
3. **Gestión de Proyectos**: Dirige proyectos tecnológicos críticos, asegurando que se cumplan los plazos, presupuestos y que se maximice el valor para la organización.
4. **Comunicación**: El CIO debe comunicar eficazmente con otros ejecutivos, traduciendo términos técnicos en beneficios negocio-related.
5. **Innovación**: Fomenta",30.03,Planificación Estratégica de TI,MC2301,
deepseek-r1-14b-f16,open_ended,¿Cómo se aborda el diagnóstico de la situación actual de TI?,"En el curso Planificación Estratégica de TI de la Maestría en Gerencia de Tecnologías de la Información, ¿Cómo se aborda el diagnóstico de la situación actual de TI?

Da una respuesta completa y explicativa.","Mediante el análisis de brecha, tendencias de organización de la función de TI y análisis de la industria.","En el curso de **Planificación Estratégica de Tecnologías de la Información** de la Maestría en Gerencia de Tecnologías de la Información, el diagnóstico de la situación actual de TI se aborda de manera integral y estructurada, con el fin de identificar las fortalezas, debilidades, oportunidades y amenazas que afectan a la función de TI en una organización. Este diagnóstico permite al estudiante comprender la realidad tecnológica de la empresa y establecer una base sólida para el desarrollo de un plan estratégico de TI.

### Métodos y Técnicas Utilizadas para el Diagnóstico

1. **Análisis de la Función de TI**:
   - **Recolección de Información**: Se realizan entrevistas con los principales actores de la organización, incluyendo al personal de TI, gerentes y usuarios finales, para obtener una visión detallada de la situación actual.
   - **Revisión Documental**: Se analizan documentos internos, como informes de auditoría, planes de TI existentes, y otros materiales relacionados con la función de TI.
   - **Análisis de Procesos**: Se identifican los procesos clave que utiliza la organización y se evalúa cómo la tecnología actual los soporta.

2. **Análisis de Riesgos**:
   -",29.92,Planificación Estratégica de TI,MC2301,
deepseek-r1-14b-f16,open_ended,¿Bajo qué condiciones específicas un estudiante puede reprobar el curso por asistencia?,"En el curso Planificación Estratégica de TI de la Maestría en Gerencia de Tecnologías de la Información, ¿Bajo qué condiciones específicas un estudiante puede reprobar el curso por asistencia?

Da una respuesta completa y explicativa.",Si acumula 4 faltas de asistencia injustificadas durante el semestre.,"En el curso ""Planificación Estratégica de Tecnología de la Información"" de la Maestría en Gerencia de Tecnologías de la Información, un estudiante puede reprobar el curso por asistencia bajo las siguientes condiciones específicas:

1. **Número de Faltas Justificadas**: El estudiante no puede tener más de 4 faltas injustificadas a las clases. Cada ausencia no justificada cuenta como una falta, y si supera este límite, automáticamente reprobara el curso por este motivo.

2. **Tardanzas Repetidas**: Si el estudiante llega tarde a más de 3 clases sin una justificación adecuada, también puede enfrentar reproba por asistencia. Se considera una tardanza si llega después de los 30 minutos posteriores a la hora oficial de inicio de la clase.

3. **Ausencias a Evaluaciones**: Si el estudiante ausentarse a cualquier evaluación importante, como exámenes parciales, presentaciones ofechas de proyectos, sin una justificación valida, puede resultar en una calificación de 0 en dicha evaluación, lo que afectaría significativamente su nota final y podría conducir a una reproba.

4. **Participación Activa en Clase**: Aunque no se menciona explicitamente en los documentos, la participación activa en clase es esencial. Si el est",29.98,Planificación Estratégica de TI,MC2301,
deepseek-r1-14b-f16,open_ended,¿Cuál es el concepto fundamental que modela este curso por encima de la tecnología física?,"En el curso Teoría de Autómatas de la Maestría en Computación, ¿Cuál es el concepto fundamental que modela este curso por encima de la tecnología física?

Da una respuesta completa y explicativa.","El concepto de cómputo, definido a través de mecanismos abstractos independientes de computadoras específicas.","En el curso de **Teoría de Autómatas** de la Maestría en Computación, el concepto fundamental que modela el curso por encima de la tecnología física es el de **la computación abstracta**. Este concepto se centra en estudiar los modelos matemáticos que capturan la esencia del proceso de cómputo, independientemente de las especificaciones de hardware o software. 

El curso aborda los fundamentos teóricos de los autómatas y las gramáticas formales, que son herramientas clave para comprender cómo se generan y reconocen lenguajes formales. Además, se analizan máquinas de Turing, que representan el modelo más poderoso de computación y sirven como base para definir la computabilidad y la complejidad de los problemas.

Este enfoque teórico permite a los estudiantes comprender los límites y capacidades de la computación, lo que es esencial para el diseño de algoritmos, la analítica de datos y la resolución de problemas en el campo de la informática.",25.76,Teoría de Autómatas,MC6003,
deepseek-r1-14b-f16,open_ended,¿Cómo se relaciona la computación teórica con la construcción práctica de compiladores?,"En el curso Teoría de Autómatas de la Maestría en Computación, ¿Cómo se relaciona la computación teórica con la construcción práctica de compiladores?

Da una respuesta completa y explicativa.",Brinda los modelos formales necesarios para el reconocimiento y generación de lenguajes formales usados en compilación.,"En el curso de **Teoría de Autómatas** de la Maestría en Computación, la relación entre la computación teórica y la construcción práctica de compiladores se basa en los siguientes puntos:

1. **Modelos Formales de Computación**:
   - La computación teórica utiliza modelos abstractos como los autómatas de estados finitos (AF) y las máquinas de Turing para describir y analizar procesos computacionales.
   - Estos modelos sirven como fundamento para entender cómo funcionan los compiladores, que son programas que traducen lenguajes de programación高级 into código máquina.

2. **Gramáticas y Lenguajes Formales**:
   - Los compiladores trabajan con lenguajes formales, los cuales pueden ser descritos mediante gramáticas, como las gramáticas regulares y las libres de contexto.
   - La teoría de autómatas estudia cómo estos lenguajes pueden ser generados y reconocidos, lo que es esencial para la sintaxis y el análisis semántico en la construcción de compiladores.

3. **Análisis Sintáctico y Semántico**:
   - Los compiladores realizan un análisis sintáctico (construcción de árboles de parseo) y semántico (validación de significado) de los programas.
   - Los conceptos",29.96,Teoría de Autómatas,MC6003,
deepseek-r1-14b-f16,open_ended,¿Qué jerarquía se utiliza para clasificar gramáticas según su estructura de frase?,"En el curso Teoría de Autómatas de la Maestría en Computación, ¿Qué jerarquía se utiliza para clasificar gramáticas según su estructura de frase?

Da una respuesta completa y explicativa.",La jerarquía de Chomsky.,"En el curso de **Teoría de Autómatas** de la Maestría en Computación, se utiliza la jerarquía de Chomsky para clasificar las gramáticas según su estructura de frase. Esta jerarquía, propuesta por Noam Chomsky, organiza las gramáticas en cuatro niveles, cada uno correspondiente a un tipo de gramática y a un modelo de autómatas:

1. **Gramáticas regulares (Type 3)**  
   - Corresponden a los autómatas de estados finitos (Finite Automata - FA).  
   - Describen lenguajes regulares y están caracterizadas por su simplicidad y uso en la reconocimiento de patrones simples.

2. **Gramáticas contextuales libres (Type 2)**  
   - Equivalentes a las máquinas de pila (Pushdown Automata - PDA).  
   - Generan lenguajes contextuales libres y son utilizadas en el análisis de lenguajes más complejos que las regulares.

3. **Gramáticas contextuales (Type 1)**  
   - Relacionadas con los autómatas lineales (Linear-Bounded Automata - LBA).  
   - Describen lenguajes contextuales y son menos restrictivas que las gramáticas contextuales libres.

4. **Gramáticas recursivas (Type 0)**",30.18,Teoría de Autómatas,MC6003,
deepseek-r1-14b-f16,open_ended,¿Qué herramienta matemática se estudia para demostrar que un lenguaje no es regular?,"En el curso Teoría de Autómatas de la Maestría en Computación, ¿Qué herramienta matemática se estudia para demostrar que un lenguaje no es regular?

Da una respuesta completa y explicativa.",El Pumping Lemma.,"En el curso de Teoría de Autómatas de la Maestría en Computación, se estudia el **Lema del bombeo (Pumping Lemma)** como una herramienta matemática clave para demostrar que un lenguaje no es regular. Este lema establece que si un lenguaje es regular, entonces existe un número entero \( n \) tal que cualquier cadena en el lenguaje que tenga una longitud mayor o igual a \( n \) puede ser dividida en tres partes, \( uvw \), de manera que \( uv^k w \) también pertenezca al lenguaje para cualquier entero positivo \( k \).

El Lema del bombeo se utiliza para probar que un lenguaje no es regular demostrando que no cumple con esta propiedad. Si se puede encontrar una cadena que viole el lema, entonces el lenguaje no es regular.",22.83,Teoría de Autómatas,MC6003,
deepseek-r1-14b-f16,open_ended,¿Qué modelos matemáticos se analizan para el reconocimiento de lenguajes formales?,"En el curso Teoría de Autómatas de la Maestría en Computación, ¿Qué modelos matemáticos se analizan para el reconocimiento de lenguajes formales?

Da una respuesta completa y explicativa.",Desde los autómatas de estados finitos hasta las máquinas de Turing.,"En el curso de **Teoría de Autómatas** de la Maestría en Computación, se analizan varios modelos matemáticos para el reconocimiento de lenguajes formales. Estos modelos incluyen:

1. **Autómatas de Estados Finitos (AFs - Finite State Machines)**:
   - **Modelo Básico**: Un autómata de estados finitos consiste en un conjunto de estados, un alfabeto de símbolos de entrada, una función de transición que define cómo cambian los estados en respuesta a los símbolos de entrada, un estado inicial y un conjunto de estados aceptores.
   - **Tipos de Autómatas**:
     - **Deterministas (DFA)**: Cada estado y entrada tiene una transición única.
     - **Nodeterministas (NFA)**: Permiten múltiples transiciones desde un estado para una misma entrada, incluyendo transiciones epsilon (sin entrada).
   - **Expresiones Regulares**: Son equivalentes a los autómatas de estados finitos y se utilizan para describir lenguajes regulares.

2. **Gramáticas Regulares**:
   - Son un sistema de producción que genera strings pertenecientes a un lenguaje formal.
   - Están jerarquizadas en la jerarquía de Chomsky en el nivel de",29.97,Teoría de Autómatas,MC6003,
deepseek-r1-14b-f16,open_ended,¿Qué formación matemática previa se asume en los estudiantes de este curso de postgrado?,"En el curso Teoría de Autómatas de la Maestría en Computación, ¿Qué formación matemática previa se asume en los estudiantes de este curso de postgrado?

Da una respuesta completa y explicativa.",Conocimientos sólidos de matemática discreta adquiridos durante el bachillerato.,"En el curso de **Teoría de Autómatas** de la Maestría en Computación, se asume que los estudiantes tienen una formación matemática previa sólida en los siguientes temas:

1. **Álgebra Lineal**: Comprensión de conceptos básicos como vectores, matrices, sistemas de ecuaciones lineales y transformaciones lineales. Esto es fundamental para entender las estructuras matemáticas utilizadas en el diseño y análisis de algoritmos.

2. **Cálculo**: Dominio de las técnicas de cálculo diferencial e integral, incluyendo funciones, límites, derivadas y integrales. Estos conceptos son esenciales para el análisis de la complejidad de los algoritmos y la optimización de recursos.

3. **Probabilidad y Estadística**: Conocimiento básico de distribuciones probabilísticas, esperanza, varianza y prueba de hipótesis. Estos son cruciales para el diseño de experimentos y la validación de algoritmos en investigación.

4. **Lógica Matemática y Teoría de Conjuntos**: Familiaridad con los fundamentos de la lógica formal, operaciones de conjuntos y relaciones binarias. Esto es fundamental para comprender las estructuras formales utilizadas en la teoría de autómatas y lenguajes formales.

5. **",29.99,Teoría de Autómatas,MC6003,
deepseek-r1-14b-f16,open_ended,¿Qué tipo de material se revisa para estudiar las tendencias actuales de investigación?,"En el curso Sistemas Operativos Avanzados de la Maestría en Computación, ¿Qué tipo de material se revisa para estudiar las tendencias actuales de investigación?

Da una respuesta completa y explicativa.",Diferentes papers y artículos científicos seleccionados por el profesor en lugar de un libro de texto único.,"En el curso **Sistemas Operativos Avanzados** de la Maestría en Computación, se revisa un tipo de material específico para estudiar las tendencias actuales de investigación. Este material incluye:

1. **Papers de Investigación**: Se estudian artículos científicos recientes y relevantes que abarcan avances y tendencias en el campo de los sistemas operativos. Estos papers suelen estar publicados en revistas especializadas o conferencias internacionales.

2. **Libros y Capítulos**: Aunque no hay un libro de texto obligatorio, se recomiendan libros y capítulos de libros que tratan temas avanzados y actuales en el diseño e implementación de sistemas operativos.

3. **Documentos Técnicos**: Se analizan informes técnicos y memorandos que describen avances significativos en el desarrollo de sistemas operativos, incluyendo tecnologías emergentes y metodologías innovadoras.

4. **Presentaciones y Slides**: Se revisan presentaciones de conferencias y talleres que resumen los últimos avances y trabajos en el área de los sistemas operativos.

5. **Códigos Fuente y Proyectos**: A menudo, se estudian fragmentos de código fuente de sistemas operativos avanzados o proyectos relevantes para entender cómo se implementan las ideas teóricas en práctica.

Este en",30.24,Sistemas Operativos Avanzados,MC6004,
deepseek-r1-14b-f16,open_ended,¿Qué requisitos de calidad deben cumplir los apuntes oficiales realizados por los estudiantes?,"En el curso Sistemas Operativos Avanzados de la Maestría en Computación, ¿Qué requisitos de calidad deben cumplir los apuntes oficiales realizados por los estudiantes?

Da una respuesta completa y explicativa.","Deben ser reportes detallados con imágenes, gráficos y datos adicionales, evitando ser simples resúmenes ejecutivos.","En el curso ""Sistemas Operativos Avanzados"" de la Maestría en Computación, los apuntes oficiales realizados por los estudiantes deben cumplir con los siguientes requisitos de calidad:

1. **Formato Único**: Los apuntes deben seguir un formato consistente, generalmente un archivo PDF con el nombre ""SOA16mmdd-k.pdf"", donde ""mm"" es el mes y ""dd"" es la fecha de la clase, y ""k"" es un número secuencial para distinguir entre los apuntes de la misma clase.

2. **Calidad del Contenido**: Los apuntes deben ser detallados y de alta calidad, no limitándose a resúmenes ejecutivos. Deben incluir una portada, tabla de contenido, imágenes, gráficos y datos adicionales que enriquezcan el material.

3. **Identificación**: Cada documento debe venir debidamente identificado, incluyendo el nombre del estudiante que los realizó y su matrícula, para asegurar la trazabilidad y evitar confusiones.

4. **Entrega Oportuna**: Los apuntes deben ser subidos al foro del curso en formato PDF antes de la siguiente clase, bajo el thread correspondiente. No se aceptarán entregas tardías.

5. **Cumplimiento de Normas**: Los estudiantes deben asegurarse",30.21,Sistemas Operativos Avanzados,MC6004,
deepseek-r1-14b-f16,open_ended,¿Qué cinco preguntas clave deben responderse al entregar los resúmenes de los artículos científicos?,"En el curso Sistemas Operativos Avanzados de la Maestría en Computación, ¿Qué cinco preguntas clave deben responderse al entregar los resúmenes de los artículos científicos?

Da una respuesta completa y explicativa.","Problema planteado, importancia, soluciones previas, propuesta de los autores y éxito de la misma.","En el curso **Sistemas Operativos Avanzados** de la Maestría en Computación, los estudiantes deben responder las siguientes **cinco preguntas clave** al entregar los resúmenes de los artículos científicos:

1. **¿Cuál es el problema que plantea el paper?**
   - Identificar el problema central que los autores buscan resolver en el artículo.

2. **¿Por qué es un problema interesante o importante?**
   - Analizar la relevancia del problema, su impacto en el campo de la computación y su importancia para la investigación.

3. **¿Qué otras soluciones se han intentado para resolver este problema?**
   - Revisar y resumir las soluciones previas o alternativas que se han propuesto para abordar el problema.

4. **¿Cuál es la solución propuesta por los autores?**
   - Describir detalladamente la solución o enfoque que proponen los autores para resolver el problema identificado.

5. **¿Qué tan exitosa es esta solución?**
   - Evaluar la efectividad de la solución propuesta, basándose en los resultados presentados en el artículo. Esto incluye analizar si los resultados cumplen con los objetivos planteados y si la solución es viable y mejora sobre las soluciones existentes.

Estas preguntas guían a los estudiantes para",30.23,Sistemas Operativos Avanzados,MC6004,
deepseek-r1-14b-f16,open_ended,¿Cómo se evalúa la capacidad de comunicación científica de los estudiantes?,"En el curso Sistemas Operativos Avanzados de la Maestría en Computación, ¿Cómo se evalúa la capacidad de comunicación científica de los estudiantes?

Da una respuesta completa y explicativa.",Mediante una presentación oral obligatoria que sigue el formato de una conferencia científica.,"En el curso **Sistemas Operativos Avanzados** de la Maestría en Computación, la capacidad de comunicación científica de los estudiantes se evalúa a través de varias actividades y componentes del curso. Aquí tienes una descripción detallada de cómo se realiza esta evaluación:

### 1. **Presentaciones Orales**
- **Descripción**: Los estudiantes deben presentar papers asignados por el profesor siguiendo el formato de una conferencia científica. Esto incluye la preparación de material en formato Beamer y la exposición del contenido en clase.
- **Criterios de Evaluación**:
  - **Claridad y Estructura**: La presentación debe ser clara, bien estructurada y seguir un formato profesional.
  - **Contenido**: Debe abarcar todos los aspectos relevantes del paper, incluyendo el problema, las soluciones propuestas y los resultados obtenidos.
  - **Tiempo**: La presentación debe durar entre 16 y 20 minutos, sin exceder el límite establecido.
  - **Interacción con el Público**: Los estudiantes deben demostrar habilidades de comunicación interactiva, respondiendo preguntas y manteniendo una conversación fluida con el auditorio.

### 2. **Paper de Investigación**
- **Descripción**: Los estudiantes trabajan en grupos para escribir un artículo científico sobre un tema",30.65,Sistemas Operativos Avanzados,MC6004,
deepseek-r1-14b-f16,open_ended,¿Qué experiencia técnica previa es indispensable para el éxito en los proyectos programados?,"En el curso Sistemas Operativos Avanzados de la Maestría en Computación, ¿Qué experiencia técnica previa es indispensable para el éxito en los proyectos programados?

Da una respuesta completa y explicativa.","Programación en C, lenguaje ensamblador y dominio de ambientes UNIX o Linux.","Para el curso **Sistemas Operativos Avanzados** de la Maestría en Computación, la experiencia técnica previa indispensable para el éxito en los proyectos programados incluye:

1. **Conocimientos en Programación Avanzada**:
   - Experiencia en lenguajes de programación como **C**, **C++**, **Python**, o similares, con un énfasis en la manipulación de memoria, manejo de procesos y hilos, y programación asincrónica.
   - Familiaridad con paradigmas de programación, como la programación orientada a objetos, funcional, y paralela.

2. **Experiencia con Sistemas Operativos**:
   - Comprensión de los conceptos básicos de los sistemas operativos, como la gestión de procesos, memoria, archivos, y dispositivos.
   - Experiencia práctica en el uso de herramientas de desarrollo y debugging, como **GDB**, **Valgrind**, y editores de texto como **vim** o **GNU Emacs**.

3. **Dominio de Ambientes de Desarrollo**:
   - Conocimiento de entornos como **Linux** o **Unix**, ya que los proyectos suelen realizarse en estos sistemas.
   - Familiaridad con herramientas de línea de comando, scripting, y administración de sistemas.

4. **Experiencia en Proyectos",30.11,Sistemas Operativos Avanzados,MC6004,
deepseek-r1-14b-f16,open_ended,¿Qué temas de computación moderna se incluyen en los contenidos técnicos?,"En el curso Sistemas Operativos Avanzados de la Maestría en Computación, ¿Qué temas de computación moderna se incluyen en los contenidos técnicos?

Da una respuesta completa y explicativa.","Cloud Computing, High Performance Computing, dispositivos móviles y sistemas de tiempo real.","En el curso **Sistemas Operativos Avanzados** de la Maestría en Computación, los temas de computación moderna incluyen:

1. **Monitores de Máquinas Virtuales**: Estudio de los mecanismos para gestionar y administrar máquinas virtuales en sistemas operativos avanzados.

2. **Mecanismos de Comunicación en Sistemas Distribuidos**: Análisis de las técnicas y protocolos utilizados para la comunicación eficiente en entornos distribuidos.

3. **Sincronización**: Estudio de algoritmos y protocolos para sincronizar procesos en sistemas concurrentes y distribuidos.

4. **Scheduling**: Investigación de políticas y algoritmos de planificación de procesos en sistemas operativos modernos.

5. **Sistemas Distribuidos**: Conceptos y arquitecturas relacionados con los sistemas distribuidos, incluyendo la gestión de recursos y comunicación entre nodos.

6. **File Systems**: Análisis de sistemas de archivos avanzados, incluyendo estructuras de datos y optimizaciones para el almacenamiento y recuperación de información.

7. **Distributed Shared Memory (DSM)**: Estudio de técnicas para compartir memoria entre procesos en sistemas distribuidos, garantizando consistencia y eficiencia.

8. **Memoria Virtual Recuperable – Atomic",30.0,Sistemas Operativos Avanzados,MC6004,
deepseek-r1-14b-f16,open_ended,¿Por qué el diseño de algoritmos se considera la actividad fundamental de la computación?,"En el curso Análisis de Algoritmos de la Maestría en Computación, ¿Por qué el diseño de algoritmos se considera la actividad fundamental de la computación?

Da una respuesta completa y explicativa.","Porque toda computación es, por definición, el resultado de la ejecución de un algoritmo.","En el curso Análisis de Algoritmos de la Maestría en Computación, el diseño de algoritmos se considera la actividad fundamental de la computación porque:

1. **Definición de Computación**: Un algoritmo es el corazón de cualquier operación computacional. Sin él, no hay procesamiento de datos ni solución de problemas. Por lo tanto, el diseño de algoritmos está en el centro de todas las actividades computacionales.

2. **Efectividad y Eficiencia**: Los algoritmos deben ser efectivos, es decir, resolver el problema para el que fueron diseñados, y eficientes, utilizando recursos como tiempo y espacio de manera óptima. Esto asegura que las soluciones sean viables y escalables.

3. **Técnicas de Diseño y Análisis**: El curso enseña técnicas formales para diseñar algoritmos, como el análisis de complejidad, que permiten comparar y optimizar diferentes enfoques. Esto es esencial para desarrollar soluciones eficientes y adaptables a diversos problemas.

4. **Aplicación en Diferentes Áreas**: Algoritmos se usan en todas las áreas de la computación, desde inteligencia artificial y procesamiento de datos hasta sistemas operativos y redes. Por lo tanto, su diseño es crucial para el avance tecnológico.

5. **Creatividad e Intuición**: Diseñ",29.99,Análisis de Algoritmos,MC6102,
deepseek-r1-14b-f16,open_ended,¿Cuál es la diferencia crítica entre la efectividad y la eficiencia de un algoritmo?,"En el curso Análisis de Algoritmos de la Maestría en Computación, ¿Cuál es la diferencia crítica entre la efectividad y la eficiencia de un algoritmo?

Da una respuesta completa y explicativa.",La efectividad asegura que resuelva el problema; la eficiencia asegura que lo haga usando pocos recursos de tiempo y espacio.,"En el curso Análisis de Algoritmos de la Maestría en Computación, la diferencia crítica entre la efectividad y la eficiencia de un algoritmo se centra en dos aspectos fundamentales:

1. **Efectividad (Correctness):** Refiere a la capacidad del algoritmo de resolver correctamente el problema para el que está diseñado. Un algoritmo efectivo produce resultados precisos y cumple con los requisitos del problema en todas las instancias posibles. Se enfoca en la exactitud y el funcionamiento correcto, independientemente de los recursos utilizados.

2. **Eficiencia:** Mide cómo utiliza los recursos (tiempo y espacio) el algoritmo para resolver el problema. Un algoritmo eficiente utiliza recursos de manera óptima, asegurando que el tiempo de ejecución y el espacio requerido sean lo suficientemente pequeños para ser viables, especialmente para grandes entradas.

En resumen, mientras la efectividad se centra en la corrección y el desempeño lógico del algoritmo, la eficiencia se relaciona con el uso eficiente de los recursos computacionales.",26.58,Análisis de Algoritmos,MC6102,
deepseek-r1-14b-f16,open_ended,¿Qué tres componentes son necesarios para lograr algoritmos eficientes?,"En el curso Análisis de Algoritmos de la Maestría en Computación, ¿Qué tres componentes son necesarios para lograr algoritmos eficientes?

Da una respuesta completa y explicativa.","Técnicas de diseño, técnicas de análisis y la creatividad intuitiva.","En el curso Análisis de Algoritmos de la Maestría en Computación, los tres componentes necesarios para lograr algoritmos eficientes son:

1. **Técnicas de Diseño**: Estas incluyen metodologías y estrategias para concebir soluciones algorítmicas que sean adecuadas para el problema en cuestión. Ejemplos incluyen el diseño avaricioso (greedy), el método divide y vencerás, y la programación dinámica. Estas técnicas ayudan a estructurar el problema y encontrar soluciones óptimas o aproximadas.

2. **Técnicas de Análisis**: Son herramientas matemáticas y metodológicas utilizadas para medir el rendimiento de los algoritmos, generalmente en términos de tiempo y espacio. Esto incluye el uso de notaciones asintóticas como la notación Big O, y técnicas de análisis como la inducción matemática y el análisis de casos promedio y amortizado.

3. **Creatividad e Intuición**: Aunque no es tan formalizable, la creatividad es esencial para abordar problemas nuevos o complejos. Esto implica pensar fuera de las estructuras tradicionales, experimentar con diferentes enfoques y combinar técnicas para lograr soluciones innovadoras y eficientes.

Estos componentes se interrelacion",29.94,Análisis de Algoritmos,MC6102,
deepseek-r1-14b-f16,open_ended,"¿Qué herramientas se utilizan para analizar la complejidad de ""peor caso""?","En el curso Análisis de Algoritmos de la Maestría en Computación, ¿Qué herramientas se utilizan para analizar la complejidad de ""peor caso""?

Da una respuesta completa y explicativa.","Funciones recurrentes, notación asintótica (""O grande"") y pruebas por inducción.","En el curso de **Análisis de Algoritmos** de la Maestría en Computación, se utilizan varias herramientas para analizar la complejidad de ""peor caso"" de los algoritmos. Estas herramientas incluyen:

1. **Notación Asintótica**: Se utiliza para describir el comportamiento de los algoritmos en términos de su tiempo de ejecución y espacio utilizado. Entre las notaciones más comunes se encuentran:
   - **Notación Big O (O)**: Describe el límite superior del tiempo de ejecución de un algoritmo.
   - **Notación Big Omega (Ω)**: Describe el límite inferior del tiempo de ejecución.
   - **Notación Big Theta (Θ)**: Describe la complejidad exacta.

2. **Funciones Recurrentes**: Se usan para expresar la relación entre el tamaño de la entrada y el tiempo de ejecución. Por ejemplo:
   - **T(n) = 2T(n/2) + O(n)**: Es una función recurrente típica para algoritmos que se dividen en mitades, como el **merge sort**.

3. **Inducción Matemática**: Se aplica para probar que un algoritmo cumple con una determinada complejidad. Por ejemplo, se puede demostrar que un algoritmo tiene una complejidad de O(n log",29.98,Análisis de Algoritmos,MC6102,
deepseek-r1-14b-f16,open_ended,¿Qué tipos de algoritmos se estudian dentro de la categoría probabilista?,"En el curso Análisis de Algoritmos de la Maestría en Computación, ¿Qué tipos de algoritmos se estudian dentro de la categoría probabilista?

Da una respuesta completa y explicativa.","Algoritmos numéricos, de Monte Carlo y de Las Vegas.","En el curso Análisis de Algoritmos de la Maestría en Computación, se estudian varios tipos de algoritmos dentro de la categoría probabilista. Estos incluyen:

1. **Algoritmos de Monte Carlo**: Estos algoritmos utilizan métodos estocásticos para aproximar soluciones. Son útiles cuando es difícil encontrar una solución exacta, pero se puede aceptar una aproximación con alta probabilidad de acierto.

2. **Algoritmos de Las Vegas**: Estos algoritmos siempre devuelven una solución correcta, pero el tiempo de ejecución es aleatorio. Son especialmente útiles en problemas donde se busca una solución óptima y se puede permitir un tiempo de ejecución variable.

Estos algoritmos probabilistas se estudian para entender cómo la aleatoriedad puede utilizarse para resolver problemas computacionales de manera eficiente y efectiva.",22.52,Análisis de Algoritmos,MC6102,
deepseek-r1-14b-f16,open_ended,¿Cómo se clasifican los problemas según su complejidad en este programa?,"En el curso Análisis de Algoritmos de la Maestría en Computación, ¿Cómo se clasifican los problemas según su complejidad en este programa?

Da una respuesta completa y explicativa.","En las clases P, NP, NP-completos y NP-difíciles.","En el curso de **Análisis de Algoritmos** de la Maestría en Computación, los problemas se clasifican según su complejidad utilizando la teoría de la complejidad computacional. Esta teoría categoriza los problemas en clases de complejidad, que indican cuánto tiempo y recursos computacionales se necesitan para resolverlos. Las clases más relevantes en este contexto son:

1. **Clase P (Polinomial):**  
   Los problemas que pueden ser resueltos en tiempo polinomial por un algoritmo deterministicista. Es decir, existen algoritmos que resuelven el problema en un tiempo que es una función polinomial del tamaño de la entrada. Ejemplo: Algoritmos de orden n², n³, etc.

2. **Clase NP (Nondeterminístico Polinomial):**  
   Los problemas que pueden ser verificados en tiempo polinomial por un algoritmo nondeterminístico. Esto significa que si se encuentra una solución, se puede comprobar su corrección en tiempo polinomial. Ejemplo: Problemas de satisfacción de fórmulas booleanas (SAT), viaje del comerciante (TSP).

3. **Problemas NP-completos:**  
   Son problemas en NP que son tan difíciles que si alguno de ellos puede ser resuelto en tiempo polinomial,",29.92,Análisis de Algoritmos,MC6102,
deepseek-r1-14b-f16,open_ended,"¿Por qué la Ciencia de la Computación ha sido considerada históricamente ""débil"" en sus procedimientos?","En el curso Diseño de Experimentos de la Maestría en Computación, ¿Por qué la Ciencia de la Computación ha sido considerada históricamente ""débil"" en sus procedimientos?

Da una respuesta completa y explicativa.",Debido a la falta de uso sistemático de técnicas experimentales clásicas para validar o refutar hipótesis.,"La Ciencia de la Computación ha sido considerada históricamente ""débil"" en sus procedimientos experimentales debido a varias razones. A continuación, se presentan las razones más relevantes:

1. **Carácter teórico inicial**: La disciplina se originó con un enfoque fuerte en la teoría, especialmente en la resolución de problemas y el diseño algorítmico. Este enfoque teórico, aunque esencial, dejó de lado la validación experimental de las soluciones propuestas.

2. **Dificultades en la replicación**: Los experimentos en Ciencia de la Computación pueden ser difíciles de replicar debido a la variabilidad en los entornos computacionales, lo que hace que los resultados no siempre sean consistentes.

3. **Ausencia de estándares**: Hasta hace relativamente poco, no existían estándares claros para realizar y documentar experimentos en computación, lo que dificultaba la comparación y validación de resultados entre diferentes estudios.

4. **Enfoque en productos funcionales**: Muchos proyectos en computación se centran en desarrollar productos funcionales en lugar de probar hipótesis científicas, lo que reduce la importancia otorgada a los experimentos en el proceso de desarrollo.

5. **Complejidad de los sistemas**: Los sistemas computacionales son complejos y",29.95,Diseño de Experimentos,MC6104,
deepseek-r1-14b-f16,open_ended,¿Qué utilidad tiene el Diseño de Experimentos (DoE) en la industria del software?,"En el curso Diseño de Experimentos de la Maestría en Computación, ¿Qué utilidad tiene el Diseño de Experimentos (DoE) en la industria del software?

Da una respuesta completa y explicativa.",Permite ejercer controles de calidad rigurosos durante el desarrollo de productos de software.,"El Diseño de Experimentos (DoE) tiene una utilidad significativa en la industria del software, ya que permite a los profesionales validar hipótesis, mejorar productos y procesos, y reducir riesgos de manera eficiente. A continuación, se detallan algunas de sus aplicaciones clave:

1. **Validación de Hipótesis**: El DoE se utiliza para probar y validar hipótesis sobre cómo ciertos cambios en el software afectan su rendimiento, usabilidad o calidad. Por ejemplo, se puede diseñar un experimento para determinar si una nueva funcionalidad mejora la experiencia del usuario.

2. **Mejora de Productos y Procesos**: Los experimentos ayudan a identificar las características o cambios que realmente mejoran el producto. Esto es esencial en el desarrollo ágil, donde se realizan iteraciones rápidas y se necesitan pruebas rápidas para determinar el impacto de los cambios.

3. **Reducción de Riesgos**: Al realizar experimentos controlados, se minimizan los riesgos de implementar cambios que podrían tener un impacto negativo. Por ejemplo, se puede probar una nueva versión de un software en un grupo pequeño de usuarios antes de lanzarlo a todos.

4. **Optimización de Rendimiento**: El DoE se utiliza para optimizar el rendimiento de los sistemas, como la",30.02,Diseño de Experimentos,MC6104,
deepseek-r1-14b-f16,open_ended,¿Qué capacidades adquiere el estudiante para manejar datos experimentales?,"En el curso Diseño de Experimentos de la Maestría en Computación, ¿Qué capacidades adquiere el estudiante para manejar datos experimentales?

Da una respuesta completa y explicativa.",El uso de software estadístico para analizar resultados con niveles de confianza y certeza científica.,"En el curso Diseño de Experimentos de la Maestría en Computación, los estudiantes adquieren las siguientes capacidades para manejar datos experimentales:

1. **Establecimiento de Hipótesis**: Los estudiantes aprenden a formular hipótesis claras y testables que puedan ser verificadas mediante experimentos, lo que es fundamental para cualquier investigación científica.

2. **Diseño de Experimentos**: Aprenden a planificar y diseñar experimentos científicos adecuados, considerando factores como la aleatorización, el control de variables y la replicabilidad, lo que garantiza la validez y fiabilidad de los resultados.

3. **Análisis Estadístico de Datos**: Los estudiantes desarrollan habilidades para analizar datos utilizando herramientas estadísticas, lo que les permite extraer conclusiones significativas y robustas de sus experimentos.

4. **Uso de Software para Análisis**: Aprenden a utilizar software especializado para realizar análisis estadístico de datos, lo que incluye la implementación de pruebas de hipótesis, cálculos de confianza y模型os estadísticos.

5. **Interpretación de Resultados**: Los estudiantes aprenden a interpretar y comunicar los resultados de manera efectiva, identificando patrones, relaciones y significado en los datos experimentales.

6. **Control de Calidad en Desarrollo",29.93,Diseño de Experimentos,MC6104,
deepseek-r1-14b-f16,open_ended,¿Cuál es la estructura metodológica que siguen los proyectos en este curso?,"En el curso Diseño de Experimentos de la Maestría en Computación, ¿Cuál es la estructura metodológica que siguen los proyectos en este curso?

Da una respuesta completa y explicativa.","Realización de experimentos, recolección de datos, análisis de resultados y redacción de reportes técnicos.","En el curso Diseño de Experimentos de la Maestría en Computación, los proyectos siguen una estructura metodológica que incluye varias etapas clave para garantizar la calidad y el rigor científico de la investigación. A continuación, se describe detalladamente esta estructura:

1. **Definición del TEMA**:
   - **Elección del Tema**: Los estudiantes, en colaboración con el profesor, seleccionan un tema de investigación relevante en el ámbito de la computación. Este tema debe ser aprobado formalmente por el profesor para asegurar que sea viable y alineado con los objetivos del curso.
   - **Justificación**: Se identifican los motivos por los cuales el tema es importante y值得研究. Esto incluye una revisión de la literatura existente para demostrar que hay un vacío que el proyecto pretende llenar.

2. **DESENLACE INICIAL**:
   - **Revisión de la Literatura**: Los estudiantes realizan una revisión exhaustiva de los artículos y estudios relacionados con su tema. Esto les permite identificar las contribuciones pasadas y establecer un marco teórico sólido para su investigación.
   - **Hipótesis y Objetivos**: Se formulan las hipótesis y los objetivos específicos del proyecto. Estas deben ser claras, medibles y alineadas con",30.04,Diseño de Experimentos,MC6104,
deepseek-r1-14b-f16,open_ended,¿Qué formación técnica previa es requerida para el uso de herramientas en este curso?,"En el curso Diseño de Experimentos de la Maestría en Computación, ¿Qué formación técnica previa es requerida para el uso de herramientas en este curso?

Da una respuesta completa y explicativa.","Conocimiento de UNIX, programación en C y dominio del entorno estadístico R.","Para el curso Diseño de Experimentos en la Maestría en Computación, se requiere una formación técnica previa que incluya:

1. **Álgebra Lineal**: Comprensión de conceptos básicos como vectores, matrices, sistemas de ecuaciones lineales y operaciones matriciales. Esto es fundamental para el análisis de datos y la modelación de experimentos.

2. **Cálculo**: Dominio de las técnicas de cálculo diferencial e integral, así como de series y sucesiones. Estos conceptos son esenciales para entender la variación y los modelos matemáticos en los experimentos.

3. **Probabilidades**: Conocimiento de los fundamentos de la teoría de probabilidades, incluyendo distribuciones probablisticas, esperanza, varianza y covarianza. Esto es crucial para el diseño de experimentos y el análisis estadístico de los resultados.

Estas habilidades se combinan para permitir al estudiante diseñar y analizar experimentos científicos de manera efectiva, utilizando herramientas estadísticas y metodologías avanzadas.",25.94,Diseño de Experimentos,MC6104,
deepseek-r1-14b-f16,open_ended,¿Cómo influye este curso en el desarrollo de la tesis de maestría del estudiante?,"En el curso Diseño de Experimentos de la Maestría en Computación, ¿Cómo influye este curso en el desarrollo de la tesis de maestría del estudiante?

Da una respuesta completa y explicativa.",Entrena al estudiante para establecer hipótesis verificables experimentalmente en su propuesta de tesis.,"En el curso Diseño de Experimentos de la Maestría en Computación, el estudiante adquiere habilidades y conocimientos fundamentales que influyen significativamente en el desarrollo de su tesis de maestría. Este curso capacita al estudiante para diseñar experimentos científicos adecuados, analizar datos estadísticamente y presentar resultados con confiabilidad, lo que es esencial para la validación de hipótesis y el avance de la investigación en computación. Además, el curso fomenta el pensamiento crítico y el rigor metodológico, habilidades que se traducen en la planificación y ejecución exitosa de la tesis, asegurando que las conclusiones sean robustas y contribuyan al cuerpo de conocimiento científico.",20.85,Diseño de Experimentos,MC6104,
deepseek-r1-14b-f16,open_ended,¿Qué criterios separan la ciencia de la pseudociencia según los contenidos del curso?,"En el curso Introducción a la Investigación de la Maestría en Computación, ¿Qué criterios separan la ciencia de la pseudociencia según los contenidos del curso?

Da una respuesta completa y explicativa.","Los conceptos de historia y filosofía de la ciencia, aplicados a través de un exigente escepticismo científico.","En el curso ""Introducción a la Investigación"" de la Maestría en Computación, los criterios que separan la ciencia de la pseudociencia, según los contenidos del curso, son los siguientes:

1. **Método Científico**: La ciencia se basa en el método científico, que implica la formulación de hipótesis testables, la realización de experimentos controlados y la revisión constante de los resultados mediante la comunidad científica. En cambio, la pseudociencia a menudo ignora estos procesos y no somete sus afirmaciones a un estándar riguroso de prueba y error.

2. **Hipótesis y Pruebas**: La ciencia exige que las hipótese sean específicas y verificables mediante experimentos reproducibles. Las pseudociencias, por el contrario, a menudo presentan hipótesis que no son testables o utilizan pruebas que no son reproducibles, lo que dificulta su validación.

3. **Evidencia Empírica**: La ciencia se basa en evidencia empírica obtenida a través de observaciones y experimentos. La pseudociencia, en cambio, a menudo recurre a testimonios, anécdotas o evidencia no verificable para respaldar sus claims.

4. **Reproducibilidad**: Los resultados científicos",29.95,Introducción a la Investigación,MC7201,
deepseek-r1-14b-f16,open_ended,¿Cuál es el deber esencial de un científico según este programa académico?,"En el curso Introducción a la Investigación de la Maestría en Computación, ¿Cuál es el deber esencial de un científico según este programa académico?

Da una respuesta completa y explicativa.",Generar y comunicar conocimiento nuevo a la comunidad.,"En el curso ""Introducción a la Investigación"" de la Maestría en Computación, el deber esencial de un científico, según el programa académico, es **generar y comunicar conocimiento nuevo** obtenido a través de un proceso científico riguroso. Esto implica:

1. **Desarrollar habilidades y conocimientos** relevantes para la investigación científica en computación.
2. **Estudiar y analizar resultados** de investigaciones de punta en el área de la computación.
3. **Aplicar metodología científica** para proponer y desarrollar proyectos de investigación.
4. **Leer, elaborar y presentar adecuadamente** artículos científicos, siguiendo estándares internacionales.
5. **Comprender la filosofía y historia de la ciencia**, para distinguir entre ciencia y pseudociencia.
6. **Desarrollar proyectos de investigación** originales, incluyendo la escritura de propuestas y tesis.

Este enfoque busca preparar a los estudiantes para contribuir al avance del conocimiento científico en el campo de la computación.",26.58,Introducción a la Investigación,MC7201,
deepseek-r1-14b-f16,open_ended,"¿Qué habilidades de ""infraestructura"" se desarrollan para maximizar el éxito del investigador?","En el curso Introducción a la Investigación de la Maestría en Computación, ¿Qué habilidades de ""infraestructura"" se desarrollan para maximizar el éxito del investigador?

Da una respuesta completa y explicativa.","Cómo dar presentaciones, leer y escribir papers, y administrar efectivamente el tiempo.","En el curso ""Introducción a la Investigación"" de la Maestría en Computación, se desarrollan las siguientes habilidades de ""infraestructura"" para maximizar el éxito del investigador:

1. **Filosofía de la Ciencia**:
   - Comprender la diferencia entre ciencia y pseudociencia.
   - Identificar y analizar falacias lógicas.
   - Aplicar el método científico en la investigación.

2. **Metodología de la Investigación**:
   - Diseñar experimentos científicos con tratamiento estadístico adecuado.
   - Utilizar herramientas y técnicas para la recolección y análisis de datos.
   - Desarrollar habilidades en la escritura de documentos científicos, incluyendo resúmenes, abstracts y papers.

3. **Presentación Científica**:
   - Preparar y presentar resultados de investigación de manera clara y efectiva.
   - Utilizar herramientas como Beamer para la creación de presentaciones.
   - Desarrollar habilidades en la comunicación oral y visual de los resultados.

4. **Escritura Científica**:
   - Escribir artículos científicos siguiendo los estándares internacionales.
   - Utilizar formatos como el de IEEE Transactions.
   - Desarrollar habilidades en la redacción de propuestas de investigación y",29.98,Introducción a la Investigación,MC7201,
deepseek-r1-14b-f16,open_ended,¿Qué aspectos administrativos se revisan para orientar al estudiante en su posgrado?,"En el curso Introducción a la Investigación de la Maestría en Computación, ¿Qué aspectos administrativos se revisan para orientar al estudiante en su posgrado?

Da una respuesta completa y explicativa.",Los reglamentos y lineamientos del programa de maestría para la presentación de propuestas y tesis.,"En el curso ""Introducción a la Investigación"" de la Maestría en Computación, se revisan varios aspectos administrativos que orientan al estudiante en su posgrado. Estos incluyen:

1. **Reglamentos y Lineamientos del Programa de Maestría**: Se estudian los requisitos y normativas específicas del programa, como los créditos necesarios, los cursos obligatorios y electivos, y los procesos de evaluación.

2. **Proceso de Presentación de Propuestas de Investigación**: Se abordan los pasos y formatos necesarios para presentar una propuesta de investigación, incluyendo la selección de un tema, la justificación de su relevancia, y la metodología a seguir.

3. **Desarrollo de la Tesis**: Se orienta a los estudiantes en la planificación y estructuración de su tesis, desde la selección de un asesor hasta la defensa final. Esto incluye consejos sobre cómo organizar el trabajo, cómo presentar los resultados y cómo redactar los capítulos de la tesis.

4. **Administración del Tiempo**: Se proporcionan estrategias para gestionar el tiempo eficazmente durante el posgrado, asegurando que los estudiantes puedan cumplir con los deadlines de sus cursos y proyectos de investigación.

5. **Formato y Presentación de Documentos Cient",30.12,Introducción a la Investigación,MC7201,
deepseek-r1-14b-f16,open_ended,¿Qué elementos debe contener la propuesta de un artículo científico para ser aprobada?,"En el curso Introducción a la Investigación de la Maestría en Computación, ¿Qué elementos debe contener la propuesta de un artículo científico para ser aprobada?

Da una respuesta completa y explicativa.","Definición del problema, su importancia, soluciones previas, propuesta original y efectos esperados.","En el curso ""Introducción a la Investigación"" de la Maestría en Computación, la propuesta de un artículo científico debe contener los siguientes elementos para ser aprobada:

1. **Tema del Artículo**: Debe ser relevante y pertinente al área de la computación, con un enfoque claro y específico.

2. **Problema de Investigación**: Debe identificar un problema significativo y bien definido que se proponen abordar en el artículo.

3. **Justificación del Problema**: Explicar por qué el problema es importante, cuál es su relevancia y qué impacto podría tener su solución.

4. **Solución Propuesta**: Presentar una solución innovadora o una perspectiva nueva que se proponen implementar para abordar el problema identificado.

5. **Efectos Esperados**: Describir los posibles efectos o beneficios que会产生 si la solución propuesta es exitosa.

6. **Referencias**: Incluir una lista de referencias bibliográficas relevantes que respaldan la importancia del problema y la originalidad de la solución propuesta.

7. **Formato**: El artículo debe estar escrito en inglés y formato IEEE Transactions, utilizando LaTeX para su elaboración.

8. **Entrega**: El artículo debe ser entregado en cuatro versiones: 
   - Aprobación del tema (correo electrónico).",29.93,Introducción a la Investigación,MC7201,
deepseek-r1-14b-f16,open_ended,¿Cuál es la herramienta tecnológica obligatoria para la elaboración de presentaciones?,"En el curso Introducción a la Investigación de la Maestría en Computación, ¿Cuál es la herramienta tecnológica obligatoria para la elaboración de presentaciones?

Da una respuesta completa y explicativa.",Beamer.,"En el curso ""Introducción a la Investigación"" de la Maestría en Computación, la herramienta tecnológica obligatoria para la elaboración de presentaciones es **Beamer**. Beamer es un entorno de LaTeX diseñado específicamente para crear presentaciones de diapositivas. Su uso se impone debido a su capacidad para generar presentaciones de alta calidad, con formato profesional y consistente, lo que es esencial para la comunicación científica en el ámbito académico.",16.61,Introducción a la Investigación,MC7201,
