model_key,category,question,composed_question,expected_answer,predicted_answer,generation_time_s,curso,codigo,error
deepseek-r1-14b-4bit,binary,¿Es la asistencia obligatoria?,"En el curso Análisis de Datos en Ciberseguridad de la Maestría en Ciberseguridad, ¿Es la asistencia obligatoria?

Responde únicamente con 'Sí' o 'No'.",Sí,Sí,9.84,Análisis de Datos en Ciberseguridad,MC1001,
deepseek-r1-14b-4bit,binary,¿Tiene el curso requisitos previos?,"En el curso Análisis de Datos en Ciberseguridad de la Maestría en Ciberseguridad, ¿Tiene el curso requisitos previos?

Responde únicamente con 'Sí' o 'No'.",No,No,8.74,Análisis de Datos en Ciberseguridad,MC1001,
deepseek-r1-14b-4bit,binary,¿Es un curso electivo?,"En el curso Análisis de Datos en Ciberseguridad de la Maestría en Ciberseguridad, ¿Es un curso electivo?

Responde únicamente con 'Sí' o 'No'.",No,No,8.82,Análisis de Datos en Ciberseguridad,MC1001,
deepseek-r1-14b-4bit,binary,¿Existe la posibilidad de ganar el curso por suficiencia?,"En el curso Análisis de Datos en Ciberseguridad de la Maestría en Ciberseguridad, ¿Existe la posibilidad de ganar el curso por suficiencia?

Responde únicamente con 'Sí' o 'No'.",Sí,Sí,8.84,Análisis de Datos en Ciberseguridad,MC1001,
deepseek-r1-14b-4bit,binary,¿Es posible el reconocimiento del curso?,"En el curso Análisis de Datos en Ciberseguridad de la Maestría en Ciberseguridad, ¿Es posible el reconocimiento del curso?

Responde únicamente con 'Sí' o 'No'.",Sí,Sí,8.9,Análisis de Datos en Ciberseguridad,MC1001,
deepseek-r1-14b-4bit,binary,¿Los laboratorios representan el 75% de la nota final?,"En el curso Análisis de Datos en Ciberseguridad de la Maestría en Ciberseguridad, ¿Los laboratorios representan el 75% de la nota final?

Responde únicamente con 'Sí' o 'No'.",Sí,Sí,8.98,Análisis de Datos en Ciberseguridad,MC1001,
deepseek-r1-14b-4bit,binary,¿Es la asistencia obligatoria?,"En el curso Seguridad y Criptografía de la Maestría en Ciberseguridad, ¿Es la asistencia obligatoria?

Responde únicamente con 'Sí' o 'No'.",Sí,Sí,9.09,Seguridad y Criptografía,MC1003,
deepseek-r1-14b-4bit,binary,¿Es este un curso electivo?,"En el curso Seguridad y Criptografía de la Maestría en Ciberseguridad, ¿Es este un curso electivo?

Responde únicamente con 'Sí' o 'No'.",No,No,9.19,Seguridad y Criptografía,MC1003,
deepseek-r1-14b-4bit,binary,¿Tiene correquisitos establecidos?,"En el curso Seguridad y Criptografía de la Maestría en Ciberseguridad, ¿Tiene correquisitos establecidos?

Responde únicamente con 'Sí' o 'No'.",No,No,9.25,Seguridad y Criptografía,MC1003,
deepseek-r1-14b-4bit,binary,"¿Es este curso requisito para ""Blockchain y Ledger Distribuidos""?","En el curso Seguridad y Criptografía de la Maestría en Ciberseguridad, ¿Es este curso requisito para ""Blockchain y Ledger Distribuidos""?

Responde únicamente con 'Sí' o 'No'.",Sí,No,9.21,Seguridad y Criptografía,MC1003,
deepseek-r1-14b-4bit,binary,¿Se permite el reconocimiento del curso?,"En el curso Seguridad y Criptografía de la Maestría en Ciberseguridad, ¿Se permite el reconocimiento del curso?

Responde únicamente con 'Sí' o 'No'.",Sí,No,9.14,Seguridad y Criptografía,MC1003,
deepseek-r1-14b-4bit,binary,¿El examen final tiene un valor del 30%?,"En el curso Seguridad y Criptografía de la Maestría en Ciberseguridad, ¿El examen final tiene un valor del 30%?

Responde únicamente con 'Sí' o 'No'.",Sí,No,9.05,Seguridad y Criptografía,MC1003,
deepseek-r1-14b-4bit,binary,¿Es el curso de tipo electivo?,"En el curso Políticas y Gobernanza en Ciberseguridad de la Maestría en Ciberseguridad, ¿Es el curso de tipo electivo?

Responde únicamente con 'Sí' o 'No'.",No,No,9.04,Políticas y Gobernanza en Ciberseguridad,MC1006,
deepseek-r1-14b-4bit,binary,¿Es la asistencia obligatoria?,"En el curso Políticas y Gobernanza en Ciberseguridad de la Maestría en Ciberseguridad, ¿Es la asistencia obligatoria?

Responde únicamente con 'Sí' o 'No'.",Sí,Sí,9.1,Políticas y Gobernanza en Ciberseguridad,MC1006,
deepseek-r1-14b-4bit,binary,¿Se permite el reconocimiento de este curso?,"En el curso Políticas y Gobernanza en Ciberseguridad de la Maestría en Ciberseguridad, ¿Se permite el reconocimiento de este curso?

Responde únicamente con 'Sí' o 'No'.",No,No,9.06,Políticas y Gobernanza en Ciberseguridad,MC1006,
deepseek-r1-14b-4bit,binary,¿Existe la posibilidad de suficiencia?,"En el curso Políticas y Gobernanza en Ciberseguridad de la Maestría en Ciberseguridad, ¿Existe la posibilidad de suficiencia?

Responde únicamente con 'Sí' o 'No'.",Sí,No,9.14,Políticas y Gobernanza en Ciberseguridad,MC1006,
deepseek-r1-14b-4bit,binary,¿Se ubica el curso en el primer trimestre del plan de estudios?,"En el curso Políticas y Gobernanza en Ciberseguridad de la Maestría en Ciberseguridad, ¿Se ubica el curso en el primer trimestre del plan de estudios?

Responde únicamente con 'Sí' o 'No'.",Sí,No,9.22,Políticas y Gobernanza en Ciberseguridad,MC1006,
deepseek-r1-14b-4bit,binary,¿El estudio de casos vale un 40% de la calificación?,"En el curso Políticas y Gobernanza en Ciberseguridad de la Maestría en Ciberseguridad, ¿El estudio de casos vale un 40% de la calificación?

Responde únicamente con 'Sí' o 'No'.",Sí,No,9.2,Políticas y Gobernanza en Ciberseguridad,MC1006,
deepseek-r1-14b-4bit,binary,¿Es un curso electivo?,"En el curso Seguridad de Software Avanzado de la Maestría en Ciberseguridad, ¿Es un curso electivo?

Responde únicamente con 'Sí' o 'No'.",No,No,9.11,Seguridad de Software Avanzado,MC3001,
deepseek-r1-14b-4bit,binary,¿Es obligatoria la asistencia?,"En el curso Seguridad de Software Avanzado de la Maestría en Ciberseguridad, ¿Es obligatoria la asistencia?

Responde únicamente con 'Sí' o 'No'.",Sí,Sí,9.11,Seguridad de Software Avanzado,MC3001,
deepseek-r1-14b-4bit,binary,¿Tiene requisitos previos?,"En el curso Seguridad de Software Avanzado de la Maestría en Ciberseguridad, ¿Tiene requisitos previos?

Responde únicamente con 'Sí' o 'No'.",No,No,9.03,Seguridad de Software Avanzado,MC3001,
deepseek-r1-14b-4bit,binary,¿Es requisito para el curso de Seguridad en la Nube?,"En el curso Seguridad de Software Avanzado de la Maestría en Ciberseguridad, ¿Es requisito para el curso de Seguridad en la Nube?

Responde únicamente con 'Sí' o 'No'.",Sí,No,9.13,Seguridad de Software Avanzado,MC3001,
deepseek-r1-14b-4bit,binary,¿Se permite la suficiencia?,"En el curso Seguridad de Software Avanzado de la Maestría en Ciberseguridad, ¿Se permite la suficiencia?

Responde únicamente con 'Sí' o 'No'.",No,No,9.28,Seguridad de Software Avanzado,MC3001,
deepseek-r1-14b-4bit,binary,¿El examen final vale el 30% de la nota?,"En el curso Seguridad de Software Avanzado de la Maestría en Ciberseguridad, ¿El examen final vale el 30% de la nota?

Responde únicamente con 'Sí' o 'No'.",Sí,No,9.25,Seguridad de Software Avanzado,MC3001,
deepseek-r1-14b-4bit,binary,¿Es el curso de tipo electivo?,"En el curso Cibercrimen de la Maestría en Ciberseguridad, ¿Es el curso de tipo electivo?

Responde únicamente con 'Sí' o 'No'.",Sí,Sí,9.24,Cibercrimen,MC3010,
deepseek-r1-14b-4bit,binary,¿Es obligatoria la asistencia?,"En el curso Cibercrimen de la Maestría en Ciberseguridad, ¿Es obligatoria la asistencia?

Responde únicamente con 'Sí' o 'No'.",Sí,Sí,9.2,Cibercrimen,MC3010,
deepseek-r1-14b-4bit,binary,¿Tiene requisitos o correquisitos?,"En el curso Cibercrimen de la Maestría en Ciberseguridad, ¿Tiene requisitos o correquisitos?

Responde únicamente con 'Sí' o 'No'.",No,No,9.18,Cibercrimen,MC3010,
deepseek-r1-14b-4bit,binary,¿Se permite la suficiencia para este curso?,"En el curso Cibercrimen de la Maestría en Ciberseguridad, ¿Se permite la suficiencia para este curso?

Responde únicamente con 'Sí' o 'No'.",No,No,9.15,Cibercrimen,MC3010,
deepseek-r1-14b-4bit,binary,¿Existe la posibilidad de reconocimiento?,"En el curso Cibercrimen de la Maestría en Ciberseguridad, ¿Existe la posibilidad de reconocimiento?

Responde únicamente con 'Sí' o 'No'.",No,No,9.1,Cibercrimen,MC3010,
deepseek-r1-14b-4bit,binary,¿La investigación social aplicada tiene un peso del 40%?,"En el curso Cibercrimen de la Maestría en Ciberseguridad, ¿La investigación social aplicada tiene un peso del 40%?

Responde únicamente con 'Sí' o 'No'.",Sí,No,9.08,Cibercrimen,MC3010,
deepseek-r1-14b-4bit,binary,¿Es un curso obligatorio?,"En el curso Sistemas Estratégicos Empresariales de la Maestría en Gerencia de Tecnologías de la Información, ¿Es un curso obligatorio?

Responde únicamente con 'Sí' o 'No'.",Sí,No,9.15,Sistemas Estratégicos Empresariales,MC1101,
deepseek-r1-14b-4bit,binary,¿Tiene requisitos o correquisitos previos?,"En el curso Sistemas Estratégicos Empresariales de la Maestría en Gerencia de Tecnologías de la Información, ¿Tiene requisitos o correquisitos previos?

Responde únicamente con 'Sí' o 'No'.",No,No,9.19,Sistemas Estratégicos Empresariales,MC1101,
deepseek-r1-14b-4bit,binary,¿Es la asistencia obligatoria?,"En el curso Sistemas Estratégicos Empresariales de la Maestría en Gerencia de Tecnologías de la Información, ¿Es la asistencia obligatoria?

Responde únicamente con 'Sí' o 'No'.",Sí,Sí,9.18,Sistemas Estratégicos Empresariales,MC1101,
deepseek-r1-14b-4bit,binary,¿Existe la posibilidad de suficiencia?,"En el curso Sistemas Estratégicos Empresariales de la Maestría en Gerencia de Tecnologías de la Información, ¿Existe la posibilidad de suficiencia?

Responde únicamente con 'Sí' o 'No'.",No,No,9.08,Sistemas Estratégicos Empresariales,MC1101,
deepseek-r1-14b-4bit,binary,¿Es posible el reconocimiento del curso?,"En el curso Sistemas Estratégicos Empresariales de la Maestría en Gerencia de Tecnologías de la Información, ¿Es posible el reconocimiento del curso?

Responde únicamente con 'Sí' o 'No'.",No,No,9.09,Sistemas Estratégicos Empresariales,MC1101,
deepseek-r1-14b-4bit,binary,¿La investigación en sistema empresarial vale un 40%?,"En el curso Sistemas Estratégicos Empresariales de la Maestría en Gerencia de Tecnologías de la Información, ¿La investigación en sistema empresarial vale un 40%?

Responde únicamente con 'Sí' o 'No'.",Sí,No,9.22,Sistemas Estratégicos Empresariales,MC1101,
deepseek-r1-14b-4bit,binary,¿Es la asistencia obligatoria?,"En el curso Gerencia de Tecnología de Información de la Maestría en Gerencia de Tecnologías de la Información, ¿Es la asistencia obligatoria?

Responde únicamente con 'Sí' o 'No'.",Sí,No,9.23,Gerencia de Tecnología de Información,MC1103,
deepseek-r1-14b-4bit,binary,¿Tiene el curso requisitos previos?,"En el curso Gerencia de Tecnología de Información de la Maestría en Gerencia de Tecnologías de la Información, ¿Tiene el curso requisitos previos?

Responde únicamente con 'Sí' o 'No'.",No,No,9.2,Gerencia de Tecnología de Información,MC1103,
deepseek-r1-14b-4bit,binary,¿Se permite la suficiencia?,"En el curso Gerencia de Tecnología de Información de la Maestría en Gerencia de Tecnologías de la Información, ¿Se permite la suficiencia?

Responde únicamente con 'Sí' o 'No'.",No,No,9.15,Gerencia de Tecnología de Información,MC1103,
deepseek-r1-14b-4bit,binary,¿Es posible el reconocimiento del curso?,"En el curso Gerencia de Tecnología de Información de la Maestría en Gerencia de Tecnologías de la Información, ¿Es posible el reconocimiento del curso?

Responde únicamente con 'Sí' o 'No'.",No,No,9.09,Gerencia de Tecnología de Información,MC1103,
deepseek-r1-14b-4bit,binary,¿El estudio de casos vale un 40% de la nota?,"En el curso Gerencia de Tecnología de Información de la Maestría en Gerencia de Tecnologías de la Información, ¿El estudio de casos vale un 40% de la nota?

Responde únicamente con 'Sí' o 'No'.",Sí,No,9.04,Gerencia de Tecnología de Información,MC1103,
deepseek-r1-14b-4bit,binary,¿Requiere el curso la elaboración de una investigación bibliográfica?,"En el curso Gerencia de Tecnología de Información de la Maestría en Gerencia de Tecnologías de la Información, ¿Requiere el curso la elaboración de una investigación bibliográfica?

Responde únicamente con 'Sí' o 'No'.",Sí,"No.

**Paso a paso:**

1. **Identificar el curso en cuestión:** Gerencia de Tecnología de Información de la Maestría en Gerencia de Tecnologías de la Información.

2. **Revisar los documentos proporcionados:** Buscar en los documentos el programa del curso MC1103.

3. **Revisar los objetivos y contenidos:** Verificar si se menciona la elaboración de una investigación bibliográfica.

4. **Revisar la metodología y evaluación:** Observar si se incluye la realización de una investigación bibliográfica como parte",22.01,Gerencia de Tecnología de Información,MC1103,
deepseek-r1-14b-4bit,binary,¿Es este un curso obligatorio?,"En el curso Administración Financiera de TI de la Maestría en Gerencia de Tecnologías de la Información, ¿Es este un curso obligatorio?

Responde únicamente con 'Sí' o 'No'.",Sí,No,9.32,Administración Financiera de TI,MC1201,
deepseek-r1-14b-4bit,binary,¿Se permite el reconocimiento del curso?,"En el curso Administración Financiera de TI de la Maestría en Gerencia de Tecnologías de la Información, ¿Se permite el reconocimiento del curso?

Responde únicamente con 'Sí' o 'No'.",Sí,No,9.38,Administración Financiera de TI,MC1201,
deepseek-r1-14b-4bit,binary,¿Existe la posibilidad de suficiencia?,"En el curso Administración Financiera de TI de la Maestría en Gerencia de Tecnologías de la Información, ¿Existe la posibilidad de suficiencia?

Responde únicamente con 'Sí' o 'No'.",No,No,9.33,Administración Financiera de TI,MC1201,
deepseek-r1-14b-4bit,binary,¿Es la asistencia obligatoria?,"En el curso Administración Financiera de TI de la Maestría en Gerencia de Tecnologías de la Información, ¿Es la asistencia obligatoria?

Responde únicamente con 'Sí' o 'No'.",Sí,No,9.25,Administración Financiera de TI,MC1201,
deepseek-r1-14b-4bit,binary,¿Se ubica en el segundo semestre del programa?,"En el curso Administración Financiera de TI de la Maestría en Gerencia de Tecnologías de la Información, ¿Se ubica en el segundo semestre del programa?

Responde únicamente con 'Sí' o 'No'.",Sí,Sí.,16.79,Administración Financiera de TI,MC1201,
deepseek-r1-14b-4bit,binary,¿Los dos exámenes parciales valen un 50% en total?,"En el curso Administración Financiera de TI de la Maestría en Gerencia de Tecnologías de la Información, ¿Los dos exámenes parciales valen un 50% en total?

Responde únicamente con 'Sí' o 'No'.",Sí,No,9.09,Administración Financiera de TI,MC1201,
deepseek-r1-14b-4bit,binary,¿Es un curso obligatorio?,"En el curso Administración y Estrategia de Proyectos I de la Maestría en Gerencia de Tecnologías de la Información, ¿Es un curso obligatorio?

Responde únicamente con 'Sí' o 'No'.",No,No,9.08,Administración y Estrategia de Proyectos I,MC1203,
deepseek-r1-14b-4bit,binary,¿Es la asistencia obligatoria?,"En el curso Administración y Estrategia de Proyectos I de la Maestría en Gerencia de Tecnologías de la Información, ¿Es la asistencia obligatoria?

Responde únicamente con 'Sí' o 'No'.",Sí,Sí,9.1,Administración y Estrategia de Proyectos I,MC1203,
deepseek-r1-14b-4bit,binary,¿Es requisito para el curso de Administración y Estrategia de Proyectos II?,"En el curso Administración y Estrategia de Proyectos I de la Maestría en Gerencia de Tecnologías de la Información, ¿Es requisito para el curso de Administración y Estrategia de Proyectos II?

Responde únicamente con 'Sí' o 'No'.",Sí,No,9.09,Administración y Estrategia de Proyectos I,MC1203,
deepseek-r1-14b-4bit,binary,¿Permite el curso la suficiencia?,"En el curso Administración y Estrategia de Proyectos I de la Maestría en Gerencia de Tecnologías de la Información, ¿Permite el curso la suficiencia?

Responde únicamente con 'Sí' o 'No'.",No,No,9.18,Administración y Estrategia de Proyectos I,MC1203,
deepseek-r1-14b-4bit,binary,¿Existe la posibilidad de reconocimiento?,"En el curso Administración y Estrategia de Proyectos I de la Maestría en Gerencia de Tecnologías de la Información, ¿Existe la posibilidad de reconocimiento?

Responde únicamente con 'Sí' o 'No'.",Sí,No,9.26,Administración y Estrategia de Proyectos I,MC1203,
deepseek-r1-14b-4bit,binary,¿La resolución de casos prácticos vale un 25%?,"En el curso Administración y Estrategia de Proyectos I de la Maestría en Gerencia de Tecnologías de la Información, ¿La resolución de casos prácticos vale un 25%?

Responde únicamente con 'Sí' o 'No'.",Sí,No,9.25,Administración y Estrategia de Proyectos I,MC1203,
deepseek-r1-14b-4bit,binary,¿Es un curso obligatorio?,"En el curso Planificación Estratégica de TI de la Maestría en Gerencia de Tecnologías de la Información, ¿Es un curso obligatorio?

Responde únicamente con 'Sí' o 'No'.",Sí,No,9.2,Planificación Estratégica de TI,MC2301,
deepseek-r1-14b-4bit,binary,¿Es la asistencia obligatoria?,"En el curso Planificación Estratégica de TI de la Maestría en Gerencia de Tecnologías de la Información, ¿Es la asistencia obligatoria?

Responde únicamente con 'Sí' o 'No'.",Sí,Sí,9.18,Planificación Estratégica de TI,MC2301,
deepseek-r1-14b-4bit,binary,¿Se reprueba el curso con 4 faltas de asistencia injustificadas?,"En el curso Planificación Estratégica de TI de la Maestría en Gerencia de Tecnologías de la Información, ¿Se reprueba el curso con 4 faltas de asistencia injustificadas?

Responde únicamente con 'Sí' o 'No'.",Sí,No,9.09,Planificación Estratégica de TI,MC2301,
deepseek-r1-14b-4bit,binary,¿Existe la posibilidad de suficiencia?,"En el curso Planificación Estratégica de TI de la Maestría en Gerencia de Tecnologías de la Información, ¿Existe la posibilidad de suficiencia?

Responde únicamente con 'Sí' o 'No'.",No,No,9.09,Planificación Estratégica de TI,MC2301,
deepseek-r1-14b-4bit,binary,¿Se permite el reconocimiento del curso?,"En el curso Planificación Estratégica de TI de la Maestría en Gerencia de Tecnologías de la Información, ¿Se permite el reconocimiento del curso?

Responde únicamente con 'Sí' o 'No'.",No,No,9.16,Planificación Estratégica de TI,MC2301,
deepseek-r1-14b-4bit,binary,¿La resolución de casos vale un 40% de la nota?,"En el curso Planificación Estratégica de TI de la Maestría en Gerencia de Tecnologías de la Información, ¿La resolución de casos vale un 40% de la nota?

Responde únicamente con 'Sí' o 'No'.",Sí,No,9.15,Planificación Estratégica de TI,MC2301,
deepseek-r1-14b-4bit,binary,¿Es un curso electivo?,"En el curso Teoría de Autómatas de la Maestría en Computación, ¿Es un curso electivo?

Responde únicamente con 'Sí' o 'No'.",No,No,9.13,Teoría de Autómatas,MC6003,
deepseek-r1-14b-4bit,binary,¿Es la asistencia obligatoria?,"En el curso Teoría de Autómatas de la Maestría en Computación, ¿Es la asistencia obligatoria?

Responde únicamente con 'Sí' o 'No'.",Sí,Sí,9.2,Teoría de Autómatas,MC6003,
deepseek-r1-14b-4bit,binary,¿Se permite la suficiencia?,"En el curso Teoría de Autómatas de la Maestría en Computación, ¿Se permite la suficiencia?

Responde únicamente con 'Sí' o 'No'.",Sí,Sí,9.17,Teoría de Autómatas,MC6003,
deepseek-r1-14b-4bit,binary,¿Es posible el reconocimiento del curso?,"En el curso Teoría de Autómatas de la Maestría en Computación, ¿Es posible el reconocimiento del curso?

Responde únicamente con 'Sí' o 'No'.",Sí,Sí,9.14,Teoría de Autómatas,MC6003,
deepseek-r1-14b-4bit,binary,¿Tiene requisitos previos?,"En el curso Teoría de Autómatas de la Maestría en Computación, ¿Tiene requisitos previos?

Responde únicamente con 'Sí' o 'No'.",No,No,9.07,Teoría de Autómatas,MC6003,
deepseek-r1-14b-4bit,binary,¿El examen final vale el 30%?,"En el curso Teoría de Autómatas de la Maestría en Computación, ¿El examen final vale el 30%?

Responde únicamente con 'Sí' o 'No'.",Sí,No,9.12,Teoría de Autómatas,MC6003,
deepseek-r1-14b-4bit,binary,¿Es un curso electivo?,"En el curso Sistemas Operativos Avanzados de la Maestría en Computación, ¿Es un curso electivo?

Responde únicamente con 'Sí' o 'No'.",No,No,9.17,Sistemas Operativos Avanzados,MC6004,
deepseek-r1-14b-4bit,binary,¿Es la asistencia obligatoria?,"En el curso Sistemas Operativos Avanzados de la Maestría en Computación, ¿Es la asistencia obligatoria?

Responde únicamente con 'Sí' o 'No'.",Sí,Sí,9.2,Sistemas Operativos Avanzados,MC6004,
deepseek-r1-14b-4bit,binary,"¿Es requisito para ""Redes de Computadores Avanzadas""?","En el curso Sistemas Operativos Avanzados de la Maestría en Computación, ¿Es requisito para ""Redes de Computadores Avanzadas""?

Responde únicamente con 'Sí' o 'No'.",Sí,No,9.1,Sistemas Operativos Avanzados,MC6004,
deepseek-r1-14b-4bit,binary,¿Permite el curso la suficiencia?,"En el curso Sistemas Operativos Avanzados de la Maestría en Computación, ¿Permite el curso la suficiencia?

Responde únicamente con 'Sí' o 'No'.",Sí,No,9.05,Sistemas Operativos Avanzados,MC6004,
deepseek-r1-14b-4bit,binary,¿Se permite el reconocimiento?,"En el curso Sistemas Operativos Avanzados de la Maestría en Computación, ¿Se permite el reconocimiento?

Responde únicamente con 'Sí' o 'No'.",Sí,No,9.08,Sistemas Operativos Avanzados,MC6004,
deepseek-r1-14b-4bit,binary,¿Los proyectos programados valen un 30%?,"En el curso Sistemas Operativos Avanzados de la Maestría en Computación, ¿Los proyectos programados valen un 30%?

Responde únicamente con 'Sí' o 'No'.",Sí,Sí,9.14,Sistemas Operativos Avanzados,MC6004,
deepseek-r1-14b-4bit,binary,¿Es un curso electivo?,"En el curso Análisis de Algoritmos de la Maestría en Computación, ¿Es un curso electivo?

Responde únicamente con 'Sí' o 'No'.",No,No,9.15,Análisis de Algoritmos,MC6102,
deepseek-r1-14b-4bit,binary,¿Es la asistencia obligatoria?,"En el curso Análisis de Algoritmos de la Maestría en Computación, ¿Es la asistencia obligatoria?

Responde únicamente con 'Sí' o 'No'.",Sí,Sí,9.24,Análisis de Algoritmos,MC6102,
deepseek-r1-14b-4bit,binary,¿Existe la posibilidad de suficiencia?,"En el curso Análisis de Algoritmos de la Maestría en Computación, ¿Existe la posibilidad de suficiencia?

Responde únicamente con 'Sí' o 'No'.",Sí,Sí,9.19,Análisis de Algoritmos,MC6102,
deepseek-r1-14b-4bit,binary,¿Se permite el reconocimiento del curso?,"En el curso Análisis de Algoritmos de la Maestría en Computación, ¿Se permite el reconocimiento del curso?

Responde únicamente con 'Sí' o 'No'.",Sí,Sí,9.12,Análisis de Algoritmos,MC6102,
deepseek-r1-14b-4bit,binary,¿Las tareas e investigaciones valen el 50% de la nota?,"En el curso Análisis de Algoritmos de la Maestría en Computación, ¿Las tareas e investigaciones valen el 50% de la nota?

Responde únicamente con 'Sí' o 'No'.",Sí,No,9.06,Análisis de Algoritmos,MC6102,
deepseek-r1-14b-4bit,binary,¿Se imparte el curso los martes por la noche?,"En el curso Análisis de Algoritmos de la Maestría en Computación, ¿Se imparte el curso los martes por la noche?

Responde únicamente con 'Sí' o 'No'.",Sí,Sí,9.11,Análisis de Algoritmos,MC6102,
deepseek-r1-14b-4bit,binary,¿Es este un curso electivo?,"En el curso Diseño de Experimentos de la Maestría en Computación, ¿Es este un curso electivo?

Responde únicamente con 'Sí' o 'No'.",Sí,Sí,9.19,Diseño de Experimentos,MC6104,
deepseek-r1-14b-4bit,binary,¿Es la asistencia obligatoria?,"En el curso Diseño de Experimentos de la Maestría en Computación, ¿Es la asistencia obligatoria?

Responde únicamente con 'Sí' o 'No'.",Sí,Sí,9.23,Diseño de Experimentos,MC6104,
deepseek-r1-14b-4bit,binary,¿Se permite la suficiencia?,"En el curso Diseño de Experimentos de la Maestría en Computación, ¿Se permite la suficiencia?

Responde únicamente con 'Sí' o 'No'.",No,No,9.16,Diseño de Experimentos,MC6104,
deepseek-r1-14b-4bit,binary,¿Es posible el reconocimiento del curso?,"En el curso Diseño de Experimentos de la Maestría en Computación, ¿Es posible el reconocimiento del curso?

Responde únicamente con 'Sí' o 'No'.",No,No,9.11,Diseño de Experimentos,MC6104,
deepseek-r1-14b-4bit,binary,¿Requiere conocimientos previos de Probabilidades?,"En el curso Diseño de Experimentos de la Maestría en Computación, ¿Requiere conocimientos previos de Probabilidades?

Responde únicamente con 'Sí' o 'No'.",Sí,Sí,9.14,Diseño de Experimentos,MC6104,
deepseek-r1-14b-4bit,binary,¿La presentación oral tiene un valor del 5%?,"En el curso Diseño de Experimentos de la Maestría en Computación, ¿La presentación oral tiene un valor del 5%?

Responde únicamente con 'Sí' o 'No'.",Sí,No,9.07,Diseño de Experimentos,MC6104,
deepseek-r1-14b-4bit,binary,¿Es un curso electivo?,"En el curso Introducción a la Investigación de la Maestría en Computación, ¿Es un curso electivo?

Responde únicamente con 'Sí' o 'No'.",No,No,9.08,Introducción a la Investigación,MC7201,
deepseek-r1-14b-4bit,binary,¿Es la asistencia obligatoria?,"En el curso Introducción a la Investigación de la Maestría en Computación, ¿Es la asistencia obligatoria?

Responde únicamente con 'Sí' o 'No'.",Sí,Sí,9.15,Introducción a la Investigación,MC7201,
deepseek-r1-14b-4bit,binary,¿Permite el curso la suficiencia?,"En el curso Introducción a la Investigación de la Maestría en Computación, ¿Permite el curso la suficiencia?

Responde únicamente con 'Sí' o 'No'.",Sí,Sí,9.16,Introducción a la Investigación,MC7201,
deepseek-r1-14b-4bit,binary,¿Es posible el reconocimiento?,"En el curso Introducción a la Investigación de la Maestría en Computación, ¿Es posible el reconocimiento?

Responde únicamente con 'Sí' o 'No'.",Sí,Sí,9.17,Introducción a la Investigación,MC7201,
deepseek-r1-14b-4bit,binary,"¿Es ""Tema Selecto de Investigación"" un correquisito?","En el curso Introducción a la Investigación de la Maestría en Computación, ¿Es ""Tema Selecto de Investigación"" un correquisito?

Responde únicamente con 'Sí' o 'No'.",Sí,No,9.15,Introducción a la Investigación,MC7201,
deepseek-r1-14b-4bit,binary,¿La presentación tiene un valor del 25%?,"En el curso Introducción a la Investigación de la Maestría en Computación, ¿La presentación tiene un valor del 25%?

Responde únicamente con 'Sí' o 'No'.",Sí,No,9.13,Introducción a la Investigación,MC7201,
deepseek-r1-14b-4bit,short_answer,¿Cuántos créditos tiene el curso?,"En el curso Análisis de Datos en Ciberseguridad de la Maestría en Ciberseguridad, ¿Cuántos créditos tiene el curso?

Da una respuesta breve y directa, en una sola frase.",4 créditos,El curso Análisis de Datos en Ciberseguridad tiene 4 créditos.,9.84,Análisis de Datos en Ciberseguridad,MC1001,
deepseek-r1-14b-4bit,short_answer,¿En qué trimestre del plan de estudios se ubica?,"En el curso Análisis de Datos en Ciberseguridad de la Maestría en Ciberseguridad, ¿En qué trimestre del plan de estudios se ubica?

Da una respuesta breve y directa, en una sola frase.",Tercer trimestre,El curso Análisis de Datos en Ciberseguridad se ubica en el tercer trimestre del plan de estudios de la Maestría en Ciberseguridad.,10.57,Análisis de Datos en Ciberseguridad,MC1001,
deepseek-r1-14b-4bit,short_answer,¿Qué porcentaje de la nota final representan los laboratorios?,"En el curso Análisis de Datos en Ciberseguridad de la Maestría en Ciberseguridad, ¿Qué porcentaje de la nota final representan los laboratorios?

Da una respuesta breve y directa, en una sola frase.",75%,"En el curso Análisis de Datos en Ciberseguridad, los laboratorios representan el 75% de la nota final.",10.33,Análisis de Datos en Ciberseguridad,MC1001,
deepseek-r1-14b-4bit,short_answer,¿Permite el curso la modalidad de suficiencia?,"En el curso Análisis de Datos en Ciberseguridad de la Maestría en Ciberseguridad, ¿Permite el curso la modalidad de suficiencia?

Da una respuesta breve y directa, en una sola frase.",Sí,"Sí, el curso Análisis de Datos en Ciberseguridad de la Maestría en Ciberseguridad permite la modalidad de suficiencia.",10.65,Análisis de Datos en Ciberseguridad,MC1001,
deepseek-r1-14b-4bit,short_answer,¿Cuál es la vigencia del programa?,"En el curso Análisis de Datos en Ciberseguridad de la Maestría en Ciberseguridad, ¿Cuál es la vigencia del programa?

Da una respuesta breve y directa, en una sola frase.",2023,La vigencia del programa del curso Análisis de Datos en Ciberseguridad es 2023.,10.3,Análisis de Datos en Ciberseguridad,MC1001,
deepseek-r1-14b-4bit,short_answer,¿Qué porcentaje de la evaluación corresponde a la resolución de casos de estudio?,"En el curso Análisis de Datos en Ciberseguridad de la Maestría en Ciberseguridad, ¿Qué porcentaje de la evaluación corresponde a la resolución de casos de estudio?

Da una respuesta breve y directa, en una sola frase.",20%,"En el curso Análisis de Datos en Ciberseguridad, la resolución de casos de estudio corresponde al 20% de la evaluación.",10.65,Análisis de Datos en Ciberseguridad,MC1001,
deepseek-r1-14b-4bit,short_answer,¿En qué trimestre se imparte esta materia?,"En el curso Seguridad y Criptografía de la Maestría en Ciberseguridad, ¿En qué trimestre se imparte esta materia?

Da una respuesta breve y directa, en una sola frase.",Cuarto trimestre,El curso de Seguridad y Criptografía se imparte en el cuarto trimestre de la Maestría en Ciberseguridad.,10.43,Seguridad y Criptografía,MC1003,
deepseek-r1-14b-4bit,short_answer,¿De qué curso de Blockchain es requisito esta materia?,"En el curso Seguridad y Criptografía de la Maestría en Ciberseguridad, ¿De qué curso de Blockchain es requisito esta materia?

Da una respuesta breve y directa, en una sola frase.",MC4001 Blockchain y Ledger Distribuidos,"En el curso Seguridad y Criptografía de la Maestría en Ciberseguridad, el curso de Blockchain es requisito para el curso MC1003-Seguridad y Criptografía.",10.99,Seguridad y Criptografía,MC1003,
deepseek-r1-14b-4bit,short_answer,¿Qué porcentaje de la nota corresponde al examen final?,"En el curso Seguridad y Criptografía de la Maestría en Ciberseguridad, ¿Qué porcentaje de la nota corresponde al examen final?

Da una respuesta breve y directa, en una sola frase.",30%,"En el curso Seguridad y Criptografía de la Maestría en Ciberseguridad, el examen final corresponde al 30% de la nota.",10.61,Seguridad y Criptografía,MC1003,
deepseek-r1-14b-4bit,short_answer,¿Cuántas horas de clase por semana tiene el curso?,"En el curso Seguridad y Criptografía de la Maestría en Ciberseguridad, ¿Cuántas horas de clase por semana tiene el curso?

Da una respuesta breve y directa, en una sola frase.",4 horas,El curso de Seguridad y Criptografía tiene 4 horas de clase por semana.,9.92,Seguridad y Criptografía,MC1003,
deepseek-r1-14b-4bit,short_answer,"¿Quiénes son los autores del ""Handbook of applied cryptography"" incluido en la bibliografía?","En el curso Seguridad y Criptografía de la Maestría en Ciberseguridad, ¿Quiénes son los autores del ""Handbook of applied cryptography"" incluido en la bibliografía?

Da una respuesta breve y directa, en una sola frase.","Menezes, Van Oorschot y Vanstone","Los autores del ""Handbook of applied cryptography"" son A. J. Menezes, P. C. Van Oorschot y S. A. Vanstone.",10.73,Seguridad y Criptografía,MC1003,
deepseek-r1-14b-4bit,short_answer,¿Qué porcentaje de la calificación representan las tareas?,"En el curso Seguridad y Criptografía de la Maestría en Ciberseguridad, ¿Qué porcentaje de la calificación representan las tareas?

Da una respuesta breve y directa, en una sola frase.",50%,"En el curso Seguridad y Criptografía de la Maestría en Ciberseguridad, las tareas representan el 50% de la calificación.",10.64,Seguridad y Criptografía,MC1003,
deepseek-r1-14b-4bit,short_answer,¿Permite este curso la posibilidad de reconocimiento?,"En el curso Políticas y Gobernanza en Ciberseguridad de la Maestría en Ciberseguridad, ¿Permite este curso la posibilidad de reconocimiento?

Da una respuesta breve y directa, en una sola frase.",No,"Sí, el curso ""Políticas y Gobernanza en Ciberseguridad"" de la Maestría en Ciberseguridad permite la posibilidad de reconocimiento.",10.85,Políticas y Gobernanza en Ciberseguridad,MC1006,
deepseek-r1-14b-4bit,short_answer,¿Qué porcentaje de la nota final representa el estudio de casos?,"En el curso Políticas y Gobernanza en Ciberseguridad de la Maestría en Ciberseguridad, ¿Qué porcentaje de la nota final representa el estudio de casos?

Da una respuesta breve y directa, en una sola frase.",40%,"En el curso ""Políticas y Gobernanza en Ciberseguridad"" de la Maestría en Ciberseguridad, el estudio de casos representa el 40% de la nota final.",11.05,Políticas y Gobernanza en Ciberseguridad,MC1006,
deepseek-r1-14b-4bit,short_answer,¿En qué trimestre se ubica el curso?,"En el curso Políticas y Gobernanza en Ciberseguridad de la Maestría en Ciberseguridad, ¿En qué trimestre se ubica el curso?

Da una respuesta breve y directa, en una sola frase.",Primer trimestre,El curso Políticas y Gobernanza en Ciberseguridad se ubica en el primer trimestre de la Maestría en Ciberseguridad.,10.59,Políticas y Gobernanza en Ciberseguridad,MC1006,
deepseek-r1-14b-4bit,short_answer,¿Qué porcentaje de la nota corresponde a la investigación bibliográfica?,"En el curso Políticas y Gobernanza en Ciberseguridad de la Maestría en Ciberseguridad, ¿Qué porcentaje de la nota corresponde a la investigación bibliográfica?

Da una respuesta breve y directa, en una sola frase.",20%,"La investigación bibliográfica en el curso ""Políticas y Gobernanza en Ciberseguridad"" de la Maestría en Ciberseguridad corresponde al 20% de la nota.

**Respuesta:**
La investigación bibliográfica en el curso ""Políticas y Gobernanza en Ciberseguridad"" de la Maestría en Ciberseguridad corresponde al 20% de la nota.",13.12,Políticas y Gobernanza en Ciberseguridad,MC1006,
deepseek-r1-14b-4bit,short_answer,¿Cuál es la vigencia de este programa?,"En el curso Políticas y Gobernanza en Ciberseguridad de la Maestría en Ciberseguridad, ¿Cuál es la vigencia de este programa?

Da una respuesta breve y directa, en una sola frase.",2023,"La vigencia del programa del curso ""Políticas y Gobernanza en Ciberseguridad"" es el año 2023.",10.43,Políticas y Gobernanza en Ciberseguridad,MC1006,
deepseek-r1-14b-4bit,short_answer,¿Cuántas horas extraclase por semana se requieren?,"En el curso Políticas y Gobernanza en Ciberseguridad de la Maestría en Ciberseguridad, ¿Cuántas horas extraclase por semana se requieren?

Da una respuesta breve y directa, en una sola frase.",14 horas,"El curso ""Políticas y Gobernanza en Ciberseguridad"" de la Maestría en Ciberseguridad requiere 14 horas extraclase por semana.",10.83,Políticas y Gobernanza en Ciberseguridad,MC1006,
deepseek-r1-14b-4bit,short_answer,¿En qué área del plan de estudios se ubica este curso?,"En el curso Seguridad de Software Avanzado de la Maestría en Ciberseguridad, ¿En qué área del plan de estudios se ubica este curso?

Da una respuesta breve y directa, en una sola frase.",Área de tópicos electivos profesionalizantes,"El curso ""Seguridad de Software Avanzado"" se ubica en el área de tópicos electivos profesionalizantes del plan de estudios de la Maestría en Ciberseguridad.",10.94,Seguridad de Software Avanzado,MC3001,
deepseek-r1-14b-4bit,short_answer,¿Permite el curso la modalidad de suficiencia?,"En el curso Seguridad de Software Avanzado de la Maestría en Ciberseguridad, ¿Permite el curso la modalidad de suficiencia?

Da una respuesta breve y directa, en una sola frase.",No,"Sí, el curso MC3001 ""Seguridad de Software Avanzado"" de la Maestría en Ciberseguridad permite la modalidad de suficiencia.",10.77,Seguridad de Software Avanzado,MC3001,
deepseek-r1-14b-4bit,short_answer,¿Qué porcentaje de la nota valen las tareas programadas?,"En el curso Seguridad de Software Avanzado de la Maestría en Ciberseguridad, ¿Qué porcentaje de la nota valen las tareas programadas?

Da una respuesta breve y directa, en una sola frase.",40%,"En el curso Seguridad de Software Avanzado, las tareas programadas valen el 40% de la nota.",10.56,Seguridad de Software Avanzado,MC3001,
deepseek-r1-14b-4bit,short_answer,¿De qué curso de defensa y ataque es requisito esta materia?,"En el curso Seguridad de Software Avanzado de la Maestría en Ciberseguridad, ¿De qué curso de defensa y ataque es requisito esta materia?

Da una respuesta breve y directa, en una sola frase.",MC3006 Defensa y Ataque de Sistemas,"El curso ""Seguridad de Software Avanzado"" de la Maestría en Ciberseguridad es requisito para los cursos MC3004 Seguridad en la Nube, MC3002 Tecnologías para Mejorar la Privacidad y MC3006 Defensa y Ataque de Sistemas.",12.27,Seguridad de Software Avanzado,MC3001,
deepseek-r1-14b-4bit,short_answer,¿Qué porcentaje de la nota final corresponde al examen final?,"En el curso Seguridad de Software Avanzado de la Maestría en Ciberseguridad, ¿Qué porcentaje de la nota final corresponde al examen final?

Da una respuesta breve y directa, en una sola frase.",30%,"En el curso Seguridad de Software Avanzado, el examen final corresponde al 30% de la nota final.",10.31,Seguridad de Software Avanzado,MC3001,
deepseek-r1-14b-4bit,short_answer,¿Cuál es el valor porcentual del reporte de lecturas?,"En el curso Seguridad de Software Avanzado de la Maestría en Ciberseguridad, ¿Cuál es el valor porcentual del reporte de lecturas?

Da una respuesta breve y directa, en una sola frase.",10%,"En el curso Seguridad de Software Avanzado, el valor porcentual del reporte de lecturas es 10%.",11.5,Seguridad de Software Avanzado,MC3001,
deepseek-r1-14b-4bit,short_answer,¿Es este curso obligatorio o electivo?,"En el curso Cibercrimen de la Maestría en Ciberseguridad, ¿Es este curso obligatorio o electivo?

Da una respuesta breve y directa, en una sola frase.",Electivo,"Sí, el curso de Cibercrimen es electivo en la Maestría en Ciberseguridad.",10.11,Cibercrimen,MC3010,
deepseek-r1-14b-4bit,short_answer,¿Permite la posibilidad de reconocimiento?,"En el curso Cibercrimen de la Maestría en Ciberseguridad, ¿Permite la posibilidad de reconocimiento?

Da una respuesta breve y directa, en una sola frase.",No,"Sí, el curso Cibercrimen de la Maestría en Ciberseguridad permite la posibilidad de reconocimiento.",10.35,Cibercrimen,MC3010,
deepseek-r1-14b-4bit,short_answer,¿Qué porcentaje de la nota final representa la investigación?,"En el curso Cibercrimen de la Maestría en Ciberseguridad, ¿Qué porcentaje de la nota final representa la investigación?

Da una respuesta breve y directa, en una sola frase.",40%,La investigación en el curso Cibercrimen de la Maestría en Ciberseguridad representa el 40% de la nota final.,10.5,Cibercrimen,MC3010,
deepseek-r1-14b-4bit,short_answer,¿Qué porcentaje de la evaluación corresponde al estudio de casos?,"En el curso Cibercrimen de la Maestría en Ciberseguridad, ¿Qué porcentaje de la evaluación corresponde al estudio de casos?

Da una respuesta breve y directa, en una sola frase.",40%,"En el curso Cibercrimen de la Maestría en Ciberseguridad, el 40% de la evaluación corresponde al estudio de casos.",10.59,Cibercrimen,MC3010,
deepseek-r1-14b-4bit,short_answer,¿Qué software específico se menciona en los contenidos para el análisis de datos?,"En el curso Cibercrimen de la Maestría en Ciberseguridad, ¿Qué software específico se menciona en los contenidos para el análisis de datos?

Da una respuesta breve y directa, en una sola frase.",SPSS,"En el curso Cibercrimen de la Maestría en Ciberseguridad, el software específico mencionado en los contenidos para el análisis de datos es SPSS.",10.71,Cibercrimen,MC3010,
deepseek-r1-14b-4bit,short_answer,¿Qué porcentaje de la nota representan las pruebas cortas o comprobaciones?,"En el curso Cibercrimen de la Maestría en Ciberseguridad, ¿Qué porcentaje de la nota representan las pruebas cortas o comprobaciones?

Da una respuesta breve y directa, en una sola frase.",20%,"En el curso Cibercrimen de la Maestría en Ciberseguridad, las pruebas cortas o comprobaciones representan el 20% de la nota.",10.77,Cibercrimen,MC3010,
deepseek-r1-14b-4bit,short_answer,¿En qué año se aprobó y actualizó este programa?,"En el curso Sistemas Estratégicos Empresariales de la Maestría en Gerencia de Tecnologías de la Información, ¿En qué año se aprobó y actualizó este programa?

Da una respuesta breve y directa, en una sola frase.",2025,El curso Sistemas Estratégicos Empresariales de la Maestría en Gerencia de Tecnologías de la Información fue aprobado y actualizado en el año 2025.,11.04,Sistemas Estratégicos Empresariales,MC1101,
deepseek-r1-14b-4bit,short_answer,¿Qué porcentaje de la nota final es la investigación en sistema empresarial?,"En el curso Sistemas Estratégicos Empresariales de la Maestría en Gerencia de Tecnologías de la Información, ¿Qué porcentaje de la nota final es la investigación en sistema empresarial?

Da una respuesta breve y directa, en una sola frase.",40%,La investigación en sistema empresarial representa el 40% de la nota final en el curso Sistemas Estratégicos Empresariales de la Maestría en Gerencia de Tecnologías de la Información.,11.14,Sistemas Estratégicos Empresariales,MC1101,
deepseek-r1-14b-4bit,short_answer,¿En qué semestre del programa se ubica este curso?,"En el curso Sistemas Estratégicos Empresariales de la Maestría en Gerencia de Tecnologías de la Información, ¿En qué semestre del programa se ubica este curso?

Da una respuesta breve y directa, en una sola frase.",I semestre,El curso Sistemas Estratégicos Empresariales se ubica en el primer semestre del programa de Maestría en Gerencia de Tecnologías de la Información.,10.71,Sistemas Estratégicos Empresariales,MC1101,
deepseek-r1-14b-4bit,short_answer,¿Qué porcentaje total suman los dos exámenes parciales?,"En el curso Sistemas Estratégicos Empresariales de la Maestría en Gerencia de Tecnologías de la Información, ¿Qué porcentaje total suman los dos exámenes parciales?

Da una respuesta breve y directa, en una sola frase.",40%,"En el curso Sistemas Estratégicos Empresariales, los dos exámenes parciales suman un total del 40% de la calificación.

Respuesta: Los dos exámenes parciales suman un total del 40% de la calificación.",11.81,Sistemas Estratégicos Empresariales,MC1101,
deepseek-r1-14b-4bit,short_answer,¿Cuántas horas de clase por semana tiene la materia?,"En el curso Sistemas Estratégicos Empresariales de la Maestría en Gerencia de Tecnologías de la Información, ¿Cuántas horas de clase por semana tiene la materia?

Da una respuesta breve y directa, en una sola frase.",3 horas,El curso Sistemas Estratégicos Empresariales tiene 3 horas de clase por semana.,10.11,Sistemas Estratégicos Empresariales,MC1101,
deepseek-r1-14b-4bit,short_answer,¿Quién es el autor de los artículos sobre las cinco fuerzas competitivas citados?,"En el curso Sistemas Estratégicos Empresariales de la Maestría en Gerencia de Tecnologías de la Información, ¿Quién es el autor de los artículos sobre las cinco fuerzas competitivas citados?

Da una respuesta breve y directa, en una sola frase.",Michael Porter,"En el curso Sistemas Estratégicos Empresariales de la Maestría en Gerencia de Tecnologías de la Información, el autor de los artículos sobre las cinco fuerzas competitivas citados es Michael E. Porter.",11.39,Sistemas Estratégicos Empresariales,MC1101,
deepseek-r1-14b-4bit,short_answer,¿Permite este curso la suficiencia?,"En el curso Gerencia de Tecnología de Información de la Maestría en Gerencia de Tecnologías de la Información, ¿Permite este curso la suficiencia?

Da una respuesta breve y directa, en una sola frase.",No,"Sí, el curso Gerencia de Tecnología de Información de la Maestría en Gerencia de Tecnologías de la Información permite la suficiencia.",10.6,Gerencia de Tecnología de Información,MC1103,
deepseek-r1-14b-4bit,short_answer,¿En qué semestre del programa se ubica (indicado como código)?,"En el curso Gerencia de Tecnología de Información de la Maestría en Gerencia de Tecnologías de la Información, ¿En qué semestre del programa se ubica (indicado como código)?

Da una respuesta breve y directa, en una sola frase.",P4 semestre,"El curso Gerencia de Tecnología de Información se ubica en el primer semestre del programa de Maestría en Gerencia de Tecnologías de la Información, con el código MC1101.",11.05,Gerencia de Tecnología de Información,MC1103,
deepseek-r1-14b-4bit,short_answer,¿Qué porcentaje de la evaluación corresponde al estudio de casos?,"En el curso Gerencia de Tecnología de Información de la Maestría en Gerencia de Tecnologías de la Información, ¿Qué porcentaje de la evaluación corresponde al estudio de casos?

Da una respuesta breve y directa, en una sola frase.",40%,"En el curso Gerencia de Tecnología de Información de la Maestría en Gerencia de Tecnologías de la Información, el 40% de la evaluación corresponde al estudio de casos.",11.01,Gerencia de Tecnología de Información,MC1103,
deepseek-r1-14b-4bit,short_answer,¿Qué porcentaje de la nota es la investigación bibliográfica y exposición?,"En el curso Gerencia de Tecnología de Información de la Maestría en Gerencia de Tecnologías de la Información, ¿Qué porcentaje de la nota es la investigación bibliográfica y exposición?

Da una respuesta breve y directa, en una sola frase.",20%,La investigación bibliográfica y exposición representan el 20% de la nota en el curso Gerencia de Tecnología de Información de la Maestría en Gerencia de Tecnologías de la Información.,11.18,Gerencia de Tecnología de Información,MC1103,
deepseek-r1-14b-4bit,short_answer,¿Cuántas horas extraclase se requieren semanalmente?,"En el curso Gerencia de Tecnología de Información de la Maestría en Gerencia de Tecnologías de la Información, ¿Cuántas horas extraclase se requieren semanalmente?

Da una respuesta breve y directa, en una sola frase.",9 horas,"En el curso Gerencia de Tecnología de Información de la Maestría en Gerencia de Tecnologías de la Información, se requieren 9 horas extraclase semanalmente.",10.93,Gerencia de Tecnología de Información,MC1103,
deepseek-r1-14b-4bit,short_answer,¿Es posible el reconocimiento del curso?,"En el curso Gerencia de Tecnología de Información de la Maestría en Gerencia de Tecnologías de la Información, ¿Es posible el reconocimiento del curso?

Da una respuesta breve y directa, en una sola frase.",No,"Sí, el curso Gerencia de Tecnología de Información de la Maestría en Gerencia de Tecnologías de la Información tiene la posibilidad de reconocimiento.",10.72,Gerencia de Tecnología de Información,MC1103,
deepseek-r1-14b-4bit,short_answer,¿Permite este curso la posibilidad de reconocimiento?,"En el curso Administración Financiera de TI de la Maestría en Gerencia de Tecnologías de la Información, ¿Permite este curso la posibilidad de reconocimiento?

Da una respuesta breve y directa, en una sola frase.",Sí,"Sí, el curso de Administración Financiera de Tecnologías de la Información de la Maestría en Gerencia de Tecnologías de la Información permite la posibilidad de reconocimiento.",10.97,Administración Financiera de TI,MC1201,
deepseek-r1-14b-4bit,short_answer,¿En qué semestre se ubica la materia?,"En el curso Administración Financiera de TI de la Maestría en Gerencia de Tecnologías de la Información, ¿En qué semestre se ubica la materia?

Da una respuesta breve y directa, en una sola frase.",2do semestre,El curso Administración Financiera de TI se ubica en el segundo semestre del programa de Maestría en Gerencia de Tecnologías de la Información.,10.66,Administración Financiera de TI,MC1201,
deepseek-r1-14b-4bit,short_answer,¿Qué porcentaje total de la nota suman los dos exámenes parciales?,"En el curso Administración Financiera de TI de la Maestría en Gerencia de Tecnologías de la Información, ¿Qué porcentaje total de la nota suman los dos exámenes parciales?

Da una respuesta breve y directa, en una sola frase.",50%,"En el curso Administración Financiera de TI, los dos exámenes parciales suman un total del 50% de la nota.",10.56,Administración Financiera de TI,MC1201,
deepseek-r1-14b-4bit,short_answer,¿Qué porcentaje de la evaluación corresponde a la investigación bibliográfica?,"En el curso Administración Financiera de TI de la Maestría en Gerencia de Tecnologías de la Información, ¿Qué porcentaje de la evaluación corresponde a la investigación bibliográfica?

Da una respuesta breve y directa, en una sola frase.",20%,"La evaluación de la investigación bibliográfica en el curso ""Administración Financiera de Tecnologías de la Información"" de la Maestría en Gerencia de Tecnologías de la Información corresponde al 20% de la calificación total.

**Respuesta:**  
La investigación bibliográfica representa el 20% de la evaluación en el curso.",12.58,Administración Financiera de TI,MC1201,
deepseek-r1-14b-4bit,short_answer,¿Qué porcentaje de la nota representan las comprobaciones de lectura?,"En el curso Administración Financiera de TI de la Maestría en Gerencia de Tecnologías de la Información, ¿Qué porcentaje de la nota representan las comprobaciones de lectura?

Da una respuesta breve y directa, en una sola frase.",15%,"En el curso Administración Financiera de TI, las comprobaciones de lectura representan el 20% de la nota.",10.37,Administración Financiera de TI,MC1201,
deepseek-r1-14b-4bit,short_answer,¿Permite el curso la suficiencia?,"En el curso Administración Financiera de TI de la Maestría en Gerencia de Tecnologías de la Información, ¿Permite el curso la suficiencia?

Da una respuesta breve y directa, en una sola frase.",No,"Sí, el curso de Administración Financiera de Tecnologías de la Información de la Maestría en Gerencia de Tecnologías de la Información permite la suficiencia.",10.91,Administración Financiera de TI,MC1201,
deepseek-r1-14b-4bit,short_answer,¿De qué curso de nivel II es requisito esta materia?,"En el curso Administración y Estrategia de Proyectos I de la Maestría en Gerencia de Tecnologías de la Información, ¿De qué curso de nivel II es requisito esta materia?

Da una respuesta breve y directa, en una sola frase.",MC-6204 Administración y estrategia de proyectos II,"El curso ""Administración y Estrategia de Proyectos I"" de la Maestría en Gerencia de Tecnologías de la Información es requisito del curso ""Administración y Estrategia de Proyectos II"".",11.1,Administración y Estrategia de Proyectos I,MC1203,
deepseek-r1-14b-4bit,short_answer,¿Cuál es el tipo de curso según los datos generales?,"En el curso Administración y Estrategia de Proyectos I de la Maestría en Gerencia de Tecnologías de la Información, ¿Cuál es el tipo de curso según los datos generales?

Da una respuesta breve y directa, en una sola frase.",Teórico,"Según los datos generales del curso ""Administración y Estrategia de Proyectos I"" de la Maestría en Gerencia de Tecnologías de la Información, el tipo de curso es ""Teórico - Práctico"".",11.32,Administración y Estrategia de Proyectos I,MC1203,
deepseek-r1-14b-4bit,short_answer,¿En qué semestre del programa se ubica?,"En el curso Administración y Estrategia de Proyectos I de la Maestría en Gerencia de Tecnologías de la Información, ¿En qué semestre del programa se ubica?

Da una respuesta breve y directa, en una sola frase.",3er semestre,El curso Administración y Estrategia de Proyectos I se ubica en el tercer semestre del programa de Maestría en Gerencia de Tecnologías de la Información.,10.83,Administración y Estrategia de Proyectos I,MC1203,
deepseek-r1-14b-4bit,short_answer,¿Qué porcentaje de la nota final corresponde a la escritura de dos ensayos individuales?,"En el curso Administración y Estrategia de Proyectos I de la Maestría en Gerencia de Tecnologías de la Información, ¿Qué porcentaje de la nota final corresponde a la escritura de dos ensayos individuales?

Da una respuesta breve y directa, en una sola frase.",30%,"En el curso Administración y Estrategia de Proyectos I, la escritura de dos ensayos individuales contribuye con un 30% a la nota final.",10.77,Administración y Estrategia de Proyectos I,MC1203,
deepseek-r1-14b-4bit,short_answer,¿Qué porcentaje de la evaluación es la resolución de casos prácticos?,"En el curso Administración y Estrategia de Proyectos I de la Maestría en Gerencia de Tecnologías de la Información, ¿Qué porcentaje de la evaluación es la resolución de casos prácticos?

Da una respuesta breve y directa, en una sola frase.",25%,"En el curso Administración y Estrategia de Proyectos I, la resolución de casos prácticos representa el 40% de la evaluación.",10.53,Administración y Estrategia de Proyectos I,MC1203,
deepseek-r1-14b-4bit,short_answer,¿Qué porcentaje de la nota vale la investigación sobre un tema seleccionado?,"En el curso Administración y Estrategia de Proyectos I de la Maestría en Gerencia de Tecnologías de la Información, ¿Qué porcentaje de la nota vale la investigación sobre un tema seleccionado?

Da una respuesta breve y directa, en una sola frase.",25%,"La investigación sobre un tema seleccionado en el curso ""Administración y Estrategia de Proyectos I"" de la Maestría en Gerencia de Tecnologías de la Información vale el 20% de la nota.",11.12,Administración y Estrategia de Proyectos I,MC1203,
deepseek-r1-14b-4bit,short_answer,¿Con cuántas faltas de asistencia injustificadas se reprueba el curso?,"En el curso Planificación Estratégica de TI de la Maestría en Gerencia de Tecnologías de la Información, ¿Con cuántas faltas de asistencia injustificadas se reprueba el curso?

Da una respuesta breve y directa, en una sola frase.",4 faltas,"En el curso Planificación Estratégica de TI de la Maestría en Gerencia de Tecnologías de la Información, el curso se reprueba con 4 faltas de asistencia injustificadas.",11.0,Planificación Estratégica de TI,MC2301,
deepseek-r1-14b-4bit,short_answer,¿Qué porcentaje de la nota final representa la resolución de casos?,"En el curso Planificación Estratégica de TI de la Maestría en Gerencia de Tecnologías de la Información, ¿Qué porcentaje de la nota final representa la resolución de casos?

Da una respuesta breve y directa, en una sola frase.",40%,La resolución de casos representa el 40% de la nota final en el curso Planificación Estratégica de TI de la Maestría en Gerencia de Tecnologías de la Información.,10.99,Planificación Estratégica de TI,MC2301,
deepseek-r1-14b-4bit,short_answer,¿Cuántos minutos después de la hora oficial de entrada se consideran para marcar ausencia?,"En el curso Planificación Estratégica de TI de la Maestría en Gerencia de Tecnologías de la Información, ¿Cuántos minutos después de la hora oficial de entrada se consideran para marcar ausencia?

Da una respuesta breve y directa, en una sola frase.",30 minutos,"En el curso Planificación Estratégica de TI, se considera ausencia si el estudiante llega más de 30 minutos después de la hora oficial de entrada.",10.7,Planificación Estratégica de TI,MC2301,
deepseek-r1-14b-4bit,short_answer,¿Qué porcentaje de la evaluación corresponde a la investigación bibliográfica?,"En el curso Planificación Estratégica de TI de la Maestría en Gerencia de Tecnologías de la Información, ¿Qué porcentaje de la evaluación corresponde a la investigación bibliográfica?

Da una respuesta breve y directa, en una sola frase.",20%,La evaluación del curso Planificación Estratégica de TI incluye un 20% correspondiente a la investigación bibliográfica.,10.28,Planificación Estratégica de TI,MC2301,
deepseek-r1-14b-4bit,short_answer,¿Permite el curso la suficiencia?,"En el curso Planificación Estratégica de TI de la Maestría en Gerencia de Tecnologías de la Información, ¿Permite el curso la suficiencia?

Da una respuesta breve y directa, en una sola frase.",No,"Sí, el curso de Planificación Estratégica de TI de la Maestría en Gerencia de Tecnologías de la Información permite la suficiencia.",10.56,Planificación Estratégica de TI,MC2301,
deepseek-r1-14b-4bit,short_answer,"¿Qué porcentaje de la nota representan las pruebas cortas, comprobaciones y ensayos?","En el curso Planificación Estratégica de TI de la Maestría en Gerencia de Tecnologías de la Información, ¿Qué porcentaje de la nota representan las pruebas cortas, comprobaciones y ensayos?

Da una respuesta breve y directa, en una sola frase.",40%,"En el curso Planificación Estratégica de TI, las pruebas cortas, comprobaciones y ensayos representan el 40% de la nota.",10.74,Planificación Estratégica de TI,MC2301,
deepseek-r1-14b-4bit,short_answer,¿En qué periodo del plan de estudios se ubica?,"En el curso Teoría de Autómatas de la Maestría en Computación, ¿En qué periodo del plan de estudios se ubica?

Da una respuesta breve y directa, en una sola frase.",II Periodo,El curso Teoría de Autómatas se ubica en el II Periodo del Plan de Estudios de la Maestría en Computación con énfasis en Ciencias de la Computación.,11.1,Teoría de Autómatas,MC6003,
deepseek-r1-14b-4bit,short_answer,¿Quién es el profesor titular del curso?,"En el curso Teoría de Autómatas de la Maestría en Computación, ¿Quién es el profesor titular del curso?

Da una respuesta breve y directa, en una sola frase.",Erick Mata Montero,El profesor titular del curso Teoría de Autómatas en la Maestría en Computación es Erick Mata Montero.,10.4,Teoría de Autómatas,MC6003,
deepseek-r1-14b-4bit,short_answer,¿Qué porcentaje de la nota final representa el examen final?,"En el curso Teoría de Autómatas de la Maestría en Computación, ¿Qué porcentaje de la nota final representa el examen final?

Da una respuesta breve y directa, en una sola frase.",30%,El examen final representa el 30% de la nota final en el curso Teoría de Autómatas.,10.22,Teoría de Autómatas,MC6003,
deepseek-r1-14b-4bit,short_answer,¿Cuál es el porcentaje asignado al examen parcial?,"En el curso Teoría de Autómatas de la Maestría en Computación, ¿Cuál es el porcentaje asignado al examen parcial?

Da una respuesta breve y directa, en una sola frase.",20%,"En el curso Teoría de Autómatas de la Maestría en Computación, el porcentaje asignado al examen parcial es 20%.",10.58,Teoría de Autómatas,MC6003,
deepseek-r1-14b-4bit,short_answer,¿Permite el curso la modalidad de suficiencia?,"En el curso Teoría de Autómatas de la Maestría en Computación, ¿Permite el curso la modalidad de suficiencia?

Da una respuesta breve y directa, en una sola frase.",Sí,"Sí, el curso Teoría de Autómatas de la Maestría en Computación permite la modalidad de suficiencia.",10.35,Teoría de Autómatas,MC6003,
deepseek-r1-14b-4bit,short_answer,¿Quiénes son los autores principales del libro de texto base?,"En el curso Teoría de Autómatas de la Maestría en Computación, ¿Quiénes son los autores principales del libro de texto base?

Da una respuesta breve y directa, en una sola frase.",Hopcroft et al.,"Los autores principales del libro de texto base del curso Teoría de Autómatas son John E. Hopcroft, Rajeev Motwani y Jeffrey D. Ullman.",10.9,Teoría de Autómatas,MC6003,
deepseek-r1-14b-4bit,short_answer,¿De qué curso de redes es requisito esta materia?,"En el curso Sistemas Operativos Avanzados de la Maestría en Computación, ¿De qué curso de redes es requisito esta materia?

Da una respuesta breve y directa, en una sola frase.",MC-6006 Redes de Computadores Avanzadas,"En el curso Sistemas Operativos Avanzados de la Maestría en Computación, el requisito es el curso de Redes de Computadores Avanzadas (MC-6004).",11.09,Sistemas Operativos Avanzados,MC6004,
deepseek-r1-14b-4bit,short_answer,¿Cuál es la duración mínima exigida para la presentación oral?,"En el curso Sistemas Operativos Avanzados de la Maestría en Computación, ¿Cuál es la duración mínima exigida para la presentación oral?

Da una respuesta breve y directa, en una sola frase.",16 minutos,La duración mínima exigida para la presentación oral en el curso Sistemas Operativos Avanzados es de 16 minutos.,10.43,Sistemas Operativos Avanzados,MC6004,
deepseek-r1-14b-4bit,short_answer,¿En qué formato deben confeccionarse los reportes de proyectos y el paper?,"En el curso Sistemas Operativos Avanzados de la Maestría en Computación, ¿En qué formato deben confeccionarse los reportes de proyectos y el paper?

Da una respuesta breve y directa, en una sola frase.",IEEE Transactions,Los reportes de proyectos y el paper deben confeccionarse en formato IEEE Transactions utilizando LaTeX.,9.96,Sistemas Operativos Avanzados,MC6004,
deepseek-r1-14b-4bit,short_answer,¿En qué idioma debe estar escrito el paper de investigación?,"En el curso Sistemas Operativos Avanzados de la Maestría en Computación, ¿En qué idioma debe estar escrito el paper de investigación?

Da una respuesta breve y directa, en una sola frase.",Inglés,"En el curso Sistemas Operativos Avanzados de la Maestría en Computación, el paper de investigación debe estar escrito en inglés.",10.44,Sistemas Operativos Avanzados,MC6004,
deepseek-r1-14b-4bit,short_answer,¿Qué porcentaje total de la nota suman los tres proyectos programados?,"En el curso Sistemas Operativos Avanzados de la Maestría en Computación, ¿Qué porcentaje total de la nota suman los tres proyectos programados?

Da una respuesta breve y directa, en una sola frase.",30%,"En el curso Sistemas Operativos Avanzados, los tres proyectos programados suman un 30% de la nota total.",11.75,Sistemas Operativos Avanzados,MC6004,
deepseek-r1-14b-4bit,short_answer,¿Quién es el profesor titular del curso?,"En el curso Sistemas Operativos Avanzados de la Maestría en Computación, ¿Quién es el profesor titular del curso?

Da una respuesta breve y directa, en una sola frase.",Dr. Francisco J. Torres-Rojas,El profesor titular del curso Sistemas Operativos Avanzados es Dr. Francisco J. Torres-Rojas.,10.39,Sistemas Operativos Avanzados,MC6004,
deepseek-r1-14b-4bit,short_answer,¿En qué periodo del plan de estudios se imparte?,"En el curso Análisis de Algoritmos de la Maestría en Computación, ¿En qué periodo del plan de estudios se imparte?

Da una respuesta breve y directa, en una sola frase.",I Periodo,"En el curso Análisis de Algoritmos de la Maestría en Computación, se imparte en el I Periodo del Plan de Estudios.",10.81,Análisis de Algoritmos,MC6102,
deepseek-r1-14b-4bit,short_answer,¿En qué horario se dictan las clases los martes?,"En el curso Análisis de Algoritmos de la Maestría en Computación, ¿En qué horario se dictan las clases los martes?

Da una respuesta breve y directa, en una sola frase.",6:00 p. m. a 8:50 p. m.,"En el curso Análisis de Algoritmos de la Maestría en Computación, las clases se dictan los martes a las 6:00 pm - 8:50 pm.",11.18,Análisis de Algoritmos,MC6102,
deepseek-r1-14b-4bit,short_answer,¿Quién es el profesor del curso?,"En el curso Análisis de Algoritmos de la Maestría en Computación, ¿Quién es el profesor del curso?

Da una respuesta breve y directa, en una sola frase.",José E. Araya,"El profesor del curso Análisis de Algoritmos de la Maestría en Computación es José E. Araya, Ph.D.",10.6,Análisis de Algoritmos,MC6102,
deepseek-r1-14b-4bit,short_answer,¿Qué porcentaje de la nota final representan las tareas e investigaciones?,"En el curso Análisis de Algoritmos de la Maestría en Computación, ¿Qué porcentaje de la nota final representan las tareas e investigaciones?

Da una respuesta breve y directa, en una sola frase.",50%,"En el curso Análisis de Algoritmos de la Maestría en Computación, las tareas e investigaciones representan el 50% de la nota final.",10.86,Análisis de Algoritmos,MC6102,
deepseek-r1-14b-4bit,short_answer,¿Qué porcentaje de la evaluación corresponde a los exámenes parciales?,"En el curso Análisis de Algoritmos de la Maestría en Computación, ¿Qué porcentaje de la evaluación corresponde a los exámenes parciales?

Da una respuesta breve y directa, en una sola frase.",50%,"En el curso Análisis de Algoritmos de la Maestría en Computación, los exámenes parciales representan el 50% de la evaluación.",10.89,Análisis de Algoritmos,MC6102,
deepseek-r1-14b-4bit,short_answer,¿Cuál es el libro de texto de carácter obligatorio?,"En el curso Análisis de Algoritmos de la Maestría en Computación, ¿Cuál es el libro de texto de carácter obligatorio?

Da una respuesta breve y directa, en una sola frase.",Fundamentos de Algoritmia de Brassard y Bratley,"El libro de texto obligatorio para el curso Análisis de Algoritmos es ""Introduction to Algorithms"" de Cormen, Leiserson, Rivest y Stein.",10.67,Análisis de Algoritmos,MC6102,
deepseek-r1-14b-4bit,short_answer,¿Es este curso obligatorio o electivo?,"En el curso Diseño de Experimentos de la Maestría en Computación, ¿Es este curso obligatorio o electivo?

Da una respuesta breve y directa, en una sola frase.",Electivo,"Sí, el curso Diseño de Experimentos es obligatorio en la Maestría en Computación.",10.11,Diseño de Experimentos,MC6104,
deepseek-r1-14b-4bit,short_answer,¿De qué curso de Seminario de Investigación es requisito?,"En el curso Diseño de Experimentos de la Maestría en Computación, ¿De qué curso de Seminario de Investigación es requisito?

Da una respuesta breve y directa, en una sola frase.",MC-7203 – Seminario de Investigación - Tesis II,"En el curso Diseño de Experimentos de la Maestría en Computación, el requisito es el curso de Seminario de Investigación II (MC-7203).",10.92,Diseño de Experimentos,MC6104,
deepseek-r1-14b-4bit,short_answer,¿Qué porcentaje de la nota final representan los proyectos?,"En el curso Diseño de Experimentos de la Maestría en Computación, ¿Qué porcentaje de la nota final representan los proyectos?

Da una respuesta breve y directa, en una sola frase.",35%,"En el curso Diseño de Experimentos de la Maestría en Computación, los proyectos representan el 35% de la nota final.",10.44,Diseño de Experimentos,MC6104,
deepseek-r1-14b-4bit,short_answer,¿En qué idioma deben escribirse los reportes de los proyectos?,"En el curso Diseño de Experimentos de la Maestría en Computación, ¿En qué idioma deben escribirse los reportes de los proyectos?

Da una respuesta breve y directa, en una sola frase.",Inglés,"En el curso Diseño de Experimentos de la Maestría en Computación, los reportes de los proyectos deben escribirse en inglés.",10.51,Diseño de Experimentos,MC6104,
deepseek-r1-14b-4bit,short_answer,¿Permite el curso la suficiencia?,"En el curso Diseño de Experimentos de la Maestría en Computación, ¿Permite el curso la suficiencia?

Da una respuesta breve y directa, en una sola frase.",No,"Sí, el curso Diseño de Experimentos de la Maestría en Computación permite la suficiencia.",10.22,Diseño de Experimentos,MC6104,
deepseek-r1-14b-4bit,short_answer,¿Qué porcentaje de la nota corresponde al segundo examen parcial?,"En el curso Diseño de Experimentos de la Maestría en Computación, ¿Qué porcentaje de la nota corresponde al segundo examen parcial?

Da una respuesta breve y directa, en una sola frase.",25%,"En el curso Diseño de Experimentos de la Maestría en Computación, el segundo examen parcial corresponde al 25% de la nota.

Respuesta: El segundo examen parcial en el curso Diseño de Experimentos contribuye con un 25% a la calificación total.",11.9,Diseño de Experimentos,MC6104,
deepseek-r1-14b-4bit,short_answer,¿Cuál es el correquisito obligatorio de este curso?,"En el curso Introducción a la Investigación de la Maestría en Computación, ¿Cuál es el correquisito obligatorio de este curso?

Da una respuesta breve y directa, en una sola frase.",MC-7205 Tema Selecto de Investigación,"El curso ""Introducción a la Investigación"" de la Maestría en Computación no tiene correquisitos obligatorios.",10.25,Introducción a la Investigación,MC7201,
deepseek-r1-14b-4bit,short_answer,¿Qué porcentaje de la nota final representa la presentación?,"En el curso Introducción a la Investigación de la Maestría en Computación, ¿Qué porcentaje de la nota final representa la presentación?

Da una respuesta breve y directa, en una sola frase.",25%,La presentación en el curso Introducción a la Investigación de la Maestría en Computación representa el 25% de la nota final.,10.5,Introducción a la Investigación,MC7201,
deepseek-r1-14b-4bit,short_answer,¿Qué herramienta es obligatoria para preparar las presentaciones?,"En el curso Introducción a la Investigación de la Maestría en Computación, ¿Qué herramienta es obligatoria para preparar las presentaciones?

Da una respuesta breve y directa, en una sola frase.",Beamer,"En el curso Introducción a la Investigación de la Maestría en Computación, la herramienta obligatoria para preparar las presentaciones es **Beamer**.",10.66,Introducción a la Investigación,MC7201,
deepseek-r1-14b-4bit,short_answer,¿En qué idioma debe escribirse el paper de investigación?,"En el curso Introducción a la Investigación de la Maestría en Computación, ¿En qué idioma debe escribirse el paper de investigación?

Da una respuesta breve y directa, en una sola frase.",Inglés,"En el curso Introducción a la Investigación de la Maestría en Computación, el paper de investigación debe escribirse en inglés.",10.36,Introducción a la Investigación,MC7201,
deepseek-r1-14b-4bit,short_answer,¿Quién es el profesor titular del curso?,"En el curso Introducción a la Investigación de la Maestría en Computación, ¿Quién es el profesor titular del curso?

Da una respuesta breve y directa, en una sola frase.",Dr. Francisco J. Torres-Rojas,El profesor titular del curso Introducción a la Investigación de la Maestría en Computación es Dr. Francisco J. Torres-Rojas.,10.52,Introducción a la Investigación,MC7201,
deepseek-r1-14b-4bit,short_answer,¿Permite el curso la posibilidad de reconocimiento?,"En el curso Introducción a la Investigación de la Maestría en Computación, ¿Permite el curso la posibilidad de reconocimiento?

Da una respuesta breve y directa, en una sola frase.",Sí,"Sí, el curso Introducción a la Investigación de la Maestría en Computación permite la posibilidad de reconocimiento.",10.32,Introducción a la Investigación,MC7201,
deepseek-r1-14b-4bit,open_ended,¿Cuál es el propósito principal de integrar inteligencia artificial en un Centro de Operaciones en Seguridad (SOC)?,"En el curso Análisis de Datos en Ciberseguridad de la Maestría en Ciberseguridad, ¿Cuál es el propósito principal de integrar inteligencia artificial en un Centro de Operaciones en Seguridad (SOC)?

Da una respuesta completa y explicativa.",Facilitar la distinción de vectores de ataque y permitir una toma de decisiones más precisa en la respuesta a incidentes.,"El propósito principal de integrar inteligencia artificial en un Centro de Operaciones en Seguridad (SOC) es mejorar la eficiencia y efectividad en la detección, análisis y respuesta a incidentes de seguridad cibernética. La inteligencia artificial (IA) permite procesar grandes volúmenes de datos en tiempo real, identificar patrones y comportamientos anómalos, y automatizar tareas repetitivas, lo que permite una rápida identificación de amenazas y una respuesta más precisa. Además, la IA puede ayudar en la profilaxis de usuarios y software, y en la minería de datos en tiempo real, lo que contribuye a la detección de amenazas y la optimización de los controles de seguridad.",15.97,Análisis de Datos en Ciberseguridad,MC1001,
deepseek-r1-14b-4bit,open_ended,¿Qué temas matemáticos específicos debe dominar el estudiante para tener un buen desempeño?,"En el curso Análisis de Datos en Ciberseguridad de la Maestría en Ciberseguridad, ¿Qué temas matemáticos específicos debe dominar el estudiante para tener un buen desempeño?

Da una respuesta completa y explicativa.","Conceptos de estadística y cálculo diferencial integral, como distribuciones de probabilidad, regresiones y optimización.","Para tener un buen desempeño en el curso ""Análisis de Datos en Ciberseguridad"" de la Maestría en Ciberseguridad, el estudiante debe dominar una serie de conceptos matemáticos específicos. Estos temas incluyen:

1. **Optimización (de funciones)**: Comprende la minimización o maximización de funciones, esencial para la toma de decisiones en el análisis de datos.

2. **Distribuciones y pruebas de hipótesis**: Incluye el conocimiento de distribuciones probablisticas como la normal, binomial, y chi-cuadrado, así como tests estadísticos para comparar grupos y evaluar diferencias.

3. **Regresión lineal simple y regresión logarítmica**: Son técnicas clave para modelar relaciones entre variables y predecir valores basados en datos.

4. **Árboles de decisión y regresión**: Utilizados para clasificación y predicción, son fundamentales en el aprendizaje automático y el análisis de datos.

5. **Clustering**: Un método de minería de datos para发现 grupos o segmentos en datos no etiquetados.

6. **Validación cruzada**: Una técnica esencial para evaluar el rendimiento de los modelos y evitar el sobreajuste.

Además, el estudiante debe familiarizarse con herramientas",22.12,Análisis de Datos en Ciberseguridad,MC1001,
deepseek-r1-14b-4bit,open_ended,¿Cómo contribuye este curso a la perfilación del comportamiento humano y de software?,"En el curso Análisis de Datos en Ciberseguridad de la Maestría en Ciberseguridad, ¿Cómo contribuye este curso a la perfilación del comportamiento humano y de software?

Da una respuesta completa y explicativa.","Provee técnicas de detección de anomalías, minería de datos en tiempo real y procesamiento distribuido para analizar grandes volúmenes de datos.","El curso ""Análisis de Datos en Ciberseguridad"" de la Maestría en Ciberseguridad contribuye a la perfilación del comportamiento humano y de software de manera significativa a través de varias técnicas y herramientas avanzadas. A continuación, se detalla cómo este curso logra dicha contribución:

1. **Técnicas de Análisis de Datos**:
   - **Detección de Anomalías**: El curso enseña algoritmos y métodos para detectar comportamientos anómalos en grandes volúmenes de datos. Esto incluye el uso de algoritmos de aprendizaje automático, como árboles de decisión y regresión, para identificar patrones que no cumplen con lo esperado.
   - **Minería de Datos en Tiempo Real (Stream Mining)**: Se utiliza para analizar flujos continuos de datos en tiempo real, permitiendo la detección inmediata de comportamientos sospechosos, como intrusiones o fraudes.

2. **Procesamiento de Datos Distribuidos**:
   - **Map-Reduce y HADOOP**: Estas tecnologías permiten el procesamiento eficiente de datos distribuidos, esenciales para analizar comportamientos en sistemas complejos y escalables.
   - **Spark**: Permite el análisis de datos en tiempo real y batch, facilitando la",22.15,Análisis de Datos en Ciberseguridad,MC1001,
deepseek-r1-14b-4bit,open_ended,¿Qué capacidades desarrolla el estudiante respecto al diagnóstico de software?,"En el curso Análisis de Datos en Ciberseguridad de la Maestría en Ciberseguridad, ¿Qué capacidades desarrolla el estudiante respecto al diagnóstico de software?

Da una respuesta completa y explicativa.",La capacidad de desarrollar soluciones para el descubrimiento de conocimiento y análisis de amenazas mediante herramientas de análisis de datos.,"En el curso ""Análisis de Datos en Ciberseguridad"" de la Maestría en Ciberseguridad, el estudiante desarrolla las siguientes capacidades relacionadas con el diagnóstico de software:

1. **Aplicación de Algoritmos de Aprendizaje Automático**: El estudiante aprende a utilizar algoritmos de aprendizaje automático para analizar y diagnosticar amenazas en diferentes fuentes de datos, como código fuente, bitácoras de ejecución y sitios web.

2. **Análisis de Anomalías**: Se capacita para detectar y analizar anomalías en bitácoras de sistemas, lo que incluye el uso de técnicas como el perfilamiento estadístico y el fingerprinting.

3. **Procesamiento de Datos Distribuidos**: El estudiante adquiere habilidades para manejar y procesar grandes volúmenes de datos distribuidos utilizando herramientas como Map-Reduce, HADOOP y Spark.

4. **Ingeniería Inversa Automatizada**: Aprende a utilizar técnicas de ingeniería inversa para analizar y diagnosticar software, incluyendo el uso de protocolos de formato de inversión y análisis de N-gramas.

5. **Función de Conocimiento**: Se capacita para construir perfiles de comportamiento de personas y software, respetando la privacidad, mediante",22.12,Análisis de Datos en Ciberseguridad,MC1001,
deepseek-r1-14b-4bit,open_ended,¿En qué consiste la metodología de evaluación práctica del curso?,"En el curso Análisis de Datos en Ciberseguridad de la Maestría en Ciberseguridad, ¿En qué consiste la metodología de evaluación práctica del curso?

Da una respuesta completa y explicativa.",Se basa principalmente en laboratorios (75% de la nota) y la resolución de casos de estudio (20%).,"La metodología de evaluación práctica del curso ""Análisis de Datos en Ciberseguridad"" de la Maestría en Ciberseguridad se compone de los siguientes componentes:

1. **Laboratorios (75%)**:
   - Los estudiantes desarrollan actividades prácticas utilizando herramientas de análisis de datos y técnicas como minería de datos en tiempo real, procesamiento distribuido y aprendizaje automático. Esto permite aplicar los conceptos teóricos en entornos reales, fortaleciendo sus habilidades prácticas en ciberseguridad.

2. **Resolución de Casos de Estudio (20%)**:
   - Se enfocan en la detección de anomalías, análisis de amenazas y diagnóstico de software. Los estudiantes deben resolver casos complejos que simulan situaciones reales de ciberseguridad, lo que les permite adquirir experiencia en la aplicación de soluciones prácticas.

3. **Reporte de Lecturas (5%)**:
   - Los estudiantes escriben reportes basados en la lectura de artículos y papers relevantes al curso. Esto fomenta el pensamiento crítico y la capacidad de sintetizar información técnica, además de promover el diálogo entre teoría y práctica.

La combinación de estos componentes asegura una evaluación integral que no solo mide el conocimiento te",22.12,Análisis de Datos en Ciberseguridad,MC1001,
deepseek-r1-14b-4bit,open_ended,¿Qué técnicas de minería de datos se aplican específicamente para el procesamiento en tiempo real?,"En el curso Análisis de Datos en Ciberseguridad de la Maestría en Ciberseguridad, ¿Qué técnicas de minería de datos se aplican específicamente para el procesamiento en tiempo real?

Da una respuesta completa y explicativa.","Se estudian los filtros de Bloom, hashes localmente sensibles y árboles de Hoeffding.","En el curso ""Análisis de Datos en Ciberseguridad"" de la Maestría en Ciberseguridad, se aplican varias técnicas de minería de datos para el procesamiento en tiempo real. Estas técnicas incluyen:

1. **Minería de Patrones Frecuentes**: Se utiliza para identificar patrones recurrentes en los datos, lo que puede ayudar a detectar comportamientos anómalos o amenazas.

2. **Perfilación Estadística**: Se basa en el análisis estadístico de los datos para crear perfiles de comportamiento, lo que permite identificar usuarios o sistemas que se alejen de la conducta típica.

3. **Fingerprinting**: Consiste en la identificación de huellas dactilares de amenazas o usuarios basadas en datos, permitiendo una rápida detección de posibles intrusiones.

4. **Métodos de Ensamblaje (Ensemble Methods)**: Se combinan múltiples algoritmos o modelos para mejorar la precisión y robustez de la detección de anomalías.

5. **Stream Mining**: Incluye técnicas específicas para el procesamiento de datos en tiempo real, como:
   - **Árboles de Hoeffding**: Son estructuras de datos que permiten una rápida actualización y adaptación a los nuevos flujos de datos.
   - **Filtros",22.15,Análisis de Datos en Ciberseguridad,MC1001,
deepseek-r1-14b-4bit,open_ended,¿Qué rol desempeña la criptografía en la infraestructura de Internet actual?,"En el curso Seguridad y Criptografía de la Maestría en Ciberseguridad, ¿Qué rol desempeña la criptografía en la infraestructura de Internet actual?

Da una respuesta completa y explicativa.","Actúa como el medio para asegurar la confidencialidad, autenticidad e integridad de las comunicaciones y los datos almacenados.","La criptografía desempeña un papel fundamental en la infraestructura de Internet actual, garantizando la confidencialidad, integridad y autenticidad de las comunicaciones y datos en línea. A continuación, se detalla su rol:

1. **Confidencialidad**: La criptografía utiliza algoritmos de cifrado para convertir información legible en un formato ininteligible para terceros no autorizados. Esto asegura que los datos, como mensajes, transacciones financieras o información personal, no puedan ser interceptados y leídos por personas no autorizadas.

2. **Integridad**: A través de mecanismos como los hashes y firmas digitales, la criptografía verifica que los datos no han sido alterados durante su transmisión. Esto es esencial para detectar cualquier manipulación o corrupción de los datos.

3. **Autenticidad**: Los sistemas de autenticación, como los protocolos de autenticación basados en contraseñas, huellas dactilares o tokens, utilizan la criptografía para verificar la identidad de los usuarios y dispositivos, asegurando que solo las personas autorizadas puedan acceder a recursos o servicios.

4. **Seguridad de Protocolos**: Los protocolos de comunicación, como SSL/TLS, dependen de la criptografía para proteger las conexiones en línea, ev",22.18,Seguridad y Criptografía,MC1003,
deepseek-r1-14b-4bit,open_ended,¿Qué aspectos avanzados de la matemática se exploran para entender los cifrados modernos?,"En el curso Seguridad y Criptografía de la Maestría en Ciberseguridad, ¿Qué aspectos avanzados de la matemática se exploran para entender los cifrados modernos?

Da una respuesta completa y explicativa.","El estudio de curvas elípticas, ataques diferenciales y lineales, y el protocolo Diffie-Hellman.","En el curso ""Seguridad y Criptografía"" de la Maestría en Ciberseguridad, se exploran aspectos avanzados de la matemática que son fundamentales para entender los cifrados modernos. Estos aspectos incluyen:

1. **Cifrado César y Cifrado de Vigenère**: Se estudian los fundamentos de los sistemas de encriptación clásicos, comprendiendo cómo se basan en las operaciones matemáticas para transformar los mensajes.

2. **Cifrado de Bloque (Block Ciphers)**: Se analizan los algoritmos como AES, donde se trabaja con matrices y transformaciones lineales en espacios vectoriales.

3. **Cifrado de Flujo (Stream Ciphers)**: Se estudian los métodos de encriptación en tiempo real, que requieren comprensión de secuencias aleatorias y funciones de hash.

4. **Curvas Elípticas**: Son esenciales para los sistemas de encriptación asimétrica, como RSA y ECC (Elliptic Curve Cryptography), donde se usan operaciones en campos finitos y teoría de números.

5. **Funciones de Hash**: Se exploran las propiedades matemáticas de las funciones hash, como la resistencia a colisiones y su aplicación en la generación de firmas digitales.

6. **Protocol",22.15,Seguridad y Criptografía,MC1003,
deepseek-r1-14b-4bit,open_ended,¿Qué diferencias conceptuales se analizan entre las primitivas de criptografía simétrica y asimétrica?,"En el curso Seguridad y Criptografía de la Maestría en Ciberseguridad, ¿Qué diferencias conceptuales se analizan entre las primitivas de criptografía simétrica y asimétrica?

Da una respuesta completa y explicativa.","Se estudia el rol de las funciones hash, las firmas digitales y la infraestructura de llave pública y privada (PKI).","En el curso ""Seguridad y Criptografía"" de la Maestría en Ciberseguridad, se analizan las siguientes diferencias conceptuales entre las primitivas de criptografía simétrica y asimétrica:

1. **Definición y Uso**:
   - **Criptografía Simétrica**: Utiliza un solo clave para cifrar y decifrar los datos. Es más rápida y eficiente, ideal para grandes volúmenes de datos.
   - **Criptografía Asimétrica**: Utiliza dos claves relacionadas (pública y privada) para operaciones de cifrado y firma digital. Es más segura但由于复杂度较高。

2. **Claves**:
   - **Simétrica**: Una clave compartida entre el emisor y el receptor.
   - **Asimétrica**: Dos claves, pública (para cifrar) y privada (para decifrar).

3. **Aplicaciones**:
   - **Simétrica**: Ideal para transferencia de datos masivos y autenticación de dispositivos.
   - **Asimétrica**: Utilizada para autenticación de usuarios, firma digital y encriptación de clave de sesión.

4. **Seguridad**:
   - **Simétrica**: Vulnerable si la clave es interceptada.
   - **Asimétrica**: Ofrece mayor seguridad ya que la clave privada",22.27,Seguridad y Criptografía,MC1003,
deepseek-r1-14b-4bit,open_ended,¿Sobre qué tendencias futuras en el campo de la seguridad se discute en clase?,"En el curso Seguridad y Criptografía de la Maestría en Ciberseguridad, ¿Sobre qué tendencias futuras en el campo de la seguridad se discute en clase?

Da una respuesta completa y explicativa.",Sobre los avances y desafíos que presenta la criptografía cuántica.,"En el curso ""Seguridad y Criptografía"" de la Maestría en Ciberseguridad, se discute una serie de tendencias futuras en el campo de la seguridad. Estas incluyen:

1. **Criptografía Cuántica**: Se aborda la evolución hacia algoritmos resistentes a computadoras cuánticas, como los basados en curvas elípticas y las funciones de hash de seguridad cuántica.

2. **Avances en Protocolos de Autenticación**: Se analizan los últimos desarrollos en la implementación de protocolos seguros, como el Diffie-Hellman y las firmas digitales.

3. **Sistemas de Gestión de Claves (KMS)**: Se discute la integración de sistemas avanzados para la gestión segura de claves en entornos complejos.

4. **Privacidad y Protección de Datos**: Se consideran las innovaciones en la protección de datos personales, incluyendo la implementación de políticas y estándares internacionales.

5. **Ataques Avanzados y Defensas**: Se estudian las técnicas de ataque avanzadas, como los ataques de fuerza bruta y las vulnerabilidades en los sistemas, junto con las defensas correspondientes.

6. **Gestión de Riesgos y Análisis de Amenazas**: Se enfat",22.09,Seguridad y Criptografía,MC1003,
deepseek-r1-14b-4bit,open_ended,¿Qué elementos históricos sirven de base para comprender la evolución del cifrado?,"En el curso Seguridad y Criptografía de la Maestría en Ciberseguridad, ¿Qué elementos históricos sirven de base para comprender la evolución del cifrado?

Da una respuesta completa y explicativa.","El estudio del Cifrado César, la máquina Enigma y el cifrado por permutación, entre otros.","En el curso ""Seguridad y Criptografía"" de la Maestría en Ciberseguridad, los elementos históricos que sirven de base para comprender la evolución del cifrado son:

1. **Introducción al Cifrado César**: Este método antiguo utiliza un alfabeto desplazado por una clave fija, sentando las bases iniciales de la criptografía.

2. **Cifrado por Sustitución**: Un método más avanzado que reemplaza cada letra del alfabeto con otra, permitiendo mayor seguridad que el Cifrado César.

3. **Cifrado de Vigenère**: Introduce la noción de claves variables, lo que representa un avance significativo en la seguridad de los mensajes encriptados.

4. **Cifrado por Permutación**: Involucra cambios en la ordenación de las letras, añadiendo complejidad al proceso de encriptación.

5. **La Máquina Enigma**: Un hito histórico en la criptografía, utilizada durante la Segunda Guerra Mundial, cuya comprensión es esencial para entender los avances y desafíos en la seguridad de la información.

Estos elementos históricos forman la base teórica necesaria para comprender los fundamentos y la evolución de las técnicas de cifrado, proporcionando una",22.17,Seguridad y Criptografía,MC1003,
deepseek-r1-14b-4bit,open_ended,¿Cómo se estructura el sistema de evaluación del aprendizaje en esta materia?,"En el curso Seguridad y Criptografía de la Maestría en Ciberseguridad, ¿Cómo se estructura el sistema de evaluación del aprendizaje en esta materia?

Da una respuesta completa y explicativa.","Se compone de tareas para asimilación de materia (50%), laboratorios prácticos (20%) y un examen final (30%).","En el curso ""Seguridad y Criptografía"" de la Maestría en Ciberseguridad, el sistema de evaluación del aprendizaje se estructura de la siguiente manera:

1. **Tareas**: Los estudiantes deben realizar tareas que les permitan aplicar los conceptos teóricos aprendidos en clase. Esto contribuye al 50% de la calificación final.

2. **Laboratorios**: Se realizan prácticas para adquirir habilidades prácticas en el manejo de herramientas y técnicas criptográficas. Los laboratorios representan el 20% de la calificación.

3. **Examen Final**: Un examen que evalúa la comprensión global del material cubierto durante el curso. Este componente contribuye al 30% restante de la calificación.

La suma de estos componentes da una calificación final que refleja el desempeño del estudiante en la comprensión teórica y la aplicación práctica de los conceptos de seguridad y criptografía.",18.88,Seguridad y Criptografía,MC1003,
deepseek-r1-14b-4bit,open_ended,¿Por qué es fundamental la gestión de procesos ante la vulnerabilidad tecnológica de los negocios?,"En el curso Políticas y Gobernanza en Ciberseguridad de la Maestría en Ciberseguridad, ¿Por qué es fundamental la gestión de procesos ante la vulnerabilidad tecnológica de los negocios?

Da una respuesta completa y explicativa.","Porque permite minimizar riesgos y amenazas de manera efectiva, asegurando la continuidad del negocio y el ahorro en costos.","La gestión de procesos es fundamental en la ciberseguridad, especialmente en el curso ""Políticas y Gobernanza en Ciberseguridad"" de la Maestría en Ciberseguridad, debido a varios motivos:

1. **Identificación y Mitigación de Riesgos**: Los negocios modernos dependen cada vez más de tecnologías de información, lo que los hace vulnerables a amenazas cibernéticas. La gestión de procesos permite identificar estos riesgos, priorizarlos y采取 medidas para mitigar su impacto.

2. **Cumplimiento de Normativas y Estándares**: La gestión de procesos asegura que las organizaciones cumplan con las normativas y estándares de ciberseguridad, como ISO 27001 y GDPR, lo que es esencial para evitar sanciones legales y mantener la confianza de los stakeholders.

3. **Optimización de Recursos**: Al gestionar los procesos de manera eficiente, las organizaciones pueden asignar recursos de manera óptima, reduciendo costos y maximizando la efectividad de las medidas de seguridad.

4. **Alineación con Estrategias de Negocio**: La gobernanza en ciberseguridad asegura que las estrategias de seguridad estén alineadas con los objetivos del negocio, permitiendo una integración más efectiva de",22.13,Políticas y Gobernanza en Ciberseguridad,MC1006,
deepseek-r1-14b-4bit,open_ended,¿Qué áreas de especialización se utilizan como marco de referencia para el conocimiento en este curso?,"En el curso Políticas y Gobernanza en Ciberseguridad de la Maestría en Ciberseguridad, ¿Qué áreas de especialización se utilizan como marco de referencia para el conocimiento en este curso?

Da una respuesta completa y explicativa.",El Framework NICE y las áreas de conocimiento en ciberseguridad según la ACM.,"En el curso ""Políticas y Gobernanza en Ciberseguridad"" de la Maestría en Ciberseguridad, se utiliza el **Framework NICE (National Initiative for Cybersecurity Education)** como marco de referencia para las áreas de especialización en ciberseguridad. Este framework define las habilidades y conocimientos necesarios para abordar los desafíos en el campo de la ciberseguridad, estructurando el conocimiento en diferentes categorías y subcategorías que cubren una amplia gama de temas, desde la prevención de amenazas hasta la gestión de incidentes.

Además, se menciona el **Sistema de Gestión de la Seguridad de la Información (SGSI)** como otro marco de referencia importante. Este sistema se centra en la implementación de políticas y procedimientos para garantizar la seguridad de la información en las organizaciones, lo que incluye aspectos como la identificación de riesgos, la gestión de accesos y la implementación de controles adecuados.

Estos marcos se integran en el curso para proporcionar una base sólida y estructurada para comprender y aplicar las políticas y la gobernanza en ciberseguridad de manera efectiva.",20.84,Políticas y Gobernanza en Ciberseguridad,MC1006,
deepseek-r1-14b-4bit,open_ended,¿Cómo se aborda el diagnóstico del riesgo organizacional en este programa?,"En el curso Políticas y Gobernanza en Ciberseguridad de la Maestría en Ciberseguridad, ¿Cómo se aborda el diagnóstico del riesgo organizacional en este programa?

Da una respuesta completa y explicativa.",Mediante el uso de métricas de seguridad para la toma de decisiones estratégicas y modelos de evaluación de riesgo.,"En el curso ""Políticas y Gobernanza en Ciberseguridad"" de la Maestría en Ciberseguridad, el diagnóstico del riesgo organizacional se aborda de manera integral y estructurada. El programa incluye la identificación de riesgos, la evaluación de su impacto y la implementación de medidas de mitigación. Esto se logra a través de la revisión de regulaciones y estándares internacionales, el análisis de amenazas y vulnerabilidades, y la creación de un marco de gestión de riesgos robusto. Además, se enfatiza en la integración de la gobernanza y políticas de seguridad para asegurar la confidencialidad, integridad y disponibilidad de los activos cibernéticos de la organización.",16.71,Políticas y Gobernanza en Ciberseguridad,MC1006,
deepseek-r1-14b-4bit,open_ended,"¿Qué importancia tiene el principio de ""Seguridad por diseño"" en el ciclo de vida del software?","En el curso Políticas y Gobernanza en Ciberseguridad de la Maestría en Ciberseguridad, ¿Qué importancia tiene el principio de ""Seguridad por diseño"" en el ciclo de vida del software?

Da una respuesta completa y explicativa.",Es un criterio clave para el aprovisionamiento de soluciones tecnológicas seguras y la planificación de requerimientos.,"En el curso ""Políticas y Gobernanza en Ciberseguridad"" de la Maestría en Ciberseguridad, el principio de ""Seguridad por diseño"" adquiere una importancia fundamental. Este enfoque se centra en integrar las consideraciones de seguridad desde las etapas iniciales del desarrollo del software, lo que permite identificar y mitigar riesgos tempranos, antes de que se implemente el código. 

El ""Seguridad por diseño"" se alinea con los objetivos del curso, que buscan capacitar a los estudiantes para establecer estrategias de gestión en ciberseguridad mediante la definición de políticas y acciones que respalden la gobernanza y los procesos de TI. Este principio contribuye a construir perfiles de comportamiento de personas y software que respetan la privacidad y optimizan los controles de seguridad, lo que es esencial para la detección de amenazas y la creación de soluciones seguras.

Además, el curso aborda técnicas avanzadas como la minería de datos en tiempo real y el análisis de riesgos, lo que reforzado por el ""Seguridad por diseño"" permite una gestión más eficiente y eficaz de la seguridad de la información. Este enfoque no solo mejora la robustez del sistema frente a amenazas, sino que también reduce los cost",22.15,Políticas y Gobernanza en Ciberseguridad,MC1006,
deepseek-r1-14b-4bit,open_ended,¿Qué elementos legales se analizan respecto a la protección de datos en Costa Rica?,"En el curso Políticas y Gobernanza en Ciberseguridad de la Maestría en Ciberseguridad, ¿Qué elementos legales se analizan respecto a la protección de datos en Costa Rica?

Da una respuesta completa y explicativa.",La legislación sobre delitos informáticos y la Ley 8968 de Protección de los Datos.,"En el curso ""Políticas y Gobernanza en Ciberseguridad"" de la Maestría en Ciberseguridad, se analizan los siguientes elementos legales relacionados con la protección de datos en Costa Rica:

1. **Regulaciones y Legislación**:
   - **Principios Introductorios sobre leyes e investigación legal**: Se estudian los fundamentos legales que rigen la protección de datos, incluyendo la Constitución de la República de Costa Rica y las leyes que regulan el tratamiento de datos personales.
   - **Jurisdicción territorial, contenido en línea, delitos informáticos y protección de datos**: Se analiza cómo se aplica la legislación costarricense en un entorno digital, incluyendo la jurisdicción territorial y la protección de datos en línea.
   - **Privacidad**: Se discute la privacidad de datos en el marco legal costarricense, incluyendo la Ley de Protección de Datos Personales (Ley 8968).

2. **Leyes Específicas**:
   - **Ley 8968 de Protección de los Datos**: Esta ley es fundamental en el curso, ya que regula el tratamiento de datos personales en Costa Rica. Se estudian sus disposiciones, como el derecho de acceso, rectificación, cancelación y oposición de datos.
   - **GDPR",22.08,Políticas y Gobernanza en Ciberseguridad,MC1006,
deepseek-r1-14b-4bit,open_ended,¿Cuál es el objetivo de integrar los KPI de ciberseguridad con la visión de la empresa?,"En el curso Políticas y Gobernanza en Ciberseguridad de la Maestría en Ciberseguridad, ¿Cuál es el objetivo de integrar los KPI de ciberseguridad con la visión de la empresa?

Da una respuesta completa y explicativa.",Lograr una alineación estratégica que permita gestionar el portafolio de proyectos de seguridad según la misión organizacional.,"En el curso ""Políticas y Gobernanza en Ciberseguridad"" de la Maestría en Ciberseguridad, el objetivo de integrar los KPI (Índices de Desempeño de Negocio) de ciberseguridad con la visión de la empresa esencialmente busca alinear las métricas de seguridad con los objetivos estratégicos de la organización. Esto permite medir cómo los esfuerzos en ciberseguridad contribuyen al logro de los fines de la empresa, asegurando que las acciones de prevención, detección y respuesta a amenazas estén alineadas con la misión y visión general de la organización. Además, facilita la toma de decisiones informadas, mejora la gestión de riesgos y promueve la transparencia y accountability en la implementación de políticas y estrategias de ciberseguridad.",17.66,Políticas y Gobernanza en Ciberseguridad,MC1006,
deepseek-r1-14b-4bit,open_ended,¿Desde qué perspectiva se analizan vulnerabilidades como el Buffer Overflow?,"En el curso Seguridad de Software Avanzado de la Maestría en Ciberseguridad, ¿Desde qué perspectiva se analizan vulnerabilidades como el Buffer Overflow?

Da una respuesta completa y explicativa.",Desde una perspectiva avanzada que estudia vectores de ataque utilizados para violentar el software creado.,"En el curso ""Seguridad de Software Avanzado"" de la Maestría en Ciberseguridad, las vulnerabilidades como el Buffer Overflow se analizan desde una perspectiva técnica y proactiva, enfocada en la detección, comprensión y mitigación de amenazas. El enfoque incluye:

1. **Análisis de Vulnerabilidades**: Se estudian cómo ocurren, cómo explotan y cómo pueden ser detectadas.
2. **Defensas y Mitigación**: Se exploran técnicas y mejores prácticas para prevenir y mitigar estos ataques.
3. **Seguridad desde el Diseño**: Se promueve la implementación de metodologías que integren la seguridad desde las etapas iniciales del desarrollo.
4. **Pruebas y Auditoría**: Se utilizan herramientas y metodologías para identificar y evaluar la exposición a amenazas.
5. **Impacto en el Negocio**: Se considera el impacto de las vulnerabilidades en el negocio, priorizando la gestión de riesgos y la implementación de soluciones efectivas.

Este enfoque busca capacitar a los estudiantes para diseñar soluciones seguras y robustas, anticipando posibles amenazas y minimizando el riesgo de explotación.",21.5,Seguridad de Software Avanzado,MC3001,
deepseek-r1-14b-4bit,open_ended,¿Qué estrategias de defensa se consideran para prevenir ataques a las aplicaciones?,"En el curso Seguridad de Software Avanzado de la Maestría en Ciberseguridad, ¿Qué estrategias de defensa se consideran para prevenir ataques a las aplicaciones?

Da una respuesta completa y explicativa.","Técnicas de programación segura, modelado de vulnerabilidades y técnicas avanzadas de pruebas de seguridad.","En el curso ""Seguridad de Software Avanzado"" de la Maestría en Ciberseguridad, se consideran las siguientes estrategias de defensa para prevenir ataques a las aplicaciones:

1. **Seguridad por Diseño (Security by Design)**:
   - Integra la seguridad desde el inicio del desarrollo del software, asegurando que las consideraciones de seguridad se incorporen en cada etapa del ciclo de vida del software.

2. **Validación de Entrada**:
   - Se implementan controles rigurosos para validar y sanitizar las entradas de usuario, evitando la inyección de código y otros tipos de exploits.

3. **Uso de Tipado Seguro**:
   - Se emplean lenguajes de programación con tipado estático o mecanismos de validación de tipos para prevenir errores como desbordamientos de buffer y manipulaciones de tipos.

4. **Control de Acceso**:
   - Se implementan mecanismos de autenticación y autorización robustos, como RBAC (Role-Based Access Control), para asegurar que solo los usuarios autorizados accedan a recursos específicos.

5. **Análisis Estático y Dinámico**:
   - Se utilizan herramientas de análisis estático y dinámico para detectar vulnerabilidades en el código, como desbordamientos de buffer",22.09,Seguridad de Software Avanzado,MC3001,
deepseek-r1-14b-4bit,open_ended,"¿Cómo influye el concepto de ""Seguridad por Diseño"" en el estudiante?","En el curso Seguridad de Software Avanzado de la Maestría en Ciberseguridad, ¿Cómo influye el concepto de ""Seguridad por Diseño"" en el estudiante?

Da una respuesta completa y explicativa.","Lo capacita para diseñar soluciones que garanticen la tríada de la seguridad (confidencialidad, integridad y disponibilidad) desde el inicio del desarrollo.","En el curso ""Seguridad de Software Avanzado"" de la Maestría en Ciberseguridad, el concepto de ""Seguridad por Diseño"" influye en los estudiantes de manera significativa. Este enfoque les permite comprender cómo integrar la seguridad en el proceso de desarrollo del software desde el inicio, en lugar de ser un aspecto adicional agregado posteriormente. A través de este curso, los estudiantes aprenden a identificar vulnerabilidades y vectores de ataque comunes, como buffer overflows, inyección de código, y cómo defenderse contra ellos. Además, se les enseña a diseñar soluciones seguras utilizando técnicas avanzadas de programación y modelado de vulnerabilidades. Esto les permite no solo mitigar los riesgos actuales sino también prevenir futuros problemas, lo que contribuye a la creación de aplicaciones más robustas y resistentes a amenazas cibernéticas.",17.9,Seguridad de Software Avanzado,MC3001,
deepseek-r1-14b-4bit,open_ended,¿Qué temas abarca la administración de riesgo aplicada específicamente al software?,"En el curso Seguridad de Software Avanzado de la Maestría en Ciberseguridad, ¿Qué temas abarca la administración de riesgo aplicada específicamente al software?

Da una respuesta completa y explicativa.","Identificación de riesgos técnicos y de negocio, priorización de riesgos y validación de correcciones.","En el curso ""Seguridad de Software Avanzado"" de la Maestría en Ciberseguridad, la administración de riesgo aplicada específicamente al software abarca los siguientes temas:

1. **Introducción a la Seguridad del Software**:
   - Historia y evolución de la seguridad en el software.
   - Conceptos fundamentales de seguridad del software y su importancia en la ciberseguridad.

2. **Administración de Riesgos en el Software**:
   - Identificación de vulnerabilidades y vectores de ataque comunes en el software.
   - Análisis de riesgos técnicos y de negocio relacionados con la seguridad del software.
   - Priorización de riesgos y estrategias de mitigación.

3. **Vulnerabilidades Comunes**:
   - Buffer Overflows, SQL Injection, XSS, Inyección de código, condiciones de carrera, exposición de información, etc.
   - Impacto de estas vulnerabilidades en la seguridad del software.

4. **Principios de Programación Segura**:
   - Modelos de amenazas y Trusted Computing Base.
   - Estándares de codificación para prevenir fallos y estados por defecto.
   - Programación segura, incluyendo el uso de tipos seguros y validación de entrada.

5. **Técnicas de Análisis Estático y Dinámico**:",22.18,Seguridad de Software Avanzado,MC3001,
deepseek-r1-14b-4bit,open_ended,¿Qué se entiende por seguridad basada en el lenguaje de programación en este contexto?,"En el curso Seguridad de Software Avanzado de la Maestría en Ciberseguridad, ¿Qué se entiende por seguridad basada en el lenguaje de programación en este contexto?

Da una respuesta completa y explicativa.","El estudio del tipado seguro, el aseguramiento de memoria y el control de acceso en ambientes abiertos.","En el curso ""Seguridad de Software Avanzado"" de la Maestría en Ciberseguridad, la seguridad basada en el lenguaje de programación se refiere a una enfoque que utiliza las características y capacidades del lenguaje de programación para construir software seguro. Este enfoque se centra en la elección de lenguajes de programación que minimicen las vulnerabilidades y promuevan prácticas seguras de programación.

### Características clave de la seguridad basada en el lenguaje de programación:
1. **Tipado seguro**: Los lenguajes de programación con tipado estático (como Java, C#, Rust) pueden reducir errores comunes como desbordamientos de buffer, ya que el tipo de dato se verifica en tiempo de compilación.
   
2. **Type Soundness**: Asegura que los tipos de datos sean consistentes y eviten errores de conversión o manipulación incorrecta de tipos.

3. **Aseguramiento de memoria**: Lenguajes como Rust implementan mecanismos avanzados para gestionar la memoria, evitando la manipulación incorrecta de punteros y desbordamientos de memoria.

4. **Control de acceso**: Incluye mecanismos para limitar el acceso a recursos sensibles, como autenticación y autorización en aplicaciones.

5. **",22.11,Seguridad de Software Avanzado,MC3001,
deepseek-r1-14b-4bit,open_ended,¿Cómo se aplican las técnicas de análisis estático para mejorar la calidad del código?,"En el curso Seguridad de Software Avanzado de la Maestría en Ciberseguridad, ¿Cómo se aplican las técnicas de análisis estático para mejorar la calidad del código?

Da una respuesta completa y explicativa.","Mediante el análisis de flujo de datos, la ejecución simbólica y la ofuscación.","En el curso ""Seguridad de Software Avanzado"" de la Maestría en Ciberseguridad, las técnicas de análisis estático se aplican para mejorar la calidad del código de la siguiente manera:

1. **Análisis de Flujo de Datos**: Se utiliza para identificar posibles vulnerabilidades como inyecciones SQL o XSS, asegurando que el código maneje correctamente las entradas del usuario.

2. **Ofuscación y Ejecución Simbólica**: Estas técnicas ayudan a detectar patrones maliciosos y a entender el comportamiento del código sin ejecutarlo, lo que mejora la detección de amenazas.

3. **Pruebas de Penetración en Análisis Estático**: Se realizan pruebas para detectar vectores de ataque sin necesidad de ejecutar el código, lo que permite identificar vulnerabilidades tempranamente.

4. **Code Review**: Se revisan manualmente los códigos para detectar errores de diseño o implementación que puedan afectar la seguridad.

5. **Análisis de Riesgo de Arquitectura**: Se evalúan los riesgos en la arquitectura del sistema para identificar Weak Points que puedan ser explotados.

6. **Requisitos de Seguridad**: Se verifican los requisitos de seguridad en el diseño para asegurar que el código",22.25,Seguridad de Software Avanzado,MC3001,
deepseek-r1-14b-4bit,open_ended,¿Por qué el cibercrimen se estudia también desde la perspectiva de las ciencias sociales?,"En el curso Cibercrimen de la Maestría en Ciberseguridad, ¿Por qué el cibercrimen se estudia también desde la perspectiva de las ciencias sociales?

Da una respuesta completa y explicativa.","Porque muchos problemas, como el phishing, ocurren por motivadores conductuales y debilidades en el comportamiento humano, no solo por fallas técnicas.","En el curso ""Cibercrimen"" de la Maestría en Ciberseguridad, el cibercrimen se estudia también desde la perspectiva de las ciencias sociales debido a que aborda aspectos complejos que van más allá de la tecnología. Aunque el cibercrimen implica el uso de herramientas y técnicas tecnológicas, su estudio exige una comprensión integral que incluya factores humanos, sociales y legales. 

Las ciencias sociales aportan una perspectiva que permite analizar cómo las acciones delictivas se inscriben en contextos sociales, culturales y económicos. Esto es esencial para comprender fenómenos como la motivación de los ciberdelincuentes, la dinámica de las redes delictivas y la percepción de la víctima. Además, desde esta perspectiva, se pueden explorar temas como la ética, la psicología y la economía del crimen, lo que facilita una comprensión más holística y permite diseñar estrategias de prevención y mitigación más efectivas.

De esta manera, el enfoque interdisciplinario que imparte el curso ""Cibercrimen"" no solo fortalece la comprensión técnica, sino que también capacita a los estudiantes para abordar el problema del cibercrimen de manera integral, consider",22.06,Cibercrimen,MC3010,
deepseek-r1-14b-4bit,open_ended,¿Qué objetivos persiguen los criminales al manipular a usuarios legítimos?,"En el curso Cibercrimen de la Maestría en Ciberseguridad, ¿Qué objetivos persiguen los criminales al manipular a usuarios legítimos?

Da una respuesta completa y explicativa.","Obtener información confidencial mediante ingeniería social, espionaje industrial e investigación de recopilación de datos.","En el curso ""Cibercrimen"" de la Maestría en Ciberseguridad, los criminales buscan varios objetivos al manipular a usuarios legítimos. Estos objetivos incluyen:

1. **Obtener información confidencial**: Los ciberdelincuentes pueden manipular a los usuarios para robar datos sensibles como contraseñas, números de tarjetas de crédito o información personal.

2. **Ganar acceso a sistemas**: A través de técnicas como phishing o engaño, los criminales buscan acceder a cuentas protegidas o sistemas informáticos para realizar actividades ilícitas.

3. **Realizar transacciones fraudulentas**: Manipulando a los usuarios, los criminales pueden realizar compras o transferencias sin autorización, generando beneficios económicos ilícitos.

4. **Disseminar malware**: Los usuarios manipulados pueden ser usados para distribuir virus, ransomware o otros tipos de amenazas cibernéticas que afectan a terceros.

5. **Someter a la víctima a fraudes o extorsión**: Los criminales pueden crear situaciones en las que las víctimas sientan que deben pagar dinero para evitar consecuencias o para recuperar acceso a sus propiedades digitales.

6. **Vulnerar la confianza en las organizaciones**: Al manipular a los empleados o",22.2,Cibercrimen,MC3010,
deepseek-r1-14b-4bit,open_ended,¿Cómo ayudan los motivadores sociales a identificar la naturaleza de las amenazas?,"En el curso Cibercrimen de la Maestría en Ciberseguridad, ¿Cómo ayudan los motivadores sociales a identificar la naturaleza de las amenazas?

Da una respuesta completa y explicativa.",Permiten valorar las acciones de los individuos y potenciar la identificación temprana de actos delictivos.,"En el curso ""Cibercrimen"" de la Maestría en Ciberseguridad, los motivadores sociales juegan un papel crucial en la identificación de la naturaleza de las amenazas. Estos motivadores sociales se centran en entender las razones detrás de los comportamientos de los ciberdelincuentes, lo que permite una comprensión más profunda de sus motivaciones y tácticas. A continuación, se detallan los aspectos clave en los que se basan estos motivadores:

1. **Psicología del Cibercrimen**: Los estudiantes aprenden sobre la psicología humana que subyace en los actos de cibercrimen. Esto incluye factores como la frustración, la venganza, el lucro ilícito y la necesidad de atención o notoriedad. Entender estos aspectos ayuda a identificar patrones de comportamiento que pueden indicar la naturaleza de las amenazas.

2. **Economía Conductual**: Se analiza cómo los ciberdelincuentes evalúan los costos y beneficios de sus acciones. Esto incluye el análisis de la rentabilidad de los ataques, la disponibilidad de herramientas y la percepción de riesgo. Este enfoque permite预ver cómo los ciberdelincuentes pueden adaptar sus tácticas en respuesta a cambios en el entorno.",22.21,Cibercrimen,MC3010,
deepseek-r1-14b-4bit,open_ended,¿Qué métodos de investigación social se aplican para entender el fenómeno criminal?,"En el curso Cibercrimen de la Maestría en Ciberseguridad, ¿Qué métodos de investigación social se aplican para entender el fenómeno criminal?

Da una respuesta completa y explicativa.","La teorización, el diseño experimental, la validación de hipótesis y el análisis de datos con SPSS.","En el curso ""Cibercrimen"" de la Maestría en Ciberseguridad, se aplican varios métodos de investigación social para comprender el fenómeno criminal. Estos métodos incluyen:

1. **Métodos cuantitativos**: Se utilizan técnicas estadísticas para analizar datos sobre delitos cibernáuticos, como la frecuencia de ataques, la distribución geográfica y el perfil de los perpetradores.

2. **Métodos cualitativos**: Se realizan entrevistas y observaciones participantes para obtener información detallada sobre las motivaciones y comportamientos de los ciberdelincuentes.

3. **Análisis de casos**: Se estudian casos reales de cibercrimen para identificar patrones y estrategias utilizadas por los criminales.

4. **Análisis de riesgos**: Se evalúan los factores de riesgo que predisponen a las personas a cometer cibercrimenes, como la falta de acceso a tecnología o la desinformación.

5. **Enfoque de la elección racional**: Se examinan las decisiones de los criminales basadas en el costo-beneficio para entender sus motivaciones.

6. **Investigación social**: Se realizan encuestas y estudios sociales para comprender la percepción de la ciberseguridad en la sociedad y cómo é",22.07,Cibercrimen,MC3010,
deepseek-r1-14b-4bit,open_ended,"¿Qué aspectos analiza la ""Ciencia del Crimen"" respecto a los actos delictivos?","En el curso Cibercrimen de la Maestría en Ciberseguridad, ¿Qué aspectos analiza la ""Ciencia del Crimen"" respecto a los actos delictivos?

Da una respuesta completa y explicativa.","La elección racional del criminal, las actividades de rutina y los estudios de victimización y autoreporte.","En el curso ""Cibercrimen"" de la Maestría en Ciberseguridad, la ""Ciencia del Crimen"" se enfoca en analizar los actos delictivos desde una perspectiva teórica y práctica. Esto incluye:

1. **Principios teóricos**: Se estudian teorías que explican el comportamiento delictivo, como la elección racional, la teoría de la oportunidad y la psicología del criminal.

2. **Modus operandi**: Se analizan las técnicas y métodos utilizados por los ciberdelincuentes para perpetrar sus ataques, como el phishing, la inyección de SQL y los exploits.

3. **Impacto social y legal**: Se considera el impacto de los ciberdelitos en la sociedad y las dificultades legales para combatirlos, debido a la naturaleza transnacional y el complicado marco legal.

4. **Prevención y mitigación**: Se plantean medidas para prevenir y mitigar los efectos de los ciberdelitos, como la implementación de políticas de seguridad y la educación cibernética.

5. **Investigación y análisis**: Se utiliza metodología de investigación social y herramientas como SPSS para estudiar patrones y comportamientos delictivos.

6. **Ejemplos y casos**: Se realizan estudios",22.16,Cibercrimen,MC3010,
deepseek-r1-14b-4bit,open_ended,¿En qué consiste la teoría de prevención del crimen en situación según el curso?,"En el curso Cibercrimen de la Maestría en Ciberseguridad, ¿En qué consiste la teoría de prevención del crimen en situación según el curso?

Da una respuesta completa y explicativa.","Analiza la oportunidad del crimen, el triángulo del crimen y el desplazamiento del beneficio delictivo.","La teoría de prevención del crimen en situación, según el curso ""Cibercrimen"" de la Maestría en Ciberseguridad, se centra en comprender y prevenir las acciones criminales que se llevan a cabo en entornos digitales. Esta teoría aborda cómo los criminales aprovechan las vulnerabilidades tecnológicas para realizar actividades ilícitas, como hackeos, phishing, y exploits. 

El curso explora los factores que motivan a los ciberdelincuentes, analizando aspectos como la psicología del delincuente, la economía conductual y las tácticas utilizadas para manipular a las víctimas. Además, se estudian las técnicas de ingeniería social y las tácticas de persuación que los criminales usan para acceder a información sensible o sistemas protegidos.

La teoría también se relaciona con la prevención a través de la identificación de riesgos, la implementación de medidas de seguridad y la educación de los usuarios para reducir su exposición a amenazas cibernáuticas. Esto incluye la creación de políticas robustas, la capacitación en seguridad cibernética y la implementación de herramientas tecnológicas avanzadas para detectar y mitigar amenazas.

En resumen, la teoría de prevención del crimen en situación en",22.14,Cibercrimen,MC3010,
deepseek-r1-14b-4bit,open_ended,¿Cómo se articulan las TI con la propuesta de valor de un negocio?,"En el curso Sistemas Estratégicos Empresariales de la Maestría en Gerencia de Tecnologías de la Información, ¿Cómo se articulan las TI con la propuesta de valor de un negocio?

Da una respuesta completa y explicativa.",Se integran coherentemente dentro de un sistema de actividades para fortalecer la posición estratégica de la empresa.,"En el curso ""Sistemas Estratégicos Empresariales"" de la Maestría en Gerencia de Tecnologías de la Información, las Tecnologías de la Información (TI) se articulan con la propuesta de valor de un negocio de manera integral y estratégica. Este enfoque busca maximizar el impacto de las TI en la competitividad y el desempeño de la organización. A continuación, se detalla cómo se articulan las TI con la propuesta de valor del negocio:

1. **Creación de Valor**:
   - Las TI son utilizadas para identificar y explotar oportunidades que generan valor para los clientes y la organización. Esto incluye el desarrollo de productos y servicios innovadores, mejorando la eficiencia operacional y optimizando la experiencia del cliente.

2. **Estrategia y Alineación**:
   - Las TI se alinean con la estrategia empresarial, asegurando que las inversiones en tecnología contribuyan a los objetivos estratégicos de la organización. Esto implica una planificación conjunta entre los departamentos de TI y la dirección general.

3. **Procesos y Sistemas**:
   - Se implementan sistemas empresariales avanzados, como ERP, CRM y SCM, que integran los procesos clave de la empresa. Estos sistemas no solo mejoran la eficiencia sino que",22.11,Sistemas Estratégicos Empresariales,MC1101,
deepseek-r1-14b-4bit,open_ended,¿Qué tipos de sistemas de información se estudian como referentes de manejo interno y externo?,"En el curso Sistemas Estratégicos Empresariales de la Maestría en Gerencia de Tecnologías de la Información, ¿Qué tipos de sistemas de información se estudian como referentes de manejo interno y externo?

Da una respuesta completa y explicativa.","Los sistemas ERP, CRM y SCM.","En el curso **Sistemas Estratégicos Empresariales** de la Maestría en Gerencia de Tecnologías de la Información, se estudian varios tipos de sistemas de información que actúan como referentes para el manejo tanto interno como externo de las organizaciones. Estos sistemas incluyen:

1. **Sistemas de Planificación de Recursos Empresariales (ERP)**:
   - Estos sistemas integran y gestionan información de todos los departamentos de una empresa, como finanzas, ventas, producción y recursos humanos. Su objetivo principal es mejorar la eficiencia y la toma de decisiones mediante la integración de datos en tiempo real.

2. **Sistemas de Administración de Relación con el Cliente (CRM)**:
   - Se centran en gestionar las relaciones con los clientes, desde la captación de leads hasta el seguimiento de la satisfacción del cliente. Facilitan la optimización de las ventas y el servicio al cliente.

3. **Sistemas de Cadena de Suministro (SCM)**:
   - Estos sistemas ayudan a planificar, ejecutar y monitorear las actividades relacionadas con la adquisición, almacenamiento y distribución de materiales y productos. Son esenciales para la logística y la cadena de suministro.

4. **Sistemas de Administración del Conocimiento (K",22.13,Sistemas Estratégicos Empresariales,MC1101,
deepseek-r1-14b-4bit,open_ended,¿Qué fuerzas competitivas influyen en la dinámica de una industria según Michael Porter?,"En el curso Sistemas Estratégicos Empresariales de la Maestría en Gerencia de Tecnologías de la Información, ¿Qué fuerzas competitivas influyen en la dinámica de una industria según Michael Porter?

Da una respuesta completa y explicativa.","La amenaza de nuevos entrantes, el poder de compradores y proveedores, los sustitutos y la rivalidad entre competidores.","En el curso ""Sistemas Estratégicos Empresariales"" de la Maestría en Gerencia de Tecnologías de la Información, las fuerzas competitivas que influyen en la dinámica de una industria, según Michael Porter, son:

1. **Nueva Entrada de Competidores**: La facilidad con la que nuevos actores pueden ingresar al mercado, afectando la intensidad de la competencia.

2. **Poder de los Compradores**: La capacidad de los compradores de negociar precios bajos o buscar alternativas, lo que puede reducir los márgenes de beneficio.

3. **Poder de los Proveedores**: La dependencia de los proveedores de insumos clave, lo que puede influir en los costos y la disponibilidad de recursos.

4. **Sustitutos**: La existencia de productos o servicios que pueden reemplazar los ofrecidos por la empresa, afectando su posición en el mercado.

5. **Competencia entre Rival**: La intensidad de la competencia entre los actores existentes en la industria, incluyendo la guerra de precios, innovaciones y estrategias de mercado.

Estas fuerzas, según Porter, ayudan a comprender la estructura competitiva de una industria y las amenazas potenciales que enfrentan las empresas.",21.65,Sistemas Estratégicos Empresariales,MC1101,
deepseek-r1-14b-4bit,open_ended,¿Qué papel desempeña la investigación en la metodología de enseñanza de este curso?,"En el curso Sistemas Estratégicos Empresariales de la Maestría en Gerencia de Tecnologías de la Información, ¿Qué papel desempeña la investigación en la metodología de enseñanza de este curso?

Da una respuesta completa y explicativa.",Permite al estudiante profundizar en fundamentos y tendencias mediante la creación de un estado del arte de sistemas empresariales.,"En el curso ""Sistemas Estratégicos Empresariales"" de la Maestría en Gerencia de Tecnologías de la Información, la investigación desempeña un papel fundamental en la metodología de enseñanza. Los estudiantes son activamente involucrados en la realización de investigaciones prácticas, lo que les permite adquirir habilidades en la recolección, análisis y presentación de datos. Además, la investigación se integra con la teoría para abordar casos reales, lo que fomenta una comprensión más profunda de los conceptos y su aplicación en contextos empresariales.",15.12,Sistemas Estratégicos Empresariales,MC1101,
deepseek-r1-14b-4bit,open_ended,¿Cómo se vincula el conocimiento teórico con la práctica real en este programa?,"En el curso Sistemas Estratégicos Empresariales de la Maestría en Gerencia de Tecnologías de la Información, ¿Cómo se vincula el conocimiento teórico con la práctica real en este programa?

Da una respuesta completa y explicativa.",A través de una investigación aplicada donde el estudiante enfrenta un problema real de una empresa utilizando los conocimientos adquiridos.,"En el curso ""Sistemas Estratégicos Empresariales"" de la Maestría en Gerencia de Tecnologías de la Información, el conocimiento teórico se vincula con la práctica real a través de una metodología de enseñanza y aprendizaje que combina clases magistrales, casos de estudio, investigación bibliográfica y aplicación práctica en proyectos reales. 

1. **Clases Magistrales**: Los estudiantes adquieren conceptos teóricos fundamentales, como la creación de valor en las empresas, la visión de una arquitectura de información y la gestión de sistemas empresariales estratégicos. Esto les proporciona una base sólida para entender los principios y modelos que guían la gestión tecnológica en las organizaciones.

2. **Casos de Estudio**: Se analizan casos específicos que permiten a los estudiantes aplicar los conceptos teóricos en contextos empresariales complejos. Esto fomenta la comprensión de cómo los sistemas estratégicos funcionan en la práctica y cómo se pueden implementar en diferentes industrias.

3. **Investigación Bibliográfica**: Los estudiantes realizan investigaciones que les permiten profundizar en temas específicos, como las tendencias tecnológicas y su impacto en la gestión de proyectos de TI. Esto fortalece su capacidad para analizar y sintetizar información relevante,",22.17,Sistemas Estratégicos Empresariales,MC1101,
deepseek-r1-14b-4bit,open_ended,¿Qué modelos complementarios a las fuerzas de Porter se analizan para el uso estratégico de TI?,"En el curso Sistemas Estratégicos Empresariales de la Maestría en Gerencia de Tecnologías de la Información, ¿Qué modelos complementarios a las fuerzas de Porter se analizan para el uso estratégico de TI?

Da una respuesta completa y explicativa.",El modelo basado en recursos (Resource Based View) y la competencia por capacidades.,"En el curso **Sistemas Estratégicos Empresariales** de la Maestría en Gerencia de Tecnologías de la Información, se analizan los siguientes modelos complementarios a las fuerzas de Porter para el uso estratégico de la Tecnología de la Información (TI):

1. **Modelos de Análisis de la Competencia**:
   - **Modelo de Análisis de la Competencia de Porter**: Este modelo clásico identifica las cinco fuerzas competitivas en un mercado: amenaza de nuevos entrantes, poder de los compradores, poder de los proveedores, amenaza de sustitutos y competencia entre rivales.
   - **Modelo de Análisis de la Competencia de Wachter**: Este modelo se centra en la identificación de las fortalezas y debilidades de los competidores, y cómo la TI puede ser utilizada para ganar ventaja competitiva.

2. **Modelos de Cadena de Valor**:
   - **Cadena de Valor de Porter**: Este modelo ayuda a comprender cómo las empresas crean valor para sus clientes a través de actividades de la cadena de suministro.
   - **Cadena de Valor de Dyche**: Este modelo se enfoca en la integración de la TI en la cadena de valor para mejorar la eficiencia y la efectividad de los procesos empresariales.

3. **Modelos",22.23,Sistemas Estratégicos Empresariales,MC1101,
deepseek-r1-14b-4bit,open_ended,¿Qué elementos componen el enfoque integrado del proceso de gestión de TI?,"En el curso Gerencia de Tecnología de Información de la Maestría en Gerencia de Tecnologías de la Información, ¿Qué elementos componen el enfoque integrado del proceso de gestión de TI?

Da una respuesta completa y explicativa.","La combinación de cuatro factores clave: personas, procesos, herramientas y proveedores.","En el curso Gerencia de Tecnología de Información de la Maestría en Gerencia de Tecnologías de la Información, el enfoque integrado del proceso de gestión de TI se compone de los siguientes elementos:

1. **Personas**: Incluye la identificación de roles y responsabilidades, la capacitación del personal y la gestión del talento humano.

2. **Procesos**: Abarca la planificación, ejecución, monitoreo y mejora continua de los procesos de TI, asegurando que estén alineados con los objetivos estratégicos de la organización.

3. **Herramientas**: Utiliza sistemas y plataformas tecnológicas adecuadas para el análisis, gestión y optimización de los recursos de TI.

4. **Proveedores**: Involucra la gestión de relaciones con proveedores, la contratación de servicios y la integración de soluciones tecnológicas externas.

Este enfoque integrado busca lograr un equilibrio entre la innovación, el riesgo, el coste y la operación, permitiendo una gestión eficiente y eficaz de la tecnología de la información.",19.99,Gerencia de Tecnología de Información,MC1103,
deepseek-r1-14b-4bit,open_ended,¿Cuáles son los equilibrios críticos que un líder de TI debe buscar permanentemente?,"En el curso Gerencia de Tecnología de Información de la Maestría en Gerencia de Tecnologías de la Información, ¿Cuáles son los equilibrios críticos que un líder de TI debe buscar permanentemente?

Da una respuesta completa y explicativa.","El balance entre innovación y gestión de riesgos, y entre ser agente de cambio y mantener la operación impecable.","En el curso Gerencia de Tecnología de Información de la Maestría en Gerencia de Tecnologías de la Información, los equilibrios críticos que un líder de TI debe buscar permanentemente son:

1. **Innovación vs. Gestion de Riesgos**: Un líder de TI debe equilibrar la necesidad de innovar con la gestión de los riesgos asociados. Esto implica adoptar tecnologías nuevas y emergentes para mantener la competitividad, pero también evaluar los posibles impactos negativos y asegurar que las innovaciones sean implementadas de manera segura y eficiente.

2. **Costos vs. Beneficios**: Es fundamental encontrar un equilibrio entre los costos de implementación y adquisición de tecnologías y los beneficios que estas pueden aportar a la organización. Esto asegura que las inversiones en TI sean rentables y contribuyan al valor estratégico de la empresa.

3. **Escalabilidad vs. Complejidad**: Un líder de TI debe gestionar la escalabilidad de los sistemas tecnológicos para satisfacer las necesidades actuales y futuras de la organización, sin que esto aumente innecesariamente la complejidad del sistema, lo que podría dificultar su mantenimiento y gestión.

4. **Rapidez de Implementación vs. Calidad**: Aunque es importante implementar soluciones rápid",22.17,Gerencia de Tecnología de Información,MC1103,
deepseek-r1-14b-4bit,open_ended,¿Qué diferencia establece el curso entre administración y gobernanza de TI?,"En el curso Gerencia de Tecnología de Información de la Maestría en Gerencia de Tecnologías de la Información, ¿Qué diferencia establece el curso entre administración y gobernanza de TI?

Da una respuesta completa y explicativa.","Se analizan como conceptos distintos, estudiando la gobernanza a través de arquetipos y mecanismos de la matriz de Weill.","En el curso Gerencia de Tecnología de Información de la Maestría en Gerencia de Tecnologías de la Información, la diferencia entre administración y gobernanza de TI se centra en su enfoque y responsabilidad. La administración de TI se enfoca en la operación diaria, la planificación, la ejecución y el control de los recursos tecnológicos para alcanzar los objetivos del negocio. Por otro lado, la gobernanza de TI se centra en la dirección estratégica, la alignación de la tecnología con los objetivos de la organización, y la gestión de riesgos y políticas a nivel macro, asegurando que la tecnología contribuya al valor estratégico de la empresa.",15.86,Gerencia de Tecnología de Información,MC1103,
deepseek-r1-14b-4bit,open_ended,¿Qué modelos de tercerización de servicios se introducen en el contenido?,"En el curso Gerencia de Tecnología de Información de la Maestría en Gerencia de Tecnologías de la Información, ¿Qué modelos de tercerización de servicios se introducen en el contenido?

Da una respuesta completa y explicativa.","SaaS, IaaS y PaaS, junto con los factores críticos de éxito para su gestión.","En el curso Gerencia de Tecnología de Información de la Maestría en Gerencia de Tecnologías de la Información, se introducen los siguientes modelos de tercerización de servicios:

1. **SaaS (Software as a Service)**:
   - **Descripción**: Modelos en los que el proveedor ofrece acceso a software a través de internet, eliminando la necesidad de licencias y reduciendo los costos de adquisición.
   - **Aplicación**: Ideal para empresas que requieren soluciones específicas sin invertir en desarrollo interno.

2. **IaaS (Infrastructure as a Service)**:
   - **Descripción**: Proveedores de infraestructura (como servidores y almacenamiento) que los clientes alquilan en la nube.
   - **Aplicación**: Útil para empresas que necesitan escalabilidad y reducción de costos en la gestión de infraestructura.

3. **PaaS (Platform as a Service)**:
   - **Descripción**: Ofrece plataformas para desarrollo y ejecución de aplicaciones, simplificando el desarrollo y mantenimiento.
   - **Aplicación**: Adecuado para equipos de desarrollo que necesitan enfoque en el código sin preocuparse por la infraestructura.

Estos modelos se estudian en el curso para ayudar a los estudiantes a comprender cómo tercerizar servicios de TI de manera eficiente y estratégica",22.17,Gerencia de Tecnología de Información,MC1103,
deepseek-r1-14b-4bit,open_ended,¿Cómo se utiliza la metodología de casos para fomentar el aprendizaje socio-constructivista?,"En el curso Gerencia de Tecnología de Información de la Maestría en Gerencia de Tecnologías de la Información, ¿Cómo se utiliza la metodología de casos para fomentar el aprendizaje socio-constructivista?

Da una respuesta completa y explicativa.","Mediante estudio individual, análisis grupal y sesiones plenarias de discusión sobre casos comprensivos.","En el curso Gerencia de Tecnología de Información de la Maestría en Gerencia de Tecnologías de la Información, la metodología de casos se utiliza para fomentar el aprendizaje socio-constructivista de la siguiente manera:

1. **Análisis de Casos Complejos**: Se estudian casos que abarcan diferentes aspectos de la gestión de tecnología de información, como la planificación estratégica, la administración de proyectos, y la implementación de soluciones tecnológicas. Estos casos son seleccionados para que los estudiantes puedan explorar situaciones complejas y multidisciplinarias, lo que les permite comprender mejor los conceptos teóricos y su aplicación práctica.

2. **Participación Activa**: Los estudiantes trabajan en grupo, lo que fomenta la colaboración y el intercambio de ideas. Cada estudiante contribuye a la resolución del caso, lo que promueve un entorno de aprendizaje interactivo y colectivo.

3. **Enfoque Práctico**: Los casos se centran en problemas reales o situaciones hipotéticas que los estudiantes pueden enfrentar en su entorno profesional. Esto permite que los estudiantes apliquen los conceptos aprendidos en un contexto cercano a su experiencia laboral, facilitando la transferencia del conocimiento al ámbito profesional.

4. **Reflexión y Discus",22.09,Gerencia de Tecnología de Información,MC1103,
deepseek-r1-14b-4bit,open_ended,¿Qué herramientas pedagógicas deben elaborar los estudiantes para demostrar la asimilación semanal de la teoría?,"En el curso Gerencia de Tecnología de Información de la Maestría en Gerencia de Tecnologías de la Información, ¿Qué herramientas pedagógicas deben elaborar los estudiantes para demostrar la asimilación semanal de la teoría?

Da una respuesta completa y explicativa.","Mapas mentales, conceptuales, infografías o cuadros sinópticos basados en la bibliografía.","En el curso ""Gerencia de Tecnología de Información"" de la Maestría en Gerencia de Tecnologías de la Información, los estudiantes deben elaborar las siguientes herramientas pedagógicas para demostrar la asimilación semanal de la teoría:

1. **Mapas Mentales**: Estudiantes elaboran mapas mentales que resumen los conceptos clave de cada sesión, promoviendo una comprensión integral y visual de los temas.

2. **Mapas Conceptuales**: Se construyen diagramas que relacionan los conceptos entre sí, facilitando la comprensión de la estructura y jerarquía de los temas.

3. **Esquemas de Ideas**: Los estudiantes sintetizan la información en esquemas, organizando los conceptos de manera estructurada y jerárquica.

4. **Infografías**: Se diseñan infografías que presentan información visual y concisa, resaltando los puntos más importantes de la teoría.

5. **Cuadros Sinópticos**: Se preparan tablas y cuadros que comparan y contrastan diferentes modelos, marcos y conceptos tratados en clase.

6. **Resúmenes y Análisis de Artículos**: Los estudiantes escriben resúmenes y análisis críticos de artículos asignados, identificando las principales ideas y su relevancia para la",22.19,Gerencia de Tecnología de Información,MC1103,
deepseek-r1-14b-4bit,open_ended,¿Qué abarca la gestión de recursos financieros invertidos en TI?,"En el curso Administración Financiera de TI de la Maestría en Gerencia de Tecnologías de la Información, ¿Qué abarca la gestión de recursos financieros invertidos en TI?

Da una respuesta completa y explicativa.","La planificación, operación, control, evaluación y toma de decisiones fundamentadas en información financiera.","En el curso **Administración Financiera de Tecnologías de la Información** de la Maestría en Gerencia de Tecnologías de la Información, la gestión de recursos financieros invertidos en TI abarca varios aspectos clave:

1. **Planeación y Presupuesto**:
   - **Planeación**: Se enfoca en definir cómo los recursos financieros se asignarán para alcanzar los objetivos estratégicos de la organización en materia de tecnología de información.
   - **Presupuesto**: Incluye la asignación de fondos para proyectos y servicios de TI, considerando aspectos como la optimización de recursos y la gestión de riesgos.

2. **Evaluación y Control de Inversiones**:
   - **Evaluación**: Se realiza para determinar la efectividad y eficiencia de las inversiones en TI, asegurando que los proyectos y servicios generen los beneficios esperados.
   - **Control**: Implica monitorear el uso de los recursos financieros para garantizar que se cumplan los objetivos y que las inversiones estén alineadas con la estrategia de la organización.

3. **Gestión de Proyectos y Servicios**:
   - **Proyectos**: Se gestionan los recursos financieros para la implementación de proyectos de TI, asegurando que estén alineados con los objetivos estratégicos y que se optim",22.1,Administración Financiera de TI,MC1201,
deepseek-r1-14b-4bit,open_ended,¿Cuál es el objetivo final de aplicar finanzas a los proyectos y servicios de TI?,"En el curso Administración Financiera de TI de la Maestría en Gerencia de Tecnologías de la Información, ¿Cuál es el objetivo final de aplicar finanzas a los proyectos y servicios de TI?

Da una respuesta completa y explicativa.",Optimizar los recursos asignados y gestionar los riesgos inherentes a las inversiones tecnológicas.,"En el curso **Administración Financiera de Tecnologías de la Información** de la Maestría en Gerencia de Tecnologías de la Información, el objetivo final de aplicar finanzas a los proyectos y servicios de TI es **garantizar que las inversiones en tecnología sean optimizadas para lograr los beneficios esperados, considerando aspectos como la planificación, operación, control, evaluación y toma de decisiones basadas en información financiera**. Esto permite que las organizaciones maximicen el valor de sus inversiones en TI, gestionen los riesgos asociados y alinee las tecnologías con los objetivos estratégicos de la empresa.",15.54,Administración Financiera de TI,MC1201,
deepseek-r1-14b-4bit,open_ended,¿Qué áreas de la contabilidad se estudian para respaldar la operación técnica?,"En el curso Administración Financiera de TI de la Maestría en Gerencia de Tecnologías de la Información, ¿Qué áreas de la contabilidad se estudian para respaldar la operación técnica?

Da una respuesta completa y explicativa.","Contabilidad financiera (activos, pasivos, capital), análisis financiero (razones financieras) y contabilidad de costos.","En el curso **Administración Financiera de Tecnologías de la Información** de la Maestría en Gerencia de Tecnologías de la Información, se estudian las siguientes áreas de la contabilidad para respaldar la operación técnica:

1. **Contabilidad Financiera**:
   - Conceptos y tipos de contabilidad.
   - Ciclo contable y estados financieros principales (balance general, estado de resultados, estado de flujos de efectivo).
   - Registro contable de la operación de Tecnologías de la Información (TI).

2. **Análisis Financiero**:
   - Análisis porcentual de estados financieros.
   - Razones financieras clave para evaluar la solvencia y liquidez de la organización.
   - Análisis financiero de la operación de TI, incluyendo la evaluación de proyectos y servicios de tecnología.

3. **Contabilidad de Costos**:
   - Sistema de costeo para productos y servicios.
   - Elementos de costeo en la operación de TI, como la asignación de costos a proyectos específicos.
   - Uso de sistemas de costos en la planificación y control de gastos tecnológicos.

4. **Presupuestos**:
   - Metodologías para la elaboración de presupuestos.
   - Presupuestos para la operación de TI, incluy",22.24,Administración Financiera de TI,MC1201,
deepseek-r1-14b-4bit,open_ended,¿Cómo se integra el presupuesto en la administración de la función de información?,"En el curso Administración Financiera de TI de la Maestría en Gerencia de Tecnologías de la Información, ¿Cómo se integra el presupuesto en la administración de la función de información?

Da una respuesta completa y explicativa.",Mediante el estudio de metodologías de elaboración presupuestaria específicas para la operación de TI.,"En el curso **Administración Financiera de Tecnologías de la Información** de la Maestría en Gerencia de Tecnologías de la Información, el presupuesto se integra en la administración de la función de información de la siguiente manera:

1. **Planeación y Alineación con Estrategias**:
   - El presupuesto se utiliza para alinear los gastos tecnológicos con las estrategias y objetivos de la organización. Esto implica identificar los proyectos y servicios de TI que contribuirán al logro de los objetivos empresariales.

2. **Gestión de Portafolios y Proyectos**:
   - Se evalúan los proyectos de TI para determinar su prioridad y asignación de recursos. Esto asegura que los proyectos con mayor impacto y beneficio sean priorizados.

3. **Costos y Evaluación Financiera**:
   - Se analizan los costos asociados a los proyectos, incluyendo adquisición de licencias, contratación de servicios, y mantenimiento. Se realizan análisis de costo-beneficio para evaluar la viabilidad financiera de los proyectos.

4. **Planeación de Gastos y Recursos**:
   - Se establece un plan de gastos detallado, considerando los costos operativos y de capital. Esto incluye la planificación de presupuestos para diferentes años y la",22.08,Administración Financiera de TI,MC1201,
deepseek-r1-14b-4bit,open_ended,¿Qué estándares internacionales se referencian para la gestión de costos?,"En el curso Administración Financiera de TI de la Maestría en Gerencia de Tecnologías de la Información, ¿Qué estándares internacionales se referencian para la gestión de costos?

Da una respuesta completa y explicativa.",El dominio APO06 de COBIT 5.0 y los procesos de estrategia de servicios de ITIL 2011.,"En el curso **Administración Financiera de Tecnologías de la Información** de la Maestría en Gerencia de Tecnologías de la Información, se mencionan los siguientes estándares internacionales para la gestión de costos:

1. **COBIT 5.0 (Control Objectives for Information and Technology)**  
   - Este marco establece directrices para la gobernanza y gestión de la información tecnológica, incluyendo la planificación y control de costos.

2. **ITIL (Information Technology Infrastructure Library)**  
   - Se refiere a la gestión de servicios de TI, incluyendo la planificación y ejecución de proyectos, y la asignación de recursos y costos.

Estos estándares se integran en el curso para proporcionar una base sólida en la planificación, operación, control y evaluación de costos en proyectos y servicios de tecnología de la información.",17.84,Administración Financiera de TI,MC1201,
deepseek-r1-14b-4bit,open_ended,¿En qué tipo de actividades se concentra la evaluación del curso?,"En el curso Administración Financiera de TI de la Maestría en Gerencia de Tecnologías de la Información, ¿En qué tipo de actividades se concentra la evaluación del curso?

Da una respuesta completa y explicativa.","En exámenes parciales, investigación bibliográfica, comprobaciones de lectura y trabajo en clase.","La evaluación del curso ""Administración Financiera de Tecnologías de la Información"" en la Maestría en Gerencia de Tecnologías de la Información se concentra en actividades que integran tanto el conocimiento teórico como la aplicación práctica. Estas actividades buscan evaluar la comprensión del estudiante sobre la gestión financiera de proyectos y servicios de tecnología de la información, así como su capacidad para aplicar los conceptos aprendidos en casos reales.

Las actividades específicas de evaluación incluyen:

1. **Investigación Práctica Aplicada**: Esto implica la realización de proyectos que requieren el análisis financiero de proyectos de tecnología de la información, la formulación de presupuestos, la evaluación de costos y beneficios, y la presentación de resultados. Este componente busca evaluar la capacidad del estudiante para aplicar los conceptos teóricos en situaciones prácticas.

2. **Exámenes Parciales**: Estos exámenes evalúan la comprensión de los conceptos clave como la planificación financiera, el análisis de costos, la evaluación de proyectos y la gestión de presupuestos. Son herramientas para asegurar que el estudiante haya asimilado la teoría y pueda aplicarla en diferentes escenarios.

3. **Tareas y Ejercicios**: Las tareas semanales y los ej",22.22,Administración Financiera de TI,MC1201,
deepseek-r1-14b-4bit,open_ended,¿Por qué la gestión de proyectos es una competencia indispensable para un gerente de TI?,"En el curso Administración y Estrategia de Proyectos I de la Maestría en Gerencia de Tecnologías de la Información, ¿Por qué la gestión de proyectos es una competencia indispensable para un gerente de TI?

Da una respuesta completa y explicativa.",Porque las transformaciones modernas de las organizaciones se ejecutan a través de proyectos tecnológicos exitosos.,"La gestión de proyectos es una competencia indispensable para un gerente de TI porque permite alinear las tecnologías de información con los objetivos estratégicos de la organización, asegurando que los proyectos se ejecuten de manera eficiente y que generen valor. A través de la gestión de proyectos, el gerente de TI puede:

1. **Alinear tecnologías con estrategias empresariales**: La gestión de proyectos asegura que las iniciativas tecnológicas estén alineadas con los objetivos estratégicos de la empresa, permitiendo que las tecnologías actúen como un habilitador del negocio.

2. **Mejorar la capacidad de adaptación**: En un entorno tecnológico en constante cambio, la gestión de proyectos permite a los gerentes de TI adaptarse a las nuevas tendencias y requisitos, asegurando que las soluciones tecnológicas sean relevantes y efectivas.

3. **Optimizar recursos y reducir riesgos**: La gestión de proyectos implica la planificación, ejecución y control de los recursos asignados, lo que permite optimizar el uso de los mismos y minimizar los riesgos asociados a la implementación de tecnologías.

4. **Garantizar la entrega de valor**: A través de la gestión de proyectos, se asegura que los proyectos TI contribuyan directamente al valor de la organización, mejorando procesos, reduciendo",22.09,Administración y Estrategia de Proyectos I,MC1203,
deepseek-r1-14b-4bit,open_ended,¿Qué componentes estratégicos se analizan en las fases iniciales de un proyecto?,"En el curso Administración y Estrategia de Proyectos I de la Maestría en Gerencia de Tecnologías de la Información, ¿Qué componentes estratégicos se analizan en las fases iniciales de un proyecto?

Da una respuesta completa y explicativa.","El análisis de factibilidad, las condiciones de inicio y la planificación de alcance, calidad y costos.","En el curso **Administración y Estrategia de Proyectos I** de la Maestría en Gerencia de Tecnologías de la Información, los componentes estratégicos que se analizan en las fases iniciales de un proyecto son:

1. **Enlace Estratégico de los Proyectos en TI**:
   - Se evalúa cómo los proyectos contribuyen a la estrategia general de la organización y alinear sus objetivos con los de la empresa.

2. **Análisis del Entorno Organizacional**:
   - Se consideran factores internos y externos que pueden afectar el proyecto, como la cultura organizacional, los recursos disponibles y el entorno regulatorio.

3. **Gestión de Portafolios y Programas**:
   - Se analiza cómo los proyectos se integran en el portafolio de la organización y cómo se priorizan en función de los objetivos estratégicos.

4. **La Oficina de Proyectos y su Papel**:
   - Se estudia el rol de la oficina de proyectos en la gestión de los proyectos, incluyendo la creación de un entorno de proyectos y la coordinación de los mismos.

5. **Visión Procesal de la Gestión de Proyectos**:
   - Se enfoca en la planificación y ejecución de los proyectos, considerando los procesos y las herramientas utilizadas",22.18,Administración y Estrategia de Proyectos I,MC1203,
deepseek-r1-14b-4bit,open_ended,¿Cómo ha evolucionado la orientación de la gestión de proyectos según el curso?,"En el curso Administración y Estrategia de Proyectos I de la Maestría en Gerencia de Tecnologías de la Información, ¿Cómo ha evolucionado la orientación de la gestión de proyectos según el curso?

Da una respuesta completa y explicativa.",Ha pasado de una orientación basada exclusivamente en planes hacia una orientación ágil.,"En el curso ""Administración y Estrategia de Proyectos I"" de la Maestría en Gerencia de Tecnologías de la Información, la orientación de la gestión de proyectos ha evolucionado significativamente. El curso aborda la importancia de comprender la relevancia estratégica de los proyectos en las organizaciones, destacando la necesidad de alinear los proyectos con los objetivos empresariales y considerar aspectos como la planificación, ejecución y control de los mismos.

La orientación se centra en:

1. **Enfoque Estratégico**: Se analiza cómo los proyectos contribuyen a la estrategia organizacional, considerando factores como la misión, visión y valores de la empresa.

2. **Gestión de Portafolios y Programas**: Se estudian frameworks como OPM3 y se enfatiza la importancia de la Oficina de Proyectos (Project Management Office) en la gestión integral de los proyectos.

3. **Métodos y Modelos**: Se revisan marcos de trabajo como PMBOK, PRINCE2 y CMMI, destacando la adaptación a diferentes metodologías, incluyendo la orientación ágil.

4. **Formulación y Evaluación de Proyectos**: Se trabaja en la transformación de ideas en casos de negocio, utilizando herramientas y metodologías para la formulación efectiva",22.16,Administración y Estrategia de Proyectos I,MC1203,
deepseek-r1-14b-4bit,open_ended,¿Qué papel desempeña la Oficina de Proyectos (PMO) en las organizaciones modernas?,"En el curso Administración y Estrategia de Proyectos I de la Maestría en Gerencia de Tecnologías de la Información, ¿Qué papel desempeña la Oficina de Proyectos (PMO) en las organizaciones modernas?

Da una respuesta completa y explicativa.",Actúa como soporte estratégico para la gestión de portafolios y programas bajo modelos como OPM3.,"En el curso **Administración y Estrategia de Proyectos I** de la Maestría en Gerencia de Tecnologías de la Información, la Oficina de Proyectos (PMO) desempeña un papel fundamental en las organizaciones modernas. Su función principal es actuar como un centro de recursos y expertise para la gestión de proyectos, asegurando que las iniciativas tecnológicas estén alineadas con los objetivos estratégicos de la organización. La PMO contribuye a la estandarización de procesos, mejora de la capacidad de gestión de proyectos y promueve la madurez en la gestión de proyectos de TI, lo que conduce a un mejor rendimiento y alineamiento con las estrategias empresariales.",16.18,Administración y Estrategia de Proyectos I,MC1203,
deepseek-r1-14b-4bit,open_ended,¿En qué consiste el proceso de formulación de un caso de negocio efectivo?,"En el curso Administración y Estrategia de Proyectos I de la Maestría en Gerencia de Tecnologías de la Información, ¿En qué consiste el proceso de formulación de un caso de negocio efectivo?

Da una respuesta completa y explicativa.",En el desarrollo de herramientas y dimensiones de decisión para presentar resultados sólidos de una idea de proyecto.,"En el curso ""Administración y Estrategia de Proyectos I"" de la Maestría en Gerencia de Tecnologías de la Información, el proceso de formulación de un caso de negocio efectivo se compone de los siguientes pasos:

1. **Análisis del Entorno Organizacional**: 
   - Se evalúan las condiciones estratégicas, tácticas y operacionales para entender cómo los proyectos se alinean con los objetivos de la organización.
   - Se identifican las fuerzas competitivas y las dinámicas del mercado que pueden afectar el proyecto.

2. **Definición de la Visión y Objetivos**:
   - Se establece una visión clara del proyecto, alineada con la estrategia general de la empresa.
   - Se definen los objetivos específicos, tanto cuantitativos como cualitativos, que el proyecto debe lograr.

3. **Identificación de las Necesidades y Requisitos**:
   - Se identifican las necesidades del negocio, los requisitos funcionales y no funcionales.
   - Se analizan los stakeholders y sus expectativas para asegurar que el proyecto cumpla con sus necesidades.

4. **Análisis de Factibilidad**:
   - Se evalúan los aspectos técnicos, económicos, operativos y legales para determinar si el proyecto es viable.",22.1,Administración y Estrategia de Proyectos I,MC1203,
deepseek-r1-14b-4bit,open_ended,¿Qué dilemas se presentan comúnmente en la gestión de la calidad de proyectos de TI?,"En el curso Administración y Estrategia de Proyectos I de la Maestría en Gerencia de Tecnologías de la Información, ¿Qué dilemas se presentan comúnmente en la gestión de la calidad de proyectos de TI?

Da una respuesta completa y explicativa.",La aplicación del concepto de deuda técnica y el equilibrio entre procesos de gestión e ingeniería.,"En el curso ""Administración y Estrategia de Proyectos I"" de la Maestría en Gerencia de Tecnologías de la Información, los dilemas comunes en la gestión de la calidad de proyectos de TI incluyen:

1. **Equilibrio entre Calidad y Tiempo**: Asegurar la calidad del proyecto puede requerir más tiempo y recursos, lo que puede entrar en conflicto con los plazos establecidos.

2. **Definición de Requisitos Claros**: La falta de una definición clara y precisa de los requisitos iniciales puede llevar a proyectos que no satisfagan las expectativas del cliente o los usuarios.

3. **Gestión de Cambios**: La identificación y gestión de cambios en los requisitos o en el proyecto pueden ser complicadas, especialmente si no se documentan adecuadamente.

4. **Comunicación entre los Miembros del Proyecto**: La falta de comunicación efectiva entre los diferentes actores del proyecto (desarrolladores, analistas, gerentes, etc.) puede resultar en inconsistencias y errores.

5. **Riesgos y Contingencias**: Identificar y mitigar los riesgos asociados al proyecto, tanto técnicos como no técnicos, es un desafío constante.

6. **Evaluación Continua de la Calidad**: Mantener una evaluación constante y sistemática de la calidad del proyecto a",22.21,Administración y Estrategia de Proyectos I,MC1203,
deepseek-r1-14b-4bit,open_ended,¿Qué elementos integran el marco filosófico de un negocio necesario para la planificación?,"En el curso Planificación Estratégica de TI de la Maestría en Gerencia de Tecnologías de la Información, ¿Qué elementos integran el marco filosófico de un negocio necesario para la planificación?

Da una respuesta completa y explicativa.","Análisis FODA, misión, visión, valores, objetivos, estrategias, políticas y metas.","En el curso ""Planificación Estratégica de Tecnología de la Información"" de la Maestría en Gerencia de Tecnologías de la Información, el marco filosófico de un negocio necesario para la planificación estratégica de TI incluye los siguientes elementos:

1. **misión**: Define el propósito fundamental de la organización y orienta todos los esfuerzos hacia la consecución de objetivos específicos.

2. **visión**: Describe el futuro deseado de la organización, incluyendo los valores y principios que guiarán la acción.

3. **valores**: Constituyen los principios éticos y morales que guían las decisiones y acciones de la organización.

4. **objetivos**: Son metas concretas y medibles que la organización busca alcanzar en un período determinado.

5. **estrategias**: Son las acciones y planes de acción que se implementarán para alcanzar los objetivos y lograr la misión y visión de la organización.

6. **políticas**: Son las normas y directrices que regulan la conducta de los miembros de la organización y aseguran que las actividades se alineen con la estrategia.

7. **metas**: Son los logros específicos y cuantitativos que se buscan alcanzar en un período determinado.

8. **líneas de acción**: Son las actividades concretas y",22.07,Planificación Estratégica de TI,MC2301,
deepseek-r1-14b-4bit,open_ended,¿Qué factores se consideran para derivar el plan de información desde el modelo de negocio?,"En el curso Planificación Estratégica de TI de la Maestría en Gerencia de Tecnologías de la Información, ¿Qué factores se consideran para derivar el plan de información desde el modelo de negocio?

Da una respuesta completa y explicativa.","Tendencias tecnológicas, procesos de negocio, arquitectura de aplicaciones y proyección de inversión.","En el curso ""Planificación Estratégica de Tecnología de la Información"" de la Maestría en Gerencia de Tecnologías de la Información, se consideran varios factores para derivar el plan de información a partir del modelo de negocio. Estos factores incluyen:

1. **Análisis de la Visión del Negocio y sus Procesos**:
   - Se inicia con un análisis detallado de la visión del negocio, incluyendo su misión, visión, valores y objetivos. Esto ayuda a comprender cómo la tecnología de la información (TI) puede alinear sus capacidades con los objetivos estratégicos de la organización.

2. **Entendimiento de la Industria y el Negocio**:
   - Se analiza la industria en la que opera la organización, los competidores, las tendencias tecnológicas y las oportunidades y amenazas del entorno. Esto permite identificar cómo la TI puede ser un habilitador estratégico para la empresa.

3. **Diagnóstico de la Función de TI**:
   - Se evalúa el estado actual de la función de TI, incluyendo sus capacidades, procesos, herramientas y recursos. Esto es esencial para identificar las brechas entre la situación actual y los objetivos estratégicos.

4. **Tendencias y Tendencias de la Tecnología de la Información**",22.22,Planificación Estratégica de TI,MC2301,
deepseek-r1-14b-4bit,open_ended,¿Qué capacidad específica adquiere el estudiante al finalizar este programa?,"En el curso Planificación Estratégica de TI de la Maestría en Gerencia de Tecnologías de la Información, ¿Qué capacidad específica adquiere el estudiante al finalizar este programa?

Da una respuesta completa y explicativa.",La capacidad de desarrollar un plan estratégico de TI basado en lineamientos del negocio y mecanismos de priorización.,"En el curso ""Planificación Estratégica de Tecnología de la Información"" de la Maestría en Gerencia de Tecnologías de la Información, el estudiante adquiere la capacidad de desarrollar un plan estratégico de TI a partir de los lineamientos estratégicos del negocio, considerando aspectos como las tendencias tecnológicas, el análisis de la industria, la arquitectura tecnológica, y la definición de prioridades y recursos. Esto les permite contribuir a la alineación de la tecnología con los objetivos organizacionales, optimizando la inversión en TI y asegurando que los sistemas y proyectos implementados sean coherentes con la estrategia general de la empresa.",15.65,Planificación Estratégica de TI,MC2301,
deepseek-r1-14b-4bit,open_ended,¿Cómo se define el liderazgo y la administración desde la perspectiva del CIO?,"En el curso Planificación Estratégica de TI de la Maestría en Gerencia de Tecnologías de la Información, ¿Cómo se define el liderazgo y la administración desde la perspectiva del CIO?

Da una respuesta completa y explicativa.",Se analiza como la gestión de expectativas para lograr una empresa habilitada por TI bajo un gobierno sólido.,"En el curso ""Planificación Estratégica de Tecnología de la Información"" de la Maestría en Gerencia de Tecnologías de la Información, el liderazgo y la administración desde la perspectiva del CIO (Chief Information Officer) se definen de la siguiente manera:

**Liderazgo:**
El liderazgo del CIO se centra en guiar y motivar a los equipos de tecnología para alinear las actividades de TI con los objetivos estratégicos de la organización. Esto implica no solo la toma de decisiones informadas sino también la comunicación efectiva con los stakeholders, asegurando que la tecnología contribuya a la competitividad y el éxito del negocio.

**Administración:**
La administración desde la perspectiva del CIO involucra la planificación, organización, dirección y control de los recursos tecnológicos para lograr los objetivos de la función de TI. Esto se realiza mediante la implementación de políticas, estándares y procesos que promuevan la eficiencia, la seguridad y el valor de la información.

En resumen, el CIO actúa como un líder visionario que transforma la tecnología en un pilar estratégico para la organización, asegurando que la función de TI sea un habilitador clave del negocio.",21.05,Planificación Estratégica de TI,MC2301,
deepseek-r1-14b-4bit,open_ended,¿Cómo se aborda el diagnóstico de la situación actual de TI?,"En el curso Planificación Estratégica de TI de la Maestría en Gerencia de Tecnologías de la Información, ¿Cómo se aborda el diagnóstico de la situación actual de TI?

Da una respuesta completa y explicativa.","Mediante el análisis de brecha, tendencias de organización de la función de TI y análisis de la industria.","En el curso ""Planificación Estratégica de Tecnología de la Información"" de la Maestría en Gerencia de Tecnologías de la Información, el diagnóstico de la situación actual de TI se aborda de manera integral y estructurada. Este diagnóstico busca comprender el estado actual de la tecnología de la información en una organización, identificar sus fortalezas, debilidades, oportunidades y amenazas, y servir de base para la planificación estratégica futura.

### 1. Análisis de la Función de TI
- **Visión del Negocio**: Se inicia con la comprensión de la misión, visión y objetivos de la organización, así como su enfoque en la tecnología de la información.
- **Evaluación de Procesos**: Se analizan los procesos actuales de TI, identificando cómo éstos contribuyen a los objetivos del negocio y dónde se encuentran las desviaciones o ineficiencias.
- **Recurso de TI**: Se evalúan los recursos disponibles, tanto humanos como tecnológicos, y su alineación con las necesidades actuales y futuras de la organización.

### 2. Análisis de la Función de TI
- **Diagnóstico de la Función de la Información**: Se realiza un diagnóstico detallado de la función de",22.21,Planificación Estratégica de TI,MC2301,
deepseek-r1-14b-4bit,open_ended,¿Bajo qué condiciones específicas un estudiante puede reprobar el curso por asistencia?,"En el curso Planificación Estratégica de TI de la Maestría en Gerencia de Tecnologías de la Información, ¿Bajo qué condiciones específicas un estudiante puede reprobar el curso por asistencia?

Da una respuesta completa y explicativa.",Si acumula 4 faltas de asistencia injustificadas durante el semestre.,"En el curso ""Planificación Estratégica de Tecnología de la Información"" de la Maestría en Gerencia de Tecnologías de la Información, un estudiante puede reprobar el curso por asistencia bajo las siguientes condiciones específicas:

1. **Faltas de Asistencia Injustificadas**: El estudiante debe asistir a todas las clases de manera obligatoria. Si faltar a más de 4 clases sin justificación, el curso se puede reprobar.

2. **Ausencia a Presentaciones y Demos**: Si el estudiante no asiste a una presentación o demostración asignada, se le dará un 0 en el rubro correspondiente, lo que puede afectar significativamente su calificación.

3. **Penalización por Tareas Atrasadas**: Si las tareas, resúmenes o proyectos se entregan con retraso, se penalizará con 3k puntos por cada día de atraso, donde k es el número de días.

4. **Ausencia a Exámenes y Evaluaciones**: Si el estudiante no asiste a un examen parcial o a una evaluación importante, se le aplicará una calificación de 0 en ese rubro.

5. **No Participación en Clase**: La participación activa en clase es esencial. Si el estudiante no participa en discusiones o actividades durante las clases",22.13,Planificación Estratégica de TI,MC2301,
deepseek-r1-14b-4bit,open_ended,¿Cuál es el concepto fundamental que modela este curso por encima de la tecnología física?,"En el curso Teoría de Autómatas de la Maestría en Computación, ¿Cuál es el concepto fundamental que modela este curso por encima de la tecnología física?

Da una respuesta completa y explicativa.","El concepto de cómputo, definido a través de mecanismos abstractos independientes de computadoras específicas.","En el curso ""Teoría de Autómatas"" de la Maestría en Computación, el concepto fundamental que se modela por encima de la tecnología física es el **proceso de cómputo**. Este curso se centra en comprender los modelos abstractos que capturan la esencia del cómputo, independientemente de los lenguajes de programación o las computadoras específicas. A través de conceptos como autómatas de estados finitos, expresiones regulares, gramáticas formales y máquinas de Turing, se estudian los mecanismos teóricos que forman la base de la computación. 

Estos modelos permiten analizar y diseñar algoritmos, entender la complejidad computacional y determinar la solvencia de problemas, lo que es esencial para campos como la lingüística computacional, la construcción de compiladores y el análisis de algoritmos. Por lo tanto, el curso prioriza la comprensión teórica de la computación antes que su implementación tecnológica.",19.21,Teoría de Autómatas,MC6003,
deepseek-r1-14b-4bit,open_ended,¿Cómo se relaciona la computación teórica con la construcción práctica de compiladores?,"En el curso Teoría de Autómatas de la Maestría en Computación, ¿Cómo se relaciona la computación teórica con la construcción práctica de compiladores?

Da una respuesta completa y explicativa.",Brinda los modelos formales necesarios para el reconocimiento y generación de lenguajes formales usados en compilación.,"En el curso de Teoría de Autómatas de la Maestría en Computación, la computación teórica se relaciona con la construcción práctica de compiladores de la siguiente manera:

1. **Fundamentos Teóricos**: La computación teórica, a través de la teoría de autómatas y lenguajes formales, proporciona los fundamentos necesarios para comprender cómo los lenguajes de programación pueden ser analizados y traducidos en código máquina. Los autómatas de estados finitos (AFD) y las gramáticas formales (como las gramáticas regulares y las libres de contexto) son herramientas esenciales para definir los lenguajes que los compiladores deben manejar.

2. **Análisis de Lenguajes**: Los compiladores necesitan analizar sintácticamente y semánticamente los programas源码。La teoría de autómatas y lenguajes formales provee los modelos necesarios para definir los lenguajes de programación y asegurar que los compiladores puedan reconocer y validar correctamente la sintaxis y semántica de los programas.

3. **Diseño de Compiladores**: La teoría de autómatas se aplica directamente en el diseño de los analizadores sintácticos y semánticos de los compiladores. Por ejemplo, los A",22.17,Teoría de Autómatas,MC6003,
deepseek-r1-14b-4bit,open_ended,¿Qué jerarquía se utiliza para clasificar gramáticas según su estructura de frase?,"En el curso Teoría de Autómatas de la Maestría en Computación, ¿Qué jerarquía se utiliza para clasificar gramáticas según su estructura de frase?

Da una respuesta completa y explicativa.",La jerarquía de Chomsky.,"En el curso **Teoría de Autómatas** de la Maestría en Computación, se utiliza la jerarquía de Chomsky para clasificar las gramáticas según su estructura de frase. Esta jerarquía, también conocida como la **hierarquía de gramáticas formales**, se compone de los siguientes niveles, desde el más restrictivo al más general:

1. **Gramáticas regulares (Regular Grammars)**  
   - Estas gramáticas generan lenguajes regulares, los cuales pueden ser reconocidos por autómatas de estados finitos (FA's).  
   - Ejemplo: CFG donde cada producción tiene la forma A → α, donde α es un terminal o un no-terminal inizial.

2. **Gramáticas contextuales libres (Context-Free Grammars - CFG)**  
   - Generan lenguajes contextuales libres, los cuales pueden ser reconocidos por autómatas de pila (PDA's).  
   - Caracterizadas por productions de la forma A → β, donde β es una secuencia de terminales y no-terminales, y no hay restricciones de contexto.

3. **Gramáticas contextuales (Context-Sensitive Grammars)**  
   - Generan lenguajes contextuales, los cuales requieren restricciones en el contexto para su aplicación.  
   - Ejemplo: Las productions tienen",22.12,Teoría de Autómatas,MC6003,
deepseek-r1-14b-4bit,open_ended,¿Qué herramienta matemática se estudia para demostrar que un lenguaje no es regular?,"En el curso Teoría de Autómatas de la Maestría en Computación, ¿Qué herramienta matemática se estudia para demostrar que un lenguaje no es regular?

Da una respuesta completa y explicativa.",El Pumping Lemma.,"En el curso **Teoría de Autómatas** de la Maestría en Computación, se estudia la herramienta matemática del **Lema de bombeo (Pumping Lemma)** para demostrar que un lenguaje no es regular.

### Explicación:
1. **Lema de bombeo (Pumping Lemma)**:
   - Es un método formal utilizado para demostrar que un lenguaje no pertenece a la clase de lenguajes regulares.
   - Se basa en la idea de que si un lenguaje es regular, entonces cualquier cadena suficientemente larga en el lenguaje debe poder ""bombearse"", es decir, extraer un fragmento que se pueda repetir indefinidamente sin salir del lenguaje.
   - Si se puede encontrar una cadena que no cumpla con este comportamiento, el lenguaje no es regular.

2. **Proceso de demostración**:
   - Se asume que el lenguaje es regular.
   - Se construye una cadena que cumpla con las condiciones del lema de bombeo pero no se puede bombear sin salir del lenguaje.
   - Esto conduce a una contradicción, demostrando que el lenguaje no es regular.

### Aplicación:
- Por ejemplo, para demostrar que el lenguaje `L = {0^n 1^n | n",22.15,Teoría de Autómatas,MC6003,
deepseek-r1-14b-4bit,open_ended,¿Qué modelos matemáticos se analizan para el reconocimiento de lenguajes formales?,"En el curso Teoría de Autómatas de la Maestría en Computación, ¿Qué modelos matemáticos se analizan para el reconocimiento de lenguajes formales?

Da una respuesta completa y explicativa.",Desde los autómatas de estados finitos hasta las máquinas de Turing.,"En el curso **Teoría de Autómatas** de la Maestría en Computación, se analizan varios modelos matemáticos para el reconocimiento de lenguajes formales. Estos modelos incluyen:

1. **Autómatas de Estados Finitos (AFDs)**:
   - **Definición**: Un autómata de estados finitos consiste en un conjunto de estados, un estado inicial, un conjunto de estados finales y una función de transición que define cómo se mueve entre los estados.
   - **Función**: Reconocer lenguajes regulares, es decir, lenguajes que pueden ser descritos por expresiones regulares.
   - **Ejemplo**: Un autómata puede ser diseñado para reconocer si una cadena de lenguaje formal cumple con ciertas reglas gramaticales.

2. **Expresiones Regulares**:
   - **Definición**: Son patrones que describen conjuntos de cadenas de lenguaje formal.
   - **Función**: Permiten definir lenguajes de manera compacta y formal, y son equivalentes a los autómatas de estados finitos.
   - **Ejemplo**: La expresión regular `a*b` describe todas las cadenas que consisten de cero o más 'a's seguidos de un 'b'.

3. **Gramáticas Regulares**",22.23,Teoría de Autómatas,MC6003,
deepseek-r1-14b-4bit,open_ended,¿Qué formación matemática previa se asume en los estudiantes de este curso de postgrado?,"En el curso Teoría de Autómatas de la Maestría en Computación, ¿Qué formación matemática previa se asume en los estudiantes de este curso de postgrado?

Da una respuesta completa y explicativa.",Conocimientos sólidos de matemática discreta adquiridos durante el bachillerato.,"En el curso ""Teoría de Autómatas"" de la Maestría en Computación, se asume que los estudiantes tienen una formación matemática previa que incluye:

1. **Álgebra Lineal**: Comprensión de conceptos básicos como vectores, matrices y operaciones lineales, que son esenciales para entender estructuras matemáticas en el diseño de algoritmos y sistemas computacionales.

2. **Cálculo**: Dominio de las operaciones básicas de cálculo, incluyendo derivadas y integrales, que son fundamentales para el análisis de funciones y procesos en computación.

3. **Probabilidades**: Conocimiento de teoría de probabilidad y estadística, necesario para evaluar resultados y diseñar experimentos en investigación computacional.

Estos requisitos aseguran que los estudiantes tengan las habilidades matemáticas necesarias para abordar los temas teóricos y prácticos del curso, como la teoría de autómatas y lenguajes formales.",19.13,Teoría de Autómatas,MC6003,
deepseek-r1-14b-4bit,open_ended,¿Qué tipo de material se revisa para estudiar las tendencias actuales de investigación?,"En el curso Sistemas Operativos Avanzados de la Maestría en Computación, ¿Qué tipo de material se revisa para estudiar las tendencias actuales de investigación?

Da una respuesta completa y explicativa.",Diferentes papers y artículos científicos seleccionados por el profesor en lugar de un libro de texto único.,"En el curso **Sistemas Operativos Avanzados** de la Maestría en Computación, el material revisado para estudiar las tendencias actuales de investigación incluye:

1. **Papers de Investigación**: Se leen y estudian múltiples artículos científicos pertenecientes a una amplia antología seleccionada por el profesor. Estos papers abarcan temas avanzados y recientes en el campo de los sistemas operativos.

2. **Material de Clase**: Aunque no hay un libro de texto específico, se utiliza material preparado por el profesor, que incluye conceptos clave y guías para la investigación.

3. **Apuntes y Presentaciones**: Los estudiantes toman apuntes detallados durante las clases y presentan resúmenes y análisis de los papers asignados.

4. **Proyectos Programados**: Se trabajan en grupos, desarrollando proyectos que requieren implementación práctica de conceptos avanzados en sistemas operativos, lo que implica la utilización de lenguajes de programación como C y entornos como UNIX o Linux.

5. **Tareas y Quices**: Se realizan tareas y quices para asegurar la comprensión de los conceptos y la aplicación práctica de los mismos.

Este enfoque combina teoría y práctica, permitiendo a los estudiantes adquirir un sólido conocimiento de",22.15,Sistemas Operativos Avanzados,MC6004,
deepseek-r1-14b-4bit,open_ended,¿Qué requisitos de calidad deben cumplir los apuntes oficiales realizados por los estudiantes?,"En el curso Sistemas Operativos Avanzados de la Maestría en Computación, ¿Qué requisitos de calidad deben cumplir los apuntes oficiales realizados por los estudiantes?

Da una respuesta completa y explicativa.","Deben ser reportes detallados con imágenes, gráficos y datos adicionales, evitando ser simples resúmenes ejecutivos.","En el curso ""Sistemas Operativos Avanzados"" de la Maestría en Computación, los apuntes oficiales realizados por los estudiantes deben cumplir con los siguientes requisitos de calidad:

1. **Formato Único**: Los apuntes deben seguir un formato consistente y estructurado, utilizando plantillas proporcionadas para garantizar la uniformidad.

2. **Calidad del Contenido**: El contenido debe ser preciso, completo y reflejar una comprensión profunda de los temas abordados en clase. Incluye definiciones, conceptos clave, diagramas, algoritmos y ejemplos relevantes.

3. **Presentación Profesional**: Los apuntes deben estar bien presentados, con un diseño limpio y profesional, utilizando fuentes legibles, colores consistentes y una estructura clara.

4. **Identificación Correcta**: Cada documento debe incluir la identificación del estudiante, el nombre del curso, el código del curso, la fecha de la clase y el número de la sesión.

5. **Tiempo de entrega**: Los apuntes deben entregarse en formato PDF en el foro del curso antes de la siguiente clase, con un nombre específico que incluya el mes, la fecha y un número secuencial.

6. **Cumplimiento de Reglas**: Los estudiantes deben adherirse estrictamente a las reglas estable",22.06,Sistemas Operativos Avanzados,MC6004,
deepseek-r1-14b-4bit,open_ended,¿Qué cinco preguntas clave deben responderse al entregar los resúmenes de los artículos científicos?,"En el curso Sistemas Operativos Avanzados de la Maestría en Computación, ¿Qué cinco preguntas clave deben responderse al entregar los resúmenes de los artículos científicos?

Da una respuesta completa y explicativa.","Problema planteado, importancia, soluciones previas, propuesta de los autores y éxito de la misma.","En el curso ""Sistemas Operativos Avanzados"" de la Maestría en Computación, los estudiantes deben responder a las siguientes cinco preguntas clave al entregar los resúmenes de los artículos científicos:

1. **¿Cuál es el problema que plantea el paper?**
   - Se debe identificar el problema central que los autores buscan resolver en el artículo. Esto implica comprender la motivación detrás del estudio y por qué el problema es relevante en el contexto de los sistemas operativos avanzados.

2. **¿Por qué es un problema interesante o importante?**
   - Aquí se evalúa la importancia del problema. ¿Cómo impacta en el campo de la computación? ¿Tiene aplicaciones prácticas? ¿Abre nuevas áreas de investigación? Es fundamental destacar la relevancia y el valor del problema plantado.

3. **¿Qué otras soluciones se han intentado para resolver este problema?**
   - Se debe revisar la literatura existente. ¿Qué enfoques o técnicas han sido utilizados antes? ¿Qué limitaciones tienen estas soluciones? Esto demuestra que el estudiante comprende el contexto del problema y puede situar el trabajo en cuestión dentro del panorama actual.

4. **¿Cuál es la solución propuesta por los autores?**
   - Se debe detallar la contribución principal del artículo.",22.21,Sistemas Operativos Avanzados,MC6004,
deepseek-r1-14b-4bit,open_ended,¿Cómo se evalúa la capacidad de comunicación científica de los estudiantes?,"En el curso Sistemas Operativos Avanzados de la Maestría en Computación, ¿Cómo se evalúa la capacidad de comunicación científica de los estudiantes?

Da una respuesta completa y explicativa.",Mediante una presentación oral obligatoria que sigue el formato de una conferencia científica.,"En el curso **Sistemas Operativos Avanzados** de la Maestría en Computación, la capacidad de comunicación científica de los estudiantes se evalúa a través de varias actividades y componentes. Aquí tienes una descripción detallada de cómo se realiza esta evaluación:

1. **Presentación Oral**:
   - **Descripción**: Cada estudiante debe presentar un paper asignado por el profesor siguiendo el formato de una conferencia científica.
   - **Requisitos**: La presentación debe durar entre 16 y 20 minutos, y debe incluir elementos como introducción, metodología, resultados y conclusiones. Se espera que los estudiantes comprendan y expliquen claramente el material asignado.
   - **Evaluación**: Se considera la claridad, la comprensión del tema, la presentación de ideas y la capacidad de comunicación.

2. **Paper de Investigación**:
   - **Descripción**: Los estudiantes trabajan en grupos para escribir un artículo científico sobre un tema relacionado con los sistemas operativos avanzados.
   - **Requisitos**: El paper debe estar escrito en inglés, utilizando LATEX y siguiendo el formato de IEEE Transactions. Incluye un abstract, introducción, metodología, resultados y conclusiones.
   - **Evaluación**: Se evalúa la claridad, la estructura, la originalidad",22.13,Sistemas Operativos Avanzados,MC6004,
deepseek-r1-14b-4bit,open_ended,¿Qué experiencia técnica previa es indispensable para el éxito en los proyectos programados?,"En el curso Sistemas Operativos Avanzados de la Maestría en Computación, ¿Qué experiencia técnica previa es indispensable para el éxito en los proyectos programados?

Da una respuesta completa y explicativa.","Programación en C, lenguaje ensamblador y dominio de ambientes UNIX o Linux.","Para el curso **Sistemas Operativos Avanzados** de la Maestría en Computación, la experiencia técnica previa indispensable para el éxito en los proyectos programados incluye:

1. **Conocimientos en Programación**: Es esencial tener una amplia experiencia en programación, especialmente en lenguajes como **C** y lenguaje ensamblador. Esto es fundamental para comprender y manipular los conceptos avanzados de sistemas operativos.

2. **Experiencia con Ambientes UNIX o Linux**: Los proyectos requieren que los estudiantes trabajen en entornos como UNIX o Linux. Por lo tanto, es necesario estar familiarizado con estos sistemas operativos para manejar tareas como la configuración de entornos de desarrollo, el uso de herramientas de línea de comando y la gestión de procesos.

3. **Habilidad para Resolver Problemas Complicados**: Los proyectos programados son complejos y requieren una capacidad analítica y de resolución de problemas avanzada. Esto incluye la capacidad de depurar código, entender diagramas de flujo y resolver conflictos en la implementación de algoritmos.

4. **Dominio de Conceptos de Sistemas Operativos Básicos**: Es fundamental tener una base sólida en conceptos fundamentales de sistemas operativos, como la gestión de procesos, la memoria, los archivos y las comunicaciones entre procesos. Esto se aprende",22.07,Sistemas Operativos Avanzados,MC6004,
deepseek-r1-14b-4bit,open_ended,¿Qué temas de computación moderna se incluyen en los contenidos técnicos?,"En el curso Sistemas Operativos Avanzados de la Maestría en Computación, ¿Qué temas de computación moderna se incluyen en los contenidos técnicos?

Da una respuesta completa y explicativa.","Cloud Computing, High Performance Computing, dispositivos móviles y sistemas de tiempo real.","En el curso **Sistemas Operativos Avanzados** de la Maestría en Computación, los temas de computación moderna incluyen:

1. **Sistemas Operativos Avanzados**: Se estudian temas avanzados en diseño e implementación de sistemas operativos, incluyendo estructuras de sistemas operativos, monitores de máquinas virtuales y mecanismos de comunicación en sistemas distribuidos.

2. **Sincronización y Scheduling**: Se abordan técnicas avanzadas para la sincronización de procesos y la planificación de la ejecución de tareas en sistemas operativos.

3. **Sistemas Distribuidos**: Se analizan conceptos y desafíos relacionados con sistemas operativos en entornos distribuidos, incluyendo la memoria compartida distribuida (DSM) y el diseño de sistemas de tiempo real.

4. **File Systems**: Se estudian los sistemas de archivos avanzados, incluyendo su diseño y optimización para diferentes tipos de aplicaciones y entornos.

5. **Internet y Computación en la Nube**: Se consideran los desafíos y oportunidades de la computación en la nube y su integración con sistemas operativos avanzados.

6. **Dispositivos Móviles**: Se abordan los aspectos relevantes para el diseño de sistemas operativos en dispositivos móviles",22.18,Sistemas Operativos Avanzados,MC6004,
deepseek-r1-14b-4bit,open_ended,¿Por qué el diseño de algoritmos se considera la actividad fundamental de la computación?,"En el curso Análisis de Algoritmos de la Maestría en Computación, ¿Por qué el diseño de algoritmos se considera la actividad fundamental de la computación?

Da una respuesta completa y explicativa.","Porque toda computación es, por definición, el resultado de la ejecución de un algoritmo.","En el curso Análisis de Algoritmos de la Maestría en Computación, el diseño de algoritmos se considera la actividad fundamental de la computación porque:

1. **Algoritmos son la base de la computación**: Todo sistema informático opera basado en algoritmos, que son conjuntos de instrucciones step-by-step para resolver problemas o realizar tareas específicas.

2. **Efectividad y eficiencia**: Un algoritmo debe ser efectivo, es decir, resolver el problema para el que fue diseñado, y eficiente, utilizando recursos de manera óptima en términos de tiempo y espacio.

3. **Técnicas de diseño y análisis**: El curso enseña técnicas para diseñar algoritmos eficientes y herramientas para analizar su complejidad, lo que permite comparar y elegir la mejor solución para un problema en particular.

4. **Aplicación en todas las áreas de la computación**: Algoritmos se usan en sistemas operativos, inteligencia artificial, bases de datos, entre otros, lo que los hace esenciales en el desarrollo de software y en la resolución de problemas computacionales.

5. **Creatividad e intuición**: Diseñar algoritmos requiere creatividad y una comprensión profunda del problema para encontrar soluciones innovadoras y eficientes.

En resumen, el diseño de algoritmos",22.08,Análisis de Algoritmos,MC6102,
deepseek-r1-14b-4bit,open_ended,¿Cuál es la diferencia crítica entre la efectividad y la eficiencia de un algoritmo?,"En el curso Análisis de Algoritmos de la Maestría en Computación, ¿Cuál es la diferencia crítica entre la efectividad y la eficiencia de un algoritmo?

Da una respuesta completa y explicativa.",La efectividad asegura que resuelva el problema; la eficiencia asegura que lo haga usando pocos recursos de tiempo y espacio.,"En el curso Análisis de Algoritmos de la Maestría en Computación, la efectividad y la eficiencia de un algoritmo son dos conceptos fundamentales que se enfocan en diferentes aspectos del desempeño del algoritmo.

**Efectividad (Correctitud):**
La efectividad se refiere a la capacidad del algoritmo de resolver correctamente el problema para el que está diseñado. Es decir, el algoritmo debe producir resultados correctos para todas las instancias del problema. Esto implica que el algoritmo cumple con los requisitos funcionales y que no hay errores en su diseño o implementación. La efectividad se centra en la corrección del algoritmo, asegurando que siempre entregue la solución esperada.

**Eficiencia:**
La eficiencia, por otro lado, se relaciona con el rendimiento del algoritmo en términos de recursos computacionales utilizados, como el tiempo de ejecución y el espacio memoria. Un algoritmo es eficiente si utiliza较少的 recursos para resolver el problema en un tiempo aceptable, incluso para grandes entradas. La eficiencia se mide usualmente mediante el análisis de la complejidad del algoritmo, expresada en notación asintótica (como O(n), O(n log n), etc.), lo que permite comparar diferentes algoritmos en función de su des",22.2,Análisis de Algoritmos,MC6102,
deepseek-r1-14b-4bit,open_ended,¿Qué tres componentes son necesarios para lograr algoritmos eficientes?,"En el curso Análisis de Algoritmos de la Maestría en Computación, ¿Qué tres componentes son necesarios para lograr algoritmos eficientes?

Da una respuesta completa y explicativa.","Técnicas de diseño, técnicas de análisis y la creatividad intuitiva.","En el curso Análisis de Algoritmos de la Maestría en Computación, los tres componentes necesarios para lograr algoritmos eficientes son:

1. **Técnicas de Diseño**: Estas incluyen metodologías y estrategias para crear algoritmos que resuelvan problemas de manera efectiva. Ejemplos incluyen el diseño avaricioso (greedy), la división y conquista, la programación dinámica y los algoritmos genéticos.

2. **Técnicas de Análisis**: Se refieren a los métodos para medir la complejidad de los algoritmos, es decir, cómo se comportan en términos de tiempo y espacio. Esto se hace utilizando herramientas como la notación asintótica (Big O, Big Ω, Big Θ), las funciones recurrentes y la inducción matemática.

3. **Creatividad e Intuición**: Son esenciales para abordar problemas de manera innovadora y encontrar soluciones optimizadas. Esto implica una comprensión profunda del problema y la capacidad de pensar fuera de lo convencional para desarrollar algoritmos eficientes.

Estos componentes se combinan para diseñar y analizar algoritmos que sean no solo correctos sino también eficientes en términos de recursos computacionales.",22.04,Análisis de Algoritmos,MC6102,
deepseek-r1-14b-4bit,open_ended,"¿Qué herramientas se utilizan para analizar la complejidad de ""peor caso""?","En el curso Análisis de Algoritmos de la Maestría en Computación, ¿Qué herramientas se utilizan para analizar la complejidad de ""peor caso""?

Da una respuesta completa y explicativa.","Funciones recurrentes, notación asintótica (""O grande"") y pruebas por inducción.","En el curso Análisis de Algoritmos de la Maestría en Computación, se utilizan las siguientes herramientas para analizar la complejidad de ""peor caso"":

1. **Notación Asintótica**: Se emplea para describir el tiempo de ejecución de un algoritmo en términos de su tamaño de entrada, ignorando constantes y detalles menores. Esto se hace mediante notaciones como Θ, O y Ω.

2. **Análisis por Inducción**: Se utiliza para probar la corrección de algoritmos y determinar su complejidad. Involucra demostrar que una propiedad holds para un tamaño de entrada n, asumiendo que holds para tamaños menores.

3. **Funciones Recurrentes**: Se usan para modelar el tiempo de ejecución de algoritmos recursivos. Por ejemplo, la relación de recurrencia T(n) = 2T(n/2) + O(n) para el Merge Sort.

4. **Análisis de Caso Promedio y Tiempo Amortizado**: Para algoritmos con variabilidad en su comportamiento, se evalúa el promedio y se distribuyen costos sobre múltiples operaciones para determinar la complejidad.

5. **Complejidad Computacional**: Se estudian clases como P y NP, y se determina si un problema es NP-completo",22.16,Análisis de Algoritmos,MC6102,
deepseek-r1-14b-4bit,open_ended,¿Qué tipos de algoritmos se estudian dentro de la categoría probabilista?,"En el curso Análisis de Algoritmos de la Maestría en Computación, ¿Qué tipos de algoritmos se estudian dentro de la categoría probabilista?

Da una respuesta completa y explicativa.","Algoritmos numéricos, de Monte Carlo y de Las Vegas.","En el curso **Análisis de Algoritmos** de la Maestría en Computación, se estudian los siguientes tipos de algoritmos dentro de la categoría probabilista:

1. **Algoritmos aleatorios**: Estos algoritmos utilizan elementos aleatorios en su ejecución para resolver problemas. Ejemplos incluyen la búsqueda binaria aleatoria y el muestreo aleatorio.

2. **Algoritmos de Monte Carlo**: Estos algoritmos se basan en metodologías estatísticas y se utilizan para aproximar soluciones a problemas complejos, especialmente en el ámbito financiero y en la simulación de fenómenos naturales.

3. **Algoritmos de Las Vegas**: Un tipo especial de algoritmo aleatorio que siempre produce una respuesta correcta, pero puede variar en el tiempo de ejecución. Un ejemplo es el algoritmo de primas para la factorización de números.

4. **Algoritmos heurísticos**: Estos algoritmos utilizan aproximaciones o reglas de deducción para encontrar soluciones que no necesariamente sean óptimas, pero son eficientes en términos de recursos computacionales.

5. **Algoritmos aproximados**: Se enfocan en encontrar soluciones que estén cerca de la óptima, permitiendo una cierta tolerancia al error en la solución.

Estos algoritmos se estud",22.06,Análisis de Algoritmos,MC6102,
deepseek-r1-14b-4bit,open_ended,¿Cómo se clasifican los problemas según su complejidad en este programa?,"En el curso Análisis de Algoritmos de la Maestría en Computación, ¿Cómo se clasifican los problemas según su complejidad en este programa?

Da una respuesta completa y explicativa.","En las clases P, NP, NP-completos y NP-difíciles.","En el curso Análisis de Algoritmos de la Maestría en Computación, los problemas se clasifican según su complejidad utilizando la teoría de la complejidad computacional. Esto implica categorizar los problemas en clases como P, NP, NP-completo y NP-difícil, basándose en la cantidad de recursos computacionales (tiempo y espacio) necesarios para resolverlos. Además, se estudian técnicas para analizar la eficiencia de los algoritmos, como el análisis de la complejidad de tiempo y espacio, y se utilizan herramientas como la notación asintótica y la inducción para determinar la eficiencia de los mismos.",15.81,Análisis de Algoritmos,MC6102,
deepseek-r1-14b-4bit,open_ended,"¿Por qué la Ciencia de la Computación ha sido considerada históricamente ""débil"" en sus procedimientos?","En el curso Diseño de Experimentos de la Maestría en Computación, ¿Por qué la Ciencia de la Computación ha sido considerada históricamente ""débil"" en sus procedimientos?

Da una respuesta completa y explicativa.",Debido a la falta de uso sistemático de técnicas experimentales clásicas para validar o refutar hipótesis.,"La Ciencia de la Computación ha sido considerada históricamente ""débil"" en sus procedimientos experimentales debido a varias razones. A continuación, se presentan los motivos principales:

1. **Características Únicas de la Computación**: La computación involucra sistemas complejos y abstractos, como algoritmos y estructuras de datos, que no siempre se pueden observar o medir de manera física. Esto hace que los experimentos sean más teóricos y menos reproducibles en un laboratorio tradicional.

2. **Enfoque Teórico**: Historia y Filosofía de la Ciencia: La computación ha tenido un enfoque más teórico, con énfasis en el diseño y análisis de algoritmos, en lugar de realizar experimentos empíricos. Esto ha limitado la adopción de metodologías experimentales robustas.

3. **Dificultades en la Replicación**: Los experimentos en computación pueden ser difíciles de replicar debido a la variabilidad en los entornos computacionales, lo que hace difícil comparar resultados entre diferentes estudios.

4. **Ética y Consideraciones**: Algunos experimentos en computación, especialmente aquellos que involucran a humanos o animales, requieren consideraciones éticas, lo que complica el diseño y ejecución de experimentos.

5",22.14,Diseño de Experimentos,MC6104,
deepseek-r1-14b-4bit,open_ended,¿Qué utilidad tiene el Diseño de Experimentos (DoE) en la industria del software?,"En el curso Diseño de Experimentos de la Maestría en Computación, ¿Qué utilidad tiene el Diseño de Experimentos (DoE) en la industria del software?

Da una respuesta completa y explicativa.",Permite ejercer controles de calidad rigurosos durante el desarrollo de productos de software.,"El Diseño de Experimentos (DoE) tiene una serie de utilidades en la industria del software, que se pueden resumir de la siguiente manera:

1. **Mejora de la Calidad del Software**: El DoE permite identificar y corregir defectos en etapas tempranas del desarrollo, lo que conduce a un producto de mejor calidad.

2. **Reducción de Costos**: Al detectar problemas早く, se minimizan los costos asociados a correcciones posteriores, tanto en tiempo como en recursos.

3. **Optimización de Procesos**: Permite identificar瓶颈 y mejorar los procesos de desarrollo, aumentando la eficiencia y reduciendo los tiempos de entrega.

4. **Validación de Requisitos**: Ayuda en la validación de los requisitos funcionales y no funcionales, asegurando que el software cumpla con las expectativas del usuario.

5. **Pruebas de Rendimiento y Escalabilidad**: Se utiliza para probar el rendimiento y la escalabilidad del software bajo diferentes cargas y condiciones, asegurando que el sistema pueda manejar los volúmenes de trabajo previstos.

6. **Pruebas de Seguridad**: Identifica vulnerabilidades y evalúa la robustez del software contra amenazas y ataques.

7. **Pruebas de Usabilidad**: Mejora la experiencia del usuario,",22.11,Diseño de Experimentos,MC6104,
deepseek-r1-14b-4bit,open_ended,¿Qué capacidades adquiere el estudiante para manejar datos experimentales?,"En el curso Diseño de Experimentos de la Maestría en Computación, ¿Qué capacidades adquiere el estudiante para manejar datos experimentales?

Da una respuesta completa y explicativa.",El uso de software estadístico para analizar resultados con niveles de confianza y certeza científica.,"En el curso **Diseño de Experimentos** de la Maestría en Computación, el estudiante adquiere las siguientes capacidades para manejar datos experimentales:

1. **Diseño de Experimentos Científicos**: El estudiante aprende a establecer hipótesis y diseñar experimentos que puedan ser verificados experimentalmente, utilizando técnicas adecuadas para controlar variables y minimizar errores.

2. **Análisis Estadístico de Datos**: Se capacita para realizar pruebas de hipótesis, calcular medias, varianzas y desviaciones estándar, y aplicar técnicas de inferencia estadística para interpretar resultados.

3. **Uso de Software para Análisis**: El estudiante aprende a utilizar herramientas estadísticas y de diseño de experimentos para analizar y visualizar datos, asegurando la confiabilidad de las conclusiones.

4. **Control de Calidad en Desarrollo de Software**: Gana habilidades para aplicar técnicas de diseño de experimentos en el control de calidad, mejorando la robustez de los productos software.

5. **Aplicación en Investigación**: Puede aplicar las técnicas aprendidas en su tesis o investigación, escribiendo reportes y artículos científicos con base en datos experimentales.

6. **Presentación de Resultados**: El estudiante aprende a comunicar",22.29,Diseño de Experimentos,MC6104,
deepseek-r1-14b-4bit,open_ended,¿Cuál es la estructura metodológica que siguen los proyectos en este curso?,"En el curso Diseño de Experimentos de la Maestría en Computación, ¿Cuál es la estructura metodológica que siguen los proyectos en este curso?

Da una respuesta completa y explicativa.","Realización de experimentos, recolección de datos, análisis de resultados y redacción de reportes técnicos.","En el curso **Diseño de Experimentos** de la Maestría en Computación, la estructura metodológica que siguen los proyectos se centra en la planificación y ejecución de experimentos científicos aplicados a la computación. Los proyectos se desarrollan en grupos, y su estructura incluye varias etapas clave:

1. **Definición del problema**: Se inicia con la identificación de una pregunta de investigación o hipótesis clara y específica. Esto implica un análisis previo de la literatura y la determinación de la relevancia del problema en el contexto de la computación.

2. **Diseño experimental**: Seleccionar los factores y niveles relevantes, definir la variable de respuesta, y determinar el diseño experimental apropiado (puede ser un diseño monofactorial, multifactorial, de bloques, etc.). Es esencial considerar la aleatorización, el control de variables y la replicabilidad.

3. **Ejecución del experimento**: Implementar el diseño seleccionado, recolectar datos de manera sistemática y asegurarse de que el experimento se ejecute según lo planeado. Esto puede incluir el desarrollo de software, el uso de herramientas de medición y la adquisición de datos.

4. **Análisis estadístico**: Aplicar técnicas estadísticas adecuadas para analizar los datos recop",22.09,Diseño de Experimentos,MC6104,
deepseek-r1-14b-4bit,open_ended,¿Qué formación técnica previa es requerida para el uso de herramientas en este curso?,"En el curso Diseño de Experimentos de la Maestría en Computación, ¿Qué formación técnica previa es requerida para el uso de herramientas en este curso?

Da una respuesta completa y explicativa.","Conocimiento de UNIX, programación en C y dominio del entorno estadístico R.","Para el curso **Diseño de Experimentos** en la Maestría en Computación, se requiere una formación técnica previa en los siguientes temas:

1. **Álgebra Lineal**: Comprensión de conceptos básicos como vectores, matrices, sistemas de ecuaciones lineales y operaciones matriciales.

2. **Cálculo**: Dominio de las funciones, límites, derivadas, integrales y series, especialmente en el contexto de análisis cuantitativo.

3. **Probabilidades y Estadística**: Conocimiento de distribuciones de probabilidad, teoremas centrales del límite, pruebas de hipótesis, análisis de varianza y diseño de experimentos básicos.

Estos requisitos aseguran que los estudiantes puedan abordar con confianza los conceptos avanzados del curso, como el diseño y análisis de experimentos científicos en computación.",17.78,Diseño de Experimentos,MC6104,
deepseek-r1-14b-4bit,open_ended,¿Cómo influye este curso en el desarrollo de la tesis de maestría del estudiante?,"En el curso Diseño de Experimentos de la Maestría en Computación, ¿Cómo influye este curso en el desarrollo de la tesis de maestría del estudiante?

Da una respuesta completa y explicativa.",Entrena al estudiante para establecer hipótesis verificables experimentalmente en su propuesta de tesis.,"En el curso Diseño de Experimentos de la Maestría en Computación, el estudiante adquiere habilidades y conocimientos esenciales que influyen significativamente en el desarrollo de su tesis de maestría. Este curso le permite comprender cómo diseñar experimentos científicos adecuadamente, analizar datos con metodologías estadísticas robustas y presentar resultados de manera clara y persuasiva. Además, el curso fomenta el pensamiento crítico y la capacidad para formular hipótesis y realizar pruebas empíricas, lo que es fundamental para construir una tesis sólida y innovadora.",16.03,Diseño de Experimentos,MC6104,
deepseek-r1-14b-4bit,open_ended,¿Qué criterios separan la ciencia de la pseudociencia según los contenidos del curso?,"En el curso Introducción a la Investigación de la Maestría en Computación, ¿Qué criterios separan la ciencia de la pseudociencia según los contenidos del curso?

Da una respuesta completa y explicativa.","Los conceptos de historia y filosofía de la ciencia, aplicados a través de un exigente escepticismo científico.","En el curso ""Introducción a la Investigación"" de la Maestría en Computación, los siguientes criterios se utilizan para distinguir la ciencia de la pseudociencia:

1. **Método Científico**: La ciencia se basa en un enfoque sistemático que incluye observación, hipótesis, experimentación y verificación, mientras que la pseudociencia a menudo carece de un marco metodológico riguroso.

2. **Reproducibilidad**: Los resultados científicos deben ser reproducibles bajo condiciones similares, algo que a menudo no ocurre en la pseudociencia.

3. **Evidencia Empírica**: La ciencia requiere evidencia empírica sólida para respaldar sus conclusiones, mientras que la pseudociencia puede basarse en evidencia insuficiente o sesgada.

4. **Scepticismo Crítico**: La ciencia fomenta un escepticismo crítico hacia las afirmaciones, mientras que la pseudociencia a menudo acepta información sin cuestionarla.

5. **Predicción y Testabilidad**: Las teorías científicas deben ser testables y capaces de hacer predicciones verificables, algo que no siempre se cumple en la pseudociencia.

6. **Transparencia y Publicación**: Los estudios científicos suelen ser",22.24,Introducción a la Investigación,MC7201,
deepseek-r1-14b-4bit,open_ended,¿Cuál es el deber esencial de un científico según este programa académico?,"En el curso Introducción a la Investigación de la Maestría en Computación, ¿Cuál es el deber esencial de un científico según este programa académico?

Da una respuesta completa y explicativa.",Generar y comunicar conocimiento nuevo a la comunidad.,"En el curso ""Introducción a la Investigación"" de la Maestría en Computación, el deber esencial de un científico, según el programa académico, es generar y comunicar conocimiento nuevo a través de un proceso científico riguroso. Esto implica:

1. **Adoptar un enfoque crítico y esceptico**: El estudiante debe cuestionar y analizar información de manera crítica, evitando creer en pseudociencias o teorías sin evidencia empírica.

2. **Realizar investigación científica**: El estudiante debe diseñar y ejecutar experimentos, utilizando metodologías y herramientas adecuadas para recoger y analizar datos de manera precisa.

3. **Publicar resultados**: Es fundamental que el estudiante aprenda a presentar sus hallazgos de manera clara y profesional, siguiendo los estándares académicos y utilizando formatos como los de IEEE Transactions.

4. **Desarrollar habilidades de presentación y escritura**: El curso fomenta la capacidad de comunicar ideas de manera efectiva, tanto oralmente como por escrito, utilizando herramientas como LaTeX y Beamer.

5. **Cumplir con los reglamentos y lineamientos del programa**: El estudiante debe adherirse a las normas establecidas para la presentación de propuestas de investigación y el desarrollo de la tesis, asegur",22.58,Introducción a la Investigación,MC7201,
deepseek-r1-14b-4bit,open_ended,"¿Qué habilidades de ""infraestructura"" se desarrollan para maximizar el éxito del investigador?","En el curso Introducción a la Investigación de la Maestría en Computación, ¿Qué habilidades de ""infraestructura"" se desarrollan para maximizar el éxito del investigador?

Da una respuesta completa y explicativa.","Cómo dar presentaciones, leer y escribir papers, y administrar efectivamente el tiempo.","En el curso ""Introducción a la Investigación"" de la Maestría en Computación, se desarrollan las siguientes habilidades de ""infraestructura"" para maximizar el éxito del investigador:

1. **Filosofía de la Ciencia**:
   - **Irracionalidad**: Comprende la importancia de abandonar la visión mágica y adoptar un enfoque científico.
   - **Método Científico**: Se aprende a formular hipótesis, diseñar experimentos y analizar resultados de manera sistemática.
   - **Observación**: Se enseña a realizar observaciones precisas y reproducibles.
   - **Hipótesis Científicas**: Se trabaja en la creación de hipótesis testables y falsables.
   - **Ciencia y Pseudociencia**: Se distingue entre metodologías científicas y prácticas no basadas en evidencia.
   - **Inferencia a la Mejor Explicación (I.B.E.)**: Se introduce como herramienta para construir teorías basadas en evidencia.

2. **Análisis Estadístico (D.o.E.)**:
   - Se aprenden técnicas para diseñar experimentos y analizar datos de manera estadística, permitiendo una toma de decisiones basada en datos.

3. **Investigación Cualit",22.24,Introducción a la Investigación,MC7201,
deepseek-r1-14b-4bit,open_ended,¿Qué aspectos administrativos se revisan para orientar al estudiante en su posgrado?,"En el curso Introducción a la Investigación de la Maestría en Computación, ¿Qué aspectos administrativos se revisan para orientar al estudiante en su posgrado?

Da una respuesta completa y explicativa.",Los reglamentos y lineamientos del programa de maestría para la presentación de propuestas y tesis.,"En el curso ""Introducción a la Investigación"" de la Maestría en Computación, se revisan varios aspectos administrativos que orientan al estudiante en su posgrado. Estos aspectos incluyen:

1. **Reglamentos y Lineamientos del Programa**: Se analizan los requisitos y estructura del programa de maestría, incluyendo créditos, cursos obligatorios y electivos, y las normas de asistencia y evaluación.

2. **Proceso de Presentación de Propuestas de Investigación**: Se abordan los pasos necesarios para formular y presentar una propuesta de investigación, destacando la importancia de la claridad, el enfoque en problemas relevantes y la metodología adecuada.

3. **Desarrollo de la Tesis**: Se orienta a los estudiantes en la elección de un tema de tesis, la selección de un asesor, y la estructuración de la tesis de acuerdo con las normas académicas.

4. **Administración del Tiempo**: Se proporcionan estrategias para organizar y priorizar tareas, asegurando que los estudiantes puedan cumplir con los deadlines y mantener un equilibrio entre sus actividades académicas y personales.

5. **Evaluación y Suficiencia**: Se explican los criterios de evaluación, la importancia de la asistencia",22.1,Introducción a la Investigación,MC7201,
deepseek-r1-14b-4bit,open_ended,¿Qué elementos debe contener la propuesta de un artículo científico para ser aprobada?,"En el curso Introducción a la Investigación de la Maestría en Computación, ¿Qué elementos debe contener la propuesta de un artículo científico para ser aprobada?

Da una respuesta completa y explicativa.","Definición del problema, su importancia, soluciones previas, propuesta original y efectos esperados.","En el curso ""Introducción a la Investigación"" de la Maestría en Computación, la propuesta de un artículo científico debe contener los siguientes elementos para ser aprobada:

1. **Título**: Debe ser claro, conciso y reflectar el contenido del artículo.
2. **Resumen**: Una descripción breve y sintética del estudio, incluyendo el problema, los objetivos, los métodos, los resultados principales y las conclusiones.
3. **Introducción**: Debe presentar el problema de investigación, su relevancia, el estado del arte, las hipótesis y los objetivos específicos.
4. **Marco Teórico**: Una revisión de la literatura pertinente que sitúa el estudio en el contexto teórico existente.
5. **Métodos**: Detallar los procedimientos utilizados en la investigación, incluyendo diseño experimental, herramientas, técnicas de análisis y tamaño de muestra.
6. **Resultados**: Presentar los datos obtenidos de manera clara y organizada, utilizando tablas, gráficos y estadísticas si es necesario.
7. **Discusión**: Interpretar los resultados, compararlos con el estado del arte, discutir sus implicaciones y limitaciones.
8. **Conclusión**: Resumir los hallazgos principales y su significancia, sin presentar nuevos datos.
9. **Refer",22.14,Introducción a la Investigación,MC7201,
deepseek-r1-14b-4bit,open_ended,¿Cuál es la herramienta tecnológica obligatoria para la elaboración de presentaciones?,"En el curso Introducción a la Investigación de la Maestría en Computación, ¿Cuál es la herramienta tecnológica obligatoria para la elaboración de presentaciones?

Da una respuesta completa y explicativa.",Beamer.,"En el curso ""Introducción a la Investigación"" de la Maestría en Computación, la herramienta tecnológica obligatoria para la elaboración de presentaciones es **Beamer**. Esto se menciona en el documento correspondiente, donde se indica que las presentaciones orales deben prepararse con Beamer y que la duración debe ser estrictamente cronometrada, usualmente de 20 minutos. Además, se recomienda que los estudiantes preparen sus presentaciones con anticipación y que éstas estén bien estructuradas y visualmente atractivas.",14.44,Introducción a la Investigación,MC7201,
