model_key,category,question,composed_question,expected_answer,predicted_answer,generation_time_s,curso,codigo,error
deepseek-r1-14b-8bit,binary,¿Es la asistencia obligatoria?,"En el curso Análisis de Datos en Ciberseguridad de la Maestría en Ciberseguridad, ¿Es la asistencia obligatoria?

Responde únicamente con 'Sí' o 'No'.",Sí,Sí,13.2,Análisis de Datos en Ciberseguridad,MC1001,
deepseek-r1-14b-8bit,binary,¿Tiene el curso requisitos previos?,"En el curso Análisis de Datos en Ciberseguridad de la Maestría en Ciberseguridad, ¿Tiene el curso requisitos previos?

Responde únicamente con 'Sí' o 'No'.",No,No,9.61,Análisis de Datos en Ciberseguridad,MC1001,
deepseek-r1-14b-8bit,binary,¿Es un curso electivo?,"En el curso Análisis de Datos en Ciberseguridad de la Maestría en Ciberseguridad, ¿Es un curso electivo?

Responde únicamente con 'Sí' o 'No'.",No,No,9.62,Análisis de Datos en Ciberseguridad,MC1001,
deepseek-r1-14b-8bit,binary,¿Existe la posibilidad de ganar el curso por suficiencia?,"En el curso Análisis de Datos en Ciberseguridad de la Maestría en Ciberseguridad, ¿Existe la posibilidad de ganar el curso por suficiencia?

Responde únicamente con 'Sí' o 'No'.",Sí,No,9.64,Análisis de Datos en Ciberseguridad,MC1001,
deepseek-r1-14b-8bit,binary,¿Es posible el reconocimiento del curso?,"En el curso Análisis de Datos en Ciberseguridad de la Maestría en Ciberseguridad, ¿Es posible el reconocimiento del curso?

Responde únicamente con 'Sí' o 'No'.",Sí,No,9.67,Análisis de Datos en Ciberseguridad,MC1001,
deepseek-r1-14b-8bit,binary,¿Los laboratorios representan el 75% de la nota final?,"En el curso Análisis de Datos en Ciberseguridad de la Maestría en Ciberseguridad, ¿Los laboratorios representan el 75% de la nota final?

Responde únicamente con 'Sí' o 'No'.",Sí,Sí,9.82,Análisis de Datos en Ciberseguridad,MC1001,
deepseek-r1-14b-8bit,binary,¿Es la asistencia obligatoria?,"En el curso Seguridad y Criptografía de la Maestría en Ciberseguridad, ¿Es la asistencia obligatoria?

Responde únicamente con 'Sí' o 'No'.",Sí,No,9.68,Seguridad y Criptografía,MC1003,
deepseek-r1-14b-8bit,binary,¿Es este un curso electivo?,"En el curso Seguridad y Criptografía de la Maestría en Ciberseguridad, ¿Es este un curso electivo?

Responde únicamente con 'Sí' o 'No'.",No,No,9.68,Seguridad y Criptografía,MC1003,
deepseek-r1-14b-8bit,binary,¿Tiene correquisitos establecidos?,"En el curso Seguridad y Criptografía de la Maestría en Ciberseguridad, ¿Tiene correquisitos establecidos?

Responde únicamente con 'Sí' o 'No'.",No,No,9.69,Seguridad y Criptografía,MC1003,
deepseek-r1-14b-8bit,binary,"¿Es este curso requisito para ""Blockchain y Ledger Distribuidos""?","En el curso Seguridad y Criptografía de la Maestría en Ciberseguridad, ¿Es este curso requisito para ""Blockchain y Ledger Distribuidos""?

Responde únicamente con 'Sí' o 'No'.",Sí,No,9.72,Seguridad y Criptografía,MC1003,
deepseek-r1-14b-8bit,binary,¿Se permite el reconocimiento del curso?,"En el curso Seguridad y Criptografía de la Maestría en Ciberseguridad, ¿Se permite el reconocimiento del curso?

Responde únicamente con 'Sí' o 'No'.",Sí,No,9.72,Seguridad y Criptografía,MC1003,
deepseek-r1-14b-8bit,binary,¿El examen final tiene un valor del 30%?,"En el curso Seguridad y Criptografía de la Maestría en Ciberseguridad, ¿El examen final tiene un valor del 30%?

Responde únicamente con 'Sí' o 'No'.",Sí,No,9.71,Seguridad y Criptografía,MC1003,
deepseek-r1-14b-8bit,binary,¿Es el curso de tipo electivo?,"En el curso Políticas y Gobernanza en Ciberseguridad de la Maestría en Ciberseguridad, ¿Es el curso de tipo electivo?

Responde únicamente con 'Sí' o 'No'.",No,No,9.73,Políticas y Gobernanza en Ciberseguridad,MC1006,
deepseek-r1-14b-8bit,binary,¿Es la asistencia obligatoria?,"En el curso Políticas y Gobernanza en Ciberseguridad de la Maestría en Ciberseguridad, ¿Es la asistencia obligatoria?

Responde únicamente con 'Sí' o 'No'.",Sí,No,9.74,Políticas y Gobernanza en Ciberseguridad,MC1006,
deepseek-r1-14b-8bit,binary,¿Se permite el reconocimiento de este curso?,"En el curso Políticas y Gobernanza en Ciberseguridad de la Maestría en Ciberseguridad, ¿Se permite el reconocimiento de este curso?

Responde únicamente con 'Sí' o 'No'.",No,No,9.77,Políticas y Gobernanza en Ciberseguridad,MC1006,
deepseek-r1-14b-8bit,binary,¿Existe la posibilidad de suficiencia?,"En el curso Políticas y Gobernanza en Ciberseguridad de la Maestría en Ciberseguridad, ¿Existe la posibilidad de suficiencia?

Responde únicamente con 'Sí' o 'No'.",Sí,No,9.69,Políticas y Gobernanza en Ciberseguridad,MC1006,
deepseek-r1-14b-8bit,binary,¿Se ubica el curso en el primer trimestre del plan de estudios?,"En el curso Políticas y Gobernanza en Ciberseguridad de la Maestría en Ciberseguridad, ¿Se ubica el curso en el primer trimestre del plan de estudios?

Responde únicamente con 'Sí' o 'No'.",Sí,No,9.69,Políticas y Gobernanza en Ciberseguridad,MC1006,
deepseek-r1-14b-8bit,binary,¿El estudio de casos vale un 40% de la calificación?,"En el curso Políticas y Gobernanza en Ciberseguridad de la Maestría en Ciberseguridad, ¿El estudio de casos vale un 40% de la calificación?

Responde únicamente con 'Sí' o 'No'.",Sí,No,9.74,Políticas y Gobernanza en Ciberseguridad,MC1006,
deepseek-r1-14b-8bit,binary,¿Es un curso electivo?,"En el curso Seguridad de Software Avanzado de la Maestría en Ciberseguridad, ¿Es un curso electivo?

Responde únicamente con 'Sí' o 'No'.",No,No,9.7,Seguridad de Software Avanzado,MC3001,
deepseek-r1-14b-8bit,binary,¿Es obligatoria la asistencia?,"En el curso Seguridad de Software Avanzado de la Maestría en Ciberseguridad, ¿Es obligatoria la asistencia?

Responde únicamente con 'Sí' o 'No'.",Sí,No,9.71,Seguridad de Software Avanzado,MC3001,
deepseek-r1-14b-8bit,binary,¿Tiene requisitos previos?,"En el curso Seguridad de Software Avanzado de la Maestría en Ciberseguridad, ¿Tiene requisitos previos?

Responde únicamente con 'Sí' o 'No'.",No,No,9.77,Seguridad de Software Avanzado,MC3001,
deepseek-r1-14b-8bit,binary,¿Es requisito para el curso de Seguridad en la Nube?,"En el curso Seguridad de Software Avanzado de la Maestría en Ciberseguridad, ¿Es requisito para el curso de Seguridad en la Nube?

Responde únicamente con 'Sí' o 'No'.",Sí,No,9.78,Seguridad de Software Avanzado,MC3001,
deepseek-r1-14b-8bit,binary,¿Se permite la suficiencia?,"En el curso Seguridad de Software Avanzado de la Maestría en Ciberseguridad, ¿Se permite la suficiencia?

Responde únicamente con 'Sí' o 'No'.",No,No,9.78,Seguridad de Software Avanzado,MC3001,
deepseek-r1-14b-8bit,binary,¿El examen final vale el 30% de la nota?,"En el curso Seguridad de Software Avanzado de la Maestría en Ciberseguridad, ¿El examen final vale el 30% de la nota?

Responde únicamente con 'Sí' o 'No'.",Sí,No,9.77,Seguridad de Software Avanzado,MC3001,
deepseek-r1-14b-8bit,binary,¿Es el curso de tipo electivo?,"En el curso Cibercrimen de la Maestría en Ciberseguridad, ¿Es el curso de tipo electivo?

Responde únicamente con 'Sí' o 'No'.",Sí,No,9.77,Cibercrimen,MC3010,
deepseek-r1-14b-8bit,binary,¿Es obligatoria la asistencia?,"En el curso Cibercrimen de la Maestría en Ciberseguridad, ¿Es obligatoria la asistencia?

Responde únicamente con 'Sí' o 'No'.",Sí,No,9.73,Cibercrimen,MC3010,
deepseek-r1-14b-8bit,binary,¿Tiene requisitos o correquisitos?,"En el curso Cibercrimen de la Maestría en Ciberseguridad, ¿Tiene requisitos o correquisitos?

Responde únicamente con 'Sí' o 'No'.",No,No,9.71,Cibercrimen,MC3010,
deepseek-r1-14b-8bit,binary,¿Se permite la suficiencia para este curso?,"En el curso Cibercrimen de la Maestría en Ciberseguridad, ¿Se permite la suficiencia para este curso?

Responde únicamente con 'Sí' o 'No'.",No,No,9.74,Cibercrimen,MC3010,
deepseek-r1-14b-8bit,binary,¿Existe la posibilidad de reconocimiento?,"En el curso Cibercrimen de la Maestría en Ciberseguridad, ¿Existe la posibilidad de reconocimiento?

Responde únicamente con 'Sí' o 'No'.",No,No,9.73,Cibercrimen,MC3010,
deepseek-r1-14b-8bit,binary,¿La investigación social aplicada tiene un peso del 40%?,"En el curso Cibercrimen de la Maestría en Ciberseguridad, ¿La investigación social aplicada tiene un peso del 40%?

Responde únicamente con 'Sí' o 'No'.",Sí,No,9.78,Cibercrimen,MC3010,
deepseek-r1-14b-8bit,binary,¿Es un curso obligatorio?,"En el curso Sistemas Estratégicos Empresariales de la Maestría en Gerencia de Tecnologías de la Información, ¿Es un curso obligatorio?

Responde únicamente con 'Sí' o 'No'.",Sí,Sí,9.86,Sistemas Estratégicos Empresariales,MC1101,
deepseek-r1-14b-8bit,binary,¿Tiene requisitos o correquisitos previos?,"En el curso Sistemas Estratégicos Empresariales de la Maestría en Gerencia de Tecnologías de la Información, ¿Tiene requisitos o correquisitos previos?

Responde únicamente con 'Sí' o 'No'.",No,No,9.76,Sistemas Estratégicos Empresariales,MC1101,
deepseek-r1-14b-8bit,binary,¿Es la asistencia obligatoria?,"En el curso Sistemas Estratégicos Empresariales de la Maestría en Gerencia de Tecnologías de la Información, ¿Es la asistencia obligatoria?

Responde únicamente con 'Sí' o 'No'.",Sí,No,9.76,Sistemas Estratégicos Empresariales,MC1101,
deepseek-r1-14b-8bit,binary,¿Existe la posibilidad de suficiencia?,"En el curso Sistemas Estratégicos Empresariales de la Maestría en Gerencia de Tecnologías de la Información, ¿Existe la posibilidad de suficiencia?

Responde únicamente con 'Sí' o 'No'.",No,No,9.75,Sistemas Estratégicos Empresariales,MC1101,
deepseek-r1-14b-8bit,binary,¿Es posible el reconocimiento del curso?,"En el curso Sistemas Estratégicos Empresariales de la Maestría en Gerencia de Tecnologías de la Información, ¿Es posible el reconocimiento del curso?

Responde únicamente con 'Sí' o 'No'.",No,No,9.81,Sistemas Estratégicos Empresariales,MC1101,
deepseek-r1-14b-8bit,binary,¿La investigación en sistema empresarial vale un 40%?,"En el curso Sistemas Estratégicos Empresariales de la Maestría en Gerencia de Tecnologías de la Información, ¿La investigación en sistema empresarial vale un 40%?

Responde únicamente con 'Sí' o 'No'.",Sí,No,9.79,Sistemas Estratégicos Empresariales,MC1101,
deepseek-r1-14b-8bit,binary,¿Es la asistencia obligatoria?,"En el curso Gerencia de Tecnología de Información de la Maestría en Gerencia de Tecnologías de la Información, ¿Es la asistencia obligatoria?

Responde únicamente con 'Sí' o 'No'.",Sí,No,9.73,Gerencia de Tecnología de Información,MC1103,
deepseek-r1-14b-8bit,binary,¿Tiene el curso requisitos previos?,"En el curso Gerencia de Tecnología de Información de la Maestría en Gerencia de Tecnologías de la Información, ¿Tiene el curso requisitos previos?

Responde únicamente con 'Sí' o 'No'.",No,No,9.79,Gerencia de Tecnología de Información,MC1103,
deepseek-r1-14b-8bit,binary,¿Se permite la suficiencia?,"En el curso Gerencia de Tecnología de Información de la Maestría en Gerencia de Tecnologías de la Información, ¿Se permite la suficiencia?

Responde únicamente con 'Sí' o 'No'.",No,No,9.75,Gerencia de Tecnología de Información,MC1103,
deepseek-r1-14b-8bit,binary,¿Es posible el reconocimiento del curso?,"En el curso Gerencia de Tecnología de Información de la Maestría en Gerencia de Tecnologías de la Información, ¿Es posible el reconocimiento del curso?

Responde únicamente con 'Sí' o 'No'.",No,No,9.78,Gerencia de Tecnología de Información,MC1103,
deepseek-r1-14b-8bit,binary,¿El estudio de casos vale un 40% de la nota?,"En el curso Gerencia de Tecnología de Información de la Maestría en Gerencia de Tecnologías de la Información, ¿El estudio de casos vale un 40% de la nota?

Responde únicamente con 'Sí' o 'No'.",Sí,No,9.82,Gerencia de Tecnología de Información,MC1103,
deepseek-r1-14b-8bit,binary,¿Requiere el curso la elaboración de una investigación bibliográfica?,"En el curso Gerencia de Tecnología de Información de la Maestría en Gerencia de Tecnologías de la Información, ¿Requiere el curso la elaboración de una investigación bibliográfica?

Responde únicamente con 'Sí' o 'No'.",Sí,No,9.89,Gerencia de Tecnología de Información,MC1103,
deepseek-r1-14b-8bit,binary,¿Es este un curso obligatorio?,"En el curso Administración Financiera de TI de la Maestría en Gerencia de Tecnologías de la Información, ¿Es este un curso obligatorio?

Responde únicamente con 'Sí' o 'No'.",Sí,No,9.92,Administración Financiera de TI,MC1201,
deepseek-r1-14b-8bit,binary,¿Se permite el reconocimiento del curso?,"En el curso Administración Financiera de TI de la Maestría en Gerencia de Tecnologías de la Información, ¿Se permite el reconocimiento del curso?

Responde únicamente con 'Sí' o 'No'.",Sí,No,9.83,Administración Financiera de TI,MC1201,
deepseek-r1-14b-8bit,binary,¿Existe la posibilidad de suficiencia?,"En el curso Administración Financiera de TI de la Maestría en Gerencia de Tecnologías de la Información, ¿Existe la posibilidad de suficiencia?

Responde únicamente con 'Sí' o 'No'.",No,No,9.81,Administración Financiera de TI,MC1201,
deepseek-r1-14b-8bit,binary,¿Es la asistencia obligatoria?,"En el curso Administración Financiera de TI de la Maestría en Gerencia de Tecnologías de la Información, ¿Es la asistencia obligatoria?

Responde únicamente con 'Sí' o 'No'.",Sí,No,9.79,Administración Financiera de TI,MC1201,
deepseek-r1-14b-8bit,binary,¿Se ubica en el segundo semestre del programa?,"En el curso Administración Financiera de TI de la Maestría en Gerencia de Tecnologías de la Información, ¿Se ubica en el segundo semestre del programa?

Responde únicamente con 'Sí' o 'No'.",Sí,No,9.85,Administración Financiera de TI,MC1201,
deepseek-r1-14b-8bit,binary,¿Los dos exámenes parciales valen un 50% en total?,"En el curso Administración Financiera de TI de la Maestría en Gerencia de Tecnologías de la Información, ¿Los dos exámenes parciales valen un 50% en total?

Responde únicamente con 'Sí' o 'No'.",Sí,No,9.81,Administración Financiera de TI,MC1201,
deepseek-r1-14b-8bit,binary,¿Es un curso obligatorio?,"En el curso Administración y Estrategia de Proyectos I de la Maestría en Gerencia de Tecnologías de la Información, ¿Es un curso obligatorio?

Responde únicamente con 'Sí' o 'No'.",No,No,9.83,Administración y Estrategia de Proyectos I,MC1203,
deepseek-r1-14b-8bit,binary,¿Es la asistencia obligatoria?,"En el curso Administración y Estrategia de Proyectos I de la Maestría en Gerencia de Tecnologías de la Información, ¿Es la asistencia obligatoria?

Responde únicamente con 'Sí' o 'No'.",Sí,No,9.83,Administración y Estrategia de Proyectos I,MC1203,
deepseek-r1-14b-8bit,binary,¿Es requisito para el curso de Administración y Estrategia de Proyectos II?,"En el curso Administración y Estrategia de Proyectos I de la Maestría en Gerencia de Tecnologías de la Información, ¿Es requisito para el curso de Administración y Estrategia de Proyectos II?

Responde únicamente con 'Sí' o 'No'.",Sí,No,9.85,Administración y Estrategia de Proyectos I,MC1203,
deepseek-r1-14b-8bit,binary,¿Permite el curso la suficiencia?,"En el curso Administración y Estrategia de Proyectos I de la Maestría en Gerencia de Tecnologías de la Información, ¿Permite el curso la suficiencia?

Responde únicamente con 'Sí' o 'No'.",No,No,9.84,Administración y Estrategia de Proyectos I,MC1203,
deepseek-r1-14b-8bit,binary,¿Existe la posibilidad de reconocimiento?,"En el curso Administración y Estrategia de Proyectos I de la Maestría en Gerencia de Tecnologías de la Información, ¿Existe la posibilidad de reconocimiento?

Responde únicamente con 'Sí' o 'No'.",Sí,No,9.87,Administración y Estrategia de Proyectos I,MC1203,
deepseek-r1-14b-8bit,binary,¿La resolución de casos prácticos vale un 25%?,"En el curso Administración y Estrategia de Proyectos I de la Maestría en Gerencia de Tecnologías de la Información, ¿La resolución de casos prácticos vale un 25%?

Responde únicamente con 'Sí' o 'No'.",Sí,No,11.11,Administración y Estrategia de Proyectos I,MC1203,
deepseek-r1-14b-8bit,binary,¿Es un curso obligatorio?,"En el curso Planificación Estratégica de TI de la Maestría en Gerencia de Tecnologías de la Información, ¿Es un curso obligatorio?

Responde únicamente con 'Sí' o 'No'.",Sí,No,10.03,Planificación Estratégica de TI,MC2301,
deepseek-r1-14b-8bit,binary,¿Es la asistencia obligatoria?,"En el curso Planificación Estratégica de TI de la Maestría en Gerencia de Tecnologías de la Información, ¿Es la asistencia obligatoria?

Responde únicamente con 'Sí' o 'No'.",Sí,Sí,9.98,Planificación Estratégica de TI,MC2301,
deepseek-r1-14b-8bit,binary,¿Se reprueba el curso con 4 faltas de asistencia injustificadas?,"En el curso Planificación Estratégica de TI de la Maestría en Gerencia de Tecnologías de la Información, ¿Se reprueba el curso con 4 faltas de asistencia injustificadas?

Responde únicamente con 'Sí' o 'No'.",Sí,No,9.84,Planificación Estratégica de TI,MC2301,
deepseek-r1-14b-8bit,binary,¿Existe la posibilidad de suficiencia?,"En el curso Planificación Estratégica de TI de la Maestría en Gerencia de Tecnologías de la Información, ¿Existe la posibilidad de suficiencia?

Responde únicamente con 'Sí' o 'No'.",No,No,9.82,Planificación Estratégica de TI,MC2301,
deepseek-r1-14b-8bit,binary,¿Se permite el reconocimiento del curso?,"En el curso Planificación Estratégica de TI de la Maestría en Gerencia de Tecnologías de la Información, ¿Se permite el reconocimiento del curso?

Responde únicamente con 'Sí' o 'No'.",No,No,9.85,Planificación Estratégica de TI,MC2301,
deepseek-r1-14b-8bit,binary,¿La resolución de casos vale un 40% de la nota?,"En el curso Planificación Estratégica de TI de la Maestría en Gerencia de Tecnologías de la Información, ¿La resolución de casos vale un 40% de la nota?

Responde únicamente con 'Sí' o 'No'.",Sí,No,9.88,Planificación Estratégica de TI,MC2301,
deepseek-r1-14b-8bit,binary,¿Es un curso electivo?,"En el curso Teoría de Autómatas de la Maestría en Computación, ¿Es un curso electivo?

Responde únicamente con 'Sí' o 'No'.",No,No,9.89,Teoría de Autómatas,MC6003,
deepseek-r1-14b-8bit,binary,¿Es la asistencia obligatoria?,"En el curso Teoría de Autómatas de la Maestría en Computación, ¿Es la asistencia obligatoria?

Responde únicamente con 'Sí' o 'No'.",Sí,Sí,9.96,Teoría de Autómatas,MC6003,
deepseek-r1-14b-8bit,binary,¿Se permite la suficiencia?,"En el curso Teoría de Autómatas de la Maestría en Computación, ¿Se permite la suficiencia?

Responde únicamente con 'Sí' o 'No'.",Sí,No,9.81,Teoría de Autómatas,MC6003,
deepseek-r1-14b-8bit,binary,¿Es posible el reconocimiento del curso?,"En el curso Teoría de Autómatas de la Maestría en Computación, ¿Es posible el reconocimiento del curso?

Responde únicamente con 'Sí' o 'No'.",Sí,Sí,9.95,Teoría de Autómatas,MC6003,
deepseek-r1-14b-8bit,binary,¿Tiene requisitos previos?,"En el curso Teoría de Autómatas de la Maestría en Computación, ¿Tiene requisitos previos?

Responde únicamente con 'Sí' o 'No'.",No,No,9.9,Teoría de Autómatas,MC6003,
deepseek-r1-14b-8bit,binary,¿El examen final vale el 30%?,"En el curso Teoría de Autómatas de la Maestría en Computación, ¿El examen final vale el 30%?

Responde únicamente con 'Sí' o 'No'.",Sí,No,9.87,Teoría de Autómatas,MC6003,
deepseek-r1-14b-8bit,binary,¿Es un curso electivo?,"En el curso Sistemas Operativos Avanzados de la Maestría en Computación, ¿Es un curso electivo?

Responde únicamente con 'Sí' o 'No'.",No,No,9.87,Sistemas Operativos Avanzados,MC6004,
deepseek-r1-14b-8bit,binary,¿Es la asistencia obligatoria?,"En el curso Sistemas Operativos Avanzados de la Maestría en Computación, ¿Es la asistencia obligatoria?

Responde únicamente con 'Sí' o 'No'.",Sí,Sí,9.94,Sistemas Operativos Avanzados,MC6004,
deepseek-r1-14b-8bit,binary,"¿Es requisito para ""Redes de Computadores Avanzadas""?","En el curso Sistemas Operativos Avanzados de la Maestría en Computación, ¿Es requisito para ""Redes de Computadores Avanzadas""?

Responde únicamente con 'Sí' o 'No'.",Sí,No,9.84,Sistemas Operativos Avanzados,MC6004,
deepseek-r1-14b-8bit,binary,¿Permite el curso la suficiencia?,"En el curso Sistemas Operativos Avanzados de la Maestría en Computación, ¿Permite el curso la suficiencia?

Responde únicamente con 'Sí' o 'No'.",Sí,No,9.9,Sistemas Operativos Avanzados,MC6004,
deepseek-r1-14b-8bit,binary,¿Se permite el reconocimiento?,"En el curso Sistemas Operativos Avanzados de la Maestría en Computación, ¿Se permite el reconocimiento?

Responde únicamente con 'Sí' o 'No'.",Sí,No,9.88,Sistemas Operativos Avanzados,MC6004,
deepseek-r1-14b-8bit,binary,¿Los proyectos programados valen un 30%?,"En el curso Sistemas Operativos Avanzados de la Maestría en Computación, ¿Los proyectos programados valen un 30%?

Responde únicamente con 'Sí' o 'No'.",Sí,No,9.84,Sistemas Operativos Avanzados,MC6004,
deepseek-r1-14b-8bit,binary,¿Es un curso electivo?,"En el curso Análisis de Algoritmos de la Maestría en Computación, ¿Es un curso electivo?

Responde únicamente con 'Sí' o 'No'.",No,No,9.88,Análisis de Algoritmos,MC6102,
deepseek-r1-14b-8bit,binary,¿Es la asistencia obligatoria?,"En el curso Análisis de Algoritmos de la Maestría en Computación, ¿Es la asistencia obligatoria?

Responde únicamente con 'Sí' o 'No'.",Sí,No,9.95,Análisis de Algoritmos,MC6102,
deepseek-r1-14b-8bit,binary,¿Existe la posibilidad de suficiencia?,"En el curso Análisis de Algoritmos de la Maestría en Computación, ¿Existe la posibilidad de suficiencia?

Responde únicamente con 'Sí' o 'No'.",Sí,No,9.96,Análisis de Algoritmos,MC6102,
deepseek-r1-14b-8bit,binary,¿Se permite el reconocimiento del curso?,"En el curso Análisis de Algoritmos de la Maestría en Computación, ¿Se permite el reconocimiento del curso?

Responde únicamente con 'Sí' o 'No'.",Sí,No,10.0,Análisis de Algoritmos,MC6102,
deepseek-r1-14b-8bit,binary,¿Las tareas e investigaciones valen el 50% de la nota?,"En el curso Análisis de Algoritmos de la Maestría en Computación, ¿Las tareas e investigaciones valen el 50% de la nota?

Responde únicamente con 'Sí' o 'No'.",Sí,No,9.93,Análisis de Algoritmos,MC6102,
deepseek-r1-14b-8bit,binary,¿Se imparte el curso los martes por la noche?,"En el curso Análisis de Algoritmos de la Maestría en Computación, ¿Se imparte el curso los martes por la noche?

Responde únicamente con 'Sí' o 'No'.",Sí,No,9.87,Análisis de Algoritmos,MC6102,
deepseek-r1-14b-8bit,binary,¿Es este un curso electivo?,"En el curso Diseño de Experimentos de la Maestría en Computación, ¿Es este un curso electivo?

Responde únicamente con 'Sí' o 'No'.",Sí,Sí,9.91,Diseño de Experimentos,MC6104,
deepseek-r1-14b-8bit,binary,¿Es la asistencia obligatoria?,"En el curso Diseño de Experimentos de la Maestría en Computación, ¿Es la asistencia obligatoria?

Responde únicamente con 'Sí' o 'No'.",Sí,Sí,9.93,Diseño de Experimentos,MC6104,
deepseek-r1-14b-8bit,binary,¿Se permite la suficiencia?,"En el curso Diseño de Experimentos de la Maestría en Computación, ¿Se permite la suficiencia?

Responde únicamente con 'Sí' o 'No'.",No,No,9.9,Diseño de Experimentos,MC6104,
deepseek-r1-14b-8bit,binary,¿Es posible el reconocimiento del curso?,"En el curso Diseño de Experimentos de la Maestría en Computación, ¿Es posible el reconocimiento del curso?

Responde únicamente con 'Sí' o 'No'.",No,No,9.9,Diseño de Experimentos,MC6104,
deepseek-r1-14b-8bit,binary,¿Requiere conocimientos previos de Probabilidades?,"En el curso Diseño de Experimentos de la Maestría en Computación, ¿Requiere conocimientos previos de Probabilidades?

Responde únicamente con 'Sí' o 'No'.",Sí,Sí,9.99,Diseño de Experimentos,MC6104,
deepseek-r1-14b-8bit,binary,¿La presentación oral tiene un valor del 5%?,"En el curso Diseño de Experimentos de la Maestría en Computación, ¿La presentación oral tiene un valor del 5%?

Responde únicamente con 'Sí' o 'No'.",Sí,No,9.88,Diseño de Experimentos,MC6104,
deepseek-r1-14b-8bit,binary,¿Es un curso electivo?,"En el curso Introducción a la Investigación de la Maestría en Computación, ¿Es un curso electivo?

Responde únicamente con 'Sí' o 'No'.",No,No,9.83,Introducción a la Investigación,MC7201,
deepseek-r1-14b-8bit,binary,¿Es la asistencia obligatoria?,"En el curso Introducción a la Investigación de la Maestría en Computación, ¿Es la asistencia obligatoria?

Responde únicamente con 'Sí' o 'No'.",Sí,Sí,9.93,Introducción a la Investigación,MC7201,
deepseek-r1-14b-8bit,binary,¿Permite el curso la suficiencia?,"En el curso Introducción a la Investigación de la Maestría en Computación, ¿Permite el curso la suficiencia?

Responde únicamente con 'Sí' o 'No'.",Sí,No,9.89,Introducción a la Investigación,MC7201,
deepseek-r1-14b-8bit,binary,¿Es posible el reconocimiento?,"En el curso Introducción a la Investigación de la Maestría en Computación, ¿Es posible el reconocimiento?

Responde únicamente con 'Sí' o 'No'.",Sí,No,9.84,Introducción a la Investigación,MC7201,
deepseek-r1-14b-8bit,binary,"¿Es ""Tema Selecto de Investigación"" un correquisito?","En el curso Introducción a la Investigación de la Maestría en Computación, ¿Es ""Tema Selecto de Investigación"" un correquisito?

Responde únicamente con 'Sí' o 'No'.",Sí,No,9.83,Introducción a la Investigación,MC7201,
deepseek-r1-14b-8bit,binary,¿La presentación tiene un valor del 25%?,"En el curso Introducción a la Investigación de la Maestría en Computación, ¿La presentación tiene un valor del 25%?

Responde únicamente con 'Sí' o 'No'.",Sí,No,9.85,Introducción a la Investigación,MC7201,
deepseek-r1-14b-8bit,short_answer,¿Cuántos créditos tiene el curso?,"En el curso Análisis de Datos en Ciberseguridad de la Maestría en Ciberseguridad, ¿Cuántos créditos tiene el curso?

Da una respuesta breve y directa, en una sola frase.",4 créditos,El curso Análisis de Datos en Ciberseguridad tiene 4 créditos.,11.65,Análisis de Datos en Ciberseguridad,MC1001,
deepseek-r1-14b-8bit,short_answer,¿En qué trimestre del plan de estudios se ubica?,"En el curso Análisis de Datos en Ciberseguridad de la Maestría en Ciberseguridad, ¿En qué trimestre del plan de estudios se ubica?

Da una respuesta breve y directa, en una sola frase.",Tercer trimestre,El curso Análisis de Datos en Ciberseguridad se ubica en el tercer trimestre del plan de estudios de la Maestría en Ciberseguridad.,13.53,Análisis de Datos en Ciberseguridad,MC1001,
deepseek-r1-14b-8bit,short_answer,¿Qué porcentaje de la nota final representan los laboratorios?,"En el curso Análisis de Datos en Ciberseguridad de la Maestría en Ciberseguridad, ¿Qué porcentaje de la nota final representan los laboratorios?

Da una respuesta breve y directa, en una sola frase.",75%,"En el curso Análisis de Datos en Ciberseguridad de la Maestría en Ciberseguridad, los laboratorios representan el 75% de la nota final.",13.87,Análisis de Datos en Ciberseguridad,MC1001,
deepseek-r1-14b-8bit,short_answer,¿Permite el curso la modalidad de suficiencia?,"En el curso Análisis de Datos en Ciberseguridad de la Maestría en Ciberseguridad, ¿Permite el curso la modalidad de suficiencia?

Da una respuesta breve y directa, en una sola frase.",Sí,"Sí, el curso Análisis de Datos en Ciberseguridad de la Maestría en Ciberseguridad permite la modalidad de suficiencia.",17.17,Análisis de Datos en Ciberseguridad,MC1001,
deepseek-r1-14b-8bit,short_answer,¿Cuál es la vigencia del programa?,"En el curso Análisis de Datos en Ciberseguridad de la Maestría en Ciberseguridad, ¿Cuál es la vigencia del programa?

Da una respuesta breve y directa, en una sola frase.",2023,La vigencia del programa del curso Análisis de Datos en Ciberseguridad es 2023.,12.16,Análisis de Datos en Ciberseguridad,MC1001,
deepseek-r1-14b-8bit,short_answer,¿Qué porcentaje de la evaluación corresponde a la resolución de casos de estudio?,"En el curso Análisis de Datos en Ciberseguridad de la Maestría en Ciberseguridad, ¿Qué porcentaje de la evaluación corresponde a la resolución de casos de estudio?

Da una respuesta breve y directa, en una sola frase.",20%,"En el curso Análisis de Datos en Ciberseguridad de la Maestría en Ciberseguridad, el 20% de la evaluación corresponde a la resolución de casos de estudio.",14.21,Análisis de Datos en Ciberseguridad,MC1001,
deepseek-r1-14b-8bit,short_answer,¿En qué trimestre se imparte esta materia?,"En el curso Seguridad y Criptografía de la Maestría en Ciberseguridad, ¿En qué trimestre se imparte esta materia?

Da una respuesta breve y directa, en una sola frase.",Cuarto trimestre,El curso de Seguridad y Criptografía se imparte en el cuarto trimestre de la Maestría en Ciberseguridad.,12.66,Seguridad y Criptografía,MC1003,
deepseek-r1-14b-8bit,short_answer,¿De qué curso de Blockchain es requisito esta materia?,"En el curso Seguridad y Criptografía de la Maestría en Ciberseguridad, ¿De qué curso de Blockchain es requisito esta materia?

Da una respuesta breve y directa, en una sola frase.",MC4001 Blockchain y Ledger Distribuidos,"En el curso ""Seguridad y Criptografía"" de la Maestría en Ciberseguridad, el curso de Blockchain es requisito por el curso MC1003-Seguridad y Criptografía.",14.36,Seguridad y Criptografía,MC1003,
deepseek-r1-14b-8bit,short_answer,¿Qué porcentaje de la nota corresponde al examen final?,"En el curso Seguridad y Criptografía de la Maestría en Ciberseguridad, ¿Qué porcentaje de la nota corresponde al examen final?

Da una respuesta breve y directa, en una sola frase.",30%,"En el curso Seguridad y Criptografía de la Maestría en Ciberseguridad, el examen final corresponde al 30% de la nota.",13.33,Seguridad y Criptografía,MC1003,
deepseek-r1-14b-8bit,short_answer,¿Cuántas horas de clase por semana tiene el curso?,"En el curso Seguridad y Criptografía de la Maestría en Ciberseguridad, ¿Cuántas horas de clase por semana tiene el curso?

Da una respuesta breve y directa, en una sola frase.",4 horas,El curso Seguridad y Criptografía de la Maestría en Ciberseguridad tiene 4 horas de clase por semana.,12.52,Seguridad y Criptografía,MC1003,
deepseek-r1-14b-8bit,short_answer,"¿Quiénes son los autores del ""Handbook of applied cryptography"" incluido en la bibliografía?","En el curso Seguridad y Criptografía de la Maestría en Ciberseguridad, ¿Quiénes son los autores del ""Handbook of applied cryptography"" incluido en la bibliografía?

Da una respuesta breve y directa, en una sola frase.","Menezes, Van Oorschot y Vanstone","Los autores del ""Handbook of applied cryptography"" son A. J. Menezes, P. C. Van Oorschot y S. A. Vanstone.",13.42,Seguridad y Criptografía,MC1003,
deepseek-r1-14b-8bit,short_answer,¿Qué porcentaje de la calificación representan las tareas?,"En el curso Seguridad y Criptografía de la Maestría en Ciberseguridad, ¿Qué porcentaje de la calificación representan las tareas?

Da una respuesta breve y directa, en una sola frase.",50%,"En el curso Seguridad y Criptografía de la Maestría en Ciberseguridad, las tareas representan el 50% de la calificación.",13.31,Seguridad y Criptografía,MC1003,
deepseek-r1-14b-8bit,short_answer,¿Permite este curso la posibilidad de reconocimiento?,"En el curso Políticas y Gobernanza en Ciberseguridad de la Maestría en Ciberseguridad, ¿Permite este curso la posibilidad de reconocimiento?

Da una respuesta breve y directa, en una sola frase.",No,"Sí, el curso Políticas y Gobernanza en Ciberseguridad de la Maestría en Ciberseguridad permite la posibilidad de reconocimiento.",13.46,Políticas y Gobernanza en Ciberseguridad,MC1006,
deepseek-r1-14b-8bit,short_answer,¿Qué porcentaje de la nota final representa el estudio de casos?,"En el curso Políticas y Gobernanza en Ciberseguridad de la Maestría en Ciberseguridad, ¿Qué porcentaje de la nota final representa el estudio de casos?

Da una respuesta breve y directa, en una sola frase.",40%,"En el curso Políticas y Gobernanza en Ciberseguridad de la Maestría en Ciberseguridad, el estudio de casos representa el 40% de la nota final.",14.08,Políticas y Gobernanza en Ciberseguridad,MC1006,
deepseek-r1-14b-8bit,short_answer,¿En qué trimestre se ubica el curso?,"En el curso Políticas y Gobernanza en Ciberseguridad de la Maestría en Ciberseguridad, ¿En qué trimestre se ubica el curso?

Da una respuesta breve y directa, en una sola frase.",Primer trimestre,El curso Políticas y Gobernanza en Ciberseguridad se ubica en el cuarto trimestre de la Maestría en Ciberseguridad.,13.36,Políticas y Gobernanza en Ciberseguridad,MC1006,
deepseek-r1-14b-8bit,short_answer,¿Qué porcentaje de la nota corresponde a la investigación bibliográfica?,"En el curso Políticas y Gobernanza en Ciberseguridad de la Maestría en Ciberseguridad, ¿Qué porcentaje de la nota corresponde a la investigación bibliográfica?

Da una respuesta breve y directa, en una sola frase.",20%,"En el curso Políticas y Gobernanza en Ciberseguridad de la Maestría en Ciberseguridad, el 20% de la nota corresponde a la investigación bibliográfica.",14.29,Políticas y Gobernanza en Ciberseguridad,MC1006,
deepseek-r1-14b-8bit,short_answer,¿Cuál es la vigencia de este programa?,"En el curso Políticas y Gobernanza en Ciberseguridad de la Maestría en Ciberseguridad, ¿Cuál es la vigencia de este programa?

Da una respuesta breve y directa, en una sola frase.",2023,La vigencia del programa del curso Políticas y Gobernanza en Ciberseguridad es 2023.,12.59,Políticas y Gobernanza en Ciberseguridad,MC1006,
deepseek-r1-14b-8bit,short_answer,¿Cuántas horas extraclase por semana se requieren?,"En el curso Políticas y Gobernanza en Ciberseguridad de la Maestría en Ciberseguridad, ¿Cuántas horas extraclase por semana se requieren?

Da una respuesta breve y directa, en una sola frase.",14 horas,"En el curso Políticas y Gobernanza en Ciberseguridad de la Maestría en Ciberseguridad, se requieren 14 horas extraclase por semana.",13.95,Políticas y Gobernanza en Ciberseguridad,MC1006,
deepseek-r1-14b-8bit,short_answer,¿En qué área del plan de estudios se ubica este curso?,"En el curso Seguridad de Software Avanzado de la Maestría en Ciberseguridad, ¿En qué área del plan de estudios se ubica este curso?

Da una respuesta breve y directa, en una sola frase.",Área de tópicos electivos profesionalizantes,El curso Seguridad de Software Avanzado se ubica en la área de tópicos electivos profesionalizantes del plan de estudios de la Maestría en Ciberseguridad.,14.04,Seguridad de Software Avanzado,MC3001,
deepseek-r1-14b-8bit,short_answer,¿Permite el curso la modalidad de suficiencia?,"En el curso Seguridad de Software Avanzado de la Maestría en Ciberseguridad, ¿Permite el curso la modalidad de suficiencia?

Da una respuesta breve y directa, en una sola frase.",No,"Sí, el curso MC3001-Seguridad de Software Avanzado de la Maestría en Ciberseguridad permite la modalidad de suficiencia.",13.55,Seguridad de Software Avanzado,MC3001,
deepseek-r1-14b-8bit,short_answer,¿Qué porcentaje de la nota valen las tareas programadas?,"En el curso Seguridad de Software Avanzado de la Maestría en Ciberseguridad, ¿Qué porcentaje de la nota valen las tareas programadas?

Da una respuesta breve y directa, en una sola frase.",40%,"En el curso Seguridad de Software Avanzado de la Maestría en Ciberseguridad, las tareas programadas valen el 40% de la nota.",13.5,Seguridad de Software Avanzado,MC3001,
deepseek-r1-14b-8bit,short_answer,¿De qué curso de defensa y ataque es requisito esta materia?,"En el curso Seguridad de Software Avanzado de la Maestría en Ciberseguridad, ¿De qué curso de defensa y ataque es requisito esta materia?

Da una respuesta breve y directa, en una sola frase.",MC3006 Defensa y Ataque de Sistemas,"El curso ""Seguridad de Software Avanzado"" de la Maestría en Ciberseguridad no tiene requisitos específicos de defensa y ataque, pero se recomienda tener conocimientos previos en seguridad informática y programación.",14.97,Seguridad de Software Avanzado,MC3001,
deepseek-r1-14b-8bit,short_answer,¿Qué porcentaje de la nota final corresponde al examen final?,"En el curso Seguridad de Software Avanzado de la Maestría en Ciberseguridad, ¿Qué porcentaje de la nota final corresponde al examen final?

Da una respuesta breve y directa, en una sola frase.",30%,"En el curso Seguridad de Software Avanzado de la Maestría en Ciberseguridad, el examen final corresponde al 30% de la nota final.",13.59,Seguridad de Software Avanzado,MC3001,
deepseek-r1-14b-8bit,short_answer,¿Cuál es el valor porcentual del reporte de lecturas?,"En el curso Seguridad de Software Avanzado de la Maestría en Ciberseguridad, ¿Cuál es el valor porcentual del reporte de lecturas?

Da una respuesta breve y directa, en una sola frase.",10%,"En el curso Seguridad de Software Avanzado de la Maestría en Ciberseguridad, el valor porcentual del reporte de lecturas es del 10%.",13.69,Seguridad de Software Avanzado,MC3001,
deepseek-r1-14b-8bit,short_answer,¿Es este curso obligatorio o electivo?,"En el curso Cibercrimen de la Maestría en Ciberseguridad, ¿Es este curso obligatorio o electivo?

Da una respuesta breve y directa, en una sola frase.",Electivo,El curso de Cibercrimen en la Maestría en Ciberseguridad es un curso electivo.,12.22,Cibercrimen,MC3010,
deepseek-r1-14b-8bit,short_answer,¿Permite la posibilidad de reconocimiento?,"En el curso Cibercrimen de la Maestría en Ciberseguridad, ¿Permite la posibilidad de reconocimiento?

Da una respuesta breve y directa, en una sola frase.",No,"Sí, el curso de Cibercrimen de la Maestría en Ciberseguridad permite la posibilidad de reconocimiento.",12.68,Cibercrimen,MC3010,
deepseek-r1-14b-8bit,short_answer,¿Qué porcentaje de la nota final representa la investigación?,"En el curso Cibercrimen de la Maestría en Ciberseguridad, ¿Qué porcentaje de la nota final representa la investigación?

Da una respuesta breve y directa, en una sola frase.",40%,La investigación en el curso de Cibercrimen de la Maestría en Ciberseguridad representa el 40% de la nota final.,13.03,Cibercrimen,MC3010,
deepseek-r1-14b-8bit,short_answer,¿Qué porcentaje de la evaluación corresponde al estudio de casos?,"En el curso Cibercrimen de la Maestría en Ciberseguridad, ¿Qué porcentaje de la evaluación corresponde al estudio de casos?

Da una respuesta breve y directa, en una sola frase.",40%,"En el curso Cibercrimen de la Maestría en Ciberseguridad, el 40% de la evaluación corresponde al estudio de casos.",13.25,Cibercrimen,MC3010,
deepseek-r1-14b-8bit,short_answer,¿Qué software específico se menciona en los contenidos para el análisis de datos?,"En el curso Cibercrimen de la Maestría en Ciberseguridad, ¿Qué software específico se menciona en los contenidos para el análisis de datos?

Da una respuesta breve y directa, en una sola frase.",SPSS,"En el curso ""Cibercrimen"" de la Maestría en Ciberseguridad, el software específico mencionado en los contenidos para el análisis de datos es SPSS.",13.73,Cibercrimen,MC3010,
deepseek-r1-14b-8bit,short_answer,¿Qué porcentaje de la nota representan las pruebas cortas o comprobaciones?,"En el curso Cibercrimen de la Maestría en Ciberseguridad, ¿Qué porcentaje de la nota representan las pruebas cortas o comprobaciones?

Da una respuesta breve y directa, en una sola frase.",20%,"En el curso ""Cibercrimen"" de la Maestría en Ciberseguridad, las pruebas cortas o comprobaciones representan el 20% de la nota.",13.85,Cibercrimen,MC3010,
deepseek-r1-14b-8bit,short_answer,¿En qué año se aprobó y actualizó este programa?,"En el curso Sistemas Estratégicos Empresariales de la Maestría en Gerencia de Tecnologías de la Información, ¿En qué año se aprobó y actualizó este programa?

Da una respuesta breve y directa, en una sola frase.",2025,El curso Sistemas Estratégicos Empresariales de la Maestría en Gerencia de Tecnologías de la Información fue aprobado y actualizado en el año 2025.,14.16,Sistemas Estratégicos Empresariales,MC1101,
deepseek-r1-14b-8bit,short_answer,¿Qué porcentaje de la nota final es la investigación en sistema empresarial?,"En el curso Sistemas Estratégicos Empresariales de la Maestría en Gerencia de Tecnologías de la Información, ¿Qué porcentaje de la nota final es la investigación en sistema empresarial?

Da una respuesta breve y directa, en una sola frase.",40%,"En el curso ""Sistemas Estratégicos Empresariales"" de la Maestría en Gerencia de Tecnologías de la Información, la investigación en sistema empresarial representa el 40% de la nota final.",14.7,Sistemas Estratégicos Empresariales,MC1101,
deepseek-r1-14b-8bit,short_answer,¿En qué semestre del programa se ubica este curso?,"En el curso Sistemas Estratégicos Empresariales de la Maestría en Gerencia de Tecnologías de la Información, ¿En qué semestre del programa se ubica este curso?

Da una respuesta breve y directa, en una sola frase.",I semestre,El curso Sistemas Estratégicos Empresariales se ubica en el primer semestre del programa de Maestría en Gerencia de Tecnologías de la Información.,13.6,Sistemas Estratégicos Empresariales,MC1101,
deepseek-r1-14b-8bit,short_answer,¿Qué porcentaje total suman los dos exámenes parciales?,"En el curso Sistemas Estratégicos Empresariales de la Maestría en Gerencia de Tecnologías de la Información, ¿Qué porcentaje total suman los dos exámenes parciales?

Da una respuesta breve y directa, en una sola frase.",40%,"En el curso ""Sistemas Estratégicos Empresariales"" de la Maestría en Gerencia de Tecnologías de la Información, los dos exámenes parciales suman un total de 40% de la calificación.",15.35,Sistemas Estratégicos Empresariales,MC1101,
deepseek-r1-14b-8bit,short_answer,¿Cuántas horas de clase por semana tiene la materia?,"En el curso Sistemas Estratégicos Empresariales de la Maestría en Gerencia de Tecnologías de la Información, ¿Cuántas horas de clase por semana tiene la materia?

Da una respuesta breve y directa, en una sola frase.",3 horas,El curso Sistemas Estratégicos Empresariales tiene 3 horas de clase por semana.,11.84,Sistemas Estratégicos Empresariales,MC1101,
deepseek-r1-14b-8bit,short_answer,¿Quién es el autor de los artículos sobre las cinco fuerzas competitivas citados?,"En el curso Sistemas Estratégicos Empresariales de la Maestría en Gerencia de Tecnologías de la Información, ¿Quién es el autor de los artículos sobre las cinco fuerzas competitivas citados?

Da una respuesta breve y directa, en una sola frase.",Michael Porter,"En el curso ""Sistemas Estratégicos Empresariales"" de la Maestría en Gerencia de Tecnologías de la Información, los artículos sobre las cinco fuerzas competitivas citados son del autor Michael E. Porter.",20.52,Sistemas Estratégicos Empresariales,MC1101,
deepseek-r1-14b-8bit,short_answer,¿Permite este curso la suficiencia?,"En el curso Gerencia de Tecnología de Información de la Maestría en Gerencia de Tecnologías de la Información, ¿Permite este curso la suficiencia?

Da una respuesta breve y directa, en una sola frase.",No,"Sí, el curso Gerencia de Tecnología de Información de la Maestría en Gerencia de Tecnologías de la Información permite la suficiencia.",13.26,Gerencia de Tecnología de Información,MC1103,
deepseek-r1-14b-8bit,short_answer,¿En qué semestre del programa se ubica (indicado como código)?,"En el curso Gerencia de Tecnología de Información de la Maestría en Gerencia de Tecnologías de la Información, ¿En qué semestre del programa se ubica (indicado como código)?

Da una respuesta breve y directa, en una sola frase.",P4 semestre,El curso Gerencia de Tecnología de Información (MC1103) se ubica en el cuarto semestre del programa de Maestría en Gerencia de Tecnologías de la Información.,14.16,Gerencia de Tecnología de Información,MC1103,
deepseek-r1-14b-8bit,short_answer,¿Qué porcentaje de la evaluación corresponde al estudio de casos?,"En el curso Gerencia de Tecnología de Información de la Maestría en Gerencia de Tecnologías de la Información, ¿Qué porcentaje de la evaluación corresponde al estudio de casos?

Da una respuesta breve y directa, en una sola frase.",40%,"En el curso Gerencia de Tecnología de Información de la Maestría en Gerencia de Tecnologías de la Información, el 40% de la evaluación corresponde al estudio de casos.",14.15,Gerencia de Tecnología de Información,MC1103,
deepseek-r1-14b-8bit,short_answer,¿Qué porcentaje de la nota es la investigación bibliográfica y exposición?,"En el curso Gerencia de Tecnología de Información de la Maestría en Gerencia de Tecnologías de la Información, ¿Qué porcentaje de la nota es la investigación bibliográfica y exposición?

Da una respuesta breve y directa, en una sola frase.",20%,"En el curso Gerencia de Tecnología de Información de la Maestría en Gerencia de Tecnologías de la Información, la investigación bibliográfica y exposición representan el 20% de la nota.",14.49,Gerencia de Tecnología de Información,MC1103,
deepseek-r1-14b-8bit,short_answer,¿Cuántas horas extraclase se requieren semanalmente?,"En el curso Gerencia de Tecnología de Información de la Maestría en Gerencia de Tecnologías de la Información, ¿Cuántas horas extraclase se requieren semanalmente?

Da una respuesta breve y directa, en una sola frase.",9 horas,"En el curso Gerencia de Tecnología de Información de la Maestría en Gerencia de Tecnologías de la Información, se requieren 9 horas extraclase semanalmente.",13.87,Gerencia de Tecnología de Información,MC1103,
deepseek-r1-14b-8bit,short_answer,¿Es posible el reconocimiento del curso?,"En el curso Gerencia de Tecnología de Información de la Maestría en Gerencia de Tecnologías de la Información, ¿Es posible el reconocimiento del curso?

Da una respuesta breve y directa, en una sola frase.",No,"Sí, el curso Gerencia de Tecnología de Información de la Maestría en Gerencia de Tecnologías de la Información tiene posibilidad de reconocimiento.",13.42,Gerencia de Tecnología de Información,MC1103,
deepseek-r1-14b-8bit,short_answer,¿Permite este curso la posibilidad de reconocimiento?,"En el curso Administración Financiera de TI de la Maestría en Gerencia de Tecnologías de la Información, ¿Permite este curso la posibilidad de reconocimiento?

Da una respuesta breve y directa, en una sola frase.",Sí,"Sí, el curso de Administración Financiera de Tecnologías de la Información permite la posibilidad de reconocimiento.",12.5,Administración Financiera de TI,MC1201,
deepseek-r1-14b-8bit,short_answer,¿En qué semestre se ubica la materia?,"En el curso Administración Financiera de TI de la Maestría en Gerencia de Tecnologías de la Información, ¿En qué semestre se ubica la materia?

Da una respuesta breve y directa, en una sola frase.",2do semestre,El curso de Administración Financiera de Tecnologías de la Información se ubica en el segundo semestre del programa de Maestría en Gerencia de Tecnologías de la Información.,14.06,Administración Financiera de TI,MC1201,
deepseek-r1-14b-8bit,short_answer,¿Qué porcentaje total de la nota suman los dos exámenes parciales?,"En el curso Administración Financiera de TI de la Maestría en Gerencia de Tecnologías de la Información, ¿Qué porcentaje total de la nota suman los dos exámenes parciales?

Da una respuesta breve y directa, en una sola frase.",50%,"En el curso de Administración Financiera de Tecnologías de la Información, los dos exámenes parciales suman un total de 50% de la nota.",13.84,Administración Financiera de TI,MC1201,
deepseek-r1-14b-8bit,short_answer,¿Qué porcentaje de la evaluación corresponde a la investigación bibliográfica?,"En el curso Administración Financiera de TI de la Maestría en Gerencia de Tecnologías de la Información, ¿Qué porcentaje de la evaluación corresponde a la investigación bibliográfica?

Da una respuesta breve y directa, en una sola frase.",20%,"En el curso de Administración Financiera de Tecnologías de la Información, el 20% de la evaluación corresponde a la investigación bibliográfica.",13.37,Administración Financiera de TI,MC1201,
deepseek-r1-14b-8bit,short_answer,¿Qué porcentaje de la nota representan las comprobaciones de lectura?,"En el curso Administración Financiera de TI de la Maestría en Gerencia de Tecnologías de la Información, ¿Qué porcentaje de la nota representan las comprobaciones de lectura?

Da una respuesta breve y directa, en una sola frase.",15%,"En el curso de Administración Financiera de Tecnologías de la Información, las comprobaciones de lectura representan el 20% de la nota.",13.42,Administración Financiera de TI,MC1201,
deepseek-r1-14b-8bit,short_answer,¿Permite el curso la suficiencia?,"En el curso Administración Financiera de TI de la Maestría en Gerencia de Tecnologías de la Información, ¿Permite el curso la suficiencia?

Da una respuesta breve y directa, en una sola frase.",No,"Sí, el curso de Administración Financiera de Tecnologías de la Información permite la suficiencia.",12.34,Administración Financiera de TI,MC1201,
deepseek-r1-14b-8bit,short_answer,¿De qué curso de nivel II es requisito esta materia?,"En el curso Administración y Estrategia de Proyectos I de la Maestría en Gerencia de Tecnologías de la Información, ¿De qué curso de nivel II es requisito esta materia?

Da una respuesta breve y directa, en una sola frase.",MC-6204 Administración y estrategia de proyectos II,"En el curso ""Administración y Estrategia de Proyectos I"" de la Maestría en Gerencia de Tecnologías de la Información, no se menciona un curso específico de nivel II como requisito.",14.46,Administración y Estrategia de Proyectos I,MC1203,
deepseek-r1-14b-8bit,short_answer,¿Cuál es el tipo de curso según los datos generales?,"En el curso Administración y Estrategia de Proyectos I de la Maestría en Gerencia de Tecnologías de la Información, ¿Cuál es el tipo de curso según los datos generales?

Da una respuesta breve y directa, en una sola frase.",Teórico,"El curso ""Administración y Estrategia de Proyectos I"" es un curso teórico en la Maestría en Gerencia de Tecnologías de la Información.",13.52,Administración y Estrategia de Proyectos I,MC1203,
deepseek-r1-14b-8bit,short_answer,¿En qué semestre del programa se ubica?,"En el curso Administración y Estrategia de Proyectos I de la Maestría en Gerencia de Tecnologías de la Información, ¿En qué semestre del programa se ubica?

Da una respuesta breve y directa, en una sola frase.",3er semestre,"El curso ""Administración y Estrategia de Proyectos I"" se ubica en el tercer semestre del programa de Maestría en Gerencia de Tecnologías de la Información.",13.88,Administración y Estrategia de Proyectos I,MC1203,
deepseek-r1-14b-8bit,short_answer,¿Qué porcentaje de la nota final corresponde a la escritura de dos ensayos individuales?,"En el curso Administración y Estrategia de Proyectos I de la Maestría en Gerencia de Tecnologías de la Información, ¿Qué porcentaje de la nota final corresponde a la escritura de dos ensayos individuales?

Da una respuesta breve y directa, en una sola frase.",30%,"En el curso ""Administración y Estrategia de Proyectos I"" de la Maestría en Gerencia de Tecnologías de la Información, el 30% de la nota final corresponde a la escritura de dos ensayos individuales.",15.44,Administración y Estrategia de Proyectos I,MC1203,
deepseek-r1-14b-8bit,short_answer,¿Qué porcentaje de la evaluación es la resolución de casos prácticos?,"En el curso Administración y Estrategia de Proyectos I de la Maestría en Gerencia de Tecnologías de la Información, ¿Qué porcentaje de la evaluación es la resolución de casos prácticos?

Da una respuesta breve y directa, en una sola frase.",25%,"En el curso Administración y Estrategia de Proyectos I de la Maestría en Gerencia de Tecnologías de la Información, el 40% de la evaluación corresponde a la resolución de casos prácticos.",14.93,Administración y Estrategia de Proyectos I,MC1203,
deepseek-r1-14b-8bit,short_answer,¿Qué porcentaje de la nota vale la investigación sobre un tema seleccionado?,"En el curso Administración y Estrategia de Proyectos I de la Maestría en Gerencia de Tecnologías de la Información, ¿Qué porcentaje de la nota vale la investigación sobre un tema seleccionado?

Da una respuesta breve y directa, en una sola frase.",25%,"En el curso Administración y Estrategia de Proyectos I de la Maestría en Gerencia de Tecnologías de la Información, la investigación sobre un tema seleccionado vale el 20% de la nota.",14.53,Administración y Estrategia de Proyectos I,MC1203,
deepseek-r1-14b-8bit,short_answer,¿Con cuántas faltas de asistencia injustificadas se reprueba el curso?,"En el curso Planificación Estratégica de TI de la Maestría en Gerencia de Tecnologías de la Información, ¿Con cuántas faltas de asistencia injustificadas se reprueba el curso?

Da una respuesta breve y directa, en una sola frase.",4 faltas,"En el curso de Planificación Estratégica de TI de la Maestría en Gerencia de Tecnologías de la Información, se reprueba el curso con 4 faltas de asistencia injustificadas.",14.47,Planificación Estratégica de TI,MC2301,
deepseek-r1-14b-8bit,short_answer,¿Qué porcentaje de la nota final representa la resolución de casos?,"En el curso Planificación Estratégica de TI de la Maestría en Gerencia de Tecnologías de la Información, ¿Qué porcentaje de la nota final representa la resolución de casos?

Da una respuesta breve y directa, en una sola frase.",40%,"En el curso de Planificación Estratégica de TI de la Maestría en Gerencia de Tecnologías de la Información, la resolución de casos representa el 40% de la nota final.",14.29,Planificación Estratégica de TI,MC2301,
deepseek-r1-14b-8bit,short_answer,¿Cuántos minutos después de la hora oficial de entrada se consideran para marcar ausencia?,"En el curso Planificación Estratégica de TI de la Maestría en Gerencia de Tecnologías de la Información, ¿Cuántos minutos después de la hora oficial de entrada se consideran para marcar ausencia?

Da una respuesta breve y directa, en una sola frase.",30 minutos,"En el curso de Planificación Estratégica de TI de la Maestría en Gerencia de Tecnologías de la Información, se consideran 30 minutos después de la hora oficial de entrada para marcar ausencia.",14.67,Planificación Estratégica de TI,MC2301,
deepseek-r1-14b-8bit,short_answer,¿Qué porcentaje de la evaluación corresponde a la investigación bibliográfica?,"En el curso Planificación Estratégica de TI de la Maestría en Gerencia de Tecnologías de la Información, ¿Qué porcentaje de la evaluación corresponde a la investigación bibliográfica?

Da una respuesta breve y directa, en una sola frase.",20%,"En el curso de Planificación Estratégica de TI de la Maestría en Gerencia de Tecnologías de la Información, el porcentaje de evaluación correspondiente a la investigación bibliográfica es del 20%.",14.71,Planificación Estratégica de TI,MC2301,
deepseek-r1-14b-8bit,short_answer,¿Permite el curso la suficiencia?,"En el curso Planificación Estratégica de TI de la Maestría en Gerencia de Tecnologías de la Información, ¿Permite el curso la suficiencia?

Da una respuesta breve y directa, en una sola frase.",No,"Sí, el curso de Planificación Estratégica de TI permite la suficiencia.",11.79,Planificación Estratégica de TI,MC2301,
deepseek-r1-14b-8bit,short_answer,"¿Qué porcentaje de la nota representan las pruebas cortas, comprobaciones y ensayos?","En el curso Planificación Estratégica de TI de la Maestría en Gerencia de Tecnologías de la Información, ¿Qué porcentaje de la nota representan las pruebas cortas, comprobaciones y ensayos?

Da una respuesta breve y directa, en una sola frase.",40%,"En el curso de Planificación Estratégica de TI de la Maestría en Gerencia de Tecnologías de la Información, las pruebas cortas, comprobaciones y ensayos representan el 40% de la nota.",15.15,Planificación Estratégica de TI,MC2301,
deepseek-r1-14b-8bit,short_answer,¿En qué periodo del plan de estudios se ubica?,"En el curso Teoría de Autómatas de la Maestría en Computación, ¿En qué periodo del plan de estudios se ubica?

Da una respuesta breve y directa, en una sola frase.",II Periodo,El curso Teoría de Autómatas se ubica en el II Periodo del Plan de Estudios de la Maestría en Computación con énfasis en Ciencias de la Computación.,14.15,Teoría de Autómatas,MC6003,
deepseek-r1-14b-8bit,short_answer,¿Quién es el profesor titular del curso?,"En el curso Teoría de Autómatas de la Maestría en Computación, ¿Quién es el profesor titular del curso?

Da una respuesta breve y directa, en una sola frase.",Erick Mata Montero,El profesor titular del curso Teoría de Autómatas de la Maestría en Computación es Erick Mata Montero.,12.56,Teoría de Autómatas,MC6003,
deepseek-r1-14b-8bit,short_answer,¿Qué porcentaje de la nota final representa el examen final?,"En el curso Teoría de Autómatas de la Maestría en Computación, ¿Qué porcentaje de la nota final representa el examen final?

Da una respuesta breve y directa, en una sola frase.",30%,El examen final representa el 30% de la nota final en el curso de Teoría de Autómatas.,12.5,Teoría de Autómatas,MC6003,
deepseek-r1-14b-8bit,short_answer,¿Cuál es el porcentaje asignado al examen parcial?,"En el curso Teoría de Autómatas de la Maestría en Computación, ¿Cuál es el porcentaje asignado al examen parcial?

Da una respuesta breve y directa, en una sola frase.",20%,"En el curso Teoría de Autómatas de la Maestría en Computación, el porcentaje asignado al examen parcial es del 20%.",13.45,Teoría de Autómatas,MC6003,
deepseek-r1-14b-8bit,short_answer,¿Permite el curso la modalidad de suficiencia?,"En el curso Teoría de Autómatas de la Maestría en Computación, ¿Permite el curso la modalidad de suficiencia?

Da una respuesta breve y directa, en una sola frase.",Sí,"Sí, el curso de Teoría de Autómatas permite la modalidad de suficiencia.",14.61,Teoría de Autómatas,MC6003,
deepseek-r1-14b-8bit,short_answer,¿Quiénes son los autores principales del libro de texto base?,"En el curso Teoría de Autómatas de la Maestría en Computación, ¿Quiénes son los autores principales del libro de texto base?

Da una respuesta breve y directa, en una sola frase.",Hopcroft et al.,"Los autores principales del libro de texto base del curso Teoría de Autómatas son Thomas H. Cormen, Charles E. Leiserson, Ronald L. Rivest y Clifford Stein.",13.98,Teoría de Autómatas,MC6003,
deepseek-r1-14b-8bit,short_answer,¿De qué curso de redes es requisito esta materia?,"En el curso Sistemas Operativos Avanzados de la Maestría en Computación, ¿De qué curso de redes es requisito esta materia?

Da una respuesta breve y directa, en una sola frase.",MC-6006 Redes de Computadores Avanzadas,"En el curso ""Sistemas Operativos Avanzados"" de la Maestría en Computación, el requisito es el curso ""MC-6004 Sistemas Operativos Avanzados"".",14.17,Sistemas Operativos Avanzados,MC6004,
deepseek-r1-14b-8bit,short_answer,¿Cuál es la duración mínima exigida para la presentación oral?,"En el curso Sistemas Operativos Avanzados de la Maestría en Computación, ¿Cuál es la duración mínima exigida para la presentación oral?

Da una respuesta breve y directa, en una sola frase.",16 minutos,La duración mínima exigida para la presentación oral en el curso Sistemas Operativos Avanzados es de 16 minutos.,12.77,Sistemas Operativos Avanzados,MC6004,
deepseek-r1-14b-8bit,short_answer,¿En qué formato deben confeccionarse los reportes de proyectos y el paper?,"En el curso Sistemas Operativos Avanzados de la Maestría en Computación, ¿En qué formato deben confeccionarse los reportes de proyectos y el paper?

Da una respuesta breve y directa, en una sola frase.",IEEE Transactions,Los reportes de proyectos y el paper deben confeccionarse en formato IEEE Transactions utilizando LaTeX.,11.78,Sistemas Operativos Avanzados,MC6004,
deepseek-r1-14b-8bit,short_answer,¿En qué idioma debe estar escrito el paper de investigación?,"En el curso Sistemas Operativos Avanzados de la Maestría en Computación, ¿En qué idioma debe estar escrito el paper de investigación?

Da una respuesta breve y directa, en una sola frase.",Inglés,"En el curso Sistemas Operativos Avanzados de la Maestría en Computación, el paper de investigación debe estar escrito en inglés.",16.29,Sistemas Operativos Avanzados,MC6004,
deepseek-r1-14b-8bit,short_answer,¿Qué porcentaje total de la nota suman los tres proyectos programados?,"En el curso Sistemas Operativos Avanzados de la Maestría en Computación, ¿Qué porcentaje total de la nota suman los tres proyectos programados?

Da una respuesta breve y directa, en una sola frase.",30%,"En el curso Sistemas Operativos Avanzados de la Maestría en Computación, los tres proyectos programados suman un total del 30% de la nota.",13.56,Sistemas Operativos Avanzados,MC6004,
deepseek-r1-14b-8bit,short_answer,¿Quién es el profesor titular del curso?,"En el curso Sistemas Operativos Avanzados de la Maestría en Computación, ¿Quién es el profesor titular del curso?

Da una respuesta breve y directa, en una sola frase.",Dr. Francisco J. Torres-Rojas,El profesor titular del curso Sistemas Operativos Avanzados de la Maestría en Computación es Dr. Francisco J. Torres-Rojas.,13.06,Sistemas Operativos Avanzados,MC6004,
deepseek-r1-14b-8bit,short_answer,¿En qué periodo del plan de estudios se imparte?,"En el curso Análisis de Algoritmos de la Maestría en Computación, ¿En qué periodo del plan de estudios se imparte?

Da una respuesta breve y directa, en una sola frase.",I Periodo,"En el curso Análisis de Algoritmos de la Maestría en Computación, se imparte en el primer período del plan de estudios.",12.98,Análisis de Algoritmos,MC6102,
deepseek-r1-14b-8bit,short_answer,¿En qué horario se dictan las clases los martes?,"En el curso Análisis de Algoritmos de la Maestría en Computación, ¿En qué horario se dictan las clases los martes?

Da una respuesta breve y directa, en una sola frase.",6:00 p. m. a 8:50 p. m.,"En el curso Análisis de Algoritmos de la Maestría en Computación, las clases se dictan los martes a las 6:00 pm – 8:50 pm.",14.11,Análisis de Algoritmos,MC6102,
deepseek-r1-14b-8bit,short_answer,¿Quién es el profesor del curso?,"En el curso Análisis de Algoritmos de la Maestría en Computación, ¿Quién es el profesor del curso?

Da una respuesta breve y directa, en una sola frase.",José E. Araya,"El profesor del curso Análisis de Algoritmos de la Maestría en Computación es **José E. Araya, Ph.D.**",13.08,Análisis de Algoritmos,MC6102,
deepseek-r1-14b-8bit,short_answer,¿Qué porcentaje de la nota final representan las tareas e investigaciones?,"En el curso Análisis de Algoritmos de la Maestría en Computación, ¿Qué porcentaje de la nota final representan las tareas e investigaciones?

Da una respuesta breve y directa, en una sola frase.",50%,"En el curso Análisis de Algoritmos de la Maestría en Computación, las tareas e investigaciones representan el 50% de la nota final.",13.58,Análisis de Algoritmos,MC6102,
deepseek-r1-14b-8bit,short_answer,¿Qué porcentaje de la evaluación corresponde a los exámenes parciales?,"En el curso Análisis de Algoritmos de la Maestría en Computación, ¿Qué porcentaje de la evaluación corresponde a los exámenes parciales?

Da una respuesta breve y directa, en una sola frase.",50%,"En el curso Análisis de Algoritmos de la Maestría en Computación, los exámenes parciales representan el 50% de la evaluación.",13.73,Análisis de Algoritmos,MC6102,
deepseek-r1-14b-8bit,short_answer,¿Cuál es el libro de texto de carácter obligatorio?,"En el curso Análisis de Algoritmos de la Maestría en Computación, ¿Cuál es el libro de texto de carácter obligatorio?

Da una respuesta breve y directa, en una sola frase.",Fundamentos de Algoritmia de Brassard y Bratley,"El libro de texto obligatorio para el curso Análisis de Algoritmos de la Maestría en Computación es ""Introduction to Algorithms"" de Cormen, Leiserson, Rivest y Stein.",14.15,Análisis de Algoritmos,MC6102,
deepseek-r1-14b-8bit,short_answer,¿Es este curso obligatorio o electivo?,"En el curso Diseño de Experimentos de la Maestría en Computación, ¿Es este curso obligatorio o electivo?

Da una respuesta breve y directa, en una sola frase.",Electivo,El curso Diseño de Experimentos de la Maestría en Computación es obligatorio.,11.67,Diseño de Experimentos,MC6104,
deepseek-r1-14b-8bit,short_answer,¿De qué curso de Seminario de Investigación es requisito?,"En el curso Diseño de Experimentos de la Maestría en Computación, ¿De qué curso de Seminario de Investigación es requisito?

Da una respuesta breve y directa, en una sola frase.",MC-7203 – Seminario de Investigación - Tesis II,"En el curso Diseño de Experimentos de la Maestría en Computación, el requisito es el curso de Seminario de Investigación Tesis II (MC-7203).",13.95,Diseño de Experimentos,MC6104,
deepseek-r1-14b-8bit,short_answer,¿Qué porcentaje de la nota final representan los proyectos?,"En el curso Diseño de Experimentos de la Maestría en Computación, ¿Qué porcentaje de la nota final representan los proyectos?

Da una respuesta breve y directa, en una sola frase.",35%,"En el curso Diseño de Experimentos de la Maestría en Computación, los proyectos representan el 35% de la nota final.",12.89,Diseño de Experimentos,MC6104,
deepseek-r1-14b-8bit,short_answer,¿En qué idioma deben escribirse los reportes de los proyectos?,"En el curso Diseño de Experimentos de la Maestría en Computación, ¿En qué idioma deben escribirse los reportes de los proyectos?

Da una respuesta breve y directa, en una sola frase.",Inglés,"En el curso Diseño de Experimentos de la Maestría en Computación, los reportes de los proyectos deben escribirse en inglés.",16.02,Diseño de Experimentos,MC6104,
deepseek-r1-14b-8bit,short_answer,¿Permite el curso la suficiencia?,"En el curso Diseño de Experimentos de la Maestría en Computación, ¿Permite el curso la suficiencia?

Da una respuesta breve y directa, en una sola frase.",No,"Sí, el curso Diseño de Experimentos de la Maestría en Computación permite la suficiencia.",12.19,Diseño de Experimentos,MC6104,
deepseek-r1-14b-8bit,short_answer,¿Qué porcentaje de la nota corresponde al segundo examen parcial?,"En el curso Diseño de Experimentos de la Maestría en Computación, ¿Qué porcentaje de la nota corresponde al segundo examen parcial?

Da una respuesta breve y directa, en una sola frase.",25%,"En el curso Diseño de Experimentos de la Maestría en Computación, el segundo examen parcial corresponde al 25% de la nota.",13.27,Diseño de Experimentos,MC6104,
deepseek-r1-14b-8bit,short_answer,¿Cuál es el correquisito obligatorio de este curso?,"En el curso Introducción a la Investigación de la Maestría en Computación, ¿Cuál es el correquisito obligatorio de este curso?

Da una respuesta breve y directa, en una sola frase.",MC-7205 Tema Selecto de Investigación,"El curso ""Introducción a la Investigación"" de la Maestría en Computación no tiene requisitos previos obligatorios.",12.65,Introducción a la Investigación,MC7201,
deepseek-r1-14b-8bit,short_answer,¿Qué porcentaje de la nota final representa la presentación?,"En el curso Introducción a la Investigación de la Maestría en Computación, ¿Qué porcentaje de la nota final representa la presentación?

Da una respuesta breve y directa, en una sola frase.",25%,"En el curso Introducción a la Investigación de la Maestría en Computación, la presentación representa un 25% de la nota final.",13.11,Introducción a la Investigación,MC7201,
deepseek-r1-14b-8bit,short_answer,¿Qué herramienta es obligatoria para preparar las presentaciones?,"En el curso Introducción a la Investigación de la Maestría en Computación, ¿Qué herramienta es obligatoria para preparar las presentaciones?

Da una respuesta breve y directa, en una sola frase.",Beamer,"En el curso Introducción a la Investigación de la Maestría en Computación, la herramienta obligatoria para preparar las presentaciones es **Beamer**.",13.45,Introducción a la Investigación,MC7201,
deepseek-r1-14b-8bit,short_answer,¿En qué idioma debe escribirse el paper de investigación?,"En el curso Introducción a la Investigación de la Maestría en Computación, ¿En qué idioma debe escribirse el paper de investigación?

Da una respuesta breve y directa, en una sola frase.",Inglés,"En el curso Introducción a la Investigación de la Maestría en Computación, el paper de investigación debe escribirse en inglés.",16.07,Introducción a la Investigación,MC7201,
deepseek-r1-14b-8bit,short_answer,¿Quién es el profesor titular del curso?,"En el curso Introducción a la Investigación de la Maestría en Computación, ¿Quién es el profesor titular del curso?

Da una respuesta breve y directa, en una sola frase.",Dr. Francisco J. Torres-Rojas,El profesor titular del curso Introducción a la Investigación de la Maestría en Computación es Dr. Francisco J. Torres-Rojas.,13.05,Introducción a la Investigación,MC7201,
deepseek-r1-14b-8bit,short_answer,¿Permite el curso la posibilidad de reconocimiento?,"En el curso Introducción a la Investigación de la Maestría en Computación, ¿Permite el curso la posibilidad de reconocimiento?

Da una respuesta breve y directa, en una sola frase.",Sí,"Sí, el curso Introducción a la Investigación de la Maestría en Computación permite la posibilidad de reconocimiento.",12.62,Introducción a la Investigación,MC7201,
deepseek-r1-14b-8bit,open_ended,¿Cuál es el propósito principal de integrar inteligencia artificial en un Centro de Operaciones en Seguridad (SOC)?,"En el curso Análisis de Datos en Ciberseguridad de la Maestría en Ciberseguridad, ¿Cuál es el propósito principal de integrar inteligencia artificial en un Centro de Operaciones en Seguridad (SOC)?

Da una respuesta completa y explicativa.",Facilitar la distinción de vectores de ataque y permitir una toma de decisiones más precisa en la respuesta a incidentes.,"En el curso ""Análisis de Datos en Ciberseguridad"" de la Maestría en Ciberseguridad, el propósito principal de integrar inteligencia artificial en un Centro de Operaciones en Seguridad (SOC) es mejorar la eficiencia y precisión en la detección y respuesta a incidentes de seguridad cibernética. La inteligencia artificial (IA) se utiliza para analizar grandes volúmenes de datos en tiempo real, identificar patrones y comportamientos anómalos, y automatizar tareas repetitivas, lo que permite a los profesionales de seguridad focalizarse en amenazas más graves y actuar de manera más rápida y efectiva. Además, la IA mejora la capacidad de prevenir, detectar y mitigar amenazas mediante el aprendizaje automático y el modelado de riesgos, contribuyendo a una mayor seguridad cibernética overall.",29.45,Análisis de Datos en Ciberseguridad,MC1001,
deepseek-r1-14b-8bit,open_ended,¿Qué temas matemáticos específicos debe dominar el estudiante para tener un buen desempeño?,"En el curso Análisis de Datos en Ciberseguridad de la Maestría en Ciberseguridad, ¿Qué temas matemáticos específicos debe dominar el estudiante para tener un buen desempeño?

Da una respuesta completa y explicativa.","Conceptos de estadística y cálculo diferencial integral, como distribuciones de probabilidad, regresiones y optimización.","Para tener un buen desempeño en el curso ""Análisis de Datos en Ciberseguridad"" de la Maestría en Ciberseguridad, el estudiante debe dominar los siguientes temas matemáticos específicos:

1. **Optimización (de funciones):** Comprender los conceptos básicos de optimización, incluyendo cómo maximizar o minimizar funciones objetivo bajo ciertas restricciones. Esto es fundamental para la toma de decisiones en la detección de amenazas y el perfilado de comportamientos.

2. **Distribuciones y pruebas de hipótesis:** Conocer diferentes tipos de distribuciones de probabilidad (como la normal, binomial, t, chi-cuadrado, etc.) y cómo realizar pruebas de hipótesis para determinar si las diferencias observadas en los datos son estadísticamente significativas.

3. **Regresión lineal simple:** Aprender cómo modelar relaciones lineales entre variables independientes y dependientes, lo que es esencial para analizar patrones y relaciones en los datos cibernéticos.

4. **Regresión logarítmica:** Entender cómo aplicar regresión logística para predecir eventos binarios (como la detección de amenazas) basándose en variables predictoras.

5. **Validación cruzada:** Saber cómo evaluar el rend",40.29,Análisis de Datos en Ciberseguridad,MC1001,
deepseek-r1-14b-8bit,open_ended,¿Cómo contribuye este curso a la perfilación del comportamiento humano y de software?,"En el curso Análisis de Datos en Ciberseguridad de la Maestría en Ciberseguridad, ¿Cómo contribuye este curso a la perfilación del comportamiento humano y de software?

Da una respuesta completa y explicativa.","Provee técnicas de detección de anomalías, minería de datos en tiempo real y procesamiento distribuido para analizar grandes volúmenes de datos.","El curso ""Análisis de Datos en Ciberseguridad"" de la Maestría en Ciberseguridad contribuye significativamente a la perfilación del comportamiento humano y de software a través de varias técnicas y herramientas avanzadas. Aquí están los detalles clave:

1. **Técnicas de Análisis de Datos**:
   - **Detección de Anomalías**: Se utilizan algoritmos de aprendizaje automático para identificar comportamientos anómalos en grandes volúmenes de datos, lo que permite detectar posibles amenazas o actividades fraudulentas.
   - **Minería de Datos en Tiempo Real (Stream Mining)**: Se analizan flujos continuos de datos para detectar patrones y comportamientos en tiempo real, útil para responder rápidamente a incidentes.
   - **Procesamiento de Datos Distribuidos**: Herramientas como Hadoop y Spark permiten analizar datos distribuidos en entornos escalables, facilitando la detección de patrones complejos.

2. **Perfilación del Comportamiento Humano**:
   - **Análisis de Bitácoras**: Se examinan registros de actividad para identificar patrones de comportamiento, ayudando a detectar actividades sospechosas o fraudulentas.
   - **Fingerprinting**: Se utilizan técnicas para identificar usuarios basándose en sus hu",40.32,Análisis de Datos en Ciberseguridad,MC1001,
deepseek-r1-14b-8bit,open_ended,¿Qué capacidades desarrolla el estudiante respecto al diagnóstico de software?,"En el curso Análisis de Datos en Ciberseguridad de la Maestría en Ciberseguridad, ¿Qué capacidades desarrolla el estudiante respecto al diagnóstico de software?

Da una respuesta completa y explicativa.",La capacidad de desarrollar soluciones para el descubrimiento de conocimiento y análisis de amenazas mediante herramientas de análisis de datos.,"En el curso ""Análisis de Datos en Ciberseguridad"" de la Maestría en Ciberseguridad, el estudiante desarrolla las siguientes capacidades relacionadas con el diagnóstico de software:

1. **Análisis de Detección de Anomalías**: El estudiante aprende a identificar y diagnosticar amenazas y comportamientos anómalos en el software mediante el uso de algoritmos de aprendizaje automático y técnicas de minería de datos.

2. **Profilaje de Comportamiento**: Se capacita para construir perfiles de comportamiento de personas y software, respetando la privacidad, lo que permite optimizar los controles de seguridad.

3. **Análisis de Riesgos y Vulnerabilidades**: El estudiante adquiere habilidades para analizar vulnerabilidades en bitácoras de sistemas y detectar conductas fraudulentas utilizando modelos de aprendizaje automático.

4. **Uso de Herramientas de Análisis**: Aprende a emplear herramientas de software especializadas en análisis de datos para diagnosticar y resolver problemas en el software relacionado con ciberseguridad.

5. **Resolución de Problemas Técnicos**: El estudiante desarrolla habilidades para aplicar soluciones técnicas y resolver problemas complejos en el diagnóstico de software, asegurando la confidencialidad, integ",40.31,Análisis de Datos en Ciberseguridad,MC1001,
deepseek-r1-14b-8bit,open_ended,¿En qué consiste la metodología de evaluación práctica del curso?,"En el curso Análisis de Datos en Ciberseguridad de la Maestría en Ciberseguridad, ¿En qué consiste la metodología de evaluación práctica del curso?

Da una respuesta completa y explicativa.",Se basa principalmente en laboratorios (75% de la nota) y la resolución de casos de estudio (20%).,"La metodología de evaluación práctica del curso ""Análisis de Datos en Ciberseguridad"" de la Maestría en Ciberseguridad se compone de los siguientes componentes:

1. **Laboratorios (75%)**:
   - Los laboratorios son la parte más significativa de la evaluación, representando el 75% de la calificación total.
   - Estos laboratorios están diseñados para aplicar los conceptos teóricos aprendidos en clase a situaciones prácticas relacionadas con el análisis de datos en ciberseguridad.
   - Los estudiantes trabajan con herramientas de software de análisis de datos para desarrollar soluciones para la detección de anomalías, minería de datos en tiempo real, procesamiento de datos distribuidos y técnicas de ingeniería inversa automatizada.
   - Los laboratorios permiten a los estudiantes adquirir habilidades prácticas y enfrentar desafíos similares a los que se encuentran en entornos reales de ciberseguridad.

2. **Resolución de casos de estudio (20%)**:
   - Los casos de estudio son problemas complejos y relevantes que los estudiantes deben resolver aplicando los conocimientos y habilidades adquiridas durante el curso.
   - Esto fomenta la aplicación crítica de los conceptos teóricos en contextos prácticos, lo",40.33,Análisis de Datos en Ciberseguridad,MC1001,
deepseek-r1-14b-8bit,open_ended,¿Qué técnicas de minería de datos se aplican específicamente para el procesamiento en tiempo real?,"En el curso Análisis de Datos en Ciberseguridad de la Maestría en Ciberseguridad, ¿Qué técnicas de minería de datos se aplican específicamente para el procesamiento en tiempo real?

Da una respuesta completa y explicativa.","Se estudian los filtros de Bloom, hashes localmente sensibles y árboles de Hoeffding.","En el curso **Análisis de Datos en Ciberseguridad** de la Maestría en Ciberseguridad, se aplican varias técnicas de minería de datos específicamente para el procesamiento en tiempo real. Estas técnicas son fundamentales para detectar amenazas, analizar patrones y tomar decisiones rápidas en un entorno dinámico y en constante evolución. A continuación, se detallan las técnicas más relevantes:

### 1. **Minería de Patrones Frecuentes (Frequent Pattern Mining)**
   - **Descripción**: Se enfoca en identificar conjuntos de elementos que aparecen juntos con frecuencia en los datos. Esto es útil para detectar comportamientos anómalos o patrones de ataque.
   - **Aplicación**: Identificar combinaciones de actividades que podrían indicar una amenaza, como la conexión de dispositivos en momentos inusuales o la ejecución de comandos específicos.

### 2. **Perfilación Estadística (Statistical Profiling)**
   - **Descripción**: Utiliza técnicas estadísticas para crear perfiles de comportamiento basados en datos históricos. Esto permite comparar el comportamiento actual contra lo esperado.
   - **Aplicación**: Crear perfiles de usuarios normales y detectar desviaciones que puedan indicar actividad maliciosa.",40.27,Análisis de Datos en Ciberseguridad,MC1001,
deepseek-r1-14b-8bit,open_ended,¿Qué rol desempeña la criptografía en la infraestructura de Internet actual?,"En el curso Seguridad y Criptografía de la Maestría en Ciberseguridad, ¿Qué rol desempeña la criptografía en la infraestructura de Internet actual?

Da una respuesta completa y explicativa.","Actúa como el medio para asegurar la confidencialidad, autenticidad e integridad de las comunicaciones y los datos almacenados.","La criptografía desempeña un papel fundamental en la infraestructura de Internet actual, garantizando la confidencialidad, autenticidad, integridad y disponibilidad de los datos transmitidos. A continuación, se detalla su rol:

1. **Confidencialidad**: Utiliza algoritmos de cifrado simétrico (como AES) y asimétrico (como RSA) para proteger la información contra accesos no autorizados.

2. **Autenticidad**: Implementa firmas digitales y protocolos como Diffie-Hellman para verificar la identidad de los usuarios y dispositivos.

3. **Integridad**: Emprega hash functions (SHA-256) para detectar alteraciones en los datos durante la transmisión.

4. **Disponibilidad**: Protege contra amenazas cibernéticas mediante VPNs y firewalls, asegurando el acceso seguro a recursos.

5. **Protocolos Clave**: Integra protocolos como TLS/SSL para proteger las comunicaciones en sitios web y HTTPS para garantizar la seguridad en la transmisión de datos.

En resumen, la criptografía es esencial para mantener la seguridad en Internet, protegiendo información sensible y asegurando las transacciones en línea.",37.22,Seguridad y Criptografía,MC1003,
deepseek-r1-14b-8bit,open_ended,¿Qué aspectos avanzados de la matemática se exploran para entender los cifrados modernos?,"En el curso Seguridad y Criptografía de la Maestría en Ciberseguridad, ¿Qué aspectos avanzados de la matemática se exploran para entender los cifrados modernos?

Da una respuesta completa y explicativa.","El estudio de curvas elípticas, ataques diferenciales y lineales, y el protocolo Diffie-Hellman.","En el curso de **Seguridad y Criptografía** de la Maestría en Ciberseguridad, se exploran varios aspectos avanzados de la matemática que son fundamentales para entender los cifrados modernos. Estos incluyen:

1. **Teoría de números**:
   - Propiedades de los números primos.
   - Operaciones modulares.
   - Algoritmos para la factorización de números grandes.

2. **Estructuras algebraicas**:
   - Grupos, campos y espacios vectoriales.
   - Operaciones en estos conjuntos y su aplicación en criptografía.

3. **Funciones matemáticas especiales**:
   - Funciones hash y sus propiedades.
   - Funciones de encriptación y desencriptación.

4. **Análisis de complejidad**:
   - Evaluación del tiempo y recursos necesarios para romper un cifrado.
   - Conceptos de seguridad computacional.

5. **Matemática cuántica**:
   - Introducción a los algoritmos cuánticos y su impacto en la criptografía.

Estos temas se integran para comprender cómo se construyen y analizan los sistemas de encriptación modernos, asegurando la confidencialidad y integridad de la información.",38.52,Seguridad y Criptografía,MC1003,
deepseek-r1-14b-8bit,open_ended,¿Qué diferencias conceptuales se analizan entre las primitivas de criptografía simétrica y asimétrica?,"En el curso Seguridad y Criptografía de la Maestría en Ciberseguridad, ¿Qué diferencias conceptuales se analizan entre las primitivas de criptografía simétrica y asimétrica?

Da una respuesta completa y explicativa.","Se estudia el rol de las funciones hash, las firmas digitales y la infraestructura de llave pública y privada (PKI).","En el curso de Seguridad y Criptografía de la Maestría en Ciberseguridad, se analizan las siguientes diferencias conceptuales entre las primitivas de criptografía simétrica y asimétrica:

### 1. **Definición y Propósito**
- **Criptografía Simétrica**: Utiliza un único secreto compartido (llave) tanto para encriptar como para desencriptar los datos. Su propósito principal es garantizar la confidencialidad de la información.
- **Criptografía Asimétrica**: Utiliza un par de llaves, una pública y otra privada, que son matemáticamente relacionadas pero no derivables una de la otra. Su propósito incluye garantizar la confidencialidad, autenticidad, integridad y no repudio.

### 2. **Llaves**
- **Criptografía Simétrica**: Una sola llave secreta compartida entre el emisor y el receptor.
- **Criptografía Asimétrica**: Dos llaves: la llave pública (disponible para任何人) y la llave privada (solo conocida por el receptor).

### 3. **Proceso de Encriptación y Desencriptación**
- **Criptografía Simétrica**: El mismo secreto compartido se utiliza para encriptar y desencriptar.
- **Criptografía As",40.34,Seguridad y Criptografía,MC1003,
deepseek-r1-14b-8bit,open_ended,¿Sobre qué tendencias futuras en el campo de la seguridad se discute en clase?,"En el curso Seguridad y Criptografía de la Maestría en Ciberseguridad, ¿Sobre qué tendencias futuras en el campo de la seguridad se discute en clase?

Da una respuesta completa y explicativa.",Sobre los avances y desafíos que presenta la criptografía cuántica.,"En el curso de Seguridad y Criptografía de la Maestría en Ciberseguridad, se discuten varias tendencias futuras en el campo de la seguridad. Algunas de ellas incluyen:

1. **Criptografía Cuántica**: Se aborda cómo la computación cuántica podría revolucionar la criptografía, especialmente en relación con la seguridad de los algoritmos actuales y la necesidad de desarrollar nuevos estándares resistentes a esta tecnología.

2. **Avances en Protocolos de Seguridad**: Se analizan los últimos avances en protocolos de seguridad, como el protocolo Diffie-Hellman mejorado y las curvas elípticas, y cómo estos se adaptan a los nuevos desafíos tecnológicos.

3. **Seguridad en Redes y Sistemas Distribuidos**: Se discute la evolución de las técnicas de seguridad en redes y sistemas distribuidos, incluyendo el uso de Stream Ciphers y la implementación de mecanismos de encriptación avanzados.

4. **Privacidad y Protección de Datos**: Se enfatiza la importancia de la privacidad en un mundo cada vez más conectado, explorando tendencias como el cumplimiento de normativas internacionales y la implementación de políticas de privacidad efectivas.

5. **Tendencias en Ataques y Amenazas**:",40.3,Seguridad y Criptografía,MC1003,
deepseek-r1-14b-8bit,open_ended,¿Qué elementos históricos sirven de base para comprender la evolución del cifrado?,"En el curso Seguridad y Criptografía de la Maestría en Ciberseguridad, ¿Qué elementos históricos sirven de base para comprender la evolución del cifrado?

Da una respuesta completa y explicativa.","El estudio del Cifrado César, la máquina Enigma y el cifrado por permutación, entre otros.","En el curso de Seguridad y Criptografía de la Maestría en Ciberseguridad, los elementos históricos que sirven de base para comprender la evolución del cifrado incluyen:

1. **Introducción al Cifrado César**: Este método antiguo utiliza un desplazamiento fijo de las letras del alfabeto para encriptar mensajes. Es un ejemplo temprano de un cifrado simple y básico.

2. **Cifrado por Sustitución**: Este método reemplaza cada letra del alfabeto con otra letra fija, creando un mapeo uno-a-uno. Es más complejo que el César pero aún vulnerable a ciertos tipos de análisis.

3. **La Máquina Enigma**: Utilizada durante la Segunda Guerra Mundial por los alemanes, la Enigma fue un avance significativo en la criptografía mecanizada, aunque fue vulnerable a determinadas técnicas de cracking.

4. **Cifrado por Permutación**: Este método involucra cambios en el orden de las letras del mensaje, añadiendo una capa de complejidad al cifrado.

5. **Cifrado de Flujo (Stream Ciphers)**: Estos ciphers encriptan los datos en tiempo real, siendo utilizados en aplicaciones de comunicación en tiempo real.

6. **Cifrado de Bloque (Block",40.33,Seguridad y Criptografía,MC1003,
deepseek-r1-14b-8bit,open_ended,¿Cómo se estructura el sistema de evaluación del aprendizaje en esta materia?,"En el curso Seguridad y Criptografía de la Maestría en Ciberseguridad, ¿Cómo se estructura el sistema de evaluación del aprendizaje en esta materia?

Da una respuesta completa y explicativa.","Se compone de tareas para asimilación de materia (50%), laboratorios prácticos (20%) y un examen final (30%).","En el curso de **Seguridad y Criptografía** de la Maestría en Ciberseguridad, el sistema de evaluación del aprendizaje se estructura de la siguiente manera:

1. **Tareas** (50%):
   - Se asignan tareas relacionadas con la aplicación práctica de los conceptos teóricos aprendidos en clase.
   - Estas tareas buscan reforzar la comprensión de los temas como la implementación de algoritmos criptográficos, análisis de vulnerabilidades y diseño de sistemas seguros.
   - Los estudiantes deben demostrar su capacidad para resolver problemas y aplicar los conocimientos en情境os reales.

2. **Laboratorios prácticos** (20%):
   - Los laboratorios permiten a los estudiantes poner en práctica las técnicas y herramientas estudiadas en clase.
   - Ejemplo: Configuración de protocolos criptográficos, implementación de sistemas de encriptación y análisis de datos en tiempo real.
   - Esto fomenta la adquisición de habilidades prácticas y la resolución de problemas complejos.

3. **Examen final** (30%):
   - El examen final evalúa la comprensión global del curso, incluyendo la capacidad para aplicar conceptos avanzados de criptografía y seguridad.
   - Se enfoca en la resolución de problemas",40.32,Seguridad y Criptografía,MC1003,
deepseek-r1-14b-8bit,open_ended,¿Por qué es fundamental la gestión de procesos ante la vulnerabilidad tecnológica de los negocios?,"En el curso Políticas y Gobernanza en Ciberseguridad de la Maestría en Ciberseguridad, ¿Por qué es fundamental la gestión de procesos ante la vulnerabilidad tecnológica de los negocios?

Da una respuesta completa y explicativa.","Porque permite minimizar riesgos y amenazas de manera efectiva, asegurando la continuidad del negocio y el ahorro en costos.","En el curso ""Políticas y Gobernanza en Ciberseguridad"" de la Maestría en Ciberseguridad, la gestión de procesos es fundamental ante la vulnerabilidad tecnológica de los negocios debido a varios motivos:

1. **Identificación y Evaluación de Riesgos**: La gestión de procesos permite identificar y evaluar los riesgos cibernéticos que pueden afectar a los negocios. Esto incluye la detección de amenazas, vulnerabilidades y exposiciones, lo cual es esencial para采取 medidas preventivas y correctivas.

2. **Implementación de Políticas Efectivas**: A través de la gestión de procesos, se pueden desarrollar y aplicar políticas y normativas que regulen el uso de tecnologías y aseguren la confidencialidad, integridad y disponibilidad de la información.

3. **Alineación con la Estrategia Empresarial**: La gestión de procesos asegura que las acciones de ciberseguridad estén alineadas con los objetivos y estrategias generales de la organización, lo que contribuye a la continuidad del negocio y a la creación de valor.

4. **Mejora Continua**: Los procesos de gestión permiten la mejora continua de las prácticas de ciberseguridad, mediante la revisión y actualización constante de las políticas y",40.41,Políticas y Gobernanza en Ciberseguridad,MC1006,
deepseek-r1-14b-8bit,open_ended,¿Qué áreas de especialización se utilizan como marco de referencia para el conocimiento en este curso?,"En el curso Políticas y Gobernanza en Ciberseguridad de la Maestría en Ciberseguridad, ¿Qué áreas de especialización se utilizan como marco de referencia para el conocimiento en este curso?

Da una respuesta completa y explicativa.",El Framework NICE y las áreas de conocimiento en ciberseguridad según la ACM.,"En el curso ""Políticas y Gobernanza en Ciberseguridad"" de la Maestría en Ciberseguridad, se utilizan como marco de referencia las siguientes áreas de especialización:

1. **Áreas de Conocimiento en Ciberseguridad según ACM (Asociación para el Avance de la Computación)**:
   - Este marco define las habilidades y conocimientos esenciales para los profesionales en ciberseguridad, proporcionando una guía para el desarrollo de habilidades en diferentes áreas como seguridad de sistemas, gestión de riesgos, forense digital, entre otros.

2. **Áreas de Especialización en Ciberseguridad según el Framework NICE (National Initiative for Cybersecurity Education)**:
   - Este marco organiza las habilidades en ciberseguridad en tres categorías principales: Técnicas, Gestión y Operativas. Cada categoría se subdivide en subáreas que abarcan desde el desarrollo de herramientas hasta la gestión de incidentes.

Estas áreas de especialización se utilizan para estructurar el conocimiento y guiar la enseñanza y aprendizaje en el curso, asegurando que los estudiantes adquieran una comprensión integral de las políticas y la gobernanza en ciberseguridad.",38.13,Políticas y Gobernanza en Ciberseguridad,MC1006,
deepseek-r1-14b-8bit,open_ended,¿Cómo se aborda el diagnóstico del riesgo organizacional en este programa?,"En el curso Políticas y Gobernanza en Ciberseguridad de la Maestría en Ciberseguridad, ¿Cómo se aborda el diagnóstico del riesgo organizacional en este programa?

Da una respuesta completa y explicativa.",Mediante el uso de métricas de seguridad para la toma de decisiones estratégicas y modelos de evaluación de riesgo.,"En el curso ""Políticas y Gobernanza en Ciberseguridad"" de la Maestría en Ciberseguridad, el diagnóstico del riesgo organizacional se aborda de manera integral y estructurada, con el fin de equiparar a los estudiantes para identificar, evaluar y mitigar los riesgos cibernéticos que puedan afectar a una organización. Este enfoque se centra en tres componentes clave: la identificación de riesgos, la evaluación de los mismos y la implementación de controles efectivos.

### 1. **Identificación de Riesgos**
El curso inicia con la identificación de riesgos, donde los estudiantes aprenden a detectar amenazas y vulnerabilidades que podrían impactar los activos de la organización. Esto incluye el análisis de las amenazas internas y externas, como ataques cibernéticos, errores humanos, y fallas en los sistemas. Además, se enfatiza en la importancia de considerar el contexto regulatorio y legal, como las leyes de protección de datos y los estándares internacionales de ciberseguridad.

### 2. **Evaluación de Riesgos**
Una vez identificados los riesgos, el curso aborda su evaluación. Esto implica analizar la probabilidad y el impacto de cada riesgo, utilizando herramientas y metodolog",40.36,Políticas y Gobernanza en Ciberseguridad,MC1006,
deepseek-r1-14b-8bit,open_ended,"¿Qué importancia tiene el principio de ""Seguridad por diseño"" en el ciclo de vida del software?","En el curso Políticas y Gobernanza en Ciberseguridad de la Maestría en Ciberseguridad, ¿Qué importancia tiene el principio de ""Seguridad por diseño"" en el ciclo de vida del software?

Da una respuesta completa y explicativa.",Es un criterio clave para el aprovisionamiento de soluciones tecnológicas seguras y la planificación de requerimientos.,"En el curso ""Políticas y Gobernanza en Ciberseguridad"" de la Maestría en Ciberseguridad, el principio de ""Seguridad por diseño"" adquiere una importancia fundamental en el ciclo de vida del software. Este enfoque proactivo se centra en integrar las consideraciones de seguridad desde las etapas iniciales del desarrollo, lo que permite identificar y mitigar riesgos tempranamente, antes de que estos se conviertan en vulnerabilidades costosas de corregir.

**Importancia del ""Seguridad por diseño"":**

1. **Prevención de Riesgos:** Al incorporar la seguridad desde el diseño, se minimizan los riesgos de seguridad en etapas posteriores, donde serían más costosos de resolver. Esto reduce la probabilidad de que amenazas exploten vulnerabilidades en el software.

2. **Eficiencia y Efectividad:** La integración de prácticas seguras desde el inicio del desarrollo asegura que el software cumpla con los estándares de seguridad necesarios, lo que mejora su robustez y fiabilidad.

3. **Cumplimiento Regulatorio:** Muchas industrias tienen regulaciones específicas que requieren que los sistemas sean seguros por diseño. Este enfoque asegura el cumplimiento de dichas normativas, evitando posibles sanciones legales.

4. **",40.57,Políticas y Gobernanza en Ciberseguridad,MC1006,
deepseek-r1-14b-8bit,open_ended,¿Qué elementos legales se analizan respecto a la protección de datos en Costa Rica?,"En el curso Políticas y Gobernanza en Ciberseguridad de la Maestría en Ciberseguridad, ¿Qué elementos legales se analizan respecto a la protección de datos en Costa Rica?

Da una respuesta completa y explicativa.",La legislación sobre delitos informáticos y la Ley 8968 de Protección de los Datos.,"En el curso ""Políticas y Gobernanza en Ciberseguridad"" de la Maestría en Ciberseguridad, se analizan varios elementos legales relacionados con la protección de datos en Costa Rica. Entre ellos se encuentran:

1. **Principios Introductorios sobre leyes e investigación legal**: Se aborda la base legal necesaria para entender cómo se regulan los datos en el contexto cibernético.

2. **Jurisdicción territorial, contenido en línea, delitos informáticos y protección de datos**: Se enfoca en cómo se aplica la ley en línea y los delitos relacionados con la información digital.

3. **Ley 8968 de Protección de los Datos**: Esta ley es fundamental en Costa Rica para la protección de datos personales. Se estudia su marco regulatorio, los derechos de los titulares de datos y las obligaciones de los responsables de datos.

4. **GDPR (General Data Protection Regulation)**: Aunque no es una ley costarricense, se compara con el GDPR para entender buenas prácticas internacionales en la protección de datos.

5. **Privacidad**: Se analiza cómo se garantiza la privacidad de los datos en diferentes contextos, incluyendo el tratamiento y almacenamiento de información sensible.

6. **Propiedad Intelectual**: Se relaciona con la protección de datos al探讨如何保护知识产权",40.32,Políticas y Gobernanza en Ciberseguridad,MC1006,
deepseek-r1-14b-8bit,open_ended,¿Cuál es el objetivo de integrar los KPI de ciberseguridad con la visión de la empresa?,"En el curso Políticas y Gobernanza en Ciberseguridad de la Maestría en Ciberseguridad, ¿Cuál es el objetivo de integrar los KPI de ciberseguridad con la visión de la empresa?

Da una respuesta completa y explicativa.",Lograr una alineación estratégica que permita gestionar el portafolio de proyectos de seguridad según la misión organizacional.,"En el curso ""Políticas y Gobernanza en Ciberseguridad"" de la Maestría en Ciberseguridad, el objetivo de integrar los KPI (Indicadores Clave de Rendimiento) de ciberseguridad con la visión de la empresa esencialmente busca alinear las métricas de seguridad con los objetivos estratégicos y operativos de la organización. Esto permite a las empresas medir el impacto de sus esfuerzos en ciberseguridad en términos que sean relevantes para la dirección general, asegurando que las inversiones y acciones en seguridad se alineen con los valores y metas de la compañía. Además, esta integración facilita la toma de decisiones informadas, mejora la comunicación con los stakeholders y permite evaluar el retorno de la inversión en ciberseguridad, contribuyendo a la sostenibilidad y resiliencia del negocio en un entorno digital cada vez más amenazado.",31.05,Políticas y Gobernanza en Ciberseguridad,MC1006,
deepseek-r1-14b-8bit,open_ended,¿Desde qué perspectiva se analizan vulnerabilidades como el Buffer Overflow?,"En el curso Seguridad de Software Avanzado de la Maestría en Ciberseguridad, ¿Desde qué perspectiva se analizan vulnerabilidades como el Buffer Overflow?

Da una respuesta completa y explicativa.",Desde una perspectiva avanzada que estudia vectores de ataque utilizados para violentar el software creado.,"En el curso ""Seguridad de Software Avanzado"" de la Maestría en Ciberseguridad, las vulnerabilidades como el Buffer Overflow se analizan desde una perspectiva multidisciplinaria que combina aspectos técnicos, metodológicos y prácticos. Este enfoque permite a los estudiantes comprender no solo cómo ocurren estas vulnerabilidades, sino también cómo pueden ser explotadas y mitigadas en diferentes contextos.

### 1. **Perspectiva Técnica**
   - **Mecanismo de funcionamiento**: Se estudia cómo el Buffer Overflow ocurre debido a la escritura de datos en una región de memoria no asignada, lo que puede modificar el código en ejecución.
   - **Ejemplos y casos reales**: Se analizan ejemplos de códigos que contienen vulnerabilidades de Buffer Overflow y cómo estas pueden ser explotadas para realizar injerencias.
   - **Impacto en el sistema**: Se evalúa cómo una explotación exitosa puede conducir a la ejecución de código malicioso, la alteración de datos o el崩溃 del sistema.

### 2. **Perspectiva de Seguridad**
   - **Vectores de ataque**: Se identifican los vectores de ataque que pueden explotar Buffer Overflow, como inyecciones de entrada no validada.
   - **Prevención",40.32,Seguridad de Software Avanzado,MC3001,
deepseek-r1-14b-8bit,open_ended,¿Qué estrategias de defensa se consideran para prevenir ataques a las aplicaciones?,"En el curso Seguridad de Software Avanzado de la Maestría en Ciberseguridad, ¿Qué estrategias de defensa se consideran para prevenir ataques a las aplicaciones?

Da una respuesta completa y explicativa.","Técnicas de programación segura, modelado de vulnerabilidades y técnicas avanzadas de pruebas de seguridad.","En el curso ""Seguridad de Software Avanzado"" de la Maestría en Ciberseguridad, se consideran varias estrategias de defensa para prevenir ataques a las aplicaciones. Estas estrategias incluyen:

1. **Seguridad desde el Diseño (Security by Design):**  
   - Integra la seguridad en todas las etapas del desarrollo del software, desde el diseño inicial hasta la implementación y mantenimiento.  
   - Se enfoca en identificar vulnerabilidades tempranas y aplicar técnicas de mitigación.

2. **Validación de Entrada (Input Validation):**  
   - Se asegura de que los datos ingresados a las aplicaciones sean correctos, completos y estén dentro de los límites esperados.  
   - Previene ataques como la inyección de SQL y XSS.

3. **Control de Acceso:**  
   - Implementación de mecanismos de autenticación y autorización robustos.  
   - Ejemplo: RBAC (Role-Based Access Control) para controlar quién puede acceder a qué recursos.

4. **Prevención de Sobrecargas (Buffer Overflow Protection):**  
   - Uso de tecnologías como ASLR (Address Space Layout Randomization) y DEP (Data Execution Prevention) para evitar la ejecución de código malicioso.  
   - Aplicación de SafeMalloc y ver",40.34,Seguridad de Software Avanzado,MC3001,
deepseek-r1-14b-8bit,open_ended,"¿Cómo influye el concepto de ""Seguridad por Diseño"" en el estudiante?","En el curso Seguridad de Software Avanzado de la Maestría en Ciberseguridad, ¿Cómo influye el concepto de ""Seguridad por Diseño"" en el estudiante?

Da una respuesta completa y explicativa.","Lo capacita para diseñar soluciones que garanticen la tríada de la seguridad (confidencialidad, integridad y disponibilidad) desde el inicio del desarrollo.","En el curso ""Seguridad de Software Avanzado"" de la Maestría en Ciberseguridad, el concepto de ""Seguridad por Diseño"" influye en los estudiantes de manera significativa al proporcionarles una metodología proactiva para integrar la seguridad en el proceso de desarrollo de software desde etapas tempranas. Esto se traduce en:

1. **Conciencia y Enfoque Proactivo**: Los estudiantes aprenden a considerar la seguridad no como un paso final, sino como un componente integral del diseño, lo que les permite anticipar y mitigar riesgos antes de que se conviertan en vulnerabilidades.

2. **Mejor Estructuración de Sistemas**: A través de este enfoque, los estudiantes pueden crear sistemas más robustos y resistentes a amenazas, lo que mejora la confidencialidad, integridad y disponibilidad de los datos.

3. **Reducción de Costos y Tiempo**: Diseñar con seguridad desde el inicio reduce los costos de corrección posteriores y acelera el desarrollo, ya que se eliminan etapas de revisión y parcheos.

4. **Cumplimiento de Normativas**: El enfoque de ""Seguridad por Diseño"" ayuda a los estudiantes a entender y aplicar estándares y regulaciones relevantes, asegurando que los sistemas cumplan con los requisitos leg",40.47,Seguridad de Software Avanzado,MC3001,
deepseek-r1-14b-8bit,open_ended,¿Qué temas abarca la administración de riesgo aplicada específicamente al software?,"En el curso Seguridad de Software Avanzado de la Maestría en Ciberseguridad, ¿Qué temas abarca la administración de riesgo aplicada específicamente al software?

Da una respuesta completa y explicativa.","Identificación de riesgos técnicos y de negocio, priorización de riesgos y validación de correcciones.","En el curso ""Seguridad de Software Avanzado"" de la Maestría en Ciberseguridad, la administración de riesgo aplicada específicamente al software abarca los siguientes temas:

1. **Introducción a la Seguridad del Software**:
   - Historia y evolución de la seguridad en el software.
   - Conceptos fundamentales de seguridad del software y sus implicaciones.

2. **Administración de Riesgos**:
   - Comprendiendo el contexto del negocio en el que opera el software.
   - Identificación de riesgos técnicos y de negocio relacionados con el software.
   - Sintetización y priorización de riesgos basados en su impacto y probabilidad.
   - Definición de estrategias de mitigación para prevenir o reducir los riesgos identificados.
   - Creación de correcciones y validación de las mismas.

3. **Vulnerabilidades Comunes en el Software**:
   - Análisis de vulnerabilidades como desbordamientos de buffers, inyección de código (SQL, XSS), condiciones de carrera, exposición de información, etc.
   - Efectos de estas vulnerabilidades en la seguridad del software.

4. **Principios de Programación Segura**:
   - Modelos de amenazas y cómo influencian el diseño del software seguro.
   - Conceptos como la Trusted Computing Base",40.35,Seguridad de Software Avanzado,MC3001,
deepseek-r1-14b-8bit,open_ended,¿Qué se entiende por seguridad basada en el lenguaje de programación en este contexto?,"En el curso Seguridad de Software Avanzado de la Maestría en Ciberseguridad, ¿Qué se entiende por seguridad basada en el lenguaje de programación en este contexto?

Da una respuesta completa y explicativa.","El estudio del tipado seguro, el aseguramiento de memoria y el control de acceso en ambientes abiertos.","En el curso ""Seguridad de Software Avanzado"" de la Maestría en Ciberseguridad, la seguridad basada en el lenguaje de programación se refiere a la adopción de técnicas y metodologías que integran la seguridad en el diseño y desarrollo del software, desde etapas tempranas del ciclo de vida del desarrollo de software. Este enfoque busca minimizar las vulnerabilidades y exposiciones a amenazas mediante la elección de lenguajes de programación seguros, el uso de características y herramientas específicas, y la implementación de prácticas que promuevan la integridad, confidencialidad y disponibilidad del software.

Algunos aspectos clave incluyen:

1. **Lenguajes de programación seguros**: Se utilizan lenguajes diseñados con características que dificultan la introducción de vulnerabilidades comunes, como la inyección de código, desbordamientos de buffers o accesos no autorizados. Ejemplos incluyen Rust, que gestionaja la memoria de manera segura, o TypeScript, que reduce errores tipológicos.

2. **Tipado seguro y type soundness**: Los lenguajes con tipado estático o dinámico robusto ayudan a prevenir errores en tiempo de ejecución que pueden ser explotados.

3. **Control de acceso**: Se implementan mecanismos para garant",40.33,Seguridad de Software Avanzado,MC3001,
deepseek-r1-14b-8bit,open_ended,¿Cómo se aplican las técnicas de análisis estático para mejorar la calidad del código?,"En el curso Seguridad de Software Avanzado de la Maestría en Ciberseguridad, ¿Cómo se aplican las técnicas de análisis estático para mejorar la calidad del código?

Da una respuesta completa y explicativa.","Mediante el análisis de flujo de datos, la ejecución simbólica y la ofuscación.","En el curso ""Seguridad de Software Avanzado"" de la Maestría en Ciberseguridad, las técnicas de análisis estático se aplican para mejorar la calidad del código de las siguientes maneras:

1. **Detección de Vulnerabilidades**: Se utilizan herramientas de análisis estático para identificar vulnerabilidades comunes en el código, como desbordamientos de buffers, inyecciones de código (SQL, XSS), y condiciones de carrera. Esto permite corregir这些问题 antes de que puedan ser explotadas.

2. **Validación de Codificación**: Las técnicas de análisis estático ayudan a asegurar que el código cumpla con estándares de codificación segura, verificando la implementación correcta de controles de acceso y manejo de entradas.

3. **Optimización del Código**: A través del análisis estático, se pueden detectar patrones ineficientes o inseguros en el código, lo que conduce a su mejora y optimización.

4. **Pruebas de Seguridad**: Se realizan pruebas de penetración en análisis estático para evaluar la robustez del software contra amenazas, lo que contribuye a identificar áreas débiles y mejorar la calidad del código.

5. **Ejecución Simbólica**: Esta técnica permite explorar diferentes caminos del código sin ejecutarlo,",40.32,Seguridad de Software Avanzado,MC3001,
deepseek-r1-14b-8bit,open_ended,¿Por qué el cibercrimen se estudia también desde la perspectiva de las ciencias sociales?,"En el curso Cibercrimen de la Maestría en Ciberseguridad, ¿Por qué el cibercrimen se estudia también desde la perspectiva de las ciencias sociales?

Da una respuesta completa y explicativa.","Porque muchos problemas, como el phishing, ocurren por motivadores conductuales y debilidades en el comportamiento humano, no solo por fallas técnicas.","En el curso ""Cibercrimen"" de la Maestría en Ciberseguridad, el cibercrimen se estudia desde la perspectiva de las ciencias sociales porque es esencial comprender no solo los aspectos técnicos, sino también los factores humanos, sociales y legales que lo rodean. Este enfoque permite abordar cómo las acciones delictuales en línea afectan a las personas, las organizaciones y las sociedades en general. Además, analiza las motivaciones, comportamientos y dinámicas de los ciberdelincuentes, lo que contribuye a desarrollar estrategias más efectivas para prevenir y combatir este tipo de delitos.",25.13,Cibercrimen,MC3010,
deepseek-r1-14b-8bit,open_ended,¿Qué objetivos persiguen los criminales al manipular a usuarios legítimos?,"En el curso Cibercrimen de la Maestría en Ciberseguridad, ¿Qué objetivos persiguen los criminales al manipular a usuarios legítimos?

Da una respuesta completa y explicativa.","Obtener información confidencial mediante ingeniería social, espionaje industrial e investigación de recopilación de datos.","En el curso ""Cibercrimen"" de la Maestría en Ciberseguridad, los criminales persiguen varios objetivos al manipular a usuarios legítimos. Estos objetivos incluyen:

1. **Obtención de información confidencial**: Los ciberdelincuentes buscan acceder a datos personales, financieros o de otro tipo que puedan ser vendidos o utilizados ilegalmente.

2. **Fraude financiero**: A través de phishing,诈骗 o robo de identidad, los criminales pueden realizar transacciones fraudulentas, robos de cuentas o solicitud de préstamos fraudulentos.

3. **Recolección de inteligencia competitiva**: En el ámbito empresarial, los ciberdelincuentes pueden robar información sensible de empresas para obtener ventajas competitivas.

4. **Disparar ataques más amplios**: Manipular a usuarios legítimos puede ser un paso inicial para acceder a redes más grandes o sistemas críticos, como en el caso de ataques a infraestructuras críticas.

5. **Extorsión y chantaje**: Los criminales pueden amenazar con divulgar información o causar interrupciones si no se cumplen sus demandas.

6. **Creación de falsas víctimas**: En algunos casos, los criminales manipulan a usuarios para crear una falsa percepción de inocencia o victim",40.35,Cibercrimen,MC3010,
deepseek-r1-14b-8bit,open_ended,¿Cómo ayudan los motivadores sociales a identificar la naturaleza de las amenazas?,"En el curso Cibercrimen de la Maestría en Ciberseguridad, ¿Cómo ayudan los motivadores sociales a identificar la naturaleza de las amenazas?

Da una respuesta completa y explicativa.",Permiten valorar las acciones de los individuos y potenciar la identificación temprana de actos delictivos.,"En el curso ""Cibercrimen"" de la Maestría en Ciberseguridad, los motivadores sociales juegan un papel crucial en la identificación de la naturaleza de las amenazas. Estos motivadores ayudan a comprender los incentivos y razones detrás de las acciones de los ciberdelincuentes, lo que a su vez facilita la prevención y mitigación de los riesgos asociados. A continuación, se detalla cómo los motivadores sociales contribuyen a este proceso:

1. **Análisis de la Psicología del Cibercrimen**: Los motivadores sociales incluyen factores como la economía conductual, la persuación y la toma de decisiones. Estos conceptos ayudan a entender por qué los individuos se involucran en actividades cibercriminales, considerando aspectos como el beneficio-coste y la facilidad de acceso a herramientas y recursos.

2. **Estrategias de Prevención**: Al identificar los motivadores, se pueden implementar estrategias de prevención que aborden las causas subyacentes de la cibercriminalidad. Por ejemplo, campañas educativas para reducir la vulnerabilidad de los usuarios o la implementación de políticas que dificulten el acceso a herramientas cibercriminales.

3. **Mejora de las Medidas de Seguridad",40.33,Cibercrimen,MC3010,
deepseek-r1-14b-8bit,open_ended,¿Qué métodos de investigación social se aplican para entender el fenómeno criminal?,"En el curso Cibercrimen de la Maestría en Ciberseguridad, ¿Qué métodos de investigación social se aplican para entender el fenómeno criminal?

Da una respuesta completa y explicativa.","La teorización, el diseño experimental, la validación de hipótesis y el análisis de datos con SPSS.","En el curso ""Cibercrimen"" de la Maestría en Ciberseguridad, se aplican varios métodos de investigación social para entender el fenómeno criminal. Estos métodos incluyen:

1. **Métodos cuantitativos**:
   - **Análisis estadístico**: Se utiliza para identificar patrones y tendencias en los datos relacionados con los ciberdelitos. Por ejemplo, se analizan datos sobre la frecuencia de los ataques, los métodos utilizados y las víctimas más afectadas.
   - **Encuestas y sondeos**: Se realizan encuestas a víctimas, perpetradores y profesionales del sector para obtener información sobre sus experiencias y percepciones acerca de los ciberdelitos.

2. **Métodos cualitativos**:
   - **Entrevistas**: Se realizan entrevistas con víctimas, perpetradores y profesionales del sector para obtener información detallada sobre sus experiencias y percepciones acerca de los ciberdelitos.
   - **Observación participante**: Los investigadores participan en actividades relacionadas con los ciberdelitos para observar y documentar comportamientos y patrones.
   - **Análisis de casos**: Se estudian casos específicos de ciberdelitos para identificar las características y dinámicas de los mismos.

3. **Métodos mixtos**:
   -",40.33,Cibercrimen,MC3010,
deepseek-r1-14b-8bit,open_ended,"¿Qué aspectos analiza la ""Ciencia del Crimen"" respecto a los actos delictivos?","En el curso Cibercrimen de la Maestría en Ciberseguridad, ¿Qué aspectos analiza la ""Ciencia del Crimen"" respecto a los actos delictivos?

Da una respuesta completa y explicativa.","La elección racional del criminal, las actividades de rutina y los estudios de victimización y autoreporte.","En el curso ""Cibercrimen"" de la Maestría en Ciberseguridad, la ""Ciencia del Crimen"" se enfoca en analizar los actos delictivos desde una perspectiva multidisciplinaria que combina aspectos sociales, legales y tecnológicos. Este enfoque busca entender las motivaciones, comportamientos y dinámicas de los ciberdelincuentes, así como las consecuencias de sus acciones en la sociedad digital.

### Aspectos analizados en la Ciencia del Crimen en el curso ""Cibercrimen"":

1. **Orígenes del Crimen**:
   - Se estudian los factores que llevan a individuos a cometer actos delictivos, considerando aspectos como la desigualdad social, la exclusión y la falta de oportunidades.

2. **Elección racional**:
   - Se analiza cómo los delincuentes evalúan los costos y beneficios de realizar un ciberataque, tomando en cuenta factores como la probabilidad de ser atrapados y las consecuencias legales.

3. **Actividades de rutina**:
   - Se examinan las rutinas y patrones de conducta de los ciberdelincuentes, incluyendo su uso de herramientas y técnicas para perpetrar ataques.

4. **Estudios de autoreporte**:",40.42,Cibercrimen,MC3010,
deepseek-r1-14b-8bit,open_ended,¿En qué consiste la teoría de prevención del crimen en situación según el curso?,"En el curso Cibercrimen de la Maestría en Ciberseguridad, ¿En qué consiste la teoría de prevención del crimen en situación según el curso?

Da una respuesta completa y explicativa.","Analiza la oportunidad del crimen, el triángulo del crimen y el desplazamiento del beneficio delictivo.","La teoría de prevención del crimen en situación, según el curso ""Cibercrimen"" de la Maestría en Ciberseguridad, se centra en comprender y prevenir las conductas criminales que ocurren en contextos específicos, especialmente aquellos relacionados con las tecnologías de la información y las comunicaciones. Esta teoría se basa en el análisis de cómo las oportunidades y las motivaciones de los criminales interactúan en un entorno determinado, y cómo se pueden implementar medidas para reducir dichas oportunidades o modificar las motivaciones.

### Principales Componentes de la Teoría de Prevención del Crimen en Situación:
1. **Teoría de la Oportunidad del Crimen**:
   - Según esta teoría, los criminales cometemos delitos cuando perciben que la oportunidad es favorable y los riesgos son bajos. En el contexto cibernético, esto se traduce en la identificación de vectores de ataque y vulnerabilidades en sistemas informáticos que los criminales pueden explotar.

2. **Triángulo del Crimen**:
   - Este modelo propone que un crimen ocurre cuando se unen tres elementos: el deseo de cometer un crimen, la oportunidad para hacerlo y la ausencia de inhibiciones. En el ámbito cibern",40.46,Cibercrimen,MC3010,
deepseek-r1-14b-8bit,open_ended,¿Cómo se articulan las TI con la propuesta de valor de un negocio?,"En el curso Sistemas Estratégicos Empresariales de la Maestría en Gerencia de Tecnologías de la Información, ¿Cómo se articulan las TI con la propuesta de valor de un negocio?

Da una respuesta completa y explicativa.",Se integran coherentemente dentro de un sistema de actividades para fortalecer la posición estratégica de la empresa.,"En el curso ""Sistemas Estratégicos Empresariales"" de la Maestría en Gerencia de Tecnologías de la Información, las Tecnologías de la Información (TI) se articulan con la propuesta de valor de un negocio de la siguiente manera:

1. **Creación de Valor**: Las TI actúan como un recurso estratégico que permite a las empresas ofrecer productos o servicios que respondan a las necesidades del mercado, mejorando la experiencia del cliente y diferenciándose de la competencia.

2. **Integración con Procesos Empresariales**: Las TI se integran en los procesos clave de la empresa, como la planificación, la cadena de suministro y la gestión de relaciones con los clientes, optimizando su eficiencia y efectividad.

3. **Sistemas de Información**: Se implementan sistemas de información que reflejen la arquitectura tecnológica de la empresa, apoyando decisiones informadas y alineadas con la estrategia empresarial.

4. **Enfoque Estratégico**: La gerencia de TI trabaja en conjunto con los objetivos empresariales, asegurando que las inversiones en tecnología generen un retorno esperado y contribuyan a la sostenibilidad y crecimiento de la organización.

5. **Propuesta de Valor Única**: A través de la adecuada",40.41,Sistemas Estratégicos Empresariales,MC1101,
deepseek-r1-14b-8bit,open_ended,¿Qué tipos de sistemas de información se estudian como referentes de manejo interno y externo?,"En el curso Sistemas Estratégicos Empresariales de la Maestría en Gerencia de Tecnologías de la Información, ¿Qué tipos de sistemas de información se estudian como referentes de manejo interno y externo?

Da una respuesta completa y explicativa.","Los sistemas ERP, CRM y SCM.","En el curso **Sistemas Estratégicos Empresariales** de la Maestría en Gerencia de Tecnologías de la Información, se estudian varios tipos de sistemas de información que actúan como referentes para el manejo interno y externo de las empresas. Estos sistemas incluyen:

1. **Sistemas de Planificación de Recursos Empresariales (ERP)**: Estos sistemas integran y gestionan información de diferentes departamentos de una empresa, como finanzas, ventas, compras y producción, para mejorar la eficiencia y la toma de decisiones.

2. **Sistemas de Administración de la Cadena de Suministro (SCM)**: Se enfocan en gestionar el flujo de materiales, información y actividades relacionadas con la cadena de suministro, desde los proveedores hasta el cliente.

3. **Sistemas de Administración de Relación con el Cliente (CRM)**: Estos sistemas ayudan a empresas a gestionar sus relaciones con los clientes,跟踪客户互动，提高客户满意度和忠诚度。

4. **Sistemas de Administración del Conocimiento (KMS)**: Proporcionan herramientas para capturar, organizar y compartir el conocimiento dentro de una organización, mejorando la capacidad de aprendizaje y adaptación.

5. **Sistemas de Análisis de Datos y Business Intelligence",40.32,Sistemas Estratégicos Empresariales,MC1101,
deepseek-r1-14b-8bit,open_ended,¿Qué fuerzas competitivas influyen en la dinámica de una industria según Michael Porter?,"En el curso Sistemas Estratégicos Empresariales de la Maestría en Gerencia de Tecnologías de la Información, ¿Qué fuerzas competitivas influyen en la dinámica de una industria según Michael Porter?

Da una respuesta completa y explicativa.","La amenaza de nuevos entrantes, el poder de compradores y proveedores, los sustitutos y la rivalidad entre competidores.","En el curso ""Sistemas Estratégicos Empresariales"" de la Maestría en Gerencia de Tecnologías de la Información, las fuerzas competitivas que influyen en la dinámica de una industria, según Michael Porter, son las siguientes:

1. ** Amenaza de nuevos entrantes**: La facilidad con la que empresas nuevas pueden ingresar al mercado y competir con las empresas existentes. Esto depende de factores como los costos de entrada, la existencia de barreras regulatorias, y la disponibilidad de recursos.

2. ** Poder de los compradores**: La capacidad de los compradores de negociar precios bajos o exigir condiciones más favorables. Esto ocurre cuando los compradores tienen pocas opciones o cuando el producto es estándar.

3. ** Poder de los proveedores**: La capacidad de los proveedores de negociar precios altos o imponer condiciones desfavorables. Esto ocurre cuando los proveedores tienen pocas opciones o cuando el producto es esencial para la empresa.

4. ** Amenaza de sustitutos**: La existencia de productos o servicios alternativos que pueden reemplazar el producto o servicio ofrecido por la empresa. Esto afecta la demanda del producto actual.

5. ** Competencia entre rivales**: La intensidad de la competencia entre las empresas ya establecidas en el mercado, lo que puede incluir guerra de precios",40.45,Sistemas Estratégicos Empresariales,MC1101,
deepseek-r1-14b-8bit,open_ended,¿Qué papel desempeña la investigación en la metodología de enseñanza de este curso?,"En el curso Sistemas Estratégicos Empresariales de la Maestría en Gerencia de Tecnologías de la Información, ¿Qué papel desempeña la investigación en la metodología de enseñanza de este curso?

Da una respuesta completa y explicativa.",Permite al estudiante profundizar en fundamentos y tendencias mediante la creación de un estado del arte de sistemas empresariales.,"En el curso ""Sistemas Estratégicos Empresariales"" de la Maestría en Gerencia de Tecnologías de la Información, la investigación desempeña un papel fundamental en la metodología de enseñanza. Esto se refleja de manera clara en los siguientes aspectos:

1. **Desarrollo de Competencias Investigativas**: El curso busca capacitar a los estudiantes en la aplicación de conocimientos teóricos a problemas reales. La investigación permite a los estudiantes adquirir habilidades en la identificación de problemas, la formulación de hipótesis y la recolección de datos, lo que es esencial para su formación profesional.

2. **Aplicación Práctica de Conceptos**: A través de la investigación, los estudiantes pueden analizar casos reales y aplicar modelos y frameworks estratégicos aprendidos en clase. Esto no solo fortalece su comprensión teórica, sino que también les permite enfrentar desafíos empresariales de manera más efectiva.

3. **Enfoque en Estado del Arte**: La investigación incluye la creación de un estado del arte, lo que implica una revisión exhaustiva de literatura y tendencias recientes en los sistemas empresariales. Esto fomenta una comprensión actualizada y avanzada de los temas abordados.

4. **Exposición y Discusión**: Los estudiantes present",40.38,Sistemas Estratégicos Empresariales,MC1101,
deepseek-r1-14b-8bit,open_ended,¿Cómo se vincula el conocimiento teórico con la práctica real en este programa?,"En el curso Sistemas Estratégicos Empresariales de la Maestría en Gerencia de Tecnologías de la Información, ¿Cómo se vincula el conocimiento teórico con la práctica real en este programa?

Da una respuesta completa y explicativa.",A través de una investigación aplicada donde el estudiante enfrenta un problema real de una empresa utilizando los conocimientos adquiridos.,"En el curso ""Sistemas Estratégicos Empresariales"" de la Maestría en Gerencia de Tecnologías de la Información, el conocimiento teórico se vincula con la práctica real a través de una metodología de enseñanza y aprendizaje que combina exposiciones magistrales, casos de estudio, investigación bibliográfica y aplicación práctica. Esto permite a los estudiantes no solo adquirir conceptos teóricos, sino también desarrollar habilidades para enfrentar situaciones reales en el ámbito empresarial.

### 1. **Exposiciones Magistrales**
   - Los profesores imparten conceptos teóricos fundamentales, como los modelos de Porter, la creación de valor, y la implementación de sistemas empresariales.
   - Esto forma la base necesaria para entender cómo las tecnologías de la información pueden ser utilizadas estratégicamente en las empresas.

### 2. **Casos de Estudio**
   - Los estudiantes analizan casos reales que ilustran la aplicación de los conceptos teóricos en contextos empresariales.
   - Esto fomenta la participación activa y permite a los estudiantes aplicar lo aprendido en situaciones similares a las que enfrentarían en el entorno laboral.

### 3. **Investigación Bibliográfica**
   - Los estudiantes realizan investigaciones sobre tendencias y avances",40.43,Sistemas Estratégicos Empresariales,MC1101,
deepseek-r1-14b-8bit,open_ended,¿Qué modelos complementarios a las fuerzas de Porter se analizan para el uso estratégico de TI?,"En el curso Sistemas Estratégicos Empresariales de la Maestría en Gerencia de Tecnologías de la Información, ¿Qué modelos complementarios a las fuerzas de Porter se analizan para el uso estratégico de TI?

Da una respuesta completa y explicativa.",El modelo basado en recursos (Resource Based View) y la competencia por capacidades.,"En el curso ""Sistemas Estratégicos Empresariales"" de la Maestría en Gerencia de Tecnologías de la Información, se analizan los siguientes modelos complementarios a las fuerzas de Porter para el uso estratégico de TI:

1. **Modelos basados en recursos (Resource-Based View - RBV)**:
   - Este modelo se centra en los recursos internos de la empresa que proporcionan una ventaja competitiva sostenida. Se analiza cómo la TI puede actuar como un recurso estratégico, mejorando la eficiencia operativa y el acceso a información crítica para la toma de decisiones.

2. **Modelos de cadena de valor (Value Chain)**:
   - Introducido por Michael Porter, este modelo se enfoca en las actividades que realizan las empresas para crear valor. Se estudia cómo la TI puede integrarse en cada etapa de la cadena de valor, optimizando procesos y mejorando la experiencia del cliente.

3. **Modelos de alineación estratégica (Strategy-Technology Fit)**:
   - Este modelo explora cómo la tecnología debe alinearse con la estrategia empresarial para maximizar el impacto. Se analizan casos donde la adopción de TI ha permitido a las empresas implementar estrategias competitivas.

4. **Modelos de innovación tecnológica (Technology-Organization-Environment - TOE framework",40.45,Sistemas Estratégicos Empresariales,MC1101,
deepseek-r1-14b-8bit,open_ended,¿Qué elementos componen el enfoque integrado del proceso de gestión de TI?,"En el curso Gerencia de Tecnología de Información de la Maestría en Gerencia de Tecnologías de la Información, ¿Qué elementos componen el enfoque integrado del proceso de gestión de TI?

Da una respuesta completa y explicativa.","La combinación de cuatro factores clave: personas, procesos, herramientas y proveedores.","En el curso de **Gerencia de Tecnología de Información** de la Maestría en Gerencia de Tecnologías de la Información, el enfoque integrado del proceso de gestión de TI se compone de **cuatro elementos clave**:

1. **Personas**: Incluye la gestión del talento humano, la capacitación, el desarrollo profesional y la cultura organizacional. Es fundamental para asegurar que el equipo esté motivado y capacitado para alcanzar los objetivos de la organización.

2. **Procesos**: Se refiere a los flujos de trabajo, las metodologías y las prácticas que se implementan para gestionar los servicios de TI. Esto incluye la planificación, ejecución, monitoreo y mejora continua de los procesos.

3. **Herramientas**: Son las tecnologías y sistemas que se utilizan para apoyar la gestión de TI. Esto puede incluir plataformas de gestión de incidentes, herramientas de monitoreo, sistemas de planificación y herramientas de colaboración.

4. **Proveedores**: Abarca la gestión de relaciones con los proveedores, la contratación de servicios, la tercerización y la gestión de riesgos asociados a la dependencia externa.

Este enfoque integrado busca lograr un equilibrio entre innovación y gestión de riesgos, mantener la operación de los",40.47,Gerencia de Tecnología de Información,MC1103,
deepseek-r1-14b-8bit,open_ended,¿Cuáles son los equilibrios críticos que un líder de TI debe buscar permanentemente?,"En el curso Gerencia de Tecnología de Información de la Maestría en Gerencia de Tecnologías de la Información, ¿Cuáles son los equilibrios críticos que un líder de TI debe buscar permanentemente?

Da una respuesta completa y explicativa.","El balance entre innovación y gestión de riesgos, y entre ser agente de cambio y mantener la operación impecable.","En el curso de **Gerencia de Tecnología de Información** de la Maestría en Gerencia de Tecnologías de la Información, los equilibrios críticos que un líder de TI debe buscar permanentemente son:

1. **Innovación vs. Gestión de Riesgos**  
   - Un líder de TI debe equilibrar la necesidad de innovar con la gestión adecuada de los riesgos asociados a las nuevas tecnologías y cambios en el entorno tecnológico. Esto implica adoptar tecnologías emergentes que mejoren la competitividad de la organización, sin exponer la empresa a amenazas significativas que podrían comprometer su operación o datos.

2. **Cambio vs. Estabilidad**  
   - Es fundamental mantener la estabilidad en los sistemas existentes mientras se implementan cambios tecnológicos. Un líder de TI debe asegurar que la innovación no sacrifique la fiabilidad y disponibilidad de los sistemas críticos, evitando interrupciones que afecten las operaciones diarias de la organización.

3. **Reducción de Costos vs. Mejora de la Calidad**  
   - El líder de TI debe buscar降低成本的同时提高系统的质量和性能。Esto implica optimizar recursos, negociar contratos con proveedores de manera estratégica y adoptar soluciones que maximicen el rendimiento dentro de un presupuesto limit",40.46,Gerencia de Tecnología de Información,MC1103,
deepseek-r1-14b-8bit,open_ended,¿Qué diferencia establece el curso entre administración y gobernanza de TI?,"En el curso Gerencia de Tecnología de Información de la Maestría en Gerencia de Tecnologías de la Información, ¿Qué diferencia establece el curso entre administración y gobernanza de TI?

Da una respuesta completa y explicativa.","Se analizan como conceptos distintos, estudiando la gobernanza a través de arquetipos y mecanismos de la matriz de Weill.","En el curso de **Gerencia de Tecnología de Información** de la Maestría en Gerencia de Tecnologías de la Información, se establece una diferencia clara entre **administración** y **gobernanza** de TI. 

La **administración** de TI se centra en la gestión diaria de los recursos tecnológicos, la planificación, dirección y control de las actividades relacionadas con la tecnología de la información. Esto incluye tareas como la operación de sistemas, la asignación de recursos, la resolución de problemas técnicos y la implementación de proyectos tecnológicos. La administración se enfoca en asegurar que los sistemas funcionen eficientemente y que las necesidades actuales de la organización se cumplan.

Por otro lado, la **gobernanza** de TI se centra en la dirección estratégica y el establecimiento de marcos para guiar la gestión de la tecnología de la información de manera coherente con los objetivos de la organización. Esto implica definir políticas, estándares, procesos y responsabilidades que aseguren que la tecnología se utilice de manera óptima, segura y alineada con los objetivos estratégicos de la empresa. La gobernanza abarca aspectos como la planificación a largo plazo, la asignación de roles claros, la gestión de riesgos y la alineación de",40.49,Gerencia de Tecnología de Información,MC1103,
deepseek-r1-14b-8bit,open_ended,¿Qué modelos de tercerización de servicios se introducen en el contenido?,"En el curso Gerencia de Tecnología de Información de la Maestría en Gerencia de Tecnologías de la Información, ¿Qué modelos de tercerización de servicios se introducen en el contenido?

Da una respuesta completa y explicativa.","SaaS, IaaS y PaaS, junto con los factores críticos de éxito para su gestión.","En el curso de **Gerencia de Tecnología de Información** de la Maestría en Gerencia de Tecnologías de la Información, se introducen los siguientes modelos de tercerización de servicios:

1. **SaaS (Software as a Service)**:  
   - Proporciona acceso a software a través de internet, generalmente bajo un modelo de suscripción.  
   - Ejemplo: Plataformas como Salesforce o Microsoft 365.

2. **IaaS (Infrastructure as a Service)**:  
   - Ofrece infraestructura computacional como servidores, almacenamiento y redes a través de proveedores en la nube.  
   - Ejemplo: Amazon Web Services (AWS), Microsoft Azure.

3. **PaaS (Platform as a Service)**:  
   - Suministra una plataforma para desarrollar, probar y deployar aplicaciones sin necesidad de administrar la infraestructura subyacente.  
   - Ejemplo: Heroku, Google Cloud Platform.

Estos modelos se estudian en el curso para entender cómo tercerizar servicios de TI puede ayudar a las organizaciones a reducir costos, mejorar la escalabilidad y enfoque en actividades principales.",35.79,Gerencia de Tecnología de Información,MC1103,
deepseek-r1-14b-8bit,open_ended,¿Cómo se utiliza la metodología de casos para fomentar el aprendizaje socio-constructivista?,"En el curso Gerencia de Tecnología de Información de la Maestría en Gerencia de Tecnologías de la Información, ¿Cómo se utiliza la metodología de casos para fomentar el aprendizaje socio-constructivista?

Da una respuesta completa y explicativa.","Mediante estudio individual, análisis grupal y sesiones plenarias de discusión sobre casos comprensivos.","En el curso de **Gerencia de Tecnología de Información** de la Maestría en Gerencia de Tecnologías de la Información, la metodología de casos se utiliza de manera integral para fomentar un aprendizaje socio-constructivista. Este enfoque se basa en la idea de que los estudiantes construyen conocimientos a través de la interacción con otros compañeros y el profesor, lo que permite un aprendizaje más significativo y aplicado.

### Proceso de Utilización de Casos:
1. **Introducción al Caso**:
   - El profesor presenta un caso complejo y relevante relacionado con la gestión de tecnologías de la información. Estos casos suelen ser basados en situaciones reales o hipotéticas que los estudiantes pueden enfrentar en su entorno profesional.
   - El caso se diseña para que los estudiantes identifiquen problemas, analicen las opciones disponibles y propongan soluciones basadas en los conceptos teóricos aprendidos.

2. **Análisis Individual**:
   - Los estudiantes leen y estudian el caso de manera individual. Durante este proceso, reflexionan sobre los conceptos clave, identifican las fuerzas y debilidades, y comienzan a formular sus propias ideas y soluciones.

3. **Discusión en Grupos**:
   - Los estudiantes",40.47,Gerencia de Tecnología de Información,MC1103,
deepseek-r1-14b-8bit,open_ended,¿Qué herramientas pedagógicas deben elaborar los estudiantes para demostrar la asimilación semanal de la teoría?,"En el curso Gerencia de Tecnología de Información de la Maestría en Gerencia de Tecnologías de la Información, ¿Qué herramientas pedagógicas deben elaborar los estudiantes para demostrar la asimilación semanal de la teoría?

Da una respuesta completa y explicativa.","Mapas mentales, conceptuales, infografías o cuadros sinópticos basados en la bibliografía.","En el curso de **Gerencia de Tecnología de Información** de la Maestría en Gerencia de Tecnologías de la Información, los estudiantes deben elaborar **herramientas pedagógicas** para demostrar la asimilación semanal de la teoría. Estas herramientas son actividades prácticas que permiten a los estudiantes aplicar los conceptos teóricos aprendidos y demostrar su comprensión. Algunas de las herramientas pedagógicas más comunes y requeridas en este curso incluyen:

### 1. **Mapas Mentales (Mind Maps)**
   - **Descripción**: Los estudiantes crean diagramas visuales que representan la relación entre los conceptos clave del curso.
   - **Propósito**: Facilitar la comprensión y organización de la información, promoviendo la creatividad y el pensamiento crítico.

### 2. **Mapas Conceptuales (Concept Maps)**
   - **Descripción**: Diagramas que muestran las relaciones jerárquicas entre los conceptos abordados en la teoría.
   - **Propósito**: Ayudar a visualizar cómo los conceptos se conectan entre sí y cómo contribuyen a la gerencia de tecnología de información.

### 3. **Esquemas de Ideas (Outlines)**
   - **Descripción**: Listas jerárquicas que",41.62,Gerencia de Tecnología de Información,MC1103,
deepseek-r1-14b-8bit,open_ended,¿Qué abarca la gestión de recursos financieros invertidos en TI?,"En el curso Administración Financiera de TI de la Maestría en Gerencia de Tecnologías de la Información, ¿Qué abarca la gestión de recursos financieros invertidos en TI?

Da una respuesta completa y explicativa.","La planificación, operación, control, evaluación y toma de decisiones fundamentadas en información financiera.","En el curso de **Administración Financiera de Tecnologías de la Información** de la Maestría en Gerencia de Tecnologías de la Información, la gestión de recursos financieros invertidos en TI abarca varios aspectos clave que se enfocan en la planificación, ejecución, control y evaluación de los recursos destinados a la tecnología de la información. Aquí tienes una descripción detallada de los componentes que se estudian:

### 1. **Planeación y Presupuesto**
   - **Definición de objetivos**: Establecer metas claras y medibles para la inversión en TI, asegurando que estén alineadas con los objetivos estratégicos de la organización.
   - **Estructuración del presupuesto**: Determinar cómo se asignarán los fondos disponibles a diferentes proyectos, sistemas y actividades de TI, considerando prioridades y expectativas de retorno.
   - **Análisis de costos**: Identificar y cuantificar los costos asociados a la adquisición, implementación, mantenimiento y operación de tecnologías de información.

### 2. **Ejecución y Control**
   - **Gestión de proyectos**: Supervisión del uso de los recursos financieros asignados a cada proyecto, asegurando que se cumplan los plazos y se mantengan dentro del presupuesto.
   - **Monitor",40.58,Administración Financiera de TI,MC1201,
deepseek-r1-14b-8bit,open_ended,¿Cuál es el objetivo final de aplicar finanzas a los proyectos y servicios de TI?,"En el curso Administración Financiera de TI de la Maestría en Gerencia de Tecnologías de la Información, ¿Cuál es el objetivo final de aplicar finanzas a los proyectos y servicios de TI?

Da una respuesta completa y explicativa.",Optimizar los recursos asignados y gestionar los riesgos inherentes a las inversiones tecnológicas.,"En el curso **Administración Financiera de Tecnologías de la Información** de la Maestría en Gerencia de Tecnologías de la Información, el objetivo final de aplicar finanzas a los proyectos y servicios de TI es **garantizar la optimización de los recursos financieros asignados a la tecnología de la información, con el fin de maximizar los beneficios y minimizar los riesgos asociados a dichos proyectos y servicios**. Esto implica:

1. **Mejorar la toma de decisiones**: Asegurar que las inversiones en TI sean rentables y alineadas con los objetivos estratégicos de la organización.
2. **Optimizar recursos**: Utilizar los recursos financieros de manera eficiente, evitando el despilfarro y asegurando que cada dólar invertido genere el mayor valor posible.
3. **Gestionar riesgos**: Identificar y mitigar los riesgos financieros y operativos que puedan surgir durante la implementación de los proyectos de TI.
4. **Evaluar proyectos**: Realizar un análisis financiero detallado para determinar la viabilidad, el retorno de inversión (ROI) y el impacto en los objetivos de la empresa.
5. **Apoyar la planificación estratégica**: Integrar las finanzas en la planificación de la estrategia tecnológica, asegurando que los",40.62,Administración Financiera de TI,MC1201,
deepseek-r1-14b-8bit,open_ended,¿Qué áreas de la contabilidad se estudian para respaldar la operación técnica?,"En el curso Administración Financiera de TI de la Maestría en Gerencia de Tecnologías de la Información, ¿Qué áreas de la contabilidad se estudian para respaldar la operación técnica?

Da una respuesta completa y explicativa.","Contabilidad financiera (activos, pasivos, capital), análisis financiero (razones financieras) y contabilidad de costos.","En el curso **Administración Financiera de Tecnologías de la Información** de la Maestría en Gerencia de Tecnologías de la Información, se estudian varias áreas de la contabilidad que respaldan la operación técnica. Estas áreas incluyen:

1. **Contabilidad Financiera**:
   - Conceptos y tipos de contabilidad.
   - Sistema contable y ciclo contable.
   - Estructura de los estados financieros principales (balance general, estado de resultados, estado de flujo de efectivo).
   - Normas internacionales de información financiera (IFRS).

2. **Análisis Financiero**:
   - Bases del análisis financiero.
   - Análisis porcentual de estados financieros.
   - Razones financieras clave (líquidez, solvencia, rentabilidad).
   - Aplicación del análisis financiero a la operación de Tecnologías de la Información.

3. **Contabilidad de Costos**:
   - Conceptos introductorios de contabilidad de costos.
   - Sistemas de costeo para productos y servicios.
   - Elementos de costeo, como materiales, mano de obra y gastos indirectos.
   - Aplicación de sistemas de costeo en la operación de Tecnologías de la Información.

4. **Presupuestos**:
   - Conceptos y metod",40.55,Administración Financiera de TI,MC1201,
deepseek-r1-14b-8bit,open_ended,¿Cómo se integra el presupuesto en la administración de la función de información?,"En el curso Administración Financiera de TI de la Maestría en Gerencia de Tecnologías de la Información, ¿Cómo se integra el presupuesto en la administración de la función de información?

Da una respuesta completa y explicativa.",Mediante el estudio de metodologías de elaboración presupuestaria específicas para la operación de TI.,"En el curso **Administración Financiera de Tecnologías de la Información** de la Maestría en Gerencia de Tecnologías de la Información, el presupuesto se integra en la administración de la función de información de la siguiente manera:

1. **Planeación y Alineación con Estrategias**:
   - El presupuesto se utiliza para planificar y asignar recursos financieros de manera coherente con las estrategias y objetivos de la organización. Esto asegura que los proyectos y servicios de TI estén alineados con los propósitos generales de la empresa.

2. **Gestión de Proyectos y Servicios**:
   - Se define claramente cómo los recursos asignados se distribuirán entre los diferentes proyectos y servicios de TI. Esto incluye la planificación de gastos operativos y capital, así como la estimación de costos.

3. **Control y Evaluación**:
   - Se implementan mecanismos de control para monitorear el uso de los recursos y evaluar la efectividad de los gastos. Esto permite ajustar el presupuesto según sea necesario y asegurar que los recursos se estén utilizando de manera eficiente.

4. **Optimización de Recursos**:
   - Se busca optimizar los recursos asignados para maximizar el valor generado para la organización. Esto puede incluir la identificación de oportunidades para reducir",42.66,Administración Financiera de TI,MC1201,
deepseek-r1-14b-8bit,open_ended,¿Qué estándares internacionales se referencian para la gestión de costos?,"En el curso Administración Financiera de TI de la Maestría en Gerencia de Tecnologías de la Información, ¿Qué estándares internacionales se referencian para la gestión de costos?

Da una respuesta completa y explicativa.",El dominio APO06 de COBIT 5.0 y los procesos de estrategia de servicios de ITIL 2011.,"En el curso **Administración Financiera de Tecnologías de la Información** de la Maestría en Gerencia de Tecnologías de la Información, los siguientes estándares internacionales se mencionan para la gestión de costos:

1. **Normas Internacionales de Información Financiera (IFRS)**:  
   - Proporcionan un marco global para la presentación de estados financieros, lo que incluye la gestión y asignación de costos en proyectos y servicios de TI.

2. **COBIT 5 (Control Objectives for Information and Related Technologies)**:  
   - Es un marco de gobernanza ampliamente utilizado que incluye directrices para la gestión de costos de TI, como la planificación, ejecución y control de presupuestos.

3. **ITIL (Information Technology Infrastructure Library)**:  
   - Define procesos estándar para la gestión de servicios de TI, incluyendo la gestión de costos y la asignación de recursos.

4. **Control de Costos en Proyectos (CMMI)**:  
   - Se enfoca en la mejora continua de los procesos de gestión de proyectos, incluyendo la planificación y control de costos.

5. **Gestión Financiera de Proyectos (APM)**:  
   - Proporciona metodologías para la planificación y control de costos en",40.53,Administración Financiera de TI,MC1201,
deepseek-r1-14b-8bit,open_ended,¿En qué tipo de actividades se concentra la evaluación del curso?,"En el curso Administración Financiera de TI de la Maestría en Gerencia de Tecnologías de la Información, ¿En qué tipo de actividades se concentra la evaluación del curso?

Da una respuesta completa y explicativa.","En exámenes parciales, investigación bibliográfica, comprobaciones de lectura y trabajo en clase.","La evaluación del curso **Administración Financiera de Tecnologías de la Información** de la Maestría en Gerencia de Tecnologías de la Información se concentra en actividades específicas que integran tanto el componente teórico como práctico del curso. Estas actividades están diseñadas para evaluar la comprensión de los estudiantes sobre los conceptos clave de gestión financiera aplicados a la tecnología de la información, así como su capacidad para aplicar estos conceptos en situaciones reales.

### Componentes de la Evaluación:
1. **Investigación Práctica Aplicada 1 (50%)**:
   - Los estudiantes desarrollan un proyecto o investigación que involucra la aplicación de los conceptos y herramientas aprendidas en clase a un entorno real o simulado de gestión financiera de TI.
   - Este componente evalúa la capacidad de los estudiantes de identificar problemas, analizar datos financieros, proponer soluciones y presentar resultados de manera clara y organizada.

2. **Investigación Práctica Aplicada 2 (50%)**:
   - Similar al primer proyecto, pero con un enfoque más avanzado o diferente enfoque temático.
   - Este componente refuerza las habilidades de investigación y aplicación práctica, además de evaluar la capacidad de los estudiantes de integrar conocimientos de manera más compleja.

### Det",40.37,Administración Financiera de TI,MC1201,
deepseek-r1-14b-8bit,open_ended,¿Por qué la gestión de proyectos es una competencia indispensable para un gerente de TI?,"En el curso Administración y Estrategia de Proyectos I de la Maestría en Gerencia de Tecnologías de la Información, ¿Por qué la gestión de proyectos es una competencia indispensable para un gerente de TI?

Da una respuesta completa y explicativa.",Porque las transformaciones modernas de las organizaciones se ejecutan a través de proyectos tecnológicos exitosos.,"La gestión de proyectos es una competencia indispensable para un gerente de TI porque permite alinear las tecnologías de información con los objetivos estratégicos de la organización, asegurando el éxito de las iniciativas tecnológicas y la generación de valor para la empresa. A continuación, se detallan los motivos:

1. **Alineación estratégica**: Los proyectos de TI son esenciales para implementar las estrategias empresariales. Un gerente de TI que gestione proyectos eficientemente puede asegurar que las tecnologías utilizadas respalden los objetivos comerciales, mejorando la competitividad y el rendimiento organizacional.

2. **Gestión de riesgos y recursos**: La gestión de proyectos involucra la identificación y mitigación de riesgos, así como la optimización del uso de recursos. Esto permite al gerente de TI asignar recursos de manera efectiva, reducir el impacto de los imprevistos y mantener los proyectos dentro de los límites presupuestales.

3. **Mejoramiento continuo**: A través de la gestión de proyectos, se fomenta la mejora continua de los procesos y la adopción de prácticas ágiles y eficientes. Esto permite que la organización se adapte rápidamente a los cambios tecnológicos y del mercado.

4. **Compromiso con los stakeholders**: Un gerente de",40.46,Administración y Estrategia de Proyectos I,MC1203,
deepseek-r1-14b-8bit,open_ended,¿Qué componentes estratégicos se analizan en las fases iniciales de un proyecto?,"En el curso Administración y Estrategia de Proyectos I de la Maestría en Gerencia de Tecnologías de la Información, ¿Qué componentes estratégicos se analizan en las fases iniciales de un proyecto?

Da una respuesta completa y explicativa.","El análisis de factibilidad, las condiciones de inicio y la planificación de alcance, calidad y costos.","En el curso **Administración y Estrategia de Proyectos I** de la Maestría en Gerencia de Tecnologías de la Información, los componentes estratégicos que se analizan en las fases iniciales de un proyecto son los siguientes:

1. **Enlace Estratégico de los Proyectos en TI**:
   - Se estudia cómo los proyectos se integran con la estrategia general de la organización, identificando su alineación con los objetivos empresariales.

2. **Análisis del Entorno en Proyectos**:
   - Se evalúa el entorno en el que se desarrollará el proyecto, considerando factores internos y externos que puedan influir en su éxito.

3. **Gestión de Portafolios y Programas**:
   - Se aborda la gestión de portafolios y programas, utilizando el modelo **OPM3** para evaluar y priorizar proyectos en función de la estrategia organizacional.

4. **La Oficina de Proyectos y su Papel en las Organizaciones**:
   - Se analiza el rol de la oficina de proyectos en la gestión integral de los proyectos, asegurando que éstos se alineen con las prioridades organizacionales.

5. **Visión Procesal de la Gestión de Proyectos**:
   - Se considera la visión procesal,",40.43,Administración y Estrategia de Proyectos I,MC1203,
deepseek-r1-14b-8bit,open_ended,¿Cómo ha evolucionado la orientación de la gestión de proyectos según el curso?,"En el curso Administración y Estrategia de Proyectos I de la Maestría en Gerencia de Tecnologías de la Información, ¿Cómo ha evolucionado la orientación de la gestión de proyectos según el curso?

Da una respuesta completa y explicativa.",Ha pasado de una orientación basada exclusivamente en planes hacia una orientación ágil.,"En el curso ""Administración y Estrategia de Proyectos I"" de la Maestría en Gerencia de Tecnologías de la Información, la evolución de la orientación de la gestión de proyectos se centra en la adaptación y mejora continua de las metodologías y herramientas utilizadas para abordar los desafíos actuales en el entorno tecnológico. El curso强调了以下几个关键点:

1. **Enfoque Estratégico**: La gestión de proyectos se ha movido hacia una perspectiva más estratégica, donde los proyectos no solo se ven como tareas aisladas sino como componentes clave de la estrategia general de la organización. Esto implica alinear los objetivos de los proyectos con los propósitos empresariales y considerar cómo los proyectos contribuyen al valor a largo plazo.

2. **Adopción de Marcos de Trabajo Avanzados**: Se utiliza un conjunto de marcos de trabajo reconocidos como PMBOK, PRINCE2, y CMMI. Estos marcos no solo proporcionan un marco metodológico sino que también ayudan a gestionar proyectos de manera más eficiente y coherente con las mejores prácticas internacionales.

3. **Integración de la Gestión de Portafolios y Programas**: La evolución también incluye una mayor atención a la gestión de portafolios y programas,",40.45,Administración y Estrategia de Proyectos I,MC1203,
deepseek-r1-14b-8bit,open_ended,¿Qué papel desempeña la Oficina de Proyectos (PMO) en las organizaciones modernas?,"En el curso Administración y Estrategia de Proyectos I de la Maestría en Gerencia de Tecnologías de la Información, ¿Qué papel desempeña la Oficina de Proyectos (PMO) en las organizaciones modernas?

Da una respuesta completa y explicativa.",Actúa como soporte estratégico para la gestión de portafolios y programas bajo modelos como OPM3.,"En el curso **Administración y Estrategia de Proyectos I** de la Maestría en Gerencia de Tecnologías de la Información, la Oficina de Proyectos (PMO) desempeña un papel fundamental en las organizaciones modernas. Su función principal es actuar como un centro de excelencia en la gestión de proyectos, proporcionando dirección, soporte y estandarización en la gestión de iniciativas tecnológicas. La PMO asegura que los proyectos se alineen con los objetivos estratégicos de la organización, mejora la capacidad de gestión de proyectos, y promueve la adopción de prácticas y herramientas consistentes.

### Papel de la Oficina de Proyectos (PMO):
1. **Alineación Estratégica**:
   - La PMO asegura que los proyectos se alineen con los objetivos estratégicos de la organización, garantizando que las iniciativas tecnológicas contribuyan al logro de los fines empresariales.

2. **Gestión Integral de Proyectos**:
   - Coordina y supervisa la gestión de proyectos, desde la identificación de oportunidades hasta la ejecución y cierre de los mismos.
   - Proporciona recursos, capacitación y asesoramiento a los gerentes de proyectos y equipos.

3. **Estándares y Mejores Prácticas**:
   - Estable",40.49,Administración y Estrategia de Proyectos I,MC1203,
deepseek-r1-14b-8bit,open_ended,¿En qué consiste el proceso de formulación de un caso de negocio efectivo?,"En el curso Administración y Estrategia de Proyectos I de la Maestría en Gerencia de Tecnologías de la Información, ¿En qué consiste el proceso de formulación de un caso de negocio efectivo?

Da una respuesta completa y explicativa.",En el desarrollo de herramientas y dimensiones de decisión para presentar resultados sólidos de una idea de proyecto.,"En el curso ""Administración y Estrategia de Proyectos I"" de la Maestría en Gerencia de Tecnologías de la Información, el proceso de formulación de un caso de negocio efectivo consiste en varios pasos clave que aseguran que el proyecto sea bien definido, alineado con los objetivos de la organización y viable para su implementación. Aquí están los componentes principales:

1. **Identificación de la Oportunidad o Problemática**:  
   Se inicia identificando una oportunidad comercial, un problema específico o una necesidad que el proyecto busca abordar. Esto implica comprender las dinámicas del mercado, las necesidades de los stakeholders y las tendencias actuales.

2. **Definición del Alcance del Proyecto**:  
   Se delimitan los límites del proyecto, identificando qué se incluirá y qué no. Esto asegura que el proyecto sea manejable y que se cumplan los objetivos sin sobrecargar recursos.

3. **Análisis de Factibilidad**:  
   Se evalúan aspectos técnicos, económicos, legales y operativos para determinar si el proyecto es viable. Esto incluye estudios de mercado, análisis de costo-beneficio y revisión de regulaciones relevantes.

4. **Desarrollo de la Visión y Objetivos**:  
   Se define una visión cl",40.5,Administración y Estrategia de Proyectos I,MC1203,
deepseek-r1-14b-8bit,open_ended,¿Qué dilemas se presentan comúnmente en la gestión de la calidad de proyectos de TI?,"En el curso Administración y Estrategia de Proyectos I de la Maestría en Gerencia de Tecnologías de la Información, ¿Qué dilemas se presentan comúnmente en la gestión de la calidad de proyectos de TI?

Da una respuesta completa y explicativa.",La aplicación del concepto de deuda técnica y el equilibrio entre procesos de gestión e ingeniería.,"En el curso ""Administración y Estrategia de Proyectos I"" de la Maestría en Gerencia de Tecnologías de la Información, los dilemas comunes en la gestión de la calidad de proyectos de TI incluyen:

1. **Balance entre Calidad y Tiempo/Costo**: Asegurar la calidad del proyecto puede requerir más tiempo y recursos, lo que puede entrar en conflicto con los plazos y presupuestos establecidos.

2. **Definición Fuzzy de la Calidad**: La calidad puede ser subjetiva y variar según las perspectivas de los stakeholders, lo que dificulta su medición y gestión.

3. **Comunicación entre los Equipos**: La falta de comunicación clara entre los equipos de desarrollo, los testers y los stakeholders puede llevar a desviaciones en la calidad.

4. **Adopción de Pruebas Insuficiente**: Una falta de pruebas adecuadas o insuficiente testing puede resultar en errores que afecten la calidad del proyecto.

5. **Gestión de Expectativas**: Las expectativas de los clientes o stakeholders pueden no ser realistas, lo que dificulta la entrega de un producto de calidad.

6. **Adaptación a Cambios**: Los cambios en los requisitos o prioridades durante el proyecto pueden comprometer la calidad si no se gestionan adecuadamente.

7. **Liderazgo y Compromiso**:",40.48,Administración y Estrategia de Proyectos I,MC1203,
deepseek-r1-14b-8bit,open_ended,¿Qué elementos integran el marco filosófico de un negocio necesario para la planificación?,"En el curso Planificación Estratégica de TI de la Maestría en Gerencia de Tecnologías de la Información, ¿Qué elementos integran el marco filosófico de un negocio necesario para la planificación?

Da una respuesta completa y explicativa.","Análisis FODA, misión, visión, valores, objetivos, estrategias, políticas y metas.","En el curso de **Planificación Estratégica de Tecnologías de la Información** de la Maestría en Gerencia de Tecnologías de la Información, el marco filosófico de un negocio necesario para la planificación estratégica de TI integra varios elementos clave que guían el desarrollo de un plan efectivo. Estos elementos se centran en comprender la misión, visión, valores, objetivos y estrategias de la organización, así como su entorno operativo y las tendencias tecnológicas que puedan impactar en la función de TI. A continuación, se detallan los elementos más relevantes:

### 1. **Análisis de la Visión y Misión del Negocio**
   - **Misión**: Define el propósito fundamental de la organización y cómo la TI contribuye a alcanzar los objetivos empresariales.
   - **Visión**: Refleja el futuro deseado de la empresa, incluyendo cómo la tecnología puede ser un habilitador clave para lograr dicha visión.

### 2. **Análisis de la Estrategia Empresarial**
   - **Objetivos Generales**: Establecen los fines a largo plazo de la organización.
   - **Estrategias**: Son las acciones planificadas para alcanzar esos objetivos, considerando las fortalezas, debilidades, oportunidades y amen",40.51,Planificación Estratégica de TI,MC2301,
deepseek-r1-14b-8bit,open_ended,¿Qué factores se consideran para derivar el plan de información desde el modelo de negocio?,"En el curso Planificación Estratégica de TI de la Maestría en Gerencia de Tecnologías de la Información, ¿Qué factores se consideran para derivar el plan de información desde el modelo de negocio?

Da una respuesta completa y explicativa.","Tendencias tecnológicas, procesos de negocio, arquitectura de aplicaciones y proyección de inversión.","En el curso de **Planificación Estratégica de Tecnologías de la Información** de la Maestría en Gerencia de Tecnologías de la Información, los siguientes factores se consideran para derivar el plan de información desde el modelo de negocio:

1. **Análisis de la Visión y Misión de la Empresa**:
   - Se identifican los objetivos estratégicos generales de la organización para alinear la planificación de TI con los fines de la empresa.

2. **Tendencias de la Tecnología de la Información**:
   - Se evalúan las tendencias tecnológicas actuales y futuras que pueden impactar en la organización, como el cloud computing, la inteligencia artificial y el Internet de las Cosas (IoT).

3. **Procesos de Negocio**:
   - Se analizan los procesos clave del negocio para identificar cómo la tecnología puede mejorar su eficiencia y efectividad.

4. **Arquitectura Tecnológica**:
   - Se define la arquitectura tecnológica actual y futura, considerando la integración de sistemas y plataformas.

5. **Portafolio de Aplicaciones**:
   - Se identifican las aplicaciones críticas para el negocio y se planifican su implementación y actualización.

6. **Modelo Organizacional**:
   - Se evalúa la estruct",40.41,Planificación Estratégica de TI,MC2301,
deepseek-r1-14b-8bit,open_ended,¿Qué capacidad específica adquiere el estudiante al finalizar este programa?,"En el curso Planificación Estratégica de TI de la Maestría en Gerencia de Tecnologías de la Información, ¿Qué capacidad específica adquiere el estudiante al finalizar este programa?

Da una respuesta completa y explicativa.",La capacidad de desarrollar un plan estratégico de TI basado en lineamientos del negocio y mecanismos de priorización.,"En el curso de **Planificación Estratégica de Tecnologías de la Información** de la Maestría en Gerencia de Tecnologías de la Información, los estudiantes adquieren la capacidad específica de **desarrollar un plan estratégico de TI a partir de los lineamientos estratégicos del negocio, considerando tendencias tecnológicas, análisis de riesgos, priorización de proyectos y definición de presupuestos**. Esto les permite actuar como líderes en la implementación de soluciones tecnológicas que alineen los objetivos de la organización con las capacidades de la función de TI, asegurando la optimización de recursos y el logro de ventajas competitivas.",24.86,Planificación Estratégica de TI,MC2301,
deepseek-r1-14b-8bit,open_ended,¿Cómo se define el liderazgo y la administración desde la perspectiva del CIO?,"En el curso Planificación Estratégica de TI de la Maestría en Gerencia de Tecnologías de la Información, ¿Cómo se define el liderazgo y la administración desde la perspectiva del CIO?

Da una respuesta completa y explicativa.",Se analiza como la gestión de expectativas para lograr una empresa habilitada por TI bajo un gobierno sólido.,"En el curso ""Planificación Estratégica de Tecnología de la Información"" de la Maestría en Gerencia de Tecnologías de la Información, el liderazgo y la administración desde la perspectiva del Chief Information Officer (CIO) se definen de la siguiente manera:

### Liderazgo:
1. **Visión y Estrategia**: El CIO debe tener una clara visión de cómo la tecnología de la información (TI) puede impulsar los objetivos estratégicos de la organización. Esto implica no solo ser un gestor técnico, sino también un líder que entienda las necesidades del negocio y cómo la TI puede ser un agente de cambio para lograr ventajas competitivas.
   
2. **Gobierno de la Información**: El CIO lidera el gobierno de la información, asegurando que las políticas, estándares y prácticas de TI estén alineadas con los objetivos empresariales. Esto incluye la gestión de riesgos, la privacidad de datos y la conformidad regulatoria.

3. **Innovación**: El CIO fomenta la innovación tecnológica, promoviendo el uso de tendencias tecnológicas emergentes para mejorar procesos, productos y servicios. Esto requiere un liderazgo visionario que inspire a la organización a adoptar cambios y ser ágil frente a las transformaciones tecnológicas.

4.",40.36,Planificación Estratégica de TI,MC2301,
deepseek-r1-14b-8bit,open_ended,¿Cómo se aborda el diagnóstico de la situación actual de TI?,"En el curso Planificación Estratégica de TI de la Maestría en Gerencia de Tecnologías de la Información, ¿Cómo se aborda el diagnóstico de la situación actual de TI?

Da una respuesta completa y explicativa.","Mediante el análisis de brecha, tendencias de organización de la función de TI y análisis de la industria.","En el curso de **Planificación Estratégica de Tecnologías de la Información** de la Maestría en Gerencia de Tecnologías de la Información, el diagnóstico de la situación actual de TI se aborda de manera integral y estructurada, con el fin de identificar las fortalezas, debilidades, oportunidades y amenazas que afectan a la función de TI en una organización. Este diagnóstico permite al estudiante comprender la realidad tecnológica de la empresa y establecer una base sólida para la planificación estratégica.

### Proceso de Diagnóstico en el Curso

1. **Análisis de la Función de TI**:
   - Se realiza un diagnóstico detallado de la función de TI, incluyendo su estructura organizacional, roles y responsabilidades, procesos actuales y herramientas utilizadas.
   - Se identifican las tendencias tecnológicas actuales y su impacto en la organización.

2. **Análisis de la Industria y el Negocio**:
   - Se estudia el entorno competitivo en el que opera la organización, analizando factores como la amenaza de nuevos entrantes, la competencia, y las tendencias tecnológicas que pueden afectar el negocio.
   - Se evalúan los procesos de negocio clave y cómo la tecnología actual los soporta o limita",40.38,Planificación Estratégica de TI,MC2301,
deepseek-r1-14b-8bit,open_ended,¿Bajo qué condiciones específicas un estudiante puede reprobar el curso por asistencia?,"En el curso Planificación Estratégica de TI de la Maestría en Gerencia de Tecnologías de la Información, ¿Bajo qué condiciones específicas un estudiante puede reprobar el curso por asistencia?

Da una respuesta completa y explicativa.",Si acumula 4 faltas de asistencia injustificadas durante el semestre.,"En el curso ""Planificación Estratégica de Tecnologías de la Información"" de la Maestría en Gerencia de Tecnologías de la Información, un estudiante puede reprobar el curso por asistencia bajo las siguientes condiciones específicas:

1. **Número de Faltas Justificadas**: El estudiante no puede tener más de 4 faltas injustificadas al curso. Cada falta injustificada se registra y, una vez superadas las 4, el estudiante está en riesgo de reprobar por asistencia.

2. **Definición de Faltas**: Una falta se considera injustificada si el estudiante no ha presentado una justificación adecuada y oportuna para su ausencia. Las justificaciones deben ser aprobadas por el profesor.

3. **Política de Asistencia**: El estudiante debe asistir a todas las clases y actividades programadas. Las faltas, incluso las justificadas, se cuentan hacia el límite de 4 faltas injustificadas.

4. **Consecuencias de las Faltas**: Si el estudiante supera el límite de 4 faltas injustificadas, automáticamente reprobará el curso por asistencia, independientemente de su desempeño académico.

5. **Excepciones**: En casos excepcionales, el profesor puede considerar situaciones",40.39,Planificación Estratégica de TI,MC2301,
deepseek-r1-14b-8bit,open_ended,¿Cuál es el concepto fundamental que modela este curso por encima de la tecnología física?,"En el curso Teoría de Autómatas de la Maestría en Computación, ¿Cuál es el concepto fundamental que modela este curso por encima de la tecnología física?

Da una respuesta completa y explicativa.","El concepto de cómputo, definido a través de mecanismos abstractos independientes de computadoras específicas.","En el curso de **Teoría de Autómatas** de la Maestría en Computación, el concepto fundamental que modela el curso por encima de la tecnología física es el de **la computación abstracta**. Este enfoque se centra en estudiar los modelos formales de computación, independientemente de las implementaciones físicas específicas, como lenguajes de programación o dispositivos electrónicos. 

El curso aborda conceptos clave como:

1. **Autómatas de Estados Finitos (AFs)**: Modelos que representan sistemas que pueden estar en diferentes estados y transitar entre ellos basándose en entradas.
2. **Expresiones Regulares y Gramáticas**: Herramientas para definir lenguajes formales y su equivalencia con los autómatas.
3. **Máquinas de Turing**: Un modelo más poderoso que captura la esencia de la computación moderna.
4. **Teoría de la Computabilidad**: Estudia qué problemas pueden ser resueltos por máquinas de Turing y cuáles no.

Estos conceptos forman la base teórica para entender la naturaleza de la computación y su aplicación en áreas como la lingüística computacional, el diseño de compiladores y el análisis de algoritmos.",39.01,Teoría de Autómatas,MC6003,
deepseek-r1-14b-8bit,open_ended,¿Cómo se relaciona la computación teórica con la construcción práctica de compiladores?,"En el curso Teoría de Autómatas de la Maestría en Computación, ¿Cómo se relaciona la computación teórica con la construcción práctica de compiladores?

Da una respuesta completa y explicativa.",Brinda los modelos formales necesarios para el reconocimiento y generación de lenguajes formales usados en compilación.,"En el curso de **Teoría de Autómatas** de la Maestría en Computación, la relación entre la computación teórica y la construcción práctica de compiladores se basa en varios conceptos clave que se estudian durante el curso. A continuación, se explica cómo estos elementos se interrelacionan:

### 1. **Modelos Formales de Computación**
La computación teórica se centra en modelos abstractos como los autómatas de estados finitos (AFD y AFND), las máquinas de Turing y las gramáticas formales. Estos modelos sirven como bases teóricas para entender cómo se procesan los lenguajes formales y cómo se pueden traducir en estructuras computacionales.

- **Autómatas de Estados Finitos (AFD/AFND):** Estos modelos son esenciales para comprender la aceptación de lenguajes regulares. Un compilador utiliza etapas como el análisis sintáctico y semántico, que pueden verse como procesos similares a los de un autómata, donde se reconocen patrones en el código fuente.
  
- **Máquinas de Turing:** Este modelo más potente se relaciona con la teoría de la computabilidad y la complejidad. En la construcción de compiladores, las etapas de generación de código objeto pueden verse como",40.34,Teoría de Autómatas,MC6003,
deepseek-r1-14b-8bit,open_ended,¿Qué jerarquía se utiliza para clasificar gramáticas según su estructura de frase?,"En el curso Teoría de Autómatas de la Maestría en Computación, ¿Qué jerarquía se utiliza para clasificar gramáticas según su estructura de frase?

Da una respuesta completa y explicativa.",La jerarquía de Chomsky.,"En el curso de **Teoría de Autómatas** de la Maestría en Computación, se utiliza la jerarquía de Chomsky para clasificar las gramáticas según su estructura de frase. Esta jerarquía, propuesta por Noam Chomsky, organiza las gramáticas en cuatro niveles, cada uno correspondiente a un tipo de autómata:

1. **Gramáticas regulares (Type 3)**  
   - Corresponden a los autómatas de estados finitos (Finite Automata - FA).  
   - Se caracterizan por su simplicidad y son utilizadas para describir lenguajes regulares.  
   - Ejemplo: Expresiones regulares.

2. **Gramáticas contextuales libres (Type 2)**  
   - Equivalentes a las máquinas de pila (Pushdown Automata - PDA).  
   - Permiten el uso de una pila para almacenar información durante el reconocimiento de cadenas.  
   - Ejemplo: Lenguajes contextuales libres.

3. **Gramáticas contextuales (Type 1)**  
   - Corresponden a los autómatas de dos pilas o autómatas de estado con pila.  
   - Son más potentes que las gramáticas contextuales libres pero menos que las gramáticas recursivas.  
   - Ejemplo: Lenguajes context",40.3,Teoría de Autómatas,MC6003,
deepseek-r1-14b-8bit,open_ended,¿Qué herramienta matemática se estudia para demostrar que un lenguaje no es regular?,"En el curso Teoría de Autómatas de la Maestría en Computación, ¿Qué herramienta matemática se estudia para demostrar que un lenguaje no es regular?

Da una respuesta completa y explicativa.",El Pumping Lemma.,"En el curso de **Teoría de Autómatas** de la Maestría en Computación, una de las herramientas matemáticas estudiaidas para demostrar que un lenguaje no es regular es el **Lema del bombeo (Pumping Lemma)**.

### Explicación:

1. **Lema del bombeo (Pumping Lemma)**:
   - Este es un método fundamental en la teoría de autómatas para demostrar que un lenguaje no es regular.
   - Se basa en la idea de que si un lenguaje es regular, entonces cualquier cadena suficientemente larga en ese lenguaje puede ""bombearse"" (es decir, repetir una parte de la cadena) y aún pertenecer al lenguaje.
   - Si se puede demostrar que al bombear una cadena del lenguaje, la cadena resultante ya no pertenece al lenguaje, entonces el lenguaje no es regular.

2. **Procedimiento**:
   - Seleccionar una cadena `s` del lenguaje que cumpla con ciertos requisitos de longitud.
   - Descomponer `s` en tres partes: `s = xyz`, donde `y` es no vacía y la longitud de `y` está entre 1 y `n-1`.
   - Bombear `y` una o más veces para formar nuevas",40.44,Teoría de Autómatas,MC6003,
deepseek-r1-14b-8bit,open_ended,¿Qué modelos matemáticos se analizan para el reconocimiento de lenguajes formales?,"En el curso Teoría de Autómatas de la Maestría en Computación, ¿Qué modelos matemáticos se analizan para el reconocimiento de lenguajes formales?

Da una respuesta completa y explicativa.",Desde los autómatas de estados finitos hasta las máquinas de Turing.,"En el curso de **Teoría de Autómatas** de la Maestría en Computación, se analizan varios modelos matemáticos para el reconocimiento de lenguajes formales. Estos modelos incluyen:

1. **Autómatas de Estados Finitos (AFDs y AFND):**
   - **AFDs (Determinísticos):** Modelos que reconocen lenguajes regulares a través de transiciones determinísticas.
   - **AFND (No Determinísticos):** Modelos que reconocen lenguajes regulares utilizando transiciones no determinísticas, incluyendo ε-transiciones.

2. **Expresiones Regulares:**
   - Lenguajes formales definidos mediante expresiones regulares, que describen patrones específicos de cadenas.

3. **Gramáticas Regulares:**
   - Herramientas para definir lenguajes formales a través de reglas de producción que generan cadenas pertenecientes al lenguaje.

4. **Autómatas de Pila (PDA):**
   - Modelos que reconocen lenguajes libres de contexto, utilizando una pila para almacenar información durante el reconocimiento.

5. **Gramáticas Libres de Contexto (GLC):**
   - Herramientas para definir lenguajes libres de contexto, que describen una jerarquía más compleja de",40.35,Teoría de Autómatas,MC6003,
deepseek-r1-14b-8bit,open_ended,¿Qué formación matemática previa se asume en los estudiantes de este curso de postgrado?,"En el curso Teoría de Autómatas de la Maestría en Computación, ¿Qué formación matemática previa se asume en los estudiantes de este curso de postgrado?

Da una respuesta completa y explicativa.",Conocimientos sólidos de matemática discreta adquiridos durante el bachillerato.,"En el curso de **Teoría de Autómatas** de la Maestría en Computación, se asume que los estudiantes tienen una formación matemática previa sólida en los siguientes temas:

1. **Álgebra Lineal**: Comprensión de conceptos básicos como vectores, matrices, espacios vectoriales y transformaciones lineales. Esto es fundamental para entender las estructuras matemáticas utilizadas en los modelos de autómatas y lenguajes formales.

2. **Cálculo**: Conocimiento de cálculo diferencial e integral, incluyendo funciones, límites, derivadas y integrales. Esto es esencial para el análisis de funciones y procesos en los autómatas.

3. **Probabilidad y Estadística**: Entendimiento básico de distribuciones probabilísticas, esperanza, varianza y prueba de hipótesis. Esto es útil para el análisis de complejidad y decisiones en los modelos de autómatas.

4. **Matemática Discreta**: Familiaridad con conceptos como conjuntos, relaciones, funciones, grafos y teoría de números. Esto es fundamental para el estudio de las estructuras formales y los lenguajes regulares.

5. **Lógica Matemática**: Conocimiento de proposiciones lógicas, demostraciones y razonamiento cuantitativo",40.35,Teoría de Autómatas,MC6003,
deepseek-r1-14b-8bit,open_ended,¿Qué tipo de material se revisa para estudiar las tendencias actuales de investigación?,"En el curso Sistemas Operativos Avanzados de la Maestría en Computación, ¿Qué tipo de material se revisa para estudiar las tendencias actuales de investigación?

Da una respuesta completa y explicativa.",Diferentes papers y artículos científicos seleccionados por el profesor en lugar de un libro de texto único.,"En el curso **Sistemas Operativos Avanzados** de la Maestría en Computación, el material revisado para estudiar las tendencias actuales de investigación incluye:

1. **Papers de Investigación**: Se estudian artículos científicos recientes y relevantes que abarcan temas avanzados en el diseño e implementación de sistemas operativos. Estos papers se centran en áreas como sistemas distribuidos, computación en nube, sistemas en tiempo real, seguridad de sistemas operativos y arquitecturas innovadoras.

2. **Libros y Capítulos**: Se utiliza material de libros teóricos y capítulos específicos que tratan temas avanzados de sistemas operativos, como estructuras de datos avanzadas, sincronización, comunicación en sistemas distribuidos y arquitecturas modernas.

3. **Documentos Técnicos**: Se revisan documentos técnicos y antologías especializadas que recopilan trabajos de investigación en el campo de los sistemas operativos, destacando avances y tendencias actuales.

4. **Presentaciones y Reportes**: Se analizan presentaciones y reportes de investigación de estudiantes y profesionales que trabajan en el desarrollo y mejora de sistemas operativos, incluyendo proyectos de investigación y desarrollos tecnológicos recientes.

5. **Material Didáctico del Curso**: Se estudia el material proporcionado",40.4,Sistemas Operativos Avanzados,MC6004,
deepseek-r1-14b-8bit,open_ended,¿Qué requisitos de calidad deben cumplir los apuntes oficiales realizados por los estudiantes?,"En el curso Sistemas Operativos Avanzados de la Maestría en Computación, ¿Qué requisitos de calidad deben cumplir los apuntes oficiales realizados por los estudiantes?

Da una respuesta completa y explicativa.","Deben ser reportes detallados con imágenes, gráficos y datos adicionales, evitando ser simples resúmenes ejecutivos.","En el curso ""Sistemas Operativos Avanzados"" de la Maestría en Computación, los apuntes oficiales realizados por los estudiantes deben cumplir con los siguientes requisitos de calidad:

1. **Calidad del Contenido**:
   - Los apuntes deben reflejar un entendimiento profundo de los temas abordados en clase.
   - Deben incluir una estructura clara y organizada que facilite la comprensión del material.
   - Se recomienda la inclusión de definiciones, ejemplos, diagramas, y cualquier otro material visual que ilustre los conceptos.

2. **Formato**:
   - Los apuntes deben estar en formato PDF.
   - El nombre del archivo debe seguir la estructura: `SOA16mmdd-k.pdf`, donde:
     - `mm` es el mes de la fecha de la clase.
     - `dd` es el día de la clase.
     - `k` es un número secuencial para distinguir entre los apuntes de la misma clase.
   - El formato debe ser consistente y profesional, con una portada, tabla de contenido, y secciones bien definidas.

3. **Extensión**:
   - Los apuntes no deben ser demasiado largos ni demasiado cortos. Se sugiere que el trabajo no sea menor a 2 páginas ni mayor a",40.42,Sistemas Operativos Avanzados,MC6004,
deepseek-r1-14b-8bit,open_ended,¿Qué cinco preguntas clave deben responderse al entregar los resúmenes de los artículos científicos?,"En el curso Sistemas Operativos Avanzados de la Maestría en Computación, ¿Qué cinco preguntas clave deben responderse al entregar los resúmenes de los artículos científicos?

Da una respuesta completa y explicativa.","Problema planteado, importancia, soluciones previas, propuesta de los autores y éxito de la misma.","En el curso **Sistemas Operativos Avanzados** de la Maestría en Computación, los estudiantes deben responder las siguientes **cinco preguntas clave** al entregar los resúmenes de los artículos científicos:

1. **¿Cuál es el problema que plantea el paper?**
   - Describe el problema central que los autores identifican y buscan resolver en su investigación.

2. **¿Por qué es un problema interesante o importante?**
   - Analiza la relevancia del problema, su impacto en el campo de la computación y su importancia para la comunidad científica o tecnológica.

3. **¿Qué otras soluciones se han intentado para resolver este problema?**
   - Resume las aproximaciones o soluciones previas que otros investigadores han propuesto para abordar el mismo problema.

4. **¿Cuál es la solución propuesta por los autores?**
   - Explica la contribución principal del artículo, es decir, qué enfoque, método o técnica proponen los autores para resolver el problema identificado.

5. **¿Qué tan exitosa es esta solución?**
   - Evalúa la efectividad de la solución propuesta, basándose en los resultados presentados en el artículo. Puedes considerar aspectos como la mejora respecto a las soluciones anteriores, los límites de la solución y su aplicabilidad en",40.44,Sistemas Operativos Avanzados,MC6004,
deepseek-r1-14b-8bit,open_ended,¿Cómo se evalúa la capacidad de comunicación científica de los estudiantes?,"En el curso Sistemas Operativos Avanzados de la Maestría en Computación, ¿Cómo se evalúa la capacidad de comunicación científica de los estudiantes?

Da una respuesta completa y explicativa.",Mediante una presentación oral obligatoria que sigue el formato de una conferencia científica.,"En el curso **Sistemas Operativos Avanzados** de la Maestría en Computación, la capacidad de comunicación científica de los estudiantes se evalúa a través de varias actividades y componentes del programa. Aquí tienes una descripción detallada de cómo se realiza esta evaluación:

### 1. **Presentaciones Orales**
- **Descripción**: Los estudiantes deben presentar papers asignados por el profesor siguiendo el formato de una conferencia científica. Esto incluye la preparación de material en formato Beamer y una presentación de 16-20 minutos.
- **Evaluación**: Se considera la claridad, organización, comprensión del tema y la capacidad de comunicar ideas de manera efectiva. Los presentadores deben ensayar y asegurar que el equipo funcione correctamente.

### 2. **Paper de Investigación**
- **Descripción**: Los estudiantes trabajan en grupos para escribir un artículo científico sobre un tema aprobado por el profesor. El paper debe estar en inglés y formato IEEE Transactions.
- **Evaluación**: Se valora la capacidad de sintetizar información, presentar argumentos claros y comunicar resultados de manera científica y organizada.

### 3. **Apuntadores**
- **Descripción**: Cada estudiante actúa como apuntador en clase, tomando notas detalladas y compartiendo un documento PDF de alta",40.47,Sistemas Operativos Avanzados,MC6004,
deepseek-r1-14b-8bit,open_ended,¿Qué experiencia técnica previa es indispensable para el éxito en los proyectos programados?,"En el curso Sistemas Operativos Avanzados de la Maestría en Computación, ¿Qué experiencia técnica previa es indispensable para el éxito en los proyectos programados?

Da una respuesta completa y explicativa.","Programación en C, lenguaje ensamblador y dominio de ambientes UNIX o Linux.","Para tener éxito en los proyectos programados del curso **Sistemas Operativos Avanzados** de la Maestría en Computación, es indispensable contar con la siguiente experiencia técnica previa:

1. **Experiencia en Programación**: 
   - Debe tener una sólida experiencia en programación, especialmente en lenguajes como **C** y **lenguaje ensamblador**. Esto es fundamental para comprender y manipular los mecanismos internos de los sistemas operativos.
   - Es recomendable estar familiarizado con entornos como **UNIX** o **Linux**, ya que estos son comunes en la implementación de sistemas operativos avanzados.

2. **Conocimientos de Sistemas Operativos Básicos**:
   - Debe tener una base sólida en cómo funcionan los sistemas operativos, incluyendo conceptos como la gestión de procesos, memoria, archivos y dispositivos periféricos.
   - Es útil conocer cómo interactúan los sistemas operativos con hardware y software, así como los conceptos de concurrencia, sincronización y comunicación entre procesos.

3. **Experiencia en Desarrollo de Proyectos**:
   - Es importante haber trabajado en proyectos de desarrollo de software antes, especialmente aquellos que involucren la creación de herramientas o la implementación de algoritmos.
   - La capacidad de trabajar en",40.44,Sistemas Operativos Avanzados,MC6004,
deepseek-r1-14b-8bit,open_ended,¿Qué temas de computación moderna se incluyen en los contenidos técnicos?,"En el curso Sistemas Operativos Avanzados de la Maestría en Computación, ¿Qué temas de computación moderna se incluyen en los contenidos técnicos?

Da una respuesta completa y explicativa.","Cloud Computing, High Performance Computing, dispositivos móviles y sistemas de tiempo real.","En el curso **Sistemas Operativos Avanzados** de la Maestría en Computación, los temas de computación moderna incluyen:

1. **Monitores de Máquinas Virtuales**: Estos se centran en la gestión eficiente de recursos en entornos virtuales, lo que es esencial para plataformas como la nube.

2. **Mecanismos de Comunicación en Sistemas Distribuidos**: Abordan cómo se gestionan las comunicaciones en sistemas que operan en múltiples nodos, lo cual es clave para la escalabilidad y disponibilidad en redes distribuidas.

3. **Sincronización**: Se enfocan en técnicas para mantener el orden en operaciones concurrentes, esencial para sistemas en tiempo real y transacciones atomicas.

4. **Scheduling**: Tratan algoritmos y estrategias para la asignación eficiente de recursos, como procesadores, en sistemas multiproceso.

5. **Sistemas Distribuidos**: Presentan conceptos fundamentales y arquitecturas para sistemas que operan en múltiples ubicaciones, incluyendo la gestión de memoria compartida distribuida (Distributed Shared Memory).

6. **File Systems**: Se analizan sistemas de archivos avanzados, incluyendo su diseño y optimización para entornos modernos.

7. **Distributed Shared Memory (DSM)**:",40.31,Sistemas Operativos Avanzados,MC6004,
deepseek-r1-14b-8bit,open_ended,¿Por qué el diseño de algoritmos se considera la actividad fundamental de la computación?,"En el curso Análisis de Algoritmos de la Maestría en Computación, ¿Por qué el diseño de algoritmos se considera la actividad fundamental de la computación?

Da una respuesta completa y explicativa.","Porque toda computación es, por definición, el resultado de la ejecución de un algoritmo.","En el curso Análisis de Algoritmos de la Maestría en Computación, el diseño de algoritmos se considera la actividad fundamental de la computación porque:

1. **Definición de Computación**: Un algoritmo es el resultado de la ejecución de un algoritmo. La computación misma surge de la ejecución de algoritmos, lo que hace que su diseño sea la actividad central de las Ciencias de la Computación.

2. **Aplicación en Diferentes Áreas**: Algoritmos se usan en todas las áreas de las Ciencias de la Computación, como sistemas operativos, inteligencia artificial, modelado de现实, y en la gestión de recursos de un computador. El diseño eficiente y efectivo de algoritmos es esencial para resolver problemas en estas áreas.

3. **Efectividad y Eficiencia**: Un algoritmo debe ser efectivo, es decir, resolver el problema para el que fue diseñado. Además, debe ser eficiente, utilizando pocos recursos de almacenamiento y tiempo. La eficiencia se evalúa en términos de complejidad computacional, lo que hace que el diseño de algoritmos sea crítico para optimizar soluciones.

4. **Técnicas de Diseño y Análisis**: El diseño de algoritmos involucra técnicas formales de análisis y diseño que permiten comparar y",40.37,Análisis de Algoritmos,MC6102,
deepseek-r1-14b-8bit,open_ended,¿Cuál es la diferencia crítica entre la efectividad y la eficiencia de un algoritmo?,"En el curso Análisis de Algoritmos de la Maestría en Computación, ¿Cuál es la diferencia crítica entre la efectividad y la eficiencia de un algoritmo?

Da una respuesta completa y explicativa.",La efectividad asegura que resuelva el problema; la eficiencia asegura que lo haga usando pocos recursos de tiempo y espacio.,"En el curso Análisis de Algoritmos de la Maestría en Computación, la diferencia crítica entre la efectividad y la eficiencia de un algoritmo se centra en dos aspectos fundamentales:

1. **Efectividad (Correctitud):** Refiere a la capacidad del algoritmo de resolver correctamente el problema para el que está diseñado. Un algoritmo efectivo produce resultados precisos y acordes con los requisitos del problema, garantizando que las soluciones sean correctas en todos los casos posibles.

2. **Eficiencia:** Se relaciona con el rendimiento del algoritmo, medido en términos de recursos como tiempo y espacio que utiliza durante su ejecución. Un algoritmo eficiente minimiza el consumo de estos recursos, asegurando que el algoritmo pueda ejecutarse de manera rápida y escalable, especialmente para grandes entradas.

La efectividad es esencial para que el algoritmo funcione correctamente, mientras que la eficiencia garantiza que el algoritmo sea practicable y funcional en tiempos y recursos reales. Ambas características son cruciales para el diseño de algoritmos robustos y optimizados.",35.78,Análisis de Algoritmos,MC6102,
deepseek-r1-14b-8bit,open_ended,¿Qué tres componentes son necesarios para lograr algoritmos eficientes?,"En el curso Análisis de Algoritmos de la Maestría en Computación, ¿Qué tres componentes son necesarios para lograr algoritmos eficientes?

Da una respuesta completa y explicativa.","Técnicas de diseño, técnicas de análisis y la creatividad intuitiva.","En el curso de **Análisis de Algoritmos** de la Maestría en Computación, los tres componentes necesarios para lograr algoritmos eficientes son:

1. **Técnicas de Diseño de Algoritmos**  
   - Son las metodologías y estrategias utilizadas para crear soluciones algorítmicas que resuelvan problemas de manera efectiva. Ejemplos incluyen algoritmos voraces, dividir y conquistar, programación dinámica y algoritmos genéticos. Estas técnicas ayudan a identificar las estructuras de datos y los enfoques adecuados para abordar diferentes tipos de problemas.

2. **Análisis Formal de la Complejidad**  
   - Involucra el estudio de la eficiencia de los algoritmos en términos de tiempo y espacio. Se utiliza la notación asintótica (como Big O) para medir la complejidad de peor caso, promedio y amortizado. Este análisis permite comparar diferentes algoritmos y seleccionar los más adecuados para cada situación.

3. **Creatividad e Intuición**  
   - Es la capacidad de pensar innovadoramente y aplicar conocimientos teóricos a problemas concretos. Incluye la capacidad de experimentar con diferentes enfoques y adaptar técnicas existentes a nuevas situ",40.41,Análisis de Algoritmos,MC6102,
deepseek-r1-14b-8bit,open_ended,"¿Qué herramientas se utilizan para analizar la complejidad de ""peor caso""?","En el curso Análisis de Algoritmos de la Maestría en Computación, ¿Qué herramientas se utilizan para analizar la complejidad de ""peor caso""?

Da una respuesta completa y explicativa.","Funciones recurrentes, notación asintótica (""O grande"") y pruebas por inducción.","En el curso de **Análisis de Algoritmos** de la Maestría en Computación, se utilizan varias herramientas para analizar la complejidad de ""peor caso"" de los algoritmos. Estas herramientas incluyen:

1. **Notación Asintótica**: Se utiliza para describir el comportamiento de los algoritmos en términos de su tiempo y espacio de ejecución. Entre las más comunes se encuentran:
   - **Notación Big O (O)**: Describe el límite superior del tiempo de ejecución.
   - **Notación Big Omega (Ω)**: Describe el límite inferior del tiempo de ejecución.
   - **Notación Big Theta (Θ)**: Describe el límite exacto del tiempo de ejecución.

2. **Funciones Recurrentes**: Se usan para expresar la complejidad de los algoritmos de manera recursiva. Por ejemplo, para un algoritmo que divide el problema en dos mitades y resuelve cada mitad recursivamente, la función recurrente podría ser:
   \[
   T(n) = 2T\left(\frac{n}{2}\right) + O(n)
   \]
   Donde \( T(n) \) es el tiempo de ejecución para un problema de tamaño \( n \).

3. **Inducción Matemática**: Se aplica para probar que una función dada cum",40.29,Análisis de Algoritmos,MC6102,
deepseek-r1-14b-8bit,open_ended,¿Qué tipos de algoritmos se estudian dentro de la categoría probabilista?,"En el curso Análisis de Algoritmos de la Maestría en Computación, ¿Qué tipos de algoritmos se estudian dentro de la categoría probabilista?

Da una respuesta completa y explicativa.","Algoritmos numéricos, de Monte Carlo y de Las Vegas.","En el curso de **Análisis de Algoritmos** de la Maestría en Computación, se estudian varios tipos de algoritmos dentro de la categoría probabilista. Estos incluyen:

1. **Algoritmos Probabilistas**: Estos algoritmos utilizan elementos aleatorios en su ejecución. Ejemplos incluyen algoritmos de **Monte Carlo**, que se usan para estimar resultados estadísticos, y algoritmos de **Las Vegas**, que buscan soluciones óptimas pero usan aleatoriedad para reducir el tiempo de ejecución.

2. **Algoritmos Heurísticos**: Aunque no son estrictamente probabilistas, estos algoritmos usan reglas o aproximaciones para encontrar soluciones subóptimas en problemas complejos. Son útiles en aplicaciones donde la exactitud total no es esencial.

3. **Algoritmos Aproximados**: Estos algoritmos buscan soluciones que están cerca de la óptima pero no necesariamente exactas. Son útiles en problemas NP-duros, donde encontrar una solución exacta es computacionalmente costoso.

4. **Algoritmos Genéticos**: Inspirados en la evolución biológica, estos algoritmos usan operadores como mutación y recombinación para encontrar soluciones optimizadas en problemas complejos.

5. **Algoritmos Parale",40.39,Análisis de Algoritmos,MC6102,
deepseek-r1-14b-8bit,open_ended,¿Cómo se clasifican los problemas según su complejidad en este programa?,"En el curso Análisis de Algoritmos de la Maestría en Computación, ¿Cómo se clasifican los problemas según su complejidad en este programa?

Da una respuesta completa y explicativa.","En las clases P, NP, NP-completos y NP-difíciles.","En el curso de **Análisis de Algoritmos** de la Maestría en Computación, los problemas se clasifican según su complejidad utilizando la teoría de la complejidad computacional. Esta teoría categoriza los problemas en clases de complejidad, que indican cuántos recursos (como tiempo y espacio) son necesarios para resolverlos. Las clases más relevantes en este contexto son:

1. **Clase P (Polinomial):**  
   Los problemas que pueden ser resueltos en tiempo polinomial por una máquina de Turing. Esto significa que existen algoritmos que resuelven el problema en un tiempo que es una función polinomial del tamaño de la entrada.

2. **Clase NP (Nondeterminístico Polinomial):**  
   Los problemas para los cuales una solución correcta puede ser verificada en tiempo polinomial por una máquina de Turing. Si bien no se sabe si estos problemas pueden ser resueltos en tiempo polinomial, se cree que P ⊆ NP.

3. **Problemas NP-completos:**  
   Son problemas en NP que son tan difíciles que si alguno de ellos puede ser resuelto en tiempo polinomial, entonces todos los problemas en NP también pueden ser resueltos en tiempo polinomial. Ejemplos incluyen problemas como el problema del viaje de comerciante",40.41,Análisis de Algoritmos,MC6102,
deepseek-r1-14b-8bit,open_ended,"¿Por qué la Ciencia de la Computación ha sido considerada históricamente ""débil"" en sus procedimientos?","En el curso Diseño de Experimentos de la Maestría en Computación, ¿Por qué la Ciencia de la Computación ha sido considerada históricamente ""débil"" en sus procedimientos?

Da una respuesta completa y explicativa.",Debido a la falta de uso sistemático de técnicas experimentales clásicas para validar o refutar hipótesis.,"La Ciencia de la Computación ha sido considerada históricamente ""débil"" en sus procedimientos experimentales debido a varias razones. A continuación, se presentan las razones más relevantes:

1. **Carácter teórico inicial**: La disciplina se originó con un enfoque fuerte en la teoría, especialmente en los años 1950 y 1960, cuando se centró en el diseño y análisis de algoritmos, la teoría de autómatas y la formalización de la computación. Este enfoque teórico, aunque fundamental, dejó poco espacio para la validación experimental de las ideas.

2. **Dificultades en la replicación**: Los experimentos en Ciencia de la Computación pueden ser difíciles de replicar debido a la variabilidad en los entornos computacionales, lo que hace que los resultados sean inconsistentes o difíciles de reproducir.

3. **Ausencia de estándares experimentales**: Hasta hace relativamente poco tiempo, no existían estándares claros para diseñar y ejecutar experimentos en Ciencia de la Computación, lo que limitó la confiabilidad y comparabilidad de los estudios.

4. **Enfoque en productos en lugar de investigación**: Muchas universidades y empresas priorizaban el desarrollo de productos y sistemas funcionales sobre la investigación científica",40.47,Diseño de Experimentos,MC6104,
deepseek-r1-14b-8bit,open_ended,¿Qué utilidad tiene el Diseño de Experimentos (DoE) en la industria del software?,"En el curso Diseño de Experimentos de la Maestría en Computación, ¿Qué utilidad tiene el Diseño de Experimentos (DoE) en la industria del software?

Da una respuesta completa y explicativa.",Permite ejercer controles de calidad rigurosos durante el desarrollo de productos de software.,"El Diseño de Experimentos (DoE) tiene una utilidad significativa en la industria del software, especialmente en el desarrollo, prueba y mejora de productos y procesos. Aquí están algunas de sus aplicaciones clave:

1. **Validación de Hipótesis**: Los profesionales de software pueden formular hipótesis sobre cómo ciertos cambios en el código, la arquitectura o los procesos afectarán el rendimiento, la calidad o la funcionalidad del software. El DoE les permite diseñar experimentos para testear estas hipótesis de manera científica y objetiva.

2. **Optimización de Sistemas**: En la industria del software, es común enfrentar problemas de optimización, como mejorar el rendimiento de una aplicación o reducir el consumo de recursos. El DoE puede utilizarse para identificar los factores que influyen en estos resultados y determinar los valores óptimos de dichos factores.

3. **Pruebas y Calidad**: El DoE es útil en la fase de pruebas para identificar los factores que más influyen en los defectos o errores del software. Esto permite priorizar las pruebas y reducir el riesgo de fallos en el producto final.

4. **Desarrollo de Productos**: Durante el desarrollo de un producto software, se pueden realizar experimentos para determinar cuál de varias alternativas téc",40.4,Diseño de Experimentos,MC6104,
deepseek-r1-14b-8bit,open_ended,¿Qué capacidades adquiere el estudiante para manejar datos experimentales?,"En el curso Diseño de Experimentos de la Maestría en Computación, ¿Qué capacidades adquiere el estudiante para manejar datos experimentales?

Da una respuesta completa y explicativa.",El uso de software estadístico para analizar resultados con niveles de confianza y certeza científica.,"En el curso Diseño de Experimentos de la Maestría en Computación, los estudiantes adquieren las siguientes capacidades para manejar datos experimentales:

1. **Concebir y Formular Hipótesis**: Los estudiantes aprenden a establecer hipótesis claras y testables que puedan ser verificadas mediante experimentos, lo que es fundamental para cualquier investigación científica.

2. **Diseñar Experimentos Científicos**: Aprenden a planificar y diseñar experimentos adecuados para recolectar datos relevantes, asegurando que los resultados sean confiables y reproducibles.

3. **Análisis Estadístico de Datos**: Utilizan herramientas estadísticas para analizar los datos obtenidos, realizar pruebas de hipótesis, y determinar la significancia de los resultados.

4. **Control de Calidad en Desarrollo de Software**: Aplican técnicas de diseño de experimentos para mejorar la calidad del desarrollo de software, identificando y resolviendo problemas de manera efectiva.

5. **Uso de Software para Análisis**: Utilizan software especializado para analizar y visualizar datos, facilitando la interpretación de resultados y la comunicación de conclusiones.

6. **Interpretación de Resultados**: Aprenden a interpretar y comunicar los resultados de manera clara y científica, lo que es",40.3,Diseño de Experimentos,MC6104,
deepseek-r1-14b-8bit,open_ended,¿Cuál es la estructura metodológica que siguen los proyectos en este curso?,"En el curso Diseño de Experimentos de la Maestría en Computación, ¿Cuál es la estructura metodológica que siguen los proyectos en este curso?

Da una respuesta completa y explicativa.","Realización de experimentos, recolección de datos, análisis de resultados y redacción de reportes técnicos.","En el curso **Diseño de Experimentos** de la Maestría en Computación, los proyectos siguen una estructura metodológica bien definida que incluye varias etapas clave. A continuación, se describe detalladamente esta estructura:

### 1. **Identificación del TEMA**
- ** Selección del Tema**: Los estudiantes, en colaboración con el profesor, eligen un tema de investigación relevante en el ámbito de la Computación. Este tema debe ser aprobado por el profesor.
- **Justificación**: Se debe demostrar por qué el tema es importante y cuál es su impacto en la disciplina.

### 2. **Definición de la HIPÓTESIS**
- **Formulación de la Hipótesis**: Se establece una hipótesis clara y testable que se convertirá en el eje central del proyecto.
- **Objetivos Específicos**: Se definen los objetivos específicos que el proyecto busca alcanzar.

### 3. **Diseño del EXPERIMENTO**
- **Variables**: Se identifican las variables independientes, dependientes y controladas.
- **Método de Diseño**: Se selecciona el diseño experimental apropiado (puede ser un diseño monofactorial, multifactorial, de bloques, etc.).
- **Muestreo**: Se define cómo se seleccionará la",40.45,Diseño de Experimentos,MC6104,
deepseek-r1-14b-8bit,open_ended,¿Qué formación técnica previa es requerida para el uso de herramientas en este curso?,"En el curso Diseño de Experimentos de la Maestría en Computación, ¿Qué formación técnica previa es requerida para el uso de herramientas en este curso?

Da una respuesta completa y explicativa.","Conocimiento de UNIX, programación en C y dominio del entorno estadístico R.","Para el curso **Diseño de Experimentos** de la Maestría en Computación, se requiere una formación técnica previa que incluya:

1. **Álgebra Lineal**: Comprensión de conceptos básicos como vectores, matrices, sistemas de ecuaciones lineales y operaciones matriciales. Esto es fundamental para el análisis de datos y la modelación estadística.

2. **Cálculo**: Dominio de las técnicas de cálculo diferencial e integral, así como de series y sucesiones. Estos conceptos son esenciales para entender la variabilidad y los modelos matemáticos utilizados en el diseño de experimentos.

3. **Probabilidades**: Conocimiento de los fundamentos de la teoría de probabilidades, incluyendo distribuciones probablisticas comunes (como la normal, binomial y t-student), y conceptos como la esperanza, varianza y covarianza. Esto es crucial para el análisis estadístico de los resultados experimentales.

Estas habilidades técnicas se complementan con la experiencia en el uso de herramientas como lenguajes de programación (especialmente C y UNIX) y paquetes estadísticos, los cuales son utilizados para realizar cálculos y analizar datos durante el curso.",38.39,Diseño de Experimentos,MC6104,
deepseek-r1-14b-8bit,open_ended,¿Cómo influye este curso en el desarrollo de la tesis de maestría del estudiante?,"En el curso Diseño de Experimentos de la Maestría en Computación, ¿Cómo influye este curso en el desarrollo de la tesis de maestría del estudiante?

Da una respuesta completa y explicativa.",Entrena al estudiante para establecer hipótesis verificables experimentalmente en su propuesta de tesis.,"En el curso **Diseño de Experimentos** de la Maestría en Computación, el desarrollo del curso influye significativamente en el proceso de elaboración de la tesis de maestría del estudiante de la siguiente manera:

1. **Fundamentos para Validar Hipótesis**:
   - El curso capacita a los estudiantes para establecer hipótesis sólidas y diseñar experimentos que las prueben o refuten. Esto es esencial para la tesis, donde se necesita respaldar teorías o soluciones con evidencia empírica.

2. **Diseño Experimental**:
   - Aprende a planificar y ejecutar experimentos científicos, lo cual permite al estudiante estructurar adecuadamente las pruebas necesarias para su tesis, asegurando que las conclusiones sean confiables y reproducibles.

3. **Análisis de Datos**:
   - Desarrolla habilidades en el uso de herramientas estadísticas y software para analizar resultados, lo que permite al estudiante interpretar datos de manera precisa y robusta, reforzando la robustez de su investigación.

4. **Control de Calidad**:
   - Aplica técnicas de diseño de experimentos en el desarrollo de productos de software, mejorando la calidad y fiabilidad de los resultados, aspectos críticos para la validación de la tesis",40.48,Diseño de Experimentos,MC6104,
deepseek-r1-14b-8bit,open_ended,¿Qué criterios separan la ciencia de la pseudociencia según los contenidos del curso?,"En el curso Introducción a la Investigación de la Maestría en Computación, ¿Qué criterios separan la ciencia de la pseudociencia según los contenidos del curso?

Da una respuesta completa y explicativa.","Los conceptos de historia y filosofía de la ciencia, aplicados a través de un exigente escepticismo científico.","En el curso ""Introducción a la Investigación"" de la Maestría en Computación, los criterios que separan la ciencia de la pseudociencia, según los contenidos del curso, son los siguientes:

1. **Método Científico**: La ciencia se basa en el método científico, que implica la formulación de hipótesis testables, la realización de experimentos controlados, la gathering de datos empíricos y la validación reproducible de resultados. En contraste, la pseudociencia a menudo carece de estos elementos y se basa en evidencias circunstanciales o irreplicables.

2. **Hipótesis y Pruebas**: La ciencia exige que las hipótese sean específicas y verificables mediante experimentos o observaciones. Las pseudociencias, por otro lado, a menudo presentan afirmaciones que no son testables o que no pueden ser refutadas, lo que las convierte en inútiles para el progreso del conocimiento.

3. **Reproducibilidad y Verificabilidad**: Los resultados científicos deben ser reproducibles por otros investigadores bajo condiciones similares. La pseudociencia a menudo carece de esta calidad, ya que sus resultados son inconsistentes o no se pueden verificar de manera independiente.

4. **Evidencia Empírica**: La ciencia se",40.51,Introducción a la Investigación,MC7201,
deepseek-r1-14b-8bit,open_ended,¿Cuál es el deber esencial de un científico según este programa académico?,"En el curso Introducción a la Investigación de la Maestría en Computación, ¿Cuál es el deber esencial de un científico según este programa académico?

Da una respuesta completa y explicativa.",Generar y comunicar conocimiento nuevo a la comunidad.,"En el curso ""Introducción a la Investigación"" de la Maestría en Computación, el deber esencial de un científico, según el programa académico, es **generar y comunicar conocimiento nuevo** obtenido a través de un proceso científico riguroso. Esto implica:

1. **Trabajo esencial**: El estudiante debe desarrollar habilidades y conocimientos básicos relevantes para el desarrollo de investigación científica en el área de la computación.
2. **Investigación científica**: Se enfoca en entender los criterios que separan la ciencia de la pseudociencia, utilizando metodologías y herramientas científicas para proponer y desarrollar proyectos de investigación.
3. **Comunicación**: El estudiante debe aprender a leer, elaborar y presentar adecuadamente artículos científicos, siguiendo formatos estándar como el de IEEE Transactions.
4. **Tesis de investigación**: Se orienta en el desarrollo de tesis de investigación, relacionado a los reglamentos y lineamientos del programa de maestría.
5. **Pruebas y experimentos**: Se inculcan técnicas de diseño de experimentos y análisis estadístico para validar o refutar hipótesis y teorías.

En resumen, el deber esencial de un científico en este programa es contribuir al avance del conocimiento científico a través de investigación rigurosa y comunicación",40.42,Introducción a la Investigación,MC7201,
deepseek-r1-14b-8bit,open_ended,"¿Qué habilidades de ""infraestructura"" se desarrollan para maximizar el éxito del investigador?","En el curso Introducción a la Investigación de la Maestría en Computación, ¿Qué habilidades de ""infraestructura"" se desarrollan para maximizar el éxito del investigador?

Da una respuesta completa y explicativa.","Cómo dar presentaciones, leer y escribir papers, y administrar efectivamente el tiempo.","En el curso ""Introducción a la Investigación"" de la Maestría en Computación, se desarrollan las siguientes habilidades de ""infraestructura"" para maximizar el éxito del investigador:

1. **Filosofía de la Ciencia**:
   - Comprender la diferencia entre ciencia y pseudociencia.
   - Identificar y analizar falacias lógicas.
   - Aplicar el método científico en la investigación.

2. **Metodología de la Investigación**:
   - Diseño de experimentos con tratamiento estadístico.
   - Uso de herramientas y técnicas para la investigación científica.
   - Desarrollo de habilidades en la escritura y presentación de artículos científicos.

3. **Escritura Científica**:
   - Redacción de documentos y papers científicos siguiendo formatos estándar (como IEEE Transactions).
   - Conocimiento en la estructura y estilo de los artículos científicos.

4. **Presentaciones Científicas**:
   - Creación de presentaciones con herramientas como Beamer.
   - Práctica en la exposición de resultados y discusión de los mismos.

5. **Gestión del Tiempo y Proyectos**:
   - Organización y planificación de proyectos de investigación.
   - Establecimiento de prioridades y metas claras.

6. **Lect",40.36,Introducción a la Investigación,MC7201,
deepseek-r1-14b-8bit,open_ended,¿Qué aspectos administrativos se revisan para orientar al estudiante en su posgrado?,"En el curso Introducción a la Investigación de la Maestría en Computación, ¿Qué aspectos administrativos se revisan para orientar al estudiante en su posgrado?

Da una respuesta completa y explicativa.",Los reglamentos y lineamientos del programa de maestría para la presentación de propuestas y tesis.,"En el curso ""Introducción a la Investigación"" de la Maestría en Computación, se revisan varios aspectos administrativos que orientan al estudiante en su posgrado. Estos incluyen:

1. **Reglamentos y Lineamientos del Programa**: Se estudian los requisitos y normativas específicas del programa de maestría, como los créditos necesarios, los cursos obligatorios y electivos, y los procesos de aprobación de cursos y tesis.

2. **Proceso de Tesis**: Se abordan los pasos necesarios para desarrollar una tesis de investigación, desde la elección del tema, la selección de un asesor, la presentación de propuestas, hasta la defensa final.

3. **Presentación de Propuestas de Investigación**: Se enseñan cómo elaborar y presentar propuestas de investigación, incluyendo la justificación del problema, los objetivos, los métodos y el cronograma.

4. **Escritura de Documentos Científicos**: Se revisan las normas y formatos para la escritura de artículos y tesis, como el uso de LaTeX, la estructura de los documentos y las referencias bibliográficas.

5. **Administración del Tiempo**: Se proporcionan estrategias para organizar el tiempo durante el posgrado, priorizando tareas y manejando压力 de",40.49,Introducción a la Investigación,MC7201,
deepseek-r1-14b-8bit,open_ended,¿Qué elementos debe contener la propuesta de un artículo científico para ser aprobada?,"En el curso Introducción a la Investigación de la Maestría en Computación, ¿Qué elementos debe contener la propuesta de un artículo científico para ser aprobada?

Da una respuesta completa y explicativa.","Definición del problema, su importancia, soluciones previas, propuesta original y efectos esperados.","En el curso ""Introducción a la Investigación"" de la Maestría en Computación, la propuesta de un artículo científico debe contener los siguientes elementos para ser aprobada:

1. **Título**: Un título claro y descriptivo que refleje el enfoque del estudio.
2. **Resumen**: Una síntesis concisa del estudio, incluyendo el problema, los objetivos, los métodos, los resultados principales y las conclusiones.
3. **Introducción**: Una presentación del problema, su relevancia, los objetivos del estudio y una revisión de la literatura existente.
4. **Marco Teórico**: Un marco conceptual que sitúe el estudio en el contexto teórico actual, incluyendo definiciones clave y marcos analíticos.
5. **Métodos**: Una descripción detallada de los métodos utilizados, incluyendo diseño experimental, selección de participantes, instrumentos, procedimientos y análisis de datos.
6. **Resultados**: Una presentación clara y organizada de los datos recolectados, utilizando tablas, gráficos y estadísticas cuando sea apropiado.
7. **Discusión**: Interpretación de los resultados en el contexto del problema, comparación con estudios previos, discusión de las implicaciones y limitaciones.
8. **Conclusión**: Una síntesis",40.32,Introducción a la Investigación,MC7201,
deepseek-r1-14b-8bit,open_ended,¿Cuál es la herramienta tecnológica obligatoria para la elaboración de presentaciones?,"En el curso Introducción a la Investigación de la Maestría en Computación, ¿Cuál es la herramienta tecnológica obligatoria para la elaboración de presentaciones?

Da una respuesta completa y explicativa.",Beamer.,"En el curso ""Introducción a la Investigación"" de la Maestría en Computación, la herramienta tecnológica obligatoria para la elaboración de presentaciones es **Beamer**. Beamer es un entorno de LaTeX diseñado específicamente para crear presentaciones de diapositivas. Su uso se justifica por su capacidad para crear presentaciones profesionales y consistentes, lo que es esencial para la comunicación científica en el contexto académico y profesional.",19.97,Introducción a la Investigación,MC7201,
