model_key,category,question,composed_question,expected_answer,predicted_answer,generation_time_s,curso,codigo,error
llama3.1-8b-f16,binary,¿Es la asistencia obligatoria?,"En el curso Análisis de Datos en Ciberseguridad de la Maestría en Ciberseguridad, ¿Es la asistencia obligatoria?

Responde únicamente con 'Sí' o 'No'.",Sí,Sí,7.29,Análisis de Datos en Ciberseguridad,MC1001,
llama3.1-8b-f16,binary,¿Tiene el curso requisitos previos?,"En el curso Análisis de Datos en Ciberseguridad de la Maestría en Ciberseguridad, ¿Tiene el curso requisitos previos?

Responde únicamente con 'Sí' o 'No'.",No,Sí.,4.68,Análisis de Datos en Ciberseguridad,MC1001,
llama3.1-8b-f16,binary,¿Es un curso electivo?,"En el curso Análisis de Datos en Ciberseguridad de la Maestría en Ciberseguridad, ¿Es un curso electivo?

Responde únicamente con 'Sí' o 'No'.",No,No,4.56,Análisis de Datos en Ciberseguridad,MC1001,
llama3.1-8b-f16,binary,¿Existe la posibilidad de ganar el curso por suficiencia?,"En el curso Análisis de Datos en Ciberseguridad de la Maestría en Ciberseguridad, ¿Existe la posibilidad de ganar el curso por suficiencia?

Responde únicamente con 'Sí' o 'No'.",Sí,Sí,4.6,Análisis de Datos en Ciberseguridad,MC1001,
llama3.1-8b-f16,binary,¿Es posible el reconocimiento del curso?,"En el curso Análisis de Datos en Ciberseguridad de la Maestría en Ciberseguridad, ¿Es posible el reconocimiento del curso?

Responde únicamente con 'Sí' o 'No'.",Sí,Sí,4.6,Análisis de Datos en Ciberseguridad,MC1001,
llama3.1-8b-f16,binary,¿Los laboratorios representan el 75% de la nota final?,"En el curso Análisis de Datos en Ciberseguridad de la Maestría en Ciberseguridad, ¿Los laboratorios representan el 75% de la nota final?

Responde únicamente con 'Sí' o 'No'.",Sí,Sí,4.62,Análisis de Datos en Ciberseguridad,MC1001,
llama3.1-8b-f16,binary,¿Es la asistencia obligatoria?,"En el curso Seguridad y Criptografía de la Maestría en Ciberseguridad, ¿Es la asistencia obligatoria?

Responde únicamente con 'Sí' o 'No'.",Sí,Sí,4.62,Seguridad y Criptografía,MC1003,
llama3.1-8b-f16,binary,¿Es este un curso electivo?,"En el curso Seguridad y Criptografía de la Maestría en Ciberseguridad, ¿Es este un curso electivo?

Responde únicamente con 'Sí' o 'No'.",No,Sí,4.6,Seguridad y Criptografía,MC1003,
llama3.1-8b-f16,binary,¿Tiene correquisitos establecidos?,"En el curso Seguridad y Criptografía de la Maestría en Ciberseguridad, ¿Tiene correquisitos establecidos?

Responde únicamente con 'Sí' o 'No'.",No,Sí,4.6,Seguridad y Criptografía,MC1003,
llama3.1-8b-f16,binary,"¿Es este curso requisito para ""Blockchain y Ledger Distribuidos""?","En el curso Seguridad y Criptografía de la Maestría en Ciberseguridad, ¿Es este curso requisito para ""Blockchain y Ledger Distribuidos""?

Responde únicamente con 'Sí' o 'No'.",Sí,Sí,4.62,Seguridad y Criptografía,MC1003,
llama3.1-8b-f16,binary,¿Se permite el reconocimiento del curso?,"En el curso Seguridad y Criptografía de la Maestría en Ciberseguridad, ¿Se permite el reconocimiento del curso?

Responde únicamente con 'Sí' o 'No'.",Sí,Sí,4.62,Seguridad y Criptografía,MC1003,
llama3.1-8b-f16,binary,¿El examen final tiene un valor del 30%?,"En el curso Seguridad y Criptografía de la Maestría en Ciberseguridad, ¿El examen final tiene un valor del 30%?

Responde únicamente con 'Sí' o 'No'.",Sí,Sí,4.62,Seguridad y Criptografía,MC1003,
llama3.1-8b-f16,binary,¿Es el curso de tipo electivo?,"En el curso Políticas y Gobernanza en Ciberseguridad de la Maestría en Ciberseguridad, ¿Es el curso de tipo electivo?

Responde únicamente con 'Sí' o 'No'.",No,No.,4.68,Políticas y Gobernanza en Ciberseguridad,MC1006,
llama3.1-8b-f16,binary,¿Es la asistencia obligatoria?,"En el curso Políticas y Gobernanza en Ciberseguridad de la Maestría en Ciberseguridad, ¿Es la asistencia obligatoria?

Responde únicamente con 'Sí' o 'No'.",Sí,Sí,4.64,Políticas y Gobernanza en Ciberseguridad,MC1006,
llama3.1-8b-f16,binary,¿Se permite el reconocimiento de este curso?,"En el curso Políticas y Gobernanza en Ciberseguridad de la Maestría en Ciberseguridad, ¿Se permite el reconocimiento de este curso?

Responde únicamente con 'Sí' o 'No'.",No,No,4.62,Políticas y Gobernanza en Ciberseguridad,MC1006,
llama3.1-8b-f16,binary,¿Existe la posibilidad de suficiencia?,"En el curso Políticas y Gobernanza en Ciberseguridad de la Maestría en Ciberseguridad, ¿Existe la posibilidad de suficiencia?

Responde únicamente con 'Sí' o 'No'.",Sí,Sí.,4.68,Políticas y Gobernanza en Ciberseguridad,MC1006,
llama3.1-8b-f16,binary,¿Se ubica el curso en el primer trimestre del plan de estudios?,"En el curso Políticas y Gobernanza en Ciberseguridad de la Maestría en Ciberseguridad, ¿Se ubica el curso en el primer trimestre del plan de estudios?

Responde únicamente con 'Sí' o 'No'.",Sí,Sí.,4.66,Políticas y Gobernanza en Ciberseguridad,MC1006,
llama3.1-8b-f16,binary,¿El estudio de casos vale un 40% de la calificación?,"En el curso Políticas y Gobernanza en Ciberseguridad de la Maestría en Ciberseguridad, ¿El estudio de casos vale un 40% de la calificación?

Responde únicamente con 'Sí' o 'No'.",Sí,Sí,4.66,Políticas y Gobernanza en Ciberseguridad,MC1006,
llama3.1-8b-f16,binary,¿Es un curso electivo?,"En el curso Seguridad de Software Avanzado de la Maestría en Ciberseguridad, ¿Es un curso electivo?

Responde únicamente con 'Sí' o 'No'.",No,Sí,4.69,Seguridad de Software Avanzado,MC3001,
llama3.1-8b-f16,binary,¿Es obligatoria la asistencia?,"En el curso Seguridad de Software Avanzado de la Maestría en Ciberseguridad, ¿Es obligatoria la asistencia?

Responde únicamente con 'Sí' o 'No'.",Sí,Sí,4.7,Seguridad de Software Avanzado,MC3001,
llama3.1-8b-f16,binary,¿Tiene requisitos previos?,"En el curso Seguridad de Software Avanzado de la Maestría en Ciberseguridad, ¿Tiene requisitos previos?

Responde únicamente con 'Sí' o 'No'.",No,Sí,4.64,Seguridad de Software Avanzado,MC3001,
llama3.1-8b-f16,binary,¿Es requisito para el curso de Seguridad en la Nube?,"En el curso Seguridad de Software Avanzado de la Maestría en Ciberseguridad, ¿Es requisito para el curso de Seguridad en la Nube?

Responde únicamente con 'Sí' o 'No'.",Sí,Sí,4.64,Seguridad de Software Avanzado,MC3001,
llama3.1-8b-f16,binary,¿Se permite la suficiencia?,"En el curso Seguridad de Software Avanzado de la Maestría en Ciberseguridad, ¿Se permite la suficiencia?

Responde únicamente con 'Sí' o 'No'.",No,No,4.6,Seguridad de Software Avanzado,MC3001,
llama3.1-8b-f16,binary,¿El examen final vale el 30% de la nota?,"En el curso Seguridad de Software Avanzado de la Maestría en Ciberseguridad, ¿El examen final vale el 30% de la nota?

Responde únicamente con 'Sí' o 'No'.",Sí,Sí,4.64,Seguridad de Software Avanzado,MC3001,
llama3.1-8b-f16,binary,¿Es el curso de tipo electivo?,"En el curso Cibercrimen de la Maestría en Ciberseguridad, ¿Es el curso de tipo electivo?

Responde únicamente con 'Sí' o 'No'.",Sí,Sí,4.66,Cibercrimen,MC3010,
llama3.1-8b-f16,binary,¿Es obligatoria la asistencia?,"En el curso Cibercrimen de la Maestría en Ciberseguridad, ¿Es obligatoria la asistencia?

Responde únicamente con 'Sí' o 'No'.",Sí,Sí,4.7,Cibercrimen,MC3010,
llama3.1-8b-f16,binary,¿Tiene requisitos o correquisitos?,"En el curso Cibercrimen de la Maestría en Ciberseguridad, ¿Tiene requisitos o correquisitos?

Responde únicamente con 'Sí' o 'No'.",No,No,4.66,Cibercrimen,MC3010,
llama3.1-8b-f16,binary,¿Se permite la suficiencia para este curso?,"En el curso Cibercrimen de la Maestría en Ciberseguridad, ¿Se permite la suficiencia para este curso?

Responde únicamente con 'Sí' o 'No'.",No,No,4.72,Cibercrimen,MC3010,
llama3.1-8b-f16,binary,¿Existe la posibilidad de reconocimiento?,"En el curso Cibercrimen de la Maestría en Ciberseguridad, ¿Existe la posibilidad de reconocimiento?

Responde únicamente con 'Sí' o 'No'.",No,No.,4.76,Cibercrimen,MC3010,
llama3.1-8b-f16,binary,¿La investigación social aplicada tiene un peso del 40%?,"En el curso Cibercrimen de la Maestría en Ciberseguridad, ¿La investigación social aplicada tiene un peso del 40%?

Responde únicamente con 'Sí' o 'No'.",Sí,Sí,4.76,Cibercrimen,MC3010,
llama3.1-8b-f16,binary,¿Es un curso obligatorio?,"En el curso Sistemas Estratégicos Empresariales de la Maestría en Gerencia de Tecnologías de la Información, ¿Es un curso obligatorio?

Responde únicamente con 'Sí' o 'No'.",Sí,Sí.,4.76,Sistemas Estratégicos Empresariales,MC1101,
llama3.1-8b-f16,binary,¿Tiene requisitos o correquisitos previos?,"En el curso Sistemas Estratégicos Empresariales de la Maestría en Gerencia de Tecnologías de la Información, ¿Tiene requisitos o correquisitos previos?

Responde únicamente con 'Sí' o 'No'.",No,Sí,4.69,Sistemas Estratégicos Empresariales,MC1101,
llama3.1-8b-f16,binary,¿Es la asistencia obligatoria?,"En el curso Sistemas Estratégicos Empresariales de la Maestría en Gerencia de Tecnologías de la Información, ¿Es la asistencia obligatoria?

Responde únicamente con 'Sí' o 'No'.",Sí,Sí.,4.74,Sistemas Estratégicos Empresariales,MC1101,
llama3.1-8b-f16,binary,¿Existe la posibilidad de suficiencia?,"En el curso Sistemas Estratégicos Empresariales de la Maestría en Gerencia de Tecnologías de la Información, ¿Existe la posibilidad de suficiencia?

Responde únicamente con 'Sí' o 'No'.",No,No,4.65,Sistemas Estratégicos Empresariales,MC1101,
llama3.1-8b-f16,binary,¿Es posible el reconocimiento del curso?,"En el curso Sistemas Estratégicos Empresariales de la Maestría en Gerencia de Tecnologías de la Información, ¿Es posible el reconocimiento del curso?

Responde únicamente con 'Sí' o 'No'.",No,Sí,4.71,Sistemas Estratégicos Empresariales,MC1101,
llama3.1-8b-f16,binary,¿La investigación en sistema empresarial vale un 40%?,"En el curso Sistemas Estratégicos Empresariales de la Maestría en Gerencia de Tecnologías de la Información, ¿La investigación en sistema empresarial vale un 40%?

Responde únicamente con 'Sí' o 'No'.",Sí,Sí.,4.8,Sistemas Estratégicos Empresariales,MC1101,
llama3.1-8b-f16,binary,¿Es la asistencia obligatoria?,"En el curso Gerencia de Tecnología de Información de la Maestría en Gerencia de Tecnologías de la Información, ¿Es la asistencia obligatoria?

Responde únicamente con 'Sí' o 'No'.",Sí,Sí,4.78,Gerencia de Tecnología de Información,MC1103,
llama3.1-8b-f16,binary,¿Tiene el curso requisitos previos?,"En el curso Gerencia de Tecnología de Información de la Maestría en Gerencia de Tecnologías de la Información, ¿Tiene el curso requisitos previos?

Responde únicamente con 'Sí' o 'No'.",No,No.,4.78,Gerencia de Tecnología de Información,MC1103,
llama3.1-8b-f16,binary,¿Se permite la suficiencia?,"En el curso Gerencia de Tecnología de Información de la Maestría en Gerencia de Tecnologías de la Información, ¿Se permite la suficiencia?

Responde únicamente con 'Sí' o 'No'.",No,No,4.74,Gerencia de Tecnología de Información,MC1103,
llama3.1-8b-f16,binary,¿Es posible el reconocimiento del curso?,"En el curso Gerencia de Tecnología de Información de la Maestría en Gerencia de Tecnologías de la Información, ¿Es posible el reconocimiento del curso?

Responde únicamente con 'Sí' o 'No'.",No,Sí,4.72,Gerencia de Tecnología de Información,MC1103,
llama3.1-8b-f16,binary,¿El estudio de casos vale un 40% de la nota?,"En el curso Gerencia de Tecnología de Información de la Maestría en Gerencia de Tecnologías de la Información, ¿El estudio de casos vale un 40% de la nota?

Responde únicamente con 'Sí' o 'No'.",Sí,Sí,4.74,Gerencia de Tecnología de Información,MC1103,
llama3.1-8b-f16,binary,¿Requiere el curso la elaboración de una investigación bibliográfica?,"En el curso Gerencia de Tecnología de Información de la Maestría en Gerencia de Tecnologías de la Información, ¿Requiere el curso la elaboración de una investigación bibliográfica?

Responde únicamente con 'Sí' o 'No'.",Sí,Sí,4.74,Gerencia de Tecnología de Información,MC1103,
llama3.1-8b-f16,binary,¿Es este un curso obligatorio?,"En el curso Administración Financiera de TI de la Maestría en Gerencia de Tecnologías de la Información, ¿Es este un curso obligatorio?

Responde únicamente con 'Sí' o 'No'.",Sí,Sí,4.72,Administración Financiera de TI,MC1201,
llama3.1-8b-f16,binary,¿Se permite el reconocimiento del curso?,"En el curso Administración Financiera de TI de la Maestría en Gerencia de Tecnologías de la Información, ¿Se permite el reconocimiento del curso?

Responde únicamente con 'Sí' o 'No'.",Sí,Sí,4.72,Administración Financiera de TI,MC1201,
llama3.1-8b-f16,binary,¿Existe la posibilidad de suficiencia?,"En el curso Administración Financiera de TI de la Maestría en Gerencia de Tecnologías de la Información, ¿Existe la posibilidad de suficiencia?

Responde únicamente con 'Sí' o 'No'.",No,No.,4.71,Administración Financiera de TI,MC1201,
llama3.1-8b-f16,binary,¿Es la asistencia obligatoria?,"En el curso Administración Financiera de TI de la Maestría en Gerencia de Tecnologías de la Información, ¿Es la asistencia obligatoria?

Responde únicamente con 'Sí' o 'No'.",Sí,Sí,4.7,Administración Financiera de TI,MC1201,
llama3.1-8b-f16,binary,¿Se ubica en el segundo semestre del programa?,"En el curso Administración Financiera de TI de la Maestría en Gerencia de Tecnologías de la Información, ¿Se ubica en el segundo semestre del programa?

Responde únicamente con 'Sí' o 'No'.",Sí,Sí.,4.75,Administración Financiera de TI,MC1201,
llama3.1-8b-f16,binary,¿Los dos exámenes parciales valen un 50% en total?,"En el curso Administración Financiera de TI de la Maestría en Gerencia de Tecnologías de la Información, ¿Los dos exámenes parciales valen un 50% en total?

Responde únicamente con 'Sí' o 'No'.",Sí,No,4.73,Administración Financiera de TI,MC1201,
llama3.1-8b-f16,binary,¿Es un curso obligatorio?,"En el curso Administración y Estrategia de Proyectos I de la Maestría en Gerencia de Tecnologías de la Información, ¿Es un curso obligatorio?

Responde únicamente con 'Sí' o 'No'.",No,No,4.74,Administración y Estrategia de Proyectos I,MC1203,
llama3.1-8b-f16,binary,¿Es la asistencia obligatoria?,"En el curso Administración y Estrategia de Proyectos I de la Maestría en Gerencia de Tecnologías de la Información, ¿Es la asistencia obligatoria?

Responde únicamente con 'Sí' o 'No'.",Sí,Sí,4.81,Administración y Estrategia de Proyectos I,MC1203,
llama3.1-8b-f16,binary,¿Es requisito para el curso de Administración y Estrategia de Proyectos II?,"En el curso Administración y Estrategia de Proyectos I de la Maestría en Gerencia de Tecnologías de la Información, ¿Es requisito para el curso de Administración y Estrategia de Proyectos II?

Responde únicamente con 'Sí' o 'No'.",Sí,Sí,4.79,Administración y Estrategia de Proyectos I,MC1203,
llama3.1-8b-f16,binary,¿Permite el curso la suficiencia?,"En el curso Administración y Estrategia de Proyectos I de la Maestría en Gerencia de Tecnologías de la Información, ¿Permite el curso la suficiencia?

Responde únicamente con 'Sí' o 'No'.",No,No,4.74,Administración y Estrategia de Proyectos I,MC1203,
llama3.1-8b-f16,binary,¿Existe la posibilidad de reconocimiento?,"En el curso Administración y Estrategia de Proyectos I de la Maestría en Gerencia de Tecnologías de la Información, ¿Existe la posibilidad de reconocimiento?

Responde únicamente con 'Sí' o 'No'.",Sí,Sí,4.76,Administración y Estrategia de Proyectos I,MC1203,
llama3.1-8b-f16,binary,¿La resolución de casos prácticos vale un 25%?,"En el curso Administración y Estrategia de Proyectos I de la Maestría en Gerencia de Tecnologías de la Información, ¿La resolución de casos prácticos vale un 25%?

Responde únicamente con 'Sí' o 'No'.",Sí,Sí,4.74,Administración y Estrategia de Proyectos I,MC1203,
llama3.1-8b-f16,binary,¿Es un curso obligatorio?,"En el curso Planificación Estratégica de TI de la Maestría en Gerencia de Tecnologías de la Información, ¿Es un curso obligatorio?

Responde únicamente con 'Sí' o 'No'.",Sí,Sí,4.72,Planificación Estratégica de TI,MC2301,
llama3.1-8b-f16,binary,¿Es la asistencia obligatoria?,"En el curso Planificación Estratégica de TI de la Maestría en Gerencia de Tecnologías de la Información, ¿Es la asistencia obligatoria?

Responde únicamente con 'Sí' o 'No'.",Sí,Sí,4.7,Planificación Estratégica de TI,MC2301,
llama3.1-8b-f16,binary,¿Se reprueba el curso con 4 faltas de asistencia injustificadas?,"En el curso Planificación Estratégica de TI de la Maestría en Gerencia de Tecnologías de la Información, ¿Se reprueba el curso con 4 faltas de asistencia injustificadas?

Responde únicamente con 'Sí' o 'No'.",Sí,Sí,4.7,Planificación Estratégica de TI,MC2301,
llama3.1-8b-f16,binary,¿Existe la posibilidad de suficiencia?,"En el curso Planificación Estratégica de TI de la Maestría en Gerencia de Tecnologías de la Información, ¿Existe la posibilidad de suficiencia?

Responde únicamente con 'Sí' o 'No'.",No,No.,4.72,Planificación Estratégica de TI,MC2301,
llama3.1-8b-f16,binary,¿Se permite el reconocimiento del curso?,"En el curso Planificación Estratégica de TI de la Maestría en Gerencia de Tecnologías de la Información, ¿Se permite el reconocimiento del curso?

Responde únicamente con 'Sí' o 'No'.",No,Sí,4.72,Planificación Estratégica de TI,MC2301,
llama3.1-8b-f16,binary,¿La resolución de casos vale un 40% de la nota?,"En el curso Planificación Estratégica de TI de la Maestría en Gerencia de Tecnologías de la Información, ¿La resolución de casos vale un 40% de la nota?

Responde únicamente con 'Sí' o 'No'.",Sí,Sí,4.74,Planificación Estratégica de TI,MC2301,
llama3.1-8b-f16,binary,¿Es un curso electivo?,"En el curso Teoría de Autómatas de la Maestría en Computación, ¿Es un curso electivo?

Responde únicamente con 'Sí' o 'No'.",No,No,4.7,Teoría de Autómatas,MC6003,
llama3.1-8b-f16,binary,¿Es la asistencia obligatoria?,"En el curso Teoría de Autómatas de la Maestría en Computación, ¿Es la asistencia obligatoria?

Responde únicamente con 'Sí' o 'No'.",Sí,Sí,4.72,Teoría de Autómatas,MC6003,
llama3.1-8b-f16,binary,¿Se permite la suficiencia?,"En el curso Teoría de Autómatas de la Maestría en Computación, ¿Se permite la suficiencia?

Responde únicamente con 'Sí' o 'No'.",Sí,Sí,4.7,Teoría de Autómatas,MC6003,
llama3.1-8b-f16,binary,¿Es posible el reconocimiento del curso?,"En el curso Teoría de Autómatas de la Maestría en Computación, ¿Es posible el reconocimiento del curso?

Responde únicamente con 'Sí' o 'No'.",Sí,Sí,4.69,Teoría de Autómatas,MC6003,
llama3.1-8b-f16,binary,¿Tiene requisitos previos?,"En el curso Teoría de Autómatas de la Maestría en Computación, ¿Tiene requisitos previos?

Responde únicamente con 'Sí' o 'No'.",No,No,4.66,Teoría de Autómatas,MC6003,
llama3.1-8b-f16,binary,¿El examen final vale el 30%?,"En el curso Teoría de Autómatas de la Maestría en Computación, ¿El examen final vale el 30%?

Responde únicamente con 'Sí' o 'No'.",Sí,Sí,4.7,Teoría de Autómatas,MC6003,
llama3.1-8b-f16,binary,¿Es un curso electivo?,"En el curso Sistemas Operativos Avanzados de la Maestría en Computación, ¿Es un curso electivo?

Responde únicamente con 'Sí' o 'No'.",No,No,4.64,Sistemas Operativos Avanzados,MC6004,
llama3.1-8b-f16,binary,¿Es la asistencia obligatoria?,"En el curso Sistemas Operativos Avanzados de la Maestría en Computación, ¿Es la asistencia obligatoria?

Responde únicamente con 'Sí' o 'No'.",Sí,Sí,4.66,Sistemas Operativos Avanzados,MC6004,
llama3.1-8b-f16,binary,"¿Es requisito para ""Redes de Computadores Avanzadas""?","En el curso Sistemas Operativos Avanzados de la Maestría en Computación, ¿Es requisito para ""Redes de Computadores Avanzadas""?

Responde únicamente con 'Sí' o 'No'.",Sí,Sí,4.68,Sistemas Operativos Avanzados,MC6004,
llama3.1-8b-f16,binary,¿Permite el curso la suficiencia?,"En el curso Sistemas Operativos Avanzados de la Maestría en Computación, ¿Permite el curso la suficiencia?

Responde únicamente con 'Sí' o 'No'.",Sí,No,4.62,Sistemas Operativos Avanzados,MC6004,
llama3.1-8b-f16,binary,¿Se permite el reconocimiento?,"En el curso Sistemas Operativos Avanzados de la Maestría en Computación, ¿Se permite el reconocimiento?

Responde únicamente con 'Sí' o 'No'.",Sí,Sí,4.7,Sistemas Operativos Avanzados,MC6004,
llama3.1-8b-f16,binary,¿Los proyectos programados valen un 30%?,"En el curso Sistemas Operativos Avanzados de la Maestría en Computación, ¿Los proyectos programados valen un 30%?

Responde únicamente con 'Sí' o 'No'.",Sí,Sí,4.72,Sistemas Operativos Avanzados,MC6004,
llama3.1-8b-f16,binary,¿Es un curso electivo?,"En el curso Análisis de Algoritmos de la Maestría en Computación, ¿Es un curso electivo?

Responde únicamente con 'Sí' o 'No'.",No,No,4.7,Análisis de Algoritmos,MC6102,
llama3.1-8b-f16,binary,¿Es la asistencia obligatoria?,"En el curso Análisis de Algoritmos de la Maestría en Computación, ¿Es la asistencia obligatoria?

Responde únicamente con 'Sí' o 'No'.",Sí,Sí,4.8,Análisis de Algoritmos,MC6102,
llama3.1-8b-f16,binary,¿Existe la posibilidad de suficiencia?,"En el curso Análisis de Algoritmos de la Maestría en Computación, ¿Existe la posibilidad de suficiencia?

Responde únicamente con 'Sí' o 'No'.",Sí,Sí,4.83,Análisis de Algoritmos,MC6102,
llama3.1-8b-f16,binary,¿Se permite el reconocimiento del curso?,"En el curso Análisis de Algoritmos de la Maestría en Computación, ¿Se permite el reconocimiento del curso?

Responde únicamente con 'Sí' o 'No'.",Sí,Sí.,4.86,Análisis de Algoritmos,MC6102,
llama3.1-8b-f16,binary,¿Las tareas e investigaciones valen el 50% de la nota?,"En el curso Análisis de Algoritmos de la Maestría en Computación, ¿Las tareas e investigaciones valen el 50% de la nota?

Responde únicamente con 'Sí' o 'No'.",Sí,Sí.,4.86,Análisis de Algoritmos,MC6102,
llama3.1-8b-f16,binary,¿Se imparte el curso los martes por la noche?,"En el curso Análisis de Algoritmos de la Maestría en Computación, ¿Se imparte el curso los martes por la noche?

Responde únicamente con 'Sí' o 'No'.",Sí,Sí.,4.84,Análisis de Algoritmos,MC6102,
llama3.1-8b-f16,binary,¿Es este un curso electivo?,"En el curso Diseño de Experimentos de la Maestría en Computación, ¿Es este un curso electivo?

Responde únicamente con 'Sí' o 'No'.",Sí,Sí,4.78,Diseño de Experimentos,MC6104,
llama3.1-8b-f16,binary,¿Es la asistencia obligatoria?,"En el curso Diseño de Experimentos de la Maestría en Computación, ¿Es la asistencia obligatoria?

Responde únicamente con 'Sí' o 'No'.",Sí,Sí,4.78,Diseño de Experimentos,MC6104,
llama3.1-8b-f16,binary,¿Se permite la suficiencia?,"En el curso Diseño de Experimentos de la Maestría en Computación, ¿Se permite la suficiencia?

Responde únicamente con 'Sí' o 'No'.",No,No.,4.78,Diseño de Experimentos,MC6104,
llama3.1-8b-f16,binary,¿Es posible el reconocimiento del curso?,"En el curso Diseño de Experimentos de la Maestría en Computación, ¿Es posible el reconocimiento del curso?

Responde únicamente con 'Sí' o 'No'.",No,Sí,4.75,Diseño de Experimentos,MC6104,
llama3.1-8b-f16,binary,¿Requiere conocimientos previos de Probabilidades?,"En el curso Diseño de Experimentos de la Maestría en Computación, ¿Requiere conocimientos previos de Probabilidades?

Responde únicamente con 'Sí' o 'No'.",Sí,Sí,4.73,Diseño de Experimentos,MC6104,
llama3.1-8b-f16,binary,¿La presentación oral tiene un valor del 5%?,"En el curso Diseño de Experimentos de la Maestría en Computación, ¿La presentación oral tiene un valor del 5%?

Responde únicamente con 'Sí' o 'No'.",Sí,Sí,4.77,Diseño de Experimentos,MC6104,
llama3.1-8b-f16,binary,¿Es un curso electivo?,"En el curso Introducción a la Investigación de la Maestría en Computación, ¿Es un curso electivo?

Responde únicamente con 'Sí' o 'No'.",No,No.,4.8,Introducción a la Investigación,MC7201,
llama3.1-8b-f16,binary,¿Es la asistencia obligatoria?,"En el curso Introducción a la Investigación de la Maestría en Computación, ¿Es la asistencia obligatoria?

Responde únicamente con 'Sí' o 'No'.",Sí,Sí,4.8,Introducción a la Investigación,MC7201,
llama3.1-8b-f16,binary,¿Permite el curso la suficiencia?,"En el curso Introducción a la Investigación de la Maestría en Computación, ¿Permite el curso la suficiencia?

Responde únicamente con 'Sí' o 'No'.",Sí,Sí,4.79,Introducción a la Investigación,MC7201,
llama3.1-8b-f16,binary,¿Es posible el reconocimiento?,"En el curso Introducción a la Investigación de la Maestría en Computación, ¿Es posible el reconocimiento?

Responde únicamente con 'Sí' o 'No'.",Sí,Sí,4.77,Introducción a la Investigación,MC7201,
llama3.1-8b-f16,binary,"¿Es ""Tema Selecto de Investigación"" un correquisito?","En el curso Introducción a la Investigación de la Maestría en Computación, ¿Es ""Tema Selecto de Investigación"" un correquisito?

Responde únicamente con 'Sí' o 'No'.",Sí,Sí,4.72,Introducción a la Investigación,MC7201,
llama3.1-8b-f16,binary,¿La presentación tiene un valor del 25%?,"En el curso Introducción a la Investigación de la Maestría en Computación, ¿La presentación tiene un valor del 25%?

Responde únicamente con 'Sí' o 'No'.",Sí,Sí,4.7,Introducción a la Investigación,MC7201,
llama3.1-8b-f16,short_answer,¿Cuántos créditos tiene el curso?,"En el curso Análisis de Datos en Ciberseguridad de la Maestría en Ciberseguridad, ¿Cuántos créditos tiene el curso?

Da una respuesta breve y directa, en una sola frase.",4 créditos,El curso Análisis de Datos en Ciberseguridad tiene 4 créditos.,5.38,Análisis de Datos en Ciberseguridad,MC1001,
llama3.1-8b-f16,short_answer,¿En qué trimestre del plan de estudios se ubica?,"En el curso Análisis de Datos en Ciberseguridad de la Maestría en Ciberseguridad, ¿En qué trimestre del plan de estudios se ubica?

Da una respuesta breve y directa, en una sola frase.",Tercer trimestre,El curso Análisis de Datos en Ciberseguridad de la Maestría en Ciberseguridad se ubica en el tercer trimestre del plan de estudios.,6.16,Análisis de Datos en Ciberseguridad,MC1001,
llama3.1-8b-f16,short_answer,¿Qué porcentaje de la nota final representan los laboratorios?,"En el curso Análisis de Datos en Ciberseguridad de la Maestría en Ciberseguridad, ¿Qué porcentaje de la nota final representan los laboratorios?

Da una respuesta breve y directa, en una sola frase.",75%,Los laboratorios representan el 75% de la nota final en el curso Análisis de Datos en Ciberseguridad de la Maestría en Ciberseguridad.,6.33,Análisis de Datos en Ciberseguridad,MC1001,
llama3.1-8b-f16,short_answer,¿Permite el curso la modalidad de suficiencia?,"En el curso Análisis de Datos en Ciberseguridad de la Maestría en Ciberseguridad, ¿Permite el curso la modalidad de suficiencia?

Da una respuesta breve y directa, en una sola frase.",Sí,"Sí, el curso Análisis de Datos en Ciberseguridad permite la modalidad de suficiencia.",5.75,Análisis de Datos en Ciberseguridad,MC1001,
llama3.1-8b-f16,short_answer,¿Cuál es la vigencia del programa?,"En el curso Análisis de Datos en Ciberseguridad de la Maestría en Ciberseguridad, ¿Cuál es la vigencia del programa?

Da una respuesta breve y directa, en una sola frase.",2023,La vigencia del programa del curso Análisis de Datos en Ciberseguridad es 2023.,5.64,Análisis de Datos en Ciberseguridad,MC1001,
llama3.1-8b-f16,short_answer,¿Qué porcentaje de la evaluación corresponde a la resolución de casos de estudio?,"En el curso Análisis de Datos en Ciberseguridad de la Maestría en Ciberseguridad, ¿Qué porcentaje de la evaluación corresponde a la resolución de casos de estudio?

Da una respuesta breve y directa, en una sola frase.",20%,20% de la evaluación corresponde a la resolución de casos de estudio.,5.41,Análisis de Datos en Ciberseguridad,MC1001,
llama3.1-8b-f16,short_answer,¿En qué trimestre se imparte esta materia?,"En el curso Seguridad y Criptografía de la Maestría en Ciberseguridad, ¿En qué trimestre se imparte esta materia?

Da una respuesta breve y directa, en una sola frase.",Cuarto trimestre,El curso Seguridad y Criptografía de la Maestría en Ciberseguridad se imparte en el cuarto trimestre.,5.88,Seguridad y Criptografía,MC1003,
llama3.1-8b-f16,short_answer,¿De qué curso de Blockchain es requisito esta materia?,"En el curso Seguridad y Criptografía de la Maestría en Ciberseguridad, ¿De qué curso de Blockchain es requisito esta materia?

Da una respuesta breve y directa, en una sola frase.",MC4001 Blockchain y Ledger Distribuidos,El curso Seguridad y Criptografía de la Maestría en Ciberseguridad es requisito del curso Blockchain y Ledger Distribuídos (MC4001).,6.12,Seguridad y Criptografía,MC1003,
llama3.1-8b-f16,short_answer,¿Qué porcentaje de la nota corresponde al examen final?,"En el curso Seguridad y Criptografía de la Maestría en Ciberseguridad, ¿Qué porcentaje de la nota corresponde al examen final?

Da una respuesta breve y directa, en una sola frase.",30%,El examen final corresponde al 30% de la nota total en el curso Seguridad y Criptografía de la Maestría en Ciberseguridad.,6.14,Seguridad y Criptografía,MC1003,
llama3.1-8b-f16,short_answer,¿Cuántas horas de clase por semana tiene el curso?,"En el curso Seguridad y Criptografía de la Maestría en Ciberseguridad, ¿Cuántas horas de clase por semana tiene el curso?

Da una respuesta breve y directa, en una sola frase.",4 horas,El curso Seguridad y Criptografía de la Maestría en Ciberseguridad tiene 4 horas de clase por semana.,5.85,Seguridad y Criptografía,MC1003,
llama3.1-8b-f16,short_answer,"¿Quiénes son los autores del ""Handbook of applied cryptography"" incluido en la bibliografía?","En el curso Seguridad y Criptografía de la Maestría en Ciberseguridad, ¿Quiénes son los autores del ""Handbook of applied cryptography"" incluido en la bibliografía?

Da una respuesta breve y directa, en una sola frase.","Menezes, Van Oorschot y Vanstone","Los autores del ""Handbook of applied cryptography"" son Menezes, A. J., Van Oorschot, P. C., y Vanstone, S. A.",6.23,Seguridad y Criptografía,MC1003,
llama3.1-8b-f16,short_answer,¿Qué porcentaje de la calificación representan las tareas?,"En el curso Seguridad y Criptografía de la Maestría en Ciberseguridad, ¿Qué porcentaje de la calificación representan las tareas?

Da una respuesta breve y directa, en una sola frase.",50%,Las tareas representan el 50% de la calificación en el curso Seguridad y Criptografía de la Maestría en Ciberseguridad.,6.14,Seguridad y Criptografía,MC1003,
llama3.1-8b-f16,short_answer,¿Permite este curso la posibilidad de reconocimiento?,"En el curso Políticas y Gobernanza en Ciberseguridad de la Maestría en Ciberseguridad, ¿Permite este curso la posibilidad de reconocimiento?

Da una respuesta breve y directa, en una sola frase.",No,"No, el curso Políticas y Gobernanza en Ciberseguridad de la Maestría en Ciberseguridad no permite la posibilidad de reconocimiento.",6.24,Políticas y Gobernanza en Ciberseguridad,MC1006,
llama3.1-8b-f16,short_answer,¿Qué porcentaje de la nota final representa el estudio de casos?,"En el curso Políticas y Gobernanza en Ciberseguridad de la Maestría en Ciberseguridad, ¿Qué porcentaje de la nota final representa el estudio de casos?

Da una respuesta breve y directa, en una sola frase.",40%,El estudio de casos representa el 40% de la nota final en el curso Políticas y Gobernanza en Ciberseguridad de la Maestría en Ciberseguridad.,6.38,Políticas y Gobernanza en Ciberseguridad,MC1006,
llama3.1-8b-f16,short_answer,¿En qué trimestre se ubica el curso?,"En el curso Políticas y Gobernanza en Ciberseguridad de la Maestría en Ciberseguridad, ¿En qué trimestre se ubica el curso?

Da una respuesta breve y directa, en una sola frase.",Primer trimestre,El curso Políticas y Gobernanza en Ciberseguridad se ubica en el primer trimestre.,5.65,Políticas y Gobernanza en Ciberseguridad,MC1006,
llama3.1-8b-f16,short_answer,¿Qué porcentaje de la nota corresponde a la investigación bibliográfica?,"En el curso Políticas y Gobernanza en Ciberseguridad de la Maestría en Ciberseguridad, ¿Qué porcentaje de la nota corresponde a la investigación bibliográfica?

Da una respuesta breve y directa, en una sola frase.",20%,20% de la nota corresponde a la investigación bibliográfica.,5.25,Políticas y Gobernanza en Ciberseguridad,MC1006,
llama3.1-8b-f16,short_answer,¿Cuál es la vigencia de este programa?,"En el curso Políticas y Gobernanza en Ciberseguridad de la Maestría en Ciberseguridad, ¿Cuál es la vigencia de este programa?

Da una respuesta breve y directa, en una sola frase.",2023,La vigencia del programa del curso Políticas y Gobernanza en Ciberseguridad es 2023.,5.68,Políticas y Gobernanza en Ciberseguridad,MC1006,
llama3.1-8b-f16,short_answer,¿Cuántas horas extraclase por semana se requieren?,"En el curso Políticas y Gobernanza en Ciberseguridad de la Maestría en Ciberseguridad, ¿Cuántas horas extraclase por semana se requieren?

Da una respuesta breve y directa, en una sola frase.",14 horas,14 horas extraclase por semana.,5.0,Políticas y Gobernanza en Ciberseguridad,MC1006,
llama3.1-8b-f16,short_answer,¿En qué área del plan de estudios se ubica este curso?,"En el curso Seguridad de Software Avanzado de la Maestría en Ciberseguridad, ¿En qué área del plan de estudios se ubica este curso?

Da una respuesta breve y directa, en una sola frase.",Área de tópicos electivos profesionalizantes,El curso Seguridad de Software Avanzado de la Maestría en Ciberseguridad se ubica en el área de tópicos electivos profesionalizantes.,6.18,Seguridad de Software Avanzado,MC3001,
llama3.1-8b-f16,short_answer,¿Permite el curso la modalidad de suficiencia?,"En el curso Seguridad de Software Avanzado de la Maestría en Ciberseguridad, ¿Permite el curso la modalidad de suficiencia?

Da una respuesta breve y directa, en una sola frase.",No,"No, el curso Seguridad de Software Avanzado de la Maestría en Ciberseguridad no permite la modalidad de suficiencia.",5.93,Seguridad de Software Avanzado,MC3001,
llama3.1-8b-f16,short_answer,¿Qué porcentaje de la nota valen las tareas programadas?,"En el curso Seguridad de Software Avanzado de la Maestría en Ciberseguridad, ¿Qué porcentaje de la nota valen las tareas programadas?

Da una respuesta breve y directa, en una sola frase.",40%,Las tareas programadas valen el 40% de la nota en el curso Seguridad de Software Avanzado de la Maestría en Ciberseguridad.,6.13,Seguridad de Software Avanzado,MC3001,
llama3.1-8b-f16,short_answer,¿De qué curso de defensa y ataque es requisito esta materia?,"En el curso Seguridad de Software Avanzado de la Maestría en Ciberseguridad, ¿De qué curso de defensa y ataque es requisito esta materia?

Da una respuesta breve y directa, en una sola frase.",MC3006 Defensa y Ataque de Sistemas,No se menciona en el documento que el curso Seguridad de Software Avanzado sea requisito de algún curso de defensa y ataque.,5.97,Seguridad de Software Avanzado,MC3001,
llama3.1-8b-f16,short_answer,¿Qué porcentaje de la nota final corresponde al examen final?,"En el curso Seguridad de Software Avanzado de la Maestría en Ciberseguridad, ¿Qué porcentaje de la nota final corresponde al examen final?

Da una respuesta breve y directa, en una sola frase.",30%,El examen final corresponde al 30% de la nota final del curso Seguridad de Software Avanzado de la Maestría en Ciberseguridad.,6.1,Seguridad de Software Avanzado,MC3001,
llama3.1-8b-f16,short_answer,¿Cuál es el valor porcentual del reporte de lecturas?,"En el curso Seguridad de Software Avanzado de la Maestría en Ciberseguridad, ¿Cuál es el valor porcentual del reporte de lecturas?

Da una respuesta breve y directa, en una sola frase.",10%,El valor porcentual del reporte de lecturas en el curso Seguridad de Software Avanzado es 10%.,5.71,Seguridad de Software Avanzado,MC3001,
llama3.1-8b-f16,short_answer,¿Es este curso obligatorio o electivo?,"En el curso Cibercrimen de la Maestría en Ciberseguridad, ¿Es este curso obligatorio o electivo?

Da una respuesta breve y directa, en una sola frase.",Electivo,Este curso es electivo.,4.91,Cibercrimen,MC3010,
llama3.1-8b-f16,short_answer,¿Permite la posibilidad de reconocimiento?,"En el curso Cibercrimen de la Maestría en Ciberseguridad, ¿Permite la posibilidad de reconocimiento?

Da una respuesta breve y directa, en una sola frase.",No,No.,4.8,Cibercrimen,MC3010,
llama3.1-8b-f16,short_answer,¿Qué porcentaje de la nota final representa la investigación?,"En el curso Cibercrimen de la Maestría en Ciberseguridad, ¿Qué porcentaje de la nota final representa la investigación?

Da una respuesta breve y directa, en una sola frase.",40%,40% de la nota final del curso Cibercrimen de la Maestría en Ciberseguridad representa la investigación.,5.84,Cibercrimen,MC3010,
llama3.1-8b-f16,short_answer,¿Qué porcentaje de la evaluación corresponde al estudio de casos?,"En el curso Cibercrimen de la Maestría en Ciberseguridad, ¿Qué porcentaje de la evaluación corresponde al estudio de casos?

Da una respuesta breve y directa, en una sola frase.",40%,40%,4.75,Cibercrimen,MC3010,
llama3.1-8b-f16,short_answer,¿Qué software específico se menciona en los contenidos para el análisis de datos?,"En el curso Cibercrimen de la Maestría en Ciberseguridad, ¿Qué software específico se menciona en los contenidos para el análisis de datos?

Da una respuesta breve y directa, en una sola frase.",SPSS,No se menciona un software específico para el análisis de datos en los contenidos del curso Cibercrimen de la Maestría en Ciberseguridad.,6.14,Cibercrimen,MC3010,
llama3.1-8b-f16,short_answer,¿Qué porcentaje de la nota representan las pruebas cortas o comprobaciones?,"En el curso Cibercrimen de la Maestría en Ciberseguridad, ¿Qué porcentaje de la nota representan las pruebas cortas o comprobaciones?

Da una respuesta breve y directa, en una sola frase.",20%,Las pruebas cortas o comprobaciones de lecturas representan el 20% de la nota en el curso Cibercrimen de la Maestría en Ciberseguridad.,6.26,Cibercrimen,MC3010,
llama3.1-8b-f16,short_answer,¿En qué año se aprobó y actualizó este programa?,"En el curso Sistemas Estratégicos Empresariales de la Maestría en Gerencia de Tecnologías de la Información, ¿En qué año se aprobó y actualizó este programa?

Da una respuesta breve y directa, en una sola frase.",2025,2025.,4.79,Sistemas Estratégicos Empresariales,MC1101,
llama3.1-8b-f16,short_answer,¿Qué porcentaje de la nota final es la investigación en sistema empresarial?,"En el curso Sistemas Estratégicos Empresariales de la Maestría en Gerencia de Tecnologías de la Información, ¿Qué porcentaje de la nota final es la investigación en sistema empresarial?

Da una respuesta breve y directa, en una sola frase.",40%,40%,4.79,Sistemas Estratégicos Empresariales,MC1101,
llama3.1-8b-f16,short_answer,¿En qué semestre del programa se ubica este curso?,"En el curso Sistemas Estratégicos Empresariales de la Maestría en Gerencia de Tecnologías de la Información, ¿En qué semestre del programa se ubica este curso?

Da una respuesta breve y directa, en una sola frase.",I semestre,El curso Sistemas Estratégicos Empresariales se ubica en el primer semestre del programa de Maestría en Gerencia de Tecnologías de la Información.,6.26,Sistemas Estratégicos Empresariales,MC1101,
llama3.1-8b-f16,short_answer,¿Qué porcentaje total suman los dos exámenes parciales?,"En el curso Sistemas Estratégicos Empresariales de la Maestría en Gerencia de Tecnologías de la Información, ¿Qué porcentaje total suman los dos exámenes parciales?

Da una respuesta breve y directa, en una sola frase.",40%,Los dos exámenes parciales suman un 40% del total de la evaluación del curso.,5.7,Sistemas Estratégicos Empresariales,MC1101,
llama3.1-8b-f16,short_answer,¿Cuántas horas de clase por semana tiene la materia?,"En el curso Sistemas Estratégicos Empresariales de la Maestría en Gerencia de Tecnologías de la Información, ¿Cuántas horas de clase por semana tiene la materia?

Da una respuesta breve y directa, en una sola frase.",3 horas,"La materia ""Sistemas Estratégicos Empresariales"" tiene 3 horas de clase por semana.",5.65,Sistemas Estratégicos Empresariales,MC1101,
llama3.1-8b-f16,short_answer,¿Quién es el autor de los artículos sobre las cinco fuerzas competitivas citados?,"En el curso Sistemas Estratégicos Empresariales de la Maestría en Gerencia de Tecnologías de la Información, ¿Quién es el autor de los artículos sobre las cinco fuerzas competitivas citados?

Da una respuesta breve y directa, en una sola frase.",Michael Porter,Michael Porter es el autor de los artículos sobre las cinco fuerzas competitivas citados en el curso Sistemas Estratégicos Empresariales de la Maestría en Gerencia de Tecnologías de la Información.,6.69,Sistemas Estratégicos Empresariales,MC1101,
llama3.1-8b-f16,short_answer,¿Permite este curso la suficiencia?,"En el curso Gerencia de Tecnología de Información de la Maestría en Gerencia de Tecnologías de la Información, ¿Permite este curso la suficiencia?

Da una respuesta breve y directa, en una sola frase.",No,"No, el curso Gerencia de Tecnología de Información de la Maestría en Gerencia de Tecnologías de la Información no permite la suficiencia.",6.2,Gerencia de Tecnología de Información,MC1103,
llama3.1-8b-f16,short_answer,¿En qué semestre del programa se ubica (indicado como código)?,"En el curso Gerencia de Tecnología de Información de la Maestría en Gerencia de Tecnologías de la Información, ¿En qué semestre del programa se ubica (indicado como código)?

Da una respuesta breve y directa, en una sola frase.",P4 semestre,El curso Gerencia de Tecnología de Información se ubica en el 2do semestre del Programa de Maestría de Gerencia de Tecnologías de la Información.,6.31,Gerencia de Tecnología de Información,MC1103,
llama3.1-8b-f16,short_answer,¿Qué porcentaje de la evaluación corresponde al estudio de casos?,"En el curso Gerencia de Tecnología de Información de la Maestría en Gerencia de Tecnologías de la Información, ¿Qué porcentaje de la evaluación corresponde al estudio de casos?

Da una respuesta breve y directa, en una sola frase.",40%,40% del total de la evaluación.,5.06,Gerencia de Tecnología de Información,MC1103,
llama3.1-8b-f16,short_answer,¿Qué porcentaje de la nota es la investigación bibliográfica y exposición?,"En el curso Gerencia de Tecnología de Información de la Maestría en Gerencia de Tecnologías de la Información, ¿Qué porcentaje de la nota es la investigación bibliográfica y exposición?

Da una respuesta breve y directa, en una sola frase.",20%,La investigación bibliográfica y exposición representa el 20% de la nota total del curso.,5.51,Gerencia de Tecnología de Información,MC1103,
llama3.1-8b-f16,short_answer,¿Cuántas horas extraclase se requieren semanalmente?,"En el curso Gerencia de Tecnología de Información de la Maestría en Gerencia de Tecnologías de la Información, ¿Cuántas horas extraclase se requieren semanalmente?

Da una respuesta breve y directa, en una sola frase.",9 horas,9 horas extraclase por semana.,5.03,Gerencia de Tecnología de Información,MC1103,
llama3.1-8b-f16,short_answer,¿Es posible el reconocimiento del curso?,"En el curso Gerencia de Tecnología de Información de la Maestría en Gerencia de Tecnologías de la Información, ¿Es posible el reconocimiento del curso?

Da una respuesta breve y directa, en una sola frase.",No,"Sí, es posible el reconocimiento del curso.",5.15,Gerencia de Tecnología de Información,MC1103,
llama3.1-8b-f16,short_answer,¿Permite este curso la posibilidad de reconocimiento?,"En el curso Administración Financiera de TI de la Maestría en Gerencia de Tecnologías de la Información, ¿Permite este curso la posibilidad de reconocimiento?

Da una respuesta breve y directa, en una sola frase.",Sí,"Sí, el curso de Administración Financiera de TI de la Maestría en Gerencia de Tecnologías de la Información permite la posibilidad de reconocimiento.",6.2,Administración Financiera de TI,MC1201,
llama3.1-8b-f16,short_answer,¿En qué semestre se ubica la materia?,"En el curso Administración Financiera de TI de la Maestría en Gerencia de Tecnologías de la Información, ¿En qué semestre se ubica la materia?

Da una respuesta breve y directa, en una sola frase.",2do semestre,El curso de Administración Financiera de TI se ubica en el 2do semestre del Programa de Maestría de Gerencia de Tecnologías de la Información.,6.26,Administración Financiera de TI,MC1201,
llama3.1-8b-f16,short_answer,¿Qué porcentaje total de la nota suman los dos exámenes parciales?,"En el curso Administración Financiera de TI de la Maestría en Gerencia de Tecnologías de la Información, ¿Qué porcentaje total de la nota suman los dos exámenes parciales?

Da una respuesta breve y directa, en una sola frase.",50%,Los dos exámenes parciales suman un 50% de la nota total del curso.,5.57,Administración Financiera de TI,MC1201,
llama3.1-8b-f16,short_answer,¿Qué porcentaje de la evaluación corresponde a la investigación bibliográfica?,"En el curso Administración Financiera de TI de la Maestría en Gerencia de Tecnologías de la Información, ¿Qué porcentaje de la evaluación corresponde a la investigación bibliográfica?

Da una respuesta breve y directa, en una sola frase.",20%,La investigación bibliográfica corresponde a un 20% de la evaluación del curso Administración Financiera de TI de la Maestría en Gerencia de Tecnologías de la Información.,6.43,Administración Financiera de TI,MC1201,
llama3.1-8b-f16,short_answer,¿Qué porcentaje de la nota representan las comprobaciones de lectura?,"En el curso Administración Financiera de TI de la Maestría en Gerencia de Tecnologías de la Información, ¿Qué porcentaje de la nota representan las comprobaciones de lectura?

Da una respuesta breve y directa, en una sola frase.",15%,Las comprobaciones de lectura representan un 5% de la nota en el curso de Administración Financiera de TI de la Maestría en Gerencia de Tecnologías de la Información.,6.5,Administración Financiera de TI,MC1201,
llama3.1-8b-f16,short_answer,¿Permite el curso la suficiencia?,"En el curso Administración Financiera de TI de la Maestría en Gerencia de Tecnologías de la Información, ¿Permite el curso la suficiencia?

Da una respuesta breve y directa, en una sola frase.",No,"No, el curso de Administración Financiera de TI de la Maestría en Gerencia de Tecnologías de la Información no permite la suficiencia.",6.14,Administración Financiera de TI,MC1201,
llama3.1-8b-f16,short_answer,¿De qué curso de nivel II es requisito esta materia?,"En el curso Administración y Estrategia de Proyectos I de la Maestría en Gerencia de Tecnologías de la Información, ¿De qué curso de nivel II es requisito esta materia?

Da una respuesta breve y directa, en una sola frase.",MC-6204 Administración y estrategia de proyectos II,"No se especifica en el documento, pero se menciona que es requisito de MC-6204 Administración y estrategia de proyectos II.",6.0,Administración y Estrategia de Proyectos I,MC1203,
llama3.1-8b-f16,short_answer,¿Cuál es el tipo de curso según los datos generales?,"En el curso Administración y Estrategia de Proyectos I de la Maestría en Gerencia de Tecnologías de la Información, ¿Cuál es el tipo de curso según los datos generales?

Da una respuesta breve y directa, en una sola frase.",Teórico,El curso Administración y Estrategia de Proyectos I es un curso teórico.,5.5,Administración y Estrategia de Proyectos I,MC1203,
llama3.1-8b-f16,short_answer,¿En qué semestre del programa se ubica?,"En el curso Administración y Estrategia de Proyectos I de la Maestría en Gerencia de Tecnologías de la Información, ¿En qué semestre del programa se ubica?

Da una respuesta breve y directa, en una sola frase.",3er semestre,El curso Administración y Estrategia de Proyectos I de la Maestría en Gerencia de Tecnologías de la Información se ubica en el 3er semestre del Programa de Maestría de Gerencia de Tecnologías de la Información.,7.04,Administración y Estrategia de Proyectos I,MC1203,
llama3.1-8b-f16,short_answer,¿Qué porcentaje de la nota final corresponde a la escritura de dos ensayos individuales?,"En el curso Administración y Estrategia de Proyectos I de la Maestría en Gerencia de Tecnologías de la Información, ¿Qué porcentaje de la nota final corresponde a la escritura de dos ensayos individuales?

Da una respuesta breve y directa, en una sola frase.",30%,30% de la nota final corresponde a la escritura de dos ensayos individuales.,5.46,Administración y Estrategia de Proyectos I,MC1203,
llama3.1-8b-f16,short_answer,¿Qué porcentaje de la evaluación es la resolución de casos prácticos?,"En el curso Administración y Estrategia de Proyectos I de la Maestría en Gerencia de Tecnologías de la Información, ¿Qué porcentaje de la evaluación es la resolución de casos prácticos?

Da una respuesta breve y directa, en una sola frase.",25%,La resolución de casos prácticos representa un 25% de la evaluación del curso Administración y Estrategia de Proyectos I de la Maestría en Gerencia de Tecnologías de la Información.,6.52,Administración y Estrategia de Proyectos I,MC1203,
llama3.1-8b-f16,short_answer,¿Qué porcentaje de la nota vale la investigación sobre un tema seleccionado?,"En el curso Administración y Estrategia de Proyectos I de la Maestría en Gerencia de Tecnologías de la Información, ¿Qué porcentaje de la nota vale la investigación sobre un tema seleccionado?

Da una respuesta breve y directa, en una sola frase.",25%,25%,4.77,Administración y Estrategia de Proyectos I,MC1203,
llama3.1-8b-f16,short_answer,¿Con cuántas faltas de asistencia injustificadas se reprueba el curso?,"En el curso Planificación Estratégica de TI de la Maestría en Gerencia de Tecnologías de la Información, ¿Con cuántas faltas de asistencia injustificadas se reprueba el curso?

Da una respuesta breve y directa, en una sola frase.",4 faltas,El curso se reprueba con 4 faltas de asistencia injustificadas.,5.47,Planificación Estratégica de TI,MC2301,
llama3.1-8b-f16,short_answer,¿Qué porcentaje de la nota final representa la resolución de casos?,"En el curso Planificación Estratégica de TI de la Maestría en Gerencia de Tecnologías de la Información, ¿Qué porcentaje de la nota final representa la resolución de casos?

Da una respuesta breve y directa, en una sola frase.",40%,40% de la nota final.,4.97,Planificación Estratégica de TI,MC2301,
llama3.1-8b-f16,short_answer,¿Cuántos minutos después de la hora oficial de entrada se consideran para marcar ausencia?,"En el curso Planificación Estratégica de TI de la Maestría en Gerencia de Tecnologías de la Información, ¿Cuántos minutos después de la hora oficial de entrada se consideran para marcar ausencia?

Da una respuesta breve y directa, en una sola frase.",30 minutos,30 minutos después de la hora oficial de entrada.,5.11,Planificación Estratégica de TI,MC2301,
llama3.1-8b-f16,short_answer,¿Qué porcentaje de la evaluación corresponde a la investigación bibliográfica?,"En el curso Planificación Estratégica de TI de la Maestría en Gerencia de Tecnologías de la Información, ¿Qué porcentaje de la evaluación corresponde a la investigación bibliográfica?

Da una respuesta breve y directa, en una sola frase.",20%,La investigación bibliográfica corresponde a un 20% de la evaluación del curso Planificación Estratégica de TI.,5.71,Planificación Estratégica de TI,MC2301,
llama3.1-8b-f16,short_answer,¿Permite el curso la suficiencia?,"En el curso Planificación Estratégica de TI de la Maestría en Gerencia de Tecnologías de la Información, ¿Permite el curso la suficiencia?

Da una respuesta breve y directa, en una sola frase.",No,"No, el curso de Planificación Estratégica de TI de la Maestría en Gerencia de Tecnologías de la Información no permite la suficiencia.",6.07,Planificación Estratégica de TI,MC2301,
llama3.1-8b-f16,short_answer,"¿Qué porcentaje de la nota representan las pruebas cortas, comprobaciones y ensayos?","En el curso Planificación Estratégica de TI de la Maestría en Gerencia de Tecnologías de la Información, ¿Qué porcentaje de la nota representan las pruebas cortas, comprobaciones y ensayos?

Da una respuesta breve y directa, en una sola frase.",40%,"40% de la nota representan las pruebas cortas, comprobaciones y ensayos en el curso Planificación Estratégica de TI de la Maestría en Gerencia de Tecnologías de la Información.",6.58,Planificación Estratégica de TI,MC2301,
llama3.1-8b-f16,short_answer,¿En qué periodo del plan de estudios se ubica?,"En el curso Teoría de Autómatas de la Maestría en Computación, ¿En qué periodo del plan de estudios se ubica?

Da una respuesta breve y directa, en una sola frase.",II Periodo,El curso Teoría de Autómatas se ubica en el II Periodo del Plan de Estudios de Maestría en Computación con énfasis en Ciencias de la Computación.,6.43,Teoría de Autómatas,MC6003,
llama3.1-8b-f16,short_answer,¿Quién es el profesor titular del curso?,"En el curso Teoría de Autómatas de la Maestría en Computación, ¿Quién es el profesor titular del curso?

Da una respuesta breve y directa, en una sola frase.",Erick Mata Montero,El profesor titular del curso Teoría de Autómatas de la Maestría en Computación es Erick Mata Montero.,5.86,Teoría de Autómatas,MC6003,
llama3.1-8b-f16,short_answer,¿Qué porcentaje de la nota final representa el examen final?,"En el curso Teoría de Autómatas de la Maestría en Computación, ¿Qué porcentaje de la nota final representa el examen final?

Da una respuesta breve y directa, en una sola frase.",30%,El examen final representa el 30% de la nota final del curso Teoría de Autómatas de la Maestría en Computación.,6.0,Teoría de Autómatas,MC6003,
llama3.1-8b-f16,short_answer,¿Cuál es el porcentaje asignado al examen parcial?,"En el curso Teoría de Autómatas de la Maestría en Computación, ¿Cuál es el porcentaje asignado al examen parcial?

Da una respuesta breve y directa, en una sola frase.",20%,El examen parcial representa el 20% de la nota final del curso Teoría de Autómatas de la Maestría en Computación.,6.04,Teoría de Autómatas,MC6003,
llama3.1-8b-f16,short_answer,¿Permite el curso la modalidad de suficiencia?,"En el curso Teoría de Autómatas de la Maestría en Computación, ¿Permite el curso la modalidad de suficiencia?

Da una respuesta breve y directa, en una sola frase.",Sí,"Sí, el curso Teoría de Autómatas de la Maestría en Computación permite la modalidad de suficiencia.",5.88,Teoría de Autómatas,MC6003,
llama3.1-8b-f16,short_answer,¿Quiénes son los autores principales del libro de texto base?,"En el curso Teoría de Autómatas de la Maestría en Computación, ¿Quiénes son los autores principales del libro de texto base?

Da una respuesta breve y directa, en una sola frase.",Hopcroft et al.,"El libro de texto base del curso Teoría de Autómatas de la Maestría en Computación es ""Introducción a la Teoría de Autómatas, Lenguajes y Computación"" de Hopcroft et al.",6.8,Teoría de Autómatas,MC6003,
llama3.1-8b-f16,short_answer,¿De qué curso de redes es requisito esta materia?,"En el curso Sistemas Operativos Avanzados de la Maestría en Computación, ¿De qué curso de redes es requisito esta materia?

Da una respuesta breve y directa, en una sola frase.",MC-6006 Redes de Computadores Avanzadas,No se menciona en el documento que el curso de Sistemas Operativos Avanzados sea requisito de algún curso de redes.,5.75,Sistemas Operativos Avanzados,MC6004,
llama3.1-8b-f16,short_answer,¿Cuál es la duración mínima exigida para la presentación oral?,"En el curso Sistemas Operativos Avanzados de la Maestría en Computación, ¿Cuál es la duración mínima exigida para la presentación oral?

Da una respuesta breve y directa, en una sola frase.",16 minutos,La duración mínima exigida para la presentación oral es de 16 minutos.,5.46,Sistemas Operativos Avanzados,MC6004,
llama3.1-8b-f16,short_answer,¿En qué formato deben confeccionarse los reportes de proyectos y el paper?,"En el curso Sistemas Operativos Avanzados de la Maestría en Computación, ¿En qué formato deben confeccionarse los reportes de proyectos y el paper?

Da una respuesta breve y directa, en una sola frase.",IEEE Transactions,Los reportes de proyectos y el paper deben confeccionarse con LATEX (formato de IEEE Transactions).,5.71,Sistemas Operativos Avanzados,MC6004,
llama3.1-8b-f16,short_answer,¿En qué idioma debe estar escrito el paper de investigación?,"En el curso Sistemas Operativos Avanzados de la Maestría en Computación, ¿En qué idioma debe estar escrito el paper de investigación?

Da una respuesta breve y directa, en una sola frase.",Inglés,El paper de investigación debe estar escrito en inglés.,5.22,Sistemas Operativos Avanzados,MC6004,
llama3.1-8b-f16,short_answer,¿Qué porcentaje total de la nota suman los tres proyectos programados?,"En el curso Sistemas Operativos Avanzados de la Maestría en Computación, ¿Qué porcentaje total de la nota suman los tres proyectos programados?

Da una respuesta breve y directa, en una sola frase.",30%,Los tres proyectos programados suman un 30% de la nota total del curso.,5.43,Sistemas Operativos Avanzados,MC6004,
llama3.1-8b-f16,short_answer,¿Quién es el profesor titular del curso?,"En el curso Sistemas Operativos Avanzados de la Maestría en Computación, ¿Quién es el profesor titular del curso?

Da una respuesta breve y directa, en una sola frase.",Dr. Francisco J. Torres-Rojas,Dr. Francisco J. Torres-Rojas.,5.08,Sistemas Operativos Avanzados,MC6004,
llama3.1-8b-f16,short_answer,¿En qué periodo del plan de estudios se imparte?,"En el curso Análisis de Algoritmos de la Maestría en Computación, ¿En qué periodo del plan de estudios se imparte?

Da una respuesta breve y directa, en una sola frase.",I Periodo,El curso Análisis de Algoritmos de la Maestría en Computación se imparte en el I Periodo del Plan de Estudios de Maestría en Computación con Énfasis en Ciencias de la Computación.,6.72,Análisis de Algoritmos,MC6102,
llama3.1-8b-f16,short_answer,¿En qué horario se dictan las clases los martes?,"En el curso Análisis de Algoritmos de la Maestría en Computación, ¿En qué horario se dictan las clases los martes?

Da una respuesta breve y directa, en una sola frase.",6:00 p. m. a 8:50 p. m.,No se proporciona información sobre el horario específico de las clases del curso Análisis de Algoritmos en la descripción del curso.,5.94,Análisis de Algoritmos,MC6102,
llama3.1-8b-f16,short_answer,¿Quién es el profesor del curso?,"En el curso Análisis de Algoritmos de la Maestría en Computación, ¿Quién es el profesor del curso?

Da una respuesta breve y directa, en una sola frase.",José E. Araya,"El profesor del curso Análisis de Algoritmos de la Maestría en Computación es José E. Araya, Ph.D.",5.93,Análisis de Algoritmos,MC6102,
llama3.1-8b-f16,short_answer,¿Qué porcentaje de la nota final representan las tareas e investigaciones?,"En el curso Análisis de Algoritmos de la Maestría en Computación, ¿Qué porcentaje de la nota final representan las tareas e investigaciones?

Da una respuesta breve y directa, en una sola frase.",50%,Las tareas e investigaciones representan el 50% de la nota final en el curso Análisis de Algoritmos de la Maestría en Computación.,6.1,Análisis de Algoritmos,MC6102,
llama3.1-8b-f16,short_answer,¿Qué porcentaje de la evaluación corresponde a los exámenes parciales?,"En el curso Análisis de Algoritmos de la Maestría en Computación, ¿Qué porcentaje de la evaluación corresponde a los exámenes parciales?

Da una respuesta breve y directa, en una sola frase.",50%,50%,4.78,Análisis de Algoritmos,MC6102,
llama3.1-8b-f16,short_answer,¿Cuál es el libro de texto de carácter obligatorio?,"En el curso Análisis de Algoritmos de la Maestría en Computación, ¿Cuál es el libro de texto de carácter obligatorio?

Da una respuesta breve y directa, en una sola frase.",Fundamentos de Algoritmia de Brassard y Bratley,"El libro de texto de carácter obligatorio para el curso Análisis de Algoritmos de la Maestría en Computación es ""Brassard, G., Bratley, P. Fundamentos de Algoritmia. Prentice Hall, 1997"".",7.12,Análisis de Algoritmos,MC6102,
llama3.1-8b-f16,short_answer,¿Es este curso obligatorio o electivo?,"En el curso Diseño de Experimentos de la Maestría en Computación, ¿Es este curso obligatorio o electivo?

Da una respuesta breve y directa, en una sola frase.",Electivo,Este curso es electivo.,4.91,Diseño de Experimentos,MC6104,
llama3.1-8b-f16,short_answer,¿De qué curso de Seminario de Investigación es requisito?,"En el curso Diseño de Experimentos de la Maestría en Computación, ¿De qué curso de Seminario de Investigación es requisito?

Da una respuesta breve y directa, en una sola frase.",MC-7203 – Seminario de Investigación - Tesis II,MC-7203 – Seminario de Investigación - Tesis II.,5.34,Diseño de Experimentos,MC6104,
llama3.1-8b-f16,short_answer,¿Qué porcentaje de la nota final representan los proyectos?,"En el curso Diseño de Experimentos de la Maestría en Computación, ¿Qué porcentaje de la nota final representan los proyectos?

Da una respuesta breve y directa, en una sola frase.",35%,Los proyectos representan un 35% de la nota final.,5.18,Diseño de Experimentos,MC6104,
llama3.1-8b-f16,short_answer,¿En qué idioma deben escribirse los reportes de los proyectos?,"En el curso Diseño de Experimentos de la Maestría en Computación, ¿En qué idioma deben escribirse los reportes de los proyectos?

Da una respuesta breve y directa, en una sola frase.",Inglés,Los reportes deben estar escritos en inglés.,5.09,Diseño de Experimentos,MC6104,
llama3.1-8b-f16,short_answer,¿Permite el curso la suficiencia?,"En el curso Diseño de Experimentos de la Maestría en Computación, ¿Permite el curso la suficiencia?

Da una respuesta breve y directa, en una sola frase.",No,"No, el curso de Diseño de Experimentos de la Maestría en Computación no permite la suficiencia.",5.67,Diseño de Experimentos,MC6104,
llama3.1-8b-f16,short_answer,¿Qué porcentaje de la nota corresponde al segundo examen parcial?,"En el curso Diseño de Experimentos de la Maestría en Computación, ¿Qué porcentaje de la nota corresponde al segundo examen parcial?

Da una respuesta breve y directa, en una sola frase.",25%,El segundo examen parcial corresponde al 25% de la nota.,5.35,Diseño de Experimentos,MC6104,
llama3.1-8b-f16,short_answer,¿Cuál es el correquisito obligatorio de este curso?,"En el curso Introducción a la Investigación de la Maestría en Computación, ¿Cuál es el correquisito obligatorio de este curso?

Da una respuesta breve y directa, en una sola frase.",MC-7205 Tema Selecto de Investigación,El correquisito obligatorio del curso Introducción a la Investigación de la Maestría en Computación es MC-7205 Tema Selecto de Investigación.,6.19,Introducción a la Investigación,MC7201,
llama3.1-8b-f16,short_answer,¿Qué porcentaje de la nota final representa la presentación?,"En el curso Introducción a la Investigación de la Maestría en Computación, ¿Qué porcentaje de la nota final representa la presentación?

Da una respuesta breve y directa, en una sola frase.",25%,La presentación representa un 25% de la nota final.,5.23,Introducción a la Investigación,MC7201,
llama3.1-8b-f16,short_answer,¿Qué herramienta es obligatoria para preparar las presentaciones?,"En el curso Introducción a la Investigación de la Maestría en Computación, ¿Qué herramienta es obligatoria para preparar las presentaciones?

Da una respuesta breve y directa, en una sola frase.",Beamer,Beamer.,4.81,Introducción a la Investigación,MC7201,
llama3.1-8b-f16,short_answer,¿En qué idioma debe escribirse el paper de investigación?,"En el curso Introducción a la Investigación de la Maestría en Computación, ¿En qué idioma debe escribirse el paper de investigación?

Da una respuesta breve y directa, en una sola frase.",Inglés,El paper de investigación debe estar escrito en inglés.,5.15,Introducción a la Investigación,MC7201,
llama3.1-8b-f16,short_answer,¿Quién es el profesor titular del curso?,"En el curso Introducción a la Investigación de la Maestría en Computación, ¿Quién es el profesor titular del curso?

Da una respuesta breve y directa, en una sola frase.",Dr. Francisco J. Torres-Rojas,El profesor titular del curso Introducción a la Investigación de la Maestría en Computación es Dr. Francisco J. Torres-Rojas.,5.96,Introducción a la Investigación,MC7201,
llama3.1-8b-f16,short_answer,¿Permite el curso la posibilidad de reconocimiento?,"En el curso Introducción a la Investigación de la Maestría en Computación, ¿Permite el curso la posibilidad de reconocimiento?

Da una respuesta breve y directa, en una sola frase.",Sí,"No, el curso Introducción a la Investigación de la Maestría en Computación no permite la posibilidad de reconocimiento.",5.77,Introducción a la Investigación,MC7201,
llama3.1-8b-f16,open_ended,¿Cuál es el propósito principal de integrar inteligencia artificial en un Centro de Operaciones en Seguridad (SOC)?,"En el curso Análisis de Datos en Ciberseguridad de la Maestría en Ciberseguridad, ¿Cuál es el propósito principal de integrar inteligencia artificial en un Centro de Operaciones en Seguridad (SOC)?

Da una respuesta completa y explicativa.",Facilitar la distinción de vectores de ataque y permitir una toma de decisiones más precisa en la respuesta a incidentes.,"El propósito principal de integrar inteligencia artificial en un Centro de Operaciones en Seguridad (SOC) es mejorar la eficiencia y la precisión en la toma de decisiones para responder a incidentes de seguridad. La inteligencia artificial puede ayudar a analizar grandes cantidades de datos en tiempo real, identificar patrones y amenazas, y proporcionar recomendaciones para la respuesta a incidentes. Esto permite a los operadores de SOC tomar decisiones más informadas y rápidas, lo que puede reducir el tiempo de respuesta y minimizar el impacto de los incidentes de seguridad.",9.89,Análisis de Datos en Ciberseguridad,MC1001,
llama3.1-8b-f16,open_ended,¿Qué temas matemáticos específicos debe dominar el estudiante para tener un buen desempeño?,"En el curso Análisis de Datos en Ciberseguridad de la Maestría en Ciberseguridad, ¿Qué temas matemáticos específicos debe dominar el estudiante para tener un buen desempeño?

Da una respuesta completa y explicativa.","Conceptos de estadística y cálculo diferencial integral, como distribuciones de probabilidad, regresiones y optimización.","Para tener un buen desempeño en el curso Análisis de Datos en Ciberseguridad de la Maestría en Ciberseguridad, el estudiante debe dominar varios temas matemáticos específicos. A continuación, se presentan algunos de los conceptos matemáticos más importantes que se mencionan en el programa del curso:

1. **Distribuciones de probabilidad**: El estudiante debe conocer las diferentes distribuciones de probabilidad, como la distribución normal, la distribución binomial, la distribución exponencial, entre otras. Esto es importante para entender cómo se distribuyen los datos y cómo se pueden modelar.
2. **Regresión lineal simple**: La regresión lineal simple es un modelo estadístico que se utiliza para predecir la relación entre dos variables. El estudiante debe conocer cómo se calcula la pendiente y la intersección de la recta de regresión, así como cómo se evalúa la calidad del modelo.
3. **Regresión logarítmica**: La regresión logarítmica es un modelo estadístico que se utiliza para predecir la relación entre dos variables cuando la relación no es lineal. El estudiante debe conocer cómo se calcula la pendiente y la intersección de la recta de regresión, así como cómo se evalúa la calidad del modelo.
4. **Á",17.03,Análisis de Datos en Ciberseguridad,MC1001,
llama3.1-8b-f16,open_ended,¿Cómo contribuye este curso a la perfilación del comportamiento humano y de software?,"En el curso Análisis de Datos en Ciberseguridad de la Maestría en Ciberseguridad, ¿Cómo contribuye este curso a la perfilación del comportamiento humano y de software?

Da una respuesta completa y explicativa.","Provee técnicas de detección de anomalías, minería de datos en tiempo real y procesamiento distribuido para analizar grandes volúmenes de datos.","El curso Análisis de Datos en Ciberseguridad de la Maestría en Ciberseguridad contribuye a la perfilación del comportamiento humano y de software de varias maneras:

1. **Análisis de datos**: El curso enseña a los estudiantes a analizar grandes cantidades de datos para identificar patrones y tendencias que pueden ayudar a predecir el comportamiento de personas y software. Esto incluye técnicas de minería de datos, análisis de anomalías y detección de fraude.
2. **Modelos de aprendizaje automático**: El curso introduce a los estudiantes a los modelos de aprendizaje automático, que pueden ser utilizados para predecir el comportamiento de personas y software. Estos modelos pueden ser entrenados con datos históricos para identificar patrones y tendencias que pueden ayudar a predecir el comportamiento futuro.
3. **Perfilación de comportamiento**: El curso enseña a los estudiantes a crear perfiles de comportamiento de personas y software, que pueden ser utilizados para identificar patrones y tendencias que pueden ayudar a predecir el comportamiento futuro. Esto incluye técnicas de clustering, regresión y análisis de redes.
4. **Privacidad**: El curso enfatiza la importancia de la privacidad en la perfilación del comportamiento humano y de software. Los estudiantes aprenden a utilizar técnicas",17.02,Análisis de Datos en Ciberseguridad,MC1001,
llama3.1-8b-f16,open_ended,¿Qué capacidades desarrolla el estudiante respecto al diagnóstico de software?,"En el curso Análisis de Datos en Ciberseguridad de la Maestría en Ciberseguridad, ¿Qué capacidades desarrolla el estudiante respecto al diagnóstico de software?

Da una respuesta completa y explicativa.",La capacidad de desarrollar soluciones para el descubrimiento de conocimiento y análisis de amenazas mediante herramientas de análisis de datos.,"Según el documento MC1001-Análisis de datos en ciberseguridad, el curso Análisis de Datos en Ciberseguridad de la Maestría en Ciberseguridad tiene como objetivo general desarrollar soluciones para detección de anomalías, descubrimiento de conocimiento, análisis de amenazas y diagnóstico de software en ciberseguridad.

En particular, el objetivo específico del curso es:

* ""Analizar anomalías en bitácoras de sistemas con el propósito de identificar conductas fraudulentas por medio de modelos de aprendizaje automático.""

Por lo tanto, el estudiante que completa este curso desarrollará la capacidad de analizar anomalías en bitácoras de sistemas y utilizar modelos de aprendizaje automático para identificar conductas fraudulentas, lo que implica desarrollar habilidades para el diagnóstico de software en ciberseguridad.

En otras palabras, el estudiante aprenderá a utilizar técnicas de análisis de datos y aprendizaje automático para identificar patrones anormales en los datos de sistemas y detectar posibles amenazas o vulnerabilidades en la seguridad del software. Esto requiere una comprensión profunda de los conceptos de ciberseguridad, análisis de datos y aprendizaje automático, así como la capacidad de aplicar estas habilidades en un entorno práctico.",16.91,Análisis de Datos en Ciberseguridad,MC1001,
llama3.1-8b-f16,open_ended,¿En qué consiste la metodología de evaluación práctica del curso?,"En el curso Análisis de Datos en Ciberseguridad de la Maestría en Ciberseguridad, ¿En qué consiste la metodología de evaluación práctica del curso?

Da una respuesta completa y explicativa.",Se basa principalmente en laboratorios (75% de la nota) y la resolución de casos de estudio (20%).,"La metodología de evaluación práctica del curso Análisis de Datos en Ciberseguridad de la Maestría en Ciberseguridad consiste en la combinación de diferentes actividades y componentes para evaluar el desempeño de los estudiantes. A continuación, se presentan los componentes de la evaluación práctica del curso:

1. **Laboratorios**: Representan el 75% de la evaluación total. Los estudiantes deben participar en actividades prácticas en laboratorios, donde aplicarán los conceptos teóricos aprendidos en el curso.
2. **Resolución de casos de estudio**: Representa el 20% de la evaluación total. Los estudiantes deben resolver casos de estudio relacionados con la ciberseguridad, donde deben aplicar los conceptos teóricos y prácticos aprendidos en el curso.
3. **Reporte de Lecturas**: Representa el 5% de la evaluación total. Los estudiantes deben realizar un reporte de lecturas sobre temas relacionados con la ciberseguridad, donde deben analizar y sintetizar la información aprendida en el curso.

En resumen, la metodología de evaluación práctica del curso Análisis de Datos en Ciberseguridad de la Maestría en Ciberseguridad se enfoca en evaluar la capacidad de los estudiantes para aplicar los conceptos teóricos y prácticos",17.02,Análisis de Datos en Ciberseguridad,MC1001,
llama3.1-8b-f16,open_ended,¿Qué técnicas de minería de datos se aplican específicamente para el procesamiento en tiempo real?,"En el curso Análisis de Datos en Ciberseguridad de la Maestría en Ciberseguridad, ¿Qué técnicas de minería de datos se aplican específicamente para el procesamiento en tiempo real?

Da una respuesta completa y explicativa.","Se estudian los filtros de Bloom, hashes localmente sensibles y árboles de Hoeffding.","Según el documento MC1001-Análisis de datos en ciberseguridad, en el curso se estudian varias técnicas de minería de datos, incluyendo la minería de patrones frecuentes, la detección de anomalías y la minería de datos en tiempo real (data stream mining). En particular, se mencionan las siguientes técnicas de minería de datos en tiempo real:

* Identificación de información relevante
* Filtros de Bloom
* Hashes localmente sensibles (LSH)
* Árboles de Hoeffding

Estas técnicas se utilizan para procesar grandes cantidades de datos en tiempo real, lo que es esencial en la ciberseguridad para detectar y responder a amenazas de manera rápida y efectiva. La minería de datos en tiempo real permite a los analistas de datos identificar patrones y tendencias en los datos en tiempo real, lo que les permite tomar decisiones informadas y tomar medidas preventivas para mitigar las amenazas.",13.82,Análisis de Datos en Ciberseguridad,MC1001,
llama3.1-8b-f16,open_ended,¿Qué rol desempeña la criptografía en la infraestructura de Internet actual?,"En el curso Seguridad y Criptografía de la Maestría en Ciberseguridad, ¿Qué rol desempeña la criptografía en la infraestructura de Internet actual?

Da una respuesta completa y explicativa.","Actúa como el medio para asegurar la confidencialidad, autenticidad e integridad de las comunicaciones y los datos almacenados.","La criptografía desempeña un papel fundamental en la infraestructura de Internet actual, ya que proporciona mecanismos para garantizar la confidencialidad, integridad y autenticidad de la información que se transmite a través de la red. La criptografía se utiliza para proteger la información contra interceptaciones, modificaciones y falsificaciones, lo que es esencial para mantener la seguridad y privacidad de los usuarios de Internet.

En la infraestructura de Internet, la criptografía se utiliza en diversas formas, como:

1. **Protocolos de seguridad**: La criptografía se utiliza en protocolos de seguridad como SSL/TLS (Secure Sockets Layer/Transport Layer Security) para cifrar la comunicación entre el servidor y el cliente, lo que garantiza la confidencialidad de la información.
2. **Autenticación**: La criptografía se utiliza para autenticar la identidad de los usuarios y los servidores, lo que evita que se acceda a la información sin autorización.
3. **Integridad**: La criptografía se utiliza para garantizar la integridad de la información, es decir, que la información no se modifique o altere durante la transmisión.
4. **Firma digital**: La criptografía se utiliza para crear firmas digitales, que son utilizadas para autenticar la identidad",17.06,Seguridad y Criptografía,MC1003,
llama3.1-8b-f16,open_ended,¿Qué aspectos avanzados de la matemática se exploran para entender los cifrados modernos?,"En el curso Seguridad y Criptografía de la Maestría en Ciberseguridad, ¿Qué aspectos avanzados de la matemática se exploran para entender los cifrados modernos?

Da una respuesta completa y explicativa.","El estudio de curvas elípticas, ataques diferenciales y lineales, y el protocolo Diffie-Hellman.","En el curso Seguridad y Criptografía de la Maestría en Ciberseguridad, se exploran aspectos avanzados de la matemática para entender los cifrados modernos, específicamente en la sección de ""Tópicos Avanzados"". Algunos de los temas que se abordan en esta sección incluyen:

1. Esquemas de Compartición de Secretos (Secret Sharing Schemes): Estos esquemas permiten dividir una clave secreta en varias partes de manera que solo se pueda recuperar la clave original si se tienen todas las partes. Esto se basa en la teoría de la información y la teoría de números.
2. Protocolos criptográficos: Se estudian protocolos criptográficos avanzados, como el protocolo Diffie-Hellman, que permite a dos partes intercambiar una clave secreta sin que nadie más pueda escuchar la comunicación.
3. Técnicas computacionales multiparte: Se exploran técnicas para realizar cálculos criptográficos en varias partes, lo que permite mejorar la seguridad y la eficiencia de los algoritmos criptográficos.
4. Técnica Zero-knowledge proofs: Esta técnica permite a una parte demostrar que conoce una información sin revelar la información en sí misma. Esto se basa en la teoría de la computación y la teoría",16.95,Seguridad y Criptografía,MC1003,
llama3.1-8b-f16,open_ended,¿Qué diferencias conceptuales se analizan entre las primitivas de criptografía simétrica y asimétrica?,"En el curso Seguridad y Criptografía de la Maestría en Ciberseguridad, ¿Qué diferencias conceptuales se analizan entre las primitivas de criptografía simétrica y asimétrica?

Da una respuesta completa y explicativa.","Se estudia el rol de las funciones hash, las firmas digitales y la infraestructura de llave pública y privada (PKI).","En el curso Seguridad y Criptografía de la Maestría en Ciberseguridad, se analizan las diferencias conceptuales entre las primitivas de criptografía simétrica y asimétrica.

La criptografía simétrica utiliza la misma clave para cifrar y descifrar un mensaje, lo que significa que el emisor y el receptor deben compartir la misma clave secreta. Las primitivas de criptografía simétrica incluyen algoritmos como el cifrado de bloques (por ejemplo, AES) y el cifrado de flujo (por ejemplo, RC4). Estos algoritmos son rápidos y eficientes, pero también son vulnerables a ataques de fuerza bruta y otros tipos de ataques.

Por otro lado, la criptografía asimétrica utiliza una clave pública para cifrar un mensaje y una clave privada para descifrarlo. La clave pública se puede compartir ampliamente, mientras que la clave privada se mantiene secreta. Las primitivas de criptografía asimétrica incluyen algoritmos como el algoritmo RSA y el algoritmo ElGamal. Estos algoritmos son más lentos que los algoritmos de criptografía simétrica, pero ofrecen una mayor seguridad ya que es más difícil que un atac",17.02,Seguridad y Criptografía,MC1003,
llama3.1-8b-f16,open_ended,¿Sobre qué tendencias futuras en el campo de la seguridad se discute en clase?,"En el curso Seguridad y Criptografía de la Maestría en Ciberseguridad, ¿Sobre qué tendencias futuras en el campo de la seguridad se discute en clase?

Da una respuesta completa y explicativa.",Sobre los avances y desafíos que presenta la criptografía cuántica.,"En el curso Seguridad y Criptografía de la Maestría en Ciberseguridad, se discute sobre tendencias futuras en el campo de la seguridad, específicamente sobre la criptografía cuántica. La criptografía cuántica es una área de investigación que busca desarrollar algoritmos y protocolos de criptografía que sean resistentes a los ataques de computadoras cuánticas, que pueden resolver problemas de factorización de números grandes de manera mucho más rápida que las computadoras clásicas. Esto plantea un desafío para la seguridad de la información, ya que los métodos de criptografía tradicionales pueden ser vulnerables a los ataques de computadoras cuánticas.

En el curso, se discute sobre las tendencias futuras en la criptografía cuántica, incluyendo la posibilidad de desarrollar algoritmos y protocolos de criptografía que sean resistentes a los ataques de computadoras cuánticas. También se analiza la seguridad de la información en un mundo donde las computadoras cuánticas pueden ser una realidad en el futuro cercano.

Además, se discute sobre otras tendencias futuras en el campo de la seguridad, como la seguridad de la información en la nube, la seguridad de los dispositivos móviles y la seguridad de los sistemas de Internet de las cosas (IoT",17.05,Seguridad y Criptografía,MC1003,
llama3.1-8b-f16,open_ended,¿Qué elementos históricos sirven de base para comprender la evolución del cifrado?,"En el curso Seguridad y Criptografía de la Maestría en Ciberseguridad, ¿Qué elementos históricos sirven de base para comprender la evolución del cifrado?

Da una respuesta completa y explicativa.","El estudio del Cifrado César, la máquina Enigma y el cifrado por permutación, entre otros.","En el curso Seguridad y Criptografía de la Maestría en Ciberseguridad, se estudian los elementos históricos que sirven de base para comprender la evolución del cifrado. Algunos de los elementos históricos que se mencionan en el curso son:

1. Cifrado César: Este es uno de los primeros métodos de cifrado conocidos, que consiste en desplazar cada letra de un texto original por un número fijo de posiciones en el alfabeto. El curso explica cómo funciona este método y cómo puede ser descifrado.
2. Cifrado por sustitución: Este método de cifrado consiste en reemplazar cada letra de un texto original por una letra diferente. El curso explica cómo funciona este método y cómo puede ser descifrado.
3. Cifrado Vigènere: Este es un método de cifrado que utiliza una tabla de sustitución para reemplazar cada letra de un texto original. El curso explica cómo funciona este método y cómo puede ser descifrado.
4. Cifrado por permutación: Este método de cifrado consiste en reorganizar las letras de un texto original en un orden diferente. El curso explica cómo funciona este método y cómo puede ser descifrado.
5. La máquina Enigma: Esta es una máquina de cifrado que se utilizó durante la Seg",17.02,Seguridad y Criptografía,MC1003,
llama3.1-8b-f16,open_ended,¿Cómo se estructura el sistema de evaluación del aprendizaje en esta materia?,"En el curso Seguridad y Criptografía de la Maestría en Ciberseguridad, ¿Cómo se estructura el sistema de evaluación del aprendizaje en esta materia?

Da una respuesta completa y explicativa.","Se compone de tareas para asimilación de materia (50%), laboratorios prácticos (20%) y un examen final (30%).","Según el documento MC1003-Seguridad y Criptografía, el sistema de evaluación del aprendizaje en el curso de Seguridad y Criptografía de la Maestría en Ciberseguridad se estructura de la siguiente manera:

* La evaluación estará dada principalmente por medio de tres componentes:
 + Tareas (50%): asociadas a la asimilación de la materia vista en clase.
 + Laboratorios (20%): prácticos.
 + Examen (30%): final.
* El curso se reprueba con 4 faltas de asistencia injustificadas.
* Los estudiantes tienen 30 minutos después de la hora oficial de entrada para llegar, luego de esto se considerará como ausencia.
* Queda a criterio del profesor la justificación de ausencias tanto a lecciones como a evaluaciones.
* Los exámenes cortos y las llamadas orales se realizarán todas las semanas de manera que el estudiante debe estar preparado en todas las lecciones.
* El contenido académico de las actividades, exámenes cortos, exámenes, tareas, llamadas orales son acumulativos.

En resumen, el sistema de evaluación del aprendizaje en el curso de Seguridad y Criptografía de la Maestría en Ciberseguridad se enfoca en la asimilación de la materia",17.05,Seguridad y Criptografía,MC1003,
llama3.1-8b-f16,open_ended,¿Por qué es fundamental la gestión de procesos ante la vulnerabilidad tecnológica de los negocios?,"En el curso Políticas y Gobernanza en Ciberseguridad de la Maestría en Ciberseguridad, ¿Por qué es fundamental la gestión de procesos ante la vulnerabilidad tecnológica de los negocios?

Da una respuesta completa y explicativa.","Porque permite minimizar riesgos y amenazas de manera efectiva, asegurando la continuidad del negocio y el ahorro en costos.","La gestión de procesos es fundamental en la Política y Gobernanza en Ciberseguridad de la Maestría en Ciberseguridad porque permite a las organizaciones minimizar los riesgos y amenazas de manera efectiva, con eficiencia operacional y ahorro en los costos. La gestión de procesos implica conocer las principales funciones o tareas relacionadas a la seguridad de la información que son llevadas a cabo en las empresas, con el fin de asegurar (lo más posible) la confidencialidad, la integridad, la autenticidad y la disponibilidad de la información.

La gestión de procesos es crucial en la era digital, donde la tecnología de la información es utilizada en casi toda actividad de negocio, lo que aumenta la vulnerabilidad y exposición a ataques malintencionados que podrían producir grandes daños a nivel institucional, a sus funcionarios y a sus clientes. La gestión de procesos permite a las organizaciones identificar, evaluar y mitigar los riesgos asociados con la seguridad de la información, lo que ayuda a proteger sus activos y reputación.

Además, la gestión de procesos es fundamental para la implementación de un planeamiento estratégico, análisis de riesgo y cumplimiento regulatorio, a través de la creación de políticas, planes y programas de aseguramiento de",17.0,Políticas y Gobernanza en Ciberseguridad,MC1006,
llama3.1-8b-f16,open_ended,¿Qué áreas de especialización se utilizan como marco de referencia para el conocimiento en este curso?,"En el curso Políticas y Gobernanza en Ciberseguridad de la Maestría en Ciberseguridad, ¿Qué áreas de especialización se utilizan como marco de referencia para el conocimiento en este curso?

Da una respuesta completa y explicativa.",El Framework NICE y las áreas de conocimiento en ciberseguridad según la ACM.,"Según el documento MC1006-Políticas y Gobernanza en Ciberseguridad, el curso utiliza el Framework NICE (National Initiative for Cybersecurity Education) como marco de referencia para el conocimiento en este curso. El Framework NICE es un marco de referencia para la educación en ciberseguridad que proporciona una estructura para la educación y la capacitación en ciberseguridad. El curso utiliza las áreas de especialización del Framework NICE como marco de referencia para el conocimiento en este curso.",9.44,Políticas y Gobernanza en Ciberseguridad,MC1006,
llama3.1-8b-f16,open_ended,¿Cómo se aborda el diagnóstico del riesgo organizacional en este programa?,"En el curso Políticas y Gobernanza en Ciberseguridad de la Maestría en Ciberseguridad, ¿Cómo se aborda el diagnóstico del riesgo organizacional en este programa?

Da una respuesta completa y explicativa.",Mediante el uso de métricas de seguridad para la toma de decisiones estratégicas y modelos de evaluación de riesgo.,"En el curso Políticas y Gobernanza en Ciberseguridad de la Maestría en Ciberseguridad, el diagnóstico del riesgo organizacional es un tema crucial que se aborda a través de varios contenidos y objetivos específicos. A continuación, se presentan algunos de los aspectos clave relacionados con el diagnóstico del riesgo organizacional en este curso:

1. **Métricas de Ciberseguridad**: El curso introduce las métricas de ciberseguridad como herramientas para medir y evaluar el riesgo organizacional. Los estudiantes aprenden a utilizar estas métricas para identificar y priorizar los riesgos más críticos.
2. **Análisis de Riesgo**: El curso aborda el análisis de riesgo como un proceso sistemático para identificar, evaluar y priorizar los riesgos organizacionales. Los estudiantes aprenden a utilizar herramientas y técnicas para analizar el riesgo y desarrollar planes de mitigación.
3. **Modelos y metodologías de evaluación y medición de riesgo**: El curso presenta diferentes modelos y metodologías para evaluar y medir el riesgo organizacional, como el modelo de evaluación de riesgo de NIST (National Institute of Standards and Technology) y la metodología de evaluación de riesgo de ISO 27001.
4. **Análisis y Aseg",17.05,Políticas y Gobernanza en Ciberseguridad,MC1006,
llama3.1-8b-f16,open_ended,"¿Qué importancia tiene el principio de ""Seguridad por diseño"" en el ciclo de vida del software?","En el curso Políticas y Gobernanza en Ciberseguridad de la Maestría en Ciberseguridad, ¿Qué importancia tiene el principio de ""Seguridad por diseño"" en el ciclo de vida del software?

Da una respuesta completa y explicativa.",Es un criterio clave para el aprovisionamiento de soluciones tecnológicas seguras y la planificación de requerimientos.,"El principio de ""Seguridad por diseño"" es fundamental en el ciclo de vida del software, ya que implica integrar la seguridad en cada etapa del desarrollo del software, desde la planificación hasta la implementación y el mantenimiento. Esto significa que los desarrolladores de software deben considerar las posibles amenazas y vulnerabilidades en el software desde el principio, y diseñar soluciones que mitiguen o eliminen estas amenazas.

La importancia del principio de ""Seguridad por diseño"" en el curso Políticas y Gobernanza en Ciberseguridad de la Maestría en Ciberseguridad se refleja en los siguientes aspectos:

1. **Prevenir vulnerabilidades**: Al incorporar la seguridad en el diseño del software, se pueden prevenir vulnerabilidades y amenazas que podrían ser explotadas por atacantes.
2. **Reducir el riesgo**: Al diseñar el software con seguridad en mente, se puede reducir el riesgo de que el software sea comprometido o explotado.
3. **Mejorar la confidencialidad, integridad y disponibilidad**: El principio de ""Seguridad por diseño"" ayuda a garantizar que el software sea confiable, seguro y disponible, lo que es esencial para las organizaciones que dependen de él.
4. **Cumplir con regulaciones y estándares**: Al incorporar la",16.96,Políticas y Gobernanza en Ciberseguridad,MC1006,
llama3.1-8b-f16,open_ended,¿Qué elementos legales se analizan respecto a la protección de datos en Costa Rica?,"En el curso Políticas y Gobernanza en Ciberseguridad de la Maestría en Ciberseguridad, ¿Qué elementos legales se analizan respecto a la protección de datos en Costa Rica?

Da una respuesta completa y explicativa.",La legislación sobre delitos informáticos y la Ley 8968 de Protección de los Datos.,"Según el documento MC1006-Políticas y Gobernanza en Ciberseguridad, en el curso se estudian los aspectos asociados a la aplicación de políticas y gobernanza en ciberseguridad en un entorno organizacional, tanto internas como externas, como medio para ejercer un gobierno responsable y efectivo en la implementación de un planeamiento estratégico, análisis de riesgo y cumplimiento regulatorio, a través de la creación de políticas, planes y programas de aseguramiento de la organización.

En particular, en el tema ""Regulaciones y Leyes"" se mencionan los siguientes elementos legales relacionados con la protección de datos en Costa Rica:

* Principios Introductorios sobre leyes e investigación legal
* Jurisdicción territorial, contenido en línea, delitos informáticos y protección de datos (GDPR, Ley 8968 de Protección de los Datos)
* Privacidad
* Propiedad Intelectual

Es importante destacar que la Ley 8968 de Protección de los Datos es una ley costarricense que regula la protección de la información personal y establece normas para la recopilación, almacenamiento, uso y divulgación de datos personales. La ley también establece sanciones para las personas que violen sus disposiciones.

En resumen, en el curso Políticas",17.03,Políticas y Gobernanza en Ciberseguridad,MC1006,
llama3.1-8b-f16,open_ended,¿Cuál es el objetivo de integrar los KPI de ciberseguridad con la visión de la empresa?,"En el curso Políticas y Gobernanza en Ciberseguridad de la Maestría en Ciberseguridad, ¿Cuál es el objetivo de integrar los KPI de ciberseguridad con la visión de la empresa?

Da una respuesta completa y explicativa.",Lograr una alineación estratégica que permita gestionar el portafolio de proyectos de seguridad según la misión organizacional.,"El objetivo de integrar los KPI de ciberseguridad con la visión de la empresa es asegurar que la estrategia de ciberseguridad esté alineada con los objetivos y metas de la organización. Esto permite que la función de ciberseguridad contribuya de manera efectiva a la consecución de los objetivos de la empresa, en lugar de ser una función aislada que solo se enfoca en la seguridad.

Al integrar los KPI de ciberseguridad con la visión de la empresa, se pueden establecer metas y objetivos específicos que se alineen con la estrategia general de la empresa. Esto permite que la función de ciberseguridad se concentre en las áreas más críticas y priorice los recursos y esfuerzos en función de las necesidades de la empresa.

Además, la integración de los KPI de ciberseguridad con la visión de la empresa permite que la función de ciberseguridad se comunique de manera efectiva con los líderes y directivos de la empresa, lo que facilita la toma de decisiones informadas y la asignación de recursos.

En el curso Políticas y Gobernanza en Ciberseguridad, se enfatiza la importancia de establecer políticas y planes de ciberseguridad que apoyen la gobernanza y los procesos de TI",17.0,Políticas y Gobernanza en Ciberseguridad,MC1006,
llama3.1-8b-f16,open_ended,¿Desde qué perspectiva se analizan vulnerabilidades como el Buffer Overflow?,"En el curso Seguridad de Software Avanzado de la Maestría en Ciberseguridad, ¿Desde qué perspectiva se analizan vulnerabilidades como el Buffer Overflow?

Da una respuesta completa y explicativa.",Desde una perspectiva avanzada que estudia vectores de ataque utilizados para violentar el software creado.,"En el curso Seguridad de Software Avanzado de la Maestría en Ciberseguridad, las vulnerabilidades como el Buffer Overflow se analizan desde una perspectiva avanzada, que combina aspectos técnicos y de seguridad. El curso se enfoca en la comprensión de los principios subyacentes que permiten a los atacantes explotar vulnerabilidades en el software, y cómo diseñar soluciones de software seguro para prevenir o mitigar estos ataques.

En particular, el curso analiza el Buffer Overflow como una vulnerabilidad común en la seguridad del software, que se produce cuando un programa intenta escribir más datos en un buffer (una zona de memoria) que la capacidad del buffer permite. Esto puede causar que el programa se sobrecargue y se vuelva vulnerable a ataques.

Desde una perspectiva técnica, el curso explora las causas y consecuencias del Buffer Overflow, incluyendo:

*   La forma en que los programadores pueden cometer errores al manejar buffers y causar vulnerabilidades.
*   Las técnicas que los atacantes pueden utilizar para explotar el Buffer Overflow y ejecutar código malicioso.
*   Las herramientas y técnicas que los desarrolladores pueden utilizar para detectar y prevenir el Buffer Overflow.

Desde una perspectiva de seguridad, el curso analiza las implicaciones del Buffer Overflow en la seguridad",17.05,Seguridad de Software Avanzado,MC3001,
llama3.1-8b-f16,open_ended,¿Qué estrategias de defensa se consideran para prevenir ataques a las aplicaciones?,"En el curso Seguridad de Software Avanzado de la Maestría en Ciberseguridad, ¿Qué estrategias de defensa se consideran para prevenir ataques a las aplicaciones?

Da una respuesta completa y explicativa.","Técnicas de programación segura, modelado de vulnerabilidades y técnicas avanzadas de pruebas de seguridad.","En el curso Seguridad de Software Avanzado de la Maestría en Ciberseguridad, se consideran varias estrategias de defensa para prevenir ataques a las aplicaciones. Algunas de estas estrategias incluyen:

1. **Seguridad desde el diseño**: Se enfoca en incorporar la seguridad en el proceso de desarrollo de software desde el principio, considerando factores como la privacidad, la integridad y la confidencialidad de los datos.
2. **Técnicas de programación segura**: Se utilizan técnicas como la validación de la entrada, la autenticación y el control de acceso para prevenir ataques como el phishing, el robo de sesiones y la inyección de código.
3. **Modelado de vulnerabilidades**: Se identifican y se modelan las vulnerabilidades potenciales en el software para prevenir ataques como el desbordamiento de buffers y la inyección de código.
4. **Pruebas de penetración**: Se realizan pruebas de penetración para identificar vulnerabilidades en el software y para evaluar la efectividad de las estrategias de defensa.
5. **Seguridad basada en el lenguaje de programación**: Se utilizan características del lenguaje de programación, como el tipado seguro y la semántica estática, para prevenir ataques como el des",17.43,Seguridad de Software Avanzado,MC3001,
llama3.1-8b-f16,open_ended,"¿Cómo influye el concepto de ""Seguridad por Diseño"" en el estudiante?","En el curso Seguridad de Software Avanzado de la Maestría en Ciberseguridad, ¿Cómo influye el concepto de ""Seguridad por Diseño"" en el estudiante?

Da una respuesta completa y explicativa.","Lo capacita para diseñar soluciones que garanticen la tríada de la seguridad (confidencialidad, integridad y disponibilidad) desde el inicio del desarrollo.","En el curso Seguridad de Software Avanzado de la Maestría en Ciberseguridad, el concepto de ""Seguridad por Diseño"" es un tema fundamental que se aborda a lo largo del curso. El objetivo principal de la seguridad por diseño es garantizar la confidencialidad, integridad y disponibilidad de los datos en las aplicaciones, desde el momento de su diseño hasta su implementación y mantenimiento.

A lo largo del curso, los estudiantes aprenden sobre las diferentes técnicas y estrategias para incorporar la seguridad en el diseño de software, incluyendo la identificación de vulnerabilidades y vectores de ataque, la implementación de medidas de seguridad y la evaluación de la seguridad del software.

El concepto de seguridad por diseño influye en el estudiante de varias maneras:

1. **Conciencia sobre la importancia de la seguridad**: Los estudiantes aprenden a valorar la importancia de la seguridad en el diseño de software y a entender que la seguridad no es solo un aspecto adicional, sino que es fundamental para garantizar la confidencialidad, integridad y disponibilidad de los datos.
2. **Habilidades para identificar vulnerabilidades**: Los estudiantes aprenden a identificar vulnerabilidades y vectores de ataque en el software, lo que les permite tomar medidas preventivas para evitar que se exploren estas vulnerabilidades.
3. **Conoc",16.95,Seguridad de Software Avanzado,MC3001,
llama3.1-8b-f16,open_ended,¿Qué temas abarca la administración de riesgo aplicada específicamente al software?,"En el curso Seguridad de Software Avanzado de la Maestría en Ciberseguridad, ¿Qué temas abarca la administración de riesgo aplicada específicamente al software?

Da una respuesta completa y explicativa.","Identificación de riesgos técnicos y de negocio, priorización de riesgos y validación de correcciones.","En el curso Seguridad de Software Avanzado de la Maestría en Ciberseguridad, la administración de riesgo aplicada específicamente al software se aborda en el tema ""Administración de Riesgo Aplicado a la Seguridad del Software"". En este tema, se estudian los principios y técnicas para identificar, evaluar y mitigar los riesgos asociados con la seguridad del software.

Algunos de los temas específicos que se cubren en este tema incluyen:

* Comprender el contexto del negocio y los riesgos técnicos y de negocio asociados con la seguridad del software.
* Identificar y priorizar los riesgos técnicos y de negocio.
* Definir estrategias de mitigación para reducir los riesgos.
* Crear correcciones y validar la eficacia de las mismas.

Además, se abordan también otros temas relacionados con la seguridad del software, como:

* Vulnerabilidades comunes en la seguridad del software, como desbordamiento de buffers y de enteros, inyección de código (SQL, XSS), condiciones de carrera, exposición de información, aleatoriedad y determinismo.
* Principios de programación segura, como modelado de amenazas, trusted computing base, estándares de codificación para aseguramiento de fallos y estados por defecto, el menor privilegio y prevención de ataques a",16.96,Seguridad de Software Avanzado,MC3001,
llama3.1-8b-f16,open_ended,¿Qué se entiende por seguridad basada en el lenguaje de programación en este contexto?,"En el curso Seguridad de Software Avanzado de la Maestría en Ciberseguridad, ¿Qué se entiende por seguridad basada en el lenguaje de programación en este contexto?

Da una respuesta completa y explicativa.","El estudio del tipado seguro, el aseguramiento de memoria y el control de acceso en ambientes abiertos.","En el curso Seguridad de Software Avanzado de la Maestría en Ciberseguridad, la seguridad basada en el lenguaje de programación se refiere a la aplicación de principios y técnicas de seguridad en el diseño y desarrollo de software para prevenir y mitigar ataques cibernéticos. Esto implica utilizar características del lenguaje de programación para garantizar la seguridad del software, como la validación de la entrada, el control de acceso, la autenticación y la autorización.

En este contexto, la seguridad basada en el lenguaje de programación se enfoca en la implementación de mecanismos de seguridad en el código del software, como:

* Tipado seguro: garantiza que los datos sean del tipo correcto antes de ser utilizados.
* Type Soundness: asegura que el tipo de los datos sea correcto en todo momento.
* Aseguramiento de memoria: garantiza que la memoria sea liberada correctamente para evitar fugas de memoria.
* Control de acceso: regula quién puede acceder a los recursos del sistema y qué acciones pueden realizar.
* Autenticación por contraseñas: verifica la identidad de los usuarios antes de permitir el acceso.
* Control de acceso clásico a bases de datos: regula quién puede acceder a los datos y qué acciones pueden realizar.
* RBAC (Role-Based Access Control): asigna permisos a",17.08,Seguridad de Software Avanzado,MC3001,
llama3.1-8b-f16,open_ended,¿Cómo se aplican las técnicas de análisis estático para mejorar la calidad del código?,"En el curso Seguridad de Software Avanzado de la Maestría en Ciberseguridad, ¿Cómo se aplican las técnicas de análisis estático para mejorar la calidad del código?

Da una respuesta completa y explicativa.","Mediante el análisis de flujo de datos, la ejecución simbólica y la ofuscación.","En el curso Seguridad de Software Avanzado de la Maestría en Ciberseguridad, las técnicas de análisis estático se aplican para mejorar la calidad del código mediante la identificación de vulnerabilidades y la detección de patrones de código malicioso. Algunas de las técnicas de análisis estático que se pueden aplicar en este curso incluyen:

1. **Análisis de flujo de datos**: Se analiza el flujo de datos a través del código para identificar posibles vulnerabilidades, como la inyección de código o la exposición de información.
2. **Ofuscación**: Se utiliza la ofuscación para ocultar el código y dificultar su análisis, lo que puede ayudar a detectar patrones de código malicioso.
3. **Pruebas de penetración en análisis estático**: Se utilizan pruebas de penetración para simular ataques y evaluar la seguridad del código.
4. **Ejecución simbólica**: Se ejecuta el código simbólicamente para analizar su comportamiento y detectar posibles vulnerabilidades.
5. **Análisis de código**: Se analiza el código para identificar patrones de código malicioso, como la utilización de funciones de seguridad no seguras o la falta de validación de entrada.

Al aplicar estas técnicas de anál",17.4,Seguridad de Software Avanzado,MC3001,
llama3.1-8b-f16,open_ended,¿Por qué el cibercrimen se estudia también desde la perspectiva de las ciencias sociales?,"En el curso Cibercrimen de la Maestría en Ciberseguridad, ¿Por qué el cibercrimen se estudia también desde la perspectiva de las ciencias sociales?

Da una respuesta completa y explicativa.","Porque muchos problemas, como el phishing, ocurren por motivadores conductuales y debilidades en el comportamiento humano, no solo por fallas técnicas.","El cibercrimen se estudia también desde la perspectiva de las ciencias sociales en el curso de la Maestría en Ciberseguridad porque muchos de los problemas relacionados con la ciberseguridad no son necesariamente del área técnica, sino que se pueden analizar desde una perspectiva de ciencias sociales y legal. Por ejemplo, el phishing ocurre debido a que las personas típicamente forman parte del eslabón más débil, donde la relación de costo-beneficio para un atacante es muy atractiva, y por otro lado, la legislación dificulta el abordaje de los problemas desde una perspectiva transnacional.

En este sentido, el curso de Cibercrimen busca brindar a los estudiantes una comprensión más amplia de los problemas de ciberseguridad, incluyendo los aspectos sociales y legales que contribuyen a la comisión de delitos cibernéticos. Al estudiar el cibercrimen desde una perspectiva de ciencias sociales, los estudiantes pueden analizar las motivaciones y comportamientos de los individuos involucrados en actos de cibercrimen, así como las estructuras sociales y legales que permiten o fomentan estos delitos.

Algunos de los conceptos que se estudian en el curso de Cibercrimen desde la perspectiva de las",16.95,Cibercrimen,MC3010,
llama3.1-8b-f16,open_ended,¿Qué objetivos persiguen los criminales al manipular a usuarios legítimos?,"En el curso Cibercrimen de la Maestría en Ciberseguridad, ¿Qué objetivos persiguen los criminales al manipular a usuarios legítimos?

Da una respuesta completa y explicativa.","Obtener información confidencial mediante ingeniería social, espionaje industrial e investigación de recopilación de datos.","En el curso Cibercrimen de la Maestría en Ciberseguridad, los objetivos persiguen por los criminales al manipular a usuarios legítimos son obtener información confidencial mediante la manipulación de usuarios legítimos, a través del uso de herramientas de espionaje, investigación y de recopilación de información. El objetivo principal es obtener beneficios económicos o de otra naturaleza, como robar identidades, acceder a sistemas confidenciales, o obtener información sensible.

Los criminales utilizan técnicas de manipulación, como el phishing, el vishing, el espionaje industrial, entre otros, para engañar a los usuarios y obtener acceso a sus sistemas o información confidencial. Estas técnicas pueden ser muy efectivas, ya que las personas típicamente forman parte del eslabón más débil, donde la relación de costo-beneficio para un atacante es muy atractiva, y por otro lado, la legislación dificulta el abordaje de los problemas desde una perspectiva transnacional.

Por lo tanto, el objetivo principal de los criminales en el curso Cibercrimen es obtener beneficios económicos o de otra naturaleza, a través de la manipulación de usuarios legítimos y la obtención de información confidencial.",16.54,Cibercrimen,MC3010,
llama3.1-8b-f16,open_ended,¿Cómo ayudan los motivadores sociales a identificar la naturaleza de las amenazas?,"En el curso Cibercrimen de la Maestría en Ciberseguridad, ¿Cómo ayudan los motivadores sociales a identificar la naturaleza de las amenazas?

Da una respuesta completa y explicativa.",Permiten valorar las acciones de los individuos y potenciar la identificación temprana de actos delictivos.,"En el curso Cibercrimen de la Maestría en Ciberseguridad, los motivadores sociales juegan un papel importante en la identificación de la naturaleza de las amenazas. Los motivadores sociales se refieren a las razones o factores que impulsan a las personas a cometer actos de cibercrimen.

Al estudiar los motivadores sociales, los estudiantes del curso Cibercrimen pueden comprender mejor la psicología detrás de las acciones de los cibercriminales. Esto les permite identificar patrones y tendencias en el comportamiento de los cibercriminales, lo que a su vez les permite desarrollar estrategias efectivas para prevenir y mitigar los efectos del cibercrimen.

Algunos de los motivadores sociales que se estudian en el curso Cibercrimen incluyen:

* La búsqueda de beneficios financieros: muchos cibercriminales cometen actos de cibercrimen con el fin de obtener beneficios financieros, como robar información confidencial o vender productos pirateados.
* La búsqueda de reconocimiento y fama: algunos cibercriminales cometen actos de cibercrimen con el fin de obtener reconocimiento y fama en la comunidad de cibercriminales.
* La búsqueda de venganza: algunos cibercrim",17.01,Cibercrimen,MC3010,
llama3.1-8b-f16,open_ended,¿Qué métodos de investigación social se aplican para entender el fenómeno criminal?,"En el curso Cibercrimen de la Maestría en Ciberseguridad, ¿Qué métodos de investigación social se aplican para entender el fenómeno criminal?

Da una respuesta completa y explicativa.","La teorización, el diseño experimental, la validación de hipótesis y el análisis de datos con SPSS.","En el curso Cibercrimen de la Maestría en Ciberseguridad, se aplican métodos de investigación social para entender el fenómeno criminal. Algunos de los métodos de investigación social que se mencionan en el curso son:

1. Teorización: Se busca desarrollar teorías que expliquen las acciones de los individuos involucrados en actos de cibercrimen.
2. Hipótesis: Se formulan hipótesis sobre las causas y consecuencias de la cibercriminalidad.
3. Recolección de datos: Se recopilan datos sobre la cibercriminalidad, incluyendo información sobre los métodos utilizados por los delincuentes, las víctimas y las consecuencias de los actos criminales.
4. Diseño experimental: Se diseñan experimentos para evaluar la efectividad de diferentes intervenciones para prevenir la cibercriminalidad.
5. Causalidad versus correlación: Se busca determinar si hay una relación causal entre las variables estudiadas y la cibercriminalidad.
6. Validación: Se validan los resultados de la investigación para asegurarse de que sean confiables y fiables.
7. Pruebas aleatorias controladas: Se utilizan pruebas aleatorias controladas para evaluar la efectividad de diferentes intervenciones.
8",17.03,Cibercrimen,MC3010,
llama3.1-8b-f16,open_ended,"¿Qué aspectos analiza la ""Ciencia del Crimen"" respecto a los actos delictivos?","En el curso Cibercrimen de la Maestría en Ciberseguridad, ¿Qué aspectos analiza la ""Ciencia del Crimen"" respecto a los actos delictivos?

Da una respuesta completa y explicativa.","La elección racional del criminal, las actividades de rutina y los estudios de victimización y autoreporte.","La ""Ciencia del Crimen"" es un campo de estudio que se enfoca en comprender los patrones y motivaciones detrás de los actos delictivos. En el curso Cibercrimen de la Maestría en Ciberseguridad, la ""Ciencia del Crimen"" se analiza en el contexto del cibercrimen, que se refiere a los delitos cometidos utilizando tecnologías de la información y la comunicación.

La ""Ciencia del Crimen"" analiza varios aspectos de los actos delictivos, incluyendo:

1. Orígenes del Crimen: Se estudian las causas y factores que contribuyen a la comisión de delitos, como la economía conductual, la psicología del delito y la sociología del delito.
2. Elección racional: Se analiza cómo los delincuentes toman decisiones sobre la comisión de delitos, considerando factores como la recompensa, el riesgo y la oportunidad.
3. Actividades de rutina: Se estudian las actividades cotidianas de los delincuentes, como la planificación, la preparación y la ejecución de los delitos.
4. Estudios de autoreporte: Se analizan las declaraciones de los delincuentes sobre sus propias actividades delictivas, lo que puede proporcionar información valiosa sobre los patrones",16.99,Cibercrimen,MC3010,
llama3.1-8b-f16,open_ended,¿En qué consiste la teoría de prevención del crimen en situación según el curso?,"En el curso Cibercrimen de la Maestría en Ciberseguridad, ¿En qué consiste la teoría de prevención del crimen en situación según el curso?

Da una respuesta completa y explicativa.","Analiza la oportunidad del crimen, el triángulo del crimen y el desplazamiento del beneficio delictivo.","Según el curso Cibercrimen de la Maestría en Ciberseguridad, la teoría de prevención del crimen en situación se refiere a la idea de que el crimen se puede prevenir o reducir mediante la comprensión de las condiciones y factores que lo facilitan o lo promueven. Esta teoría se basa en la idea de que el crimen es el resultado de una interacción entre factores individuales y ambientales, y que la prevención del crimen debe abordar tanto los factores individuales como los ambientales.

En el contexto del cibercrimen, la teoría de prevención del crimen en situación se enfoca en la comprensión de cómo las personas se ven atraídas a participar en actividades cibernéticas delictivas, y cómo se pueden prevenir o reducir estas actividades mediante la intervención en los factores que las facilitan o las promueven.

Según el curso, la teoría de prevención del crimen en situación se basa en tres componentes clave:

1. El triángulo del crimen: Este componente se refiere a la idea de que el crimen se puede prevenir o reducir mediante la comprensión de las condiciones y factores que lo facilitan o lo promueven. El triángulo del crimen se compone de tres elementos: la oportunidad, la motiv",16.96,Cibercrimen,MC3010,
llama3.1-8b-f16,open_ended,¿Cómo se articulan las TI con la propuesta de valor de un negocio?,"En el curso Sistemas Estratégicos Empresariales de la Maestría en Gerencia de Tecnologías de la Información, ¿Cómo se articulan las TI con la propuesta de valor de un negocio?

Da una respuesta completa y explicativa.",Se integran coherentemente dentro de un sistema de actividades para fortalecer la posición estratégica de la empresa.,"En el curso Sistemas Estratégicos Empresariales de la Maestría en Gerencia de Tecnologías de la Información, se enfoca en la importancia de que las tecnologías de la información (TI) se articulen de forma coherente con la propuesta de valor de un negocio. La propuesta de valor se refiere a la ventaja competitiva que una empresa ofrece a sus clientes y que la distingue de sus competidores.

Según el curso, la propuesta de valor de un negocio se puede caracterizar mediante principios de estrategia, lo que permite elaborar un sistema de actividades que dé una posición sólida a la empresa. En este sistema de actividades, las TI se articulan de forma coherente para favorecer la propuesta de valor identificada.

Para lograr esto, el curso destaca la importancia de conocer los principios detrás de un negocio, la caracterización de la industria que le afecta y cómo las TI pueden ser un recurso que favorezca a la empresa si son manejadas de forma estratégica.

En particular, el curso enfatiza la importancia de:

1. Caracterizar las fuerzas competitivas que influyen en los negocios.
2. Reconocer los principios que definen un sistema de actividades único que responda a la propuesta de valor del negocio.
3. Investigar sobre los",17.03,Sistemas Estratégicos Empresariales,MC1101,
llama3.1-8b-f16,open_ended,¿Qué tipos de sistemas de información se estudian como referentes de manejo interno y externo?,"En el curso Sistemas Estratégicos Empresariales de la Maestría en Gerencia de Tecnologías de la Información, ¿Qué tipos de sistemas de información se estudian como referentes de manejo interno y externo?

Da una respuesta completa y explicativa.","Los sistemas ERP, CRM y SCM.","En el curso Sistemas Estratégicos Empresariales de la Maestría en Gerencia de Tecnologías de la Información, se estudian varios tipos de sistemas de información como referentes de manejo interno y externo. Algunos de los sistemas de información mencionados en el curso son:

* Sistemas de planificación de recursos (ERP por sus siglas en inglés): estos sistemas se utilizan para gestionar y coordinar las operaciones de una empresa, incluyendo la gestión de inventarios, la gestión de pedidos y la gestión de la cadena de suministro.
* Administradores de relaciones con el cliente (CRM): estos sistemas se utilizan para gestionar y analizar las relaciones con los clientes, incluyendo la gestión de contactos, la gestión de pedidos y la gestión de la satisfacción del cliente.
* Administradores de la cadena de suministro (SCM): estos sistemas se utilizan para gestionar y coordinar la cadena de suministro de una empresa, incluyendo la gestión de inventarios, la gestión de pedidos y la gestión de la logística.
* Sistemas de administración del conocimiento: estos sistemas se utilizan para gestionar y compartir el conocimiento dentro de una empresa, incluyendo la gestión de la documentación, la gestión de la información y la gestión de la colaboración.

Est",16.94,Sistemas Estratégicos Empresariales,MC1101,
llama3.1-8b-f16,open_ended,¿Qué fuerzas competitivas influyen en la dinámica de una industria según Michael Porter?,"En el curso Sistemas Estratégicos Empresariales de la Maestría en Gerencia de Tecnologías de la Información, ¿Qué fuerzas competitivas influyen en la dinámica de una industria según Michael Porter?

Da una respuesta completa y explicativa.","La amenaza de nuevos entrantes, el poder de compradores y proveedores, los sustitutos y la rivalidad entre competidores.","Según Michael Porter, las fuerzas competitivas que influyen en la dinámica de una industria son cinco:

1. **La amenaza de nuevos entrantes**: La capacidad de nuevos competidores para entrar en el mercado y desplazar a los existentes.
2. **El poder de los compradores**: La capacidad de los compradores de presionar a los vendedores para obtener mejores precios o condiciones.
3. **El poder de los proveedores**: La capacidad de los proveedores de presionar a los compradores para obtener mejores precios o condiciones.
4. **La amenaza de sustitutos**: La capacidad de los consumidores de reemplazar el producto o servicio de una empresa con otro similar.
5. **La competencia entre rivales**: La competencia entre las empresas existentes en el mercado por la misma base de clientes y recursos.

Estas fuerzas competitivas interactúan entre sí y con la estrategia de la empresa para determinar su posición en el mercado y su capacidad para generar ganancias. La comprensión de estas fuerzas es fundamental para desarrollar una estrategia empresarial efectiva y competitiva.",14.66,Sistemas Estratégicos Empresariales,MC1101,
llama3.1-8b-f16,open_ended,¿Qué papel desempeña la investigación en la metodología de enseñanza de este curso?,"En el curso Sistemas Estratégicos Empresariales de la Maestría en Gerencia de Tecnologías de la Información, ¿Qué papel desempeña la investigación en la metodología de enseñanza de este curso?

Da una respuesta completa y explicativa.",Permite al estudiante profundizar en fundamentos y tendencias mediante la creación de un estado del arte de sistemas empresariales.,"En el curso Sistemas Estratégicos Empresariales de la Maestría en Gerencia de Tecnologías de la Información, la investigación desempeña un papel fundamental en la metodología de enseñanza. Según el documento, la estrategia de enseñanza y aprendizaje se orienta en suministrar las bases teóricas y de conocimiento que permitan al estudiante reconocer una problemática asociada con los negocios de una empresa en la perspectiva de su creación, posicionamiento estratégico y capacidad de mantener una ventaja competitiva a partir de una propuesta de valor.

Para lograr esto, el curso se divide metodológicamente en varias actividades, incluyendo exposiciones magistrales del profesor, investigación del estudiante, exposición de casos y aplicación del conocimiento en forma concurrente al caso analizado en el curso de Investigación Aplicada en Sistemas de Información Empresariales.

La investigación del estudiante es un componente clave de la metodología de enseñanza, ya que se espera que los estudiantes profundicen en los conceptos del curso mediante la creación de un estado del arte sobre sistemas empresariales. Esto implica que los estudiantes busquen y sinteticen referencias específicas en cada tipo de sistema, lo que les permite desarrollar habilidades de investigación y análisis crítico.

Además, la investigación del est",17.02,Sistemas Estratégicos Empresariales,MC1101,
llama3.1-8b-f16,open_ended,¿Cómo se vincula el conocimiento teórico con la práctica real en este programa?,"En el curso Sistemas Estratégicos Empresariales de la Maestría en Gerencia de Tecnologías de la Información, ¿Cómo se vincula el conocimiento teórico con la práctica real en este programa?

Da una respuesta completa y explicativa.",A través de una investigación aplicada donde el estudiante enfrenta un problema real de una empresa utilizando los conocimientos adquiridos.,"En el curso Sistemas Estratégicos Empresariales de la Maestría en Gerencia de Tecnologías de la Información, el conocimiento teórico se vincula con la práctica real a través de la metodología de enseñanza y aprendizaje que se emplea. Según el documento, el curso se divide metodológicamente en exposiciones magistrales del profesor, investigación del estudiante, exposición de casos y aplicación del conocimiento en forma concurrente al caso analizado en el curso de Investigación Aplicada en Sistemas de Información Empresariales.

En particular, el curso se enfoca en la caracterización de la industria que afecta a la empresa, la creación de un sistema de actividades que responda a la propuesta de valor del negocio y la incorporación de tecnologías de información de manera estratégica. Los estudiantes deben investigar sobre los fundamentos y tendencias de los sistemas empresariales estratégicos y aplicar con criterio estratégico la incorporación de los sistemas de información empresariales en función de la propuesta de valor y el manejo de las fuerzas competitivas en un negocio.

Además, el curso incluye la realización de casos de estudio, donde los estudiantes deben identificar casos que puedan ser interesantes dentro de la temática del curso y exponerlos al grupo. Esto permite que los estudiantes apliquen los",16.96,Sistemas Estratégicos Empresariales,MC1101,
llama3.1-8b-f16,open_ended,¿Qué modelos complementarios a las fuerzas de Porter se analizan para el uso estratégico de TI?,"En el curso Sistemas Estratégicos Empresariales de la Maestría en Gerencia de Tecnologías de la Información, ¿Qué modelos complementarios a las fuerzas de Porter se analizan para el uso estratégico de TI?

Da una respuesta completa y explicativa.",El modelo basado en recursos (Resource Based View) y la competencia por capacidades.,"En el curso Sistemas Estratégicos Empresariales de la Maestría en Gerencia de Tecnologías de la Información, se analizan modelos complementarios a las fuerzas de Porter para el uso estratégico de TI, específicamente los modelos de Resource Based View (RBV) y Competencia por Capacidades.

El modelo de Resource Based View (RBV) se enfoca en la idea de que las organizaciones poseen recursos y capacidades que les permiten crear ventajas competitivas sostenibles. En el contexto de la TI, el RBV se refiere a la capacidad de las organizaciones para utilizar tecnologías de información de manera efectiva para crear valor y diferenciarse de la competencia.

Por otro lado, el modelo de Competencia por Capacidades se enfoca en la idea de que las organizaciones compiten en función de sus capacidades y habilidades, más que en función de sus recursos. En el contexto de la TI, el modelo de Competencia por Capacidades se refiere a la capacidad de las organizaciones para desarrollar y utilizar tecnologías de información de manera efectiva para crear valor y diferenciarse de la competencia.

Ambos modelos complementan las fuerzas de Porter al proporcionar una visión más amplia y compleja de la competencia en el mercado. Mientras que las fuerzas de Porter se enfocan en las fuerzas externas que afectan a la compet",17.04,Sistemas Estratégicos Empresariales,MC1101,
llama3.1-8b-f16,open_ended,¿Qué elementos componen el enfoque integrado del proceso de gestión de TI?,"En el curso Gerencia de Tecnología de Información de la Maestría en Gerencia de Tecnologías de la Información, ¿Qué elementos componen el enfoque integrado del proceso de gestión de TI?

Da una respuesta completa y explicativa.","La combinación de cuatro factores clave: personas, procesos, herramientas y proveedores.","Según el documento MC1103-Gerencia de tecnología de información, el enfoque integrado del proceso de gestión de TI se basa en la combinación de cuatro elementos clave: personas, procesos, herramientas y proveedores. Esto permite a los estudiantes comprender el proceso de gestión de TI como una combinación de estos elementos, lo que les permite desarrollar habilidades para liderar departamentos o áreas de TI de manera efectiva.",8.64,Gerencia de Tecnología de Información,MC1103,
llama3.1-8b-f16,open_ended,¿Cuáles son los equilibrios críticos que un líder de TI debe buscar permanentemente?,"En el curso Gerencia de Tecnología de Información de la Maestría en Gerencia de Tecnologías de la Información, ¿Cuáles son los equilibrios críticos que un líder de TI debe buscar permanentemente?

Da una respuesta completa y explicativa.","El balance entre innovación y gestión de riesgos, y entre ser agente de cambio y mantener la operación impecable.","En el curso Gerencia de Tecnología de Información de la Maestría en Gerencia de Tecnologías de la Información, un líder de TI debe buscar permanentemente equilibrios críticos entre fuerzas en principio opuestas. Algunos de estos equilibrios son:

1. Innovar vs. gestionar riesgos: Un líder de TI debe encontrar un equilibrio entre innovar y mejorar la tecnología de la organización, y gestionar los riesgos asociados con la implementación de nuevas tecnologías.
2. Ser agente de cambio vs. mantener la operación: Un líder de TI debe equilibrar la necesidad de implementar cambios y mejorar la tecnología con la necesidad de mantener la operación de los sistemas existentes de manera impecable.
3. Promover la incorporación de nuevas tecnologías vs. reducir costos: Un líder de TI debe encontrar un equilibrio entre promover la incorporación de nuevas tecnologías y reducir costos, ya que la implementación de nuevas tecnologías puede ser costosa.
4. Innovar vs. mantener la estabilidad: Un líder de TI debe equilibrar la necesidad de innovar y mejorar la tecnología con la necesidad de mantener la estabilidad y la confiabilidad de los sistemas existentes.
5. Ser flexible vs. establecer procesos: Un líder de TI debe encontrar un equilibrio",17.0,Gerencia de Tecnología de Información,MC1103,
llama3.1-8b-f16,open_ended,¿Qué diferencia establece el curso entre administración y gobernanza de TI?,"En el curso Gerencia de Tecnología de Información de la Maestría en Gerencia de Tecnologías de la Información, ¿Qué diferencia establece el curso entre administración y gobernanza de TI?

Da una respuesta completa y explicativa.","Se analizan como conceptos distintos, estudiando la gobernanza a través de arquetipos y mecanismos de la matriz de Weill.","Según el documento MC1103-Gerencia de tecnología de información, el curso establece una diferencia clara entre administración y gobernanza de TI. La administración de TI se refiere a la gestión de los recursos y procesos de TI para lograr los objetivos de la organización, mientras que la gobernanza de TI se refiere a la definición de políticas, procedimientos y estándares para la gestión de TI, con el fin de asegurar que la administración de TI se realice de manera efectiva y eficiente.

En otras palabras, la administración de TI se enfoca en la gestión diaria de los recursos y procesos de TI, mientras que la gobernanza de TI se enfoca en la definición de la estrategia y la dirección de la gestión de TI. El curso destaca la importancia de la gobernanza de TI para asegurar que la administración de TI se realice de manera efectiva y eficiente, y que se alinee con los objetivos y estrategias de la organización.

Además, el curso menciona que la gobernanza de TI es diferente a la administración de TI, ya que se enfoca en la definición de políticas, procedimientos y estándares para la gestión de TI, en lugar de enfocarse en la gestión diaria de los recursos y proces",16.94,Gerencia de Tecnología de Información,MC1103,
llama3.1-8b-f16,open_ended,¿Qué modelos de tercerización de servicios se introducen en el contenido?,"En el curso Gerencia de Tecnología de Información de la Maestría en Gerencia de Tecnologías de la Información, ¿Qué modelos de tercerización de servicios se introducen en el contenido?

Da una respuesta completa y explicativa.","SaaS, IaaS y PaaS, junto con los factores críticos de éxito para su gestión.","En el curso Gerencia de Tecnología de Información de la Maestría en Gerencia de Tecnologías de la Información, se introducen los siguientes modelos de tercerización de servicios de TI:

* El espectro centralización-descentralización
* Ubicación del área de TI dentro de la estructura organizacional de la empresa
* Etapas de desarrollo organizacional
* Organización interna de TI (departamentalización)
* Diseño organizacional
* Mecanismos de integración
* Estructura de organización lógica para un proveedor de servicios de TI
* Concepto de TI liviano
* Introducción a los modelos de tercerización de servicios de TI
* Roles principales en las áreas de TI
* Modelo RACI o matriz de autoridad

Además, se mencionan algunos modelos específicos de tercerización de servicios de TI, como:

* El modelo de tercerización de servicios de TI de Al Kluebler
* El modelo de tercerización de servicios de TI de Martha Heller
* El modelo de tercerización de servicios de TI de Scott Proctor
* El modelo de tercerización de servicios de TI de Dyche

Es importante destacar que la tercerización de servicios de TI es un tema importante en la gerencia de tecnología de información, ya que permite a las organizaciones externalizar ciertas funciones y procesos para mejorar la eficiencia y la calidad de los servicios",17.79,Gerencia de Tecnología de Información,MC1103,
llama3.1-8b-f16,open_ended,¿Cómo se utiliza la metodología de casos para fomentar el aprendizaje socio-constructivista?,"En el curso Gerencia de Tecnología de Información de la Maestría en Gerencia de Tecnologías de la Información, ¿Cómo se utiliza la metodología de casos para fomentar el aprendizaje socio-constructivista?

Da una respuesta completa y explicativa.","Mediante estudio individual, análisis grupal y sesiones plenarias de discusión sobre casos comprensivos.","En el curso Gerencia de Tecnología de Información de la Maestría en Gerencia de Tecnologías de la Información, la metodología de casos se utiliza para fomentar el aprendizaje socio-constructivista de los estudiantes. Según el documento, la metodología de casos se utiliza para propiciar un enfoque socio-constructivista, donde el estudiante debe hacer un estudio individual, luego se realiza un análisis del caso en grupos y finalmente se realiza una sesión plenaria para discusión del caso.

La metodología de casos se utiliza para que los estudiantes puedan aplicar los conceptos teóricos aprendidos en el curso a situaciones reales y complejas, lo que les permite desarrollar habilidades de pensamiento crítico y resolución de problemas. Al analizar casos reales, los estudiantes pueden identificar patrones, relaciones y soluciones efectivas, lo que les permite aprender de la experiencia de otros y desarrollar su propio conocimiento y comprensión.

La utilización de la metodología de casos en el curso Gerencia de Tecnología de Información se alinea con los objetivos del curso, que incluyen desarrollar la capacidad para aplicar distintas propuestas, modelos y marcos de referencia para la gestión de tecnología de información. Al utilizar la metodología de casos, los estudiantes pueden desarrollar habilidades prácticas y aplicar los conceptos te",17.1,Gerencia de Tecnología de Información,MC1103,
llama3.1-8b-f16,open_ended,¿Qué herramientas pedagógicas deben elaborar los estudiantes para demostrar la asimilación semanal de la teoría?,"En el curso Gerencia de Tecnología de Información de la Maestría en Gerencia de Tecnologías de la Información, ¿Qué herramientas pedagógicas deben elaborar los estudiantes para demostrar la asimilación semanal de la teoría?

Da una respuesta completa y explicativa.","Mapas mentales, conceptuales, infografías o cuadros sinópticos basados en la bibliografía.","Según el documento MC1103-Gerencia de tecnología de información, la metodología de enseñanza y aprendizaje en este curso comprende diferentes actividades que están estrechamente relacionadas. Para propiciar un aprendizaje significativo, se asigna a los estudiantes, de preferencia en forma semanal, el estudio de capítulos de los libros incluidos en la bibliografía donde se explican las propuestas para la gestión de TI. Se les solicita a los estudiantes que basados en estas referencias elaboren mapas mentales, mapas conceptuales, esquemas de ideas, infografías o cuadros sinópticos.

Además, el profesor realiza presentaciones donde profundiza en las propuestas de gestión de TI y realiza un análisis comparativo de las mismas. Para propiciar un enfoque socio-constructivista, se utiliza la metodología de casos, donde primeramente el estudiante debe hacer un estudio individual, luego se realiza un análisis del caso en grupos y finalmente se realiza una sesión plenaria para discusión del caso.

Por lo tanto, los estudiantes deben elaborar los siguientes herramientas pedagógicas para demostrar la asimilación semanal de la teoría:

1. Mapas mentales, mapas conceptuales, esquemas de ideas, infografías o cuadros sinópticos basados en",17.14,Gerencia de Tecnología de Información,MC1103,
llama3.1-8b-f16,open_ended,¿Qué abarca la gestión de recursos financieros invertidos en TI?,"En el curso Administración Financiera de TI de la Maestría en Gerencia de Tecnologías de la Información, ¿Qué abarca la gestión de recursos financieros invertidos en TI?

Da una respuesta completa y explicativa.","La planificación, operación, control, evaluación y toma de decisiones fundamentadas en información financiera.","La gestión de recursos financieros invertidos en TI abarca la entrega de los beneficios acordados a partir de la optimización de los recursos asignados y la gestión de los riesgos inherentes a las inversiones en proyectos y servicios de tecnología de información. Esto implica considerar aspectos como la planificación, operación, control, evaluación y toma de decisiones fundamentadas en información financiera. El curso de Administración Financiera de TI busca desarrollar los elementos teóricos fundamentales que respaldan la administración financiera de las tecnologías de información en las organizaciones, permitiendo la entrega de los beneficios acordados a partir de la optimización de los recursos asignados y la gestión de los riesgos inherentes a las inversiones en proyectos y servicios de tecnología de información.",12.01,Administración Financiera de TI,MC1201,
llama3.1-8b-f16,open_ended,¿Cuál es el objetivo final de aplicar finanzas a los proyectos y servicios de TI?,"En el curso Administración Financiera de TI de la Maestría en Gerencia de Tecnologías de la Información, ¿Cuál es el objetivo final de aplicar finanzas a los proyectos y servicios de TI?

Da una respuesta completa y explicativa.",Optimizar los recursos asignados y gestionar los riesgos inherentes a las inversiones tecnológicas.,El objetivo final de aplicar finanzas a los proyectos y servicios de TI en el curso Administración Financiera de TI de la Maestría en Gerencia de Tecnologías de la Información es lograr la entrega de los beneficios acordados a partir de la optimización de los recursos asignados y la gestión de los riesgos inherentes a las inversiones en proyectos y servicios de tecnología de información. Esto implica que el estudiante debe ser capaz de aplicar los conceptos de administración financiera de tecnología de información para tomar decisiones fundamentadas en información financiera y asegurar la rentabilidad y eficiencia de los proyectos y servicios de TI.,10.62,Administración Financiera de TI,MC1201,
llama3.1-8b-f16,open_ended,¿Qué áreas de la contabilidad se estudian para respaldar la operación técnica?,"En el curso Administración Financiera de TI de la Maestría en Gerencia de Tecnologías de la Información, ¿Qué áreas de la contabilidad se estudian para respaldar la operación técnica?

Da una respuesta completa y explicativa.","Contabilidad financiera (activos, pasivos, capital), análisis financiero (razones financieras) y contabilidad de costos.","En el curso Administración Financiera de TI de la Maestría en Gerencia de Tecnologías de la Información, se estudian varias áreas de la contabilidad para respaldar la operación técnica, incluyendo:

1. Contabilidad financiera: Se estudian conceptos básicos de contabilidad, como el sistema contable, el ciclo contable, activos, pasivos, capital, ingresos y gastos. También se analiza la contabilidad financiera de la operación de tecnología de información.
2. Análisis financiero: Se estudian las bases del análisis financiero, como el análisis porcentual de estados financieros y el análisis de las principales razones financieras. También se analiza el análisis financiero de la operación de tecnología de información.
3. Contabilidad de costos: Se estudian conceptos introductorios a la contabilidad de costos, como el sistema de costeo para productos y servicios, y se analiza el sistema de costeo para la operación de tecnología de información.
4. Presupuestos: Se estudian conceptos introductorios al presupuesto, como las metodologías para la elaboración de presupuestos, y se analiza el presupuesto para la operación de tecnología de información.
5. Formulación y evaluación financiera de proyectos: Se estudian la formulación de proyectos, la evaluación",17.0,Administración Financiera de TI,MC1201,
llama3.1-8b-f16,open_ended,¿Cómo se integra el presupuesto en la administración de la función de información?,"En el curso Administración Financiera de TI de la Maestría en Gerencia de Tecnologías de la Información, ¿Cómo se integra el presupuesto en la administración de la función de información?

Da una respuesta completa y explicativa.",Mediante el estudio de metodologías de elaboración presupuestaria específicas para la operación de TI.,"En el curso Administración Financiera de TI de la Maestría en Gerencia de Tecnologías de la Información, el presupuesto es un tema clave en la administración de la función de información. Según el contenido del curso, el presupuesto es un concepto introductorio que se estudia en el tema ""Presupuestos"".

En este tema, se presentan las metodologías para la elaboración de presupuestos, y se enfoca en la aplicación de presupuestos para la operación de tecnología de información. El objetivo es que los estudiantes puedan comprender y aplicar los conceptos de presupuesto en la administración de la función de información.

La integración del presupuesto en la administración de la función de información se logra a través de la planificación, operación, control, evaluación y toma de decisiones fundamentadas en información financiera. El presupuesto se utiliza para:

* Establecer objetivos y metas financieras para la función de información
* Identificar y asignar recursos financieros para la implementación de proyectos y servicios de tecnología de información
* Controlar y evaluar el desempeño financiero de la función de información
* Tomar decisiones informadas sobre la asignación de recursos y la priorización de proyectos

En resumen, el presupuesto es un herramienta fundamental en la administración de la función de información, y su integración en el",16.96,Administración Financiera de TI,MC1201,
llama3.1-8b-f16,open_ended,¿Qué estándares internacionales se referencian para la gestión de costos?,"En el curso Administración Financiera de TI de la Maestría en Gerencia de Tecnologías de la Información, ¿Qué estándares internacionales se referencian para la gestión de costos?

Da una respuesta completa y explicativa.",El dominio APO06 de COBIT 5.0 y los procesos de estrategia de servicios de ITIL 2011.,"Según el documento MC1201-Administración financiera de tecnología de información, los estándares internacionales referenciados para la gestión de costos son:

* Objetivos de Control de Tecnología de Información (COBIT 5.0), APO06: Gestionar el presupuesto y los costos de tecnología de información.
* Information Technology Infrastructure Library (ITIL 2011), Procesos de servicios de estrategia, administración financiera para servicios de tecnología de información.

Estos estándares internacionales proporcionan marcos de referencia para la gestión de costos en tecnología de información, ayudando a las organizaciones a establecer políticas y procedimientos efectivos para la gestión de costos y presupuestos.",11.45,Administración Financiera de TI,MC1201,
llama3.1-8b-f16,open_ended,¿En qué tipo de actividades se concentra la evaluación del curso?,"En el curso Administración Financiera de TI de la Maestría en Gerencia de Tecnologías de la Información, ¿En qué tipo de actividades se concentra la evaluación del curso?

Da una respuesta completa y explicativa.","En exámenes parciales, investigación bibliográfica, comprobaciones de lectura y trabajo en clase.","La evaluación del curso Administración Financiera de TI de la Maestría en Gerencia de Tecnologías de la Información se concentra en actividades específicas como las mencionadas en la metodología de enseñanza y aprendizaje. Algunas de estas actividades incluyen:

* Investigación práctica aplicada 1 y 2, que representan el 50% de la evaluación total.
* Trabajo en clase, que incluye tareas cortas y trabajos en clase, que representan el 40% de la evaluación total.
* Examen parcial 1 y 2, que representan el 25% de la evaluación total.
* Comprobación de lectura, que representa el 15% de la evaluación total.
* Trabajo en clase, que incluye tareas cortas y trabajos en clase, que representan el 15% de la evaluación total.

En resumen, la evaluación del curso se concentra en la realización de investigaciones prácticas, trabajos en clase, exámenes parciales y comprobación de lectura, con un enfoque en la aplicación práctica de los conceptos teóricos aprendidos en el curso.",15.55,Administración Financiera de TI,MC1201,
llama3.1-8b-f16,open_ended,¿Por qué la gestión de proyectos es una competencia indispensable para un gerente de TI?,"En el curso Administración y Estrategia de Proyectos I de la Maestría en Gerencia de Tecnologías de la Información, ¿Por qué la gestión de proyectos es una competencia indispensable para un gerente de TI?

Da una respuesta completa y explicativa.",Porque las transformaciones modernas de las organizaciones se ejecutan a través de proyectos tecnológicos exitosos.,"La gestión de proyectos es una competencia indispensable para un gerente de TI porque las tecnologías de información son uno de los motores transformadores de las organizaciones modernas y se logran por medio de la realización de proyectos exitosos. La gestión estratégica de las iniciativas tecnológicas es fundamental para que los gerentes de TI puedan interpretar correctamente las estrategias de negocios y cómo se implementan estas por medio de la gestión de proyectos. En este curso, se analizan los componentes estratégicos de la gestión de proyectos, los marcos de trabajo más utilizados, el análisis de factibilidad, el desarrollo de las condiciones de inicio de los proyectos, las fases iniciales de los proyectos y las áreas de alcances, calidad y costos en la planificación de los proyectos. El objetivo es que los estudiantes desarrollen la capacidad para comprender la relevancia estratégica de los proyectos y adquirir los conocimientos que demanda una gestión orientada a la generación de valor para las organizaciones.",13.91,Administración y Estrategia de Proyectos I,MC1203,
llama3.1-8b-f16,open_ended,¿Qué componentes estratégicos se analizan en las fases iniciales de un proyecto?,"En el curso Administración y Estrategia de Proyectos I de la Maestría en Gerencia de Tecnologías de la Información, ¿Qué componentes estratégicos se analizan en las fases iniciales de un proyecto?

Da una respuesta completa y explicativa.","El análisis de factibilidad, las condiciones de inicio y la planificación de alcance, calidad y costos.","En el curso Administración y Estrategia de Proyectos I de la Maestría en Gerencia de Tecnologías de la Información, se analizan los componentes estratégicos de la gestión de proyectos en las fases iniciales de un proyecto. Algunos de los componentes estratégicos que se consideran en este curso son:

1. **Análisis del entorno organizacional**: Se estudia cómo el proyecto se relaciona con el entorno organizacional y cómo se puede influir en la estrategia del proyecto.
2. **Gestión de portafolios y programas**: Se analiza cómo se pueden gestionar múltiples proyectos y programas para lograr objetivos estratégicos.
3. **La oficina de proyectos y su papel en las organizaciones proyectizadas**: Se estudia cómo la oficina de proyectos puede apoyar la gestión de proyectos y cómo se puede integrar en la estructura organizacional.
4. **Visión procesal de la gestión de proyectos**: Se analiza cómo se pueden gestionar los procesos y actividades del proyecto para lograr objetivos estratégicos.
5. **Procesos de gestión de proyectos y su relación con los procesos ingenieriles**: Se estudia cómo se pueden gestionar los procesos del proyecto y cómo se relacionan con los procesos ingenieriles.
6. **Formulación de proyectos**: Se",16.97,Administración y Estrategia de Proyectos I,MC1203,
llama3.1-8b-f16,open_ended,¿Cómo ha evolucionado la orientación de la gestión de proyectos según el curso?,"En el curso Administración y Estrategia de Proyectos I de la Maestría en Gerencia de Tecnologías de la Información, ¿Cómo ha evolucionado la orientación de la gestión de proyectos según el curso?

Da una respuesta completa y explicativa.",Ha pasado de una orientación basada exclusivamente en planes hacia una orientación ágil.,"Según el documento del curso Administración y Estrategia de Proyectos I de la Maestría en Gerencia de Tecnologías de la Información, la orientación de la gestión de proyectos ha evolucionado de la orientación a planes hacia la orientación ágil.

En el pasado, la gestión de proyectos se enfocaba en la planificación y el control de los proyectos, con un enfoque en la creación de planes detallados y la supervisión de su ejecución. Sin embargo, con el avance de la tecnología y la complejidad de los proyectos, se ha vuelto necesario adaptarse a un entorno en constante cambio y a la necesidad de ser más ágiles y flexibles.

La orientación ágil en la gestión de proyectos se enfoca en la flexibilidad y la adaptabilidad, permitiendo que los proyectos se ajusten a los cambios y las nuevas necesidades. Esto se logra a través de la utilización de metodologías ágiles, como Scrum o Kanban, que permiten la colaboración y la comunicación entre los miembros del equipo y la entrega de valor en forma de incrementos de valor.

En el curso, se menciona que la orientación ágil en la gestión de proyectos es una tendencia actual y que es importante que los gerentes de proyectos estén preparados para adaptarse a este nuevo enfoque. Se enf",17.07,Administración y Estrategia de Proyectos I,MC1203,
llama3.1-8b-f16,open_ended,¿Qué papel desempeña la Oficina de Proyectos (PMO) en las organizaciones modernas?,"En el curso Administración y Estrategia de Proyectos I de la Maestría en Gerencia de Tecnologías de la Información, ¿Qué papel desempeña la Oficina de Proyectos (PMO) en las organizaciones modernas?

Da una respuesta completa y explicativa.",Actúa como soporte estratégico para la gestión de portafolios y programas bajo modelos como OPM3.,"La Oficina de Proyectos (PMO) es un departamento o unidad dentro de una organización que se encarga de la planificación, ejecución y control de los proyectos. En el contexto de la Administración y Estrategia de Proyectos I de la Maestría en Gerencia de Tecnologías de la Información, la PMO desempeña un papel fundamental en la gestión de proyectos de tecnología de la información.

La PMO es responsable de:

1. Establecer y mantener un enfoque estratégico para la gestión de proyectos, alineado con los objetivos y metas de la organización.
2. Desarrollar y implementar procesos y procedimientos para la planificación, ejecución y control de proyectos.
3. Proporcionar apoyo y recursos a los equipos de proyectos para asegurar su éxito.
4. Monitorear y controlar el progreso de los proyectos, identificando y mitigando riesgos y problemas.
5. Proporcionar informes y análisis a los gerentes y líderes de la organización sobre el estado de los proyectos.
6. Asegurar la calidad y la integridad de los proyectos, garantizando que se cumplan los estándares y regulaciones aplicables.
7. Desarrollar y mantener un portafolio de proyectos, asegurando que se alineen con los objetivos y metas de",17.07,Administración y Estrategia de Proyectos I,MC1203,
llama3.1-8b-f16,open_ended,¿En qué consiste el proceso de formulación de un caso de negocio efectivo?,"En el curso Administración y Estrategia de Proyectos I de la Maestría en Gerencia de Tecnologías de la Información, ¿En qué consiste el proceso de formulación de un caso de negocio efectivo?

Da una respuesta completa y explicativa.",En el desarrollo de herramientas y dimensiones de decisión para presentar resultados sólidos de una idea de proyecto.,"El proceso de formulación de un caso de negocio efectivo en el curso Administración y Estrategia de Proyectos I de la Maestría en Gerencia de Tecnologías de la Información consiste en varias etapas que se deben seguir para desarrollar un caso de negocio sólido y atractivo. A continuación, se presentan los pasos clave para formular un caso de negocio efectivo:

1. **Definir el problema o oportunidad**: Identificar el problema o oportunidad que se busca resolver o aprovechar. Esto debe ser claro y conciso, y debe estar relacionado con la misión y visión de la organización.
2. **Investigar y analizar**: Realizar una investigación y análisis exhaustivo del problema o oportunidad para entender sus causas, consecuencias y posibles soluciones.
3. **Definir el objetivo**: Establecer un objetivo claro y específico para el caso de negocio, que debe ser medible, alcanzable, relevante y tiempo-definido (SMART).
4. **Identificar las partes interesadas**: Identificar a las partes interesadas que están involucradas en el caso de negocio, incluyendo a los stakeholders, los clientes, los proveedores y los empleados.
5. **Desarrollar la propuesta de valor**: Desarrollar una propuesta de valor clara y convincente que resuma los benef",16.93,Administración y Estrategia de Proyectos I,MC1203,
llama3.1-8b-f16,open_ended,¿Qué dilemas se presentan comúnmente en la gestión de la calidad de proyectos de TI?,"En el curso Administración y Estrategia de Proyectos I de la Maestría en Gerencia de Tecnologías de la Información, ¿Qué dilemas se presentan comúnmente en la gestión de la calidad de proyectos de TI?

Da una respuesta completa y explicativa.",La aplicación del concepto de deuda técnica y el equilibrio entre procesos de gestión e ingeniería.,"En el curso Administración y Estrategia de Proyectos I de la Maestría en Gerencia de Tecnologías de la Información, se presentan varios dilemas comunes en la gestión de la calidad de proyectos de TI. Algunos de ellos son:

1. **Dilema entre la calidad y el plazo**: Los proyectos de TI suelen tener plazos de entrega muy ajustados, lo que puede llevar a comprometer la calidad del trabajo para cumplir con los plazos. Esto puede generar conflictos entre los gerentes de proyectos, que deben equilibrar la necesidad de cumplir con los plazos con la necesidad de asegurar la calidad del trabajo.

2. **Dilema entre la calidad y el presupuesto**: Los proyectos de TI suelen tener presupuestos limitados, lo que puede llevar a comprometer la calidad del trabajo para cumplir con el presupuesto. Esto puede generar conflictos entre los gerentes de proyectos, que deben equilibrar la necesidad de cumplir con el presupuesto con la necesidad de asegurar la calidad del trabajo.

3. **Dilema entre la calidad y la innovación**: Los proyectos de TI suelen requerir la implementación de nuevas tecnologías y soluciones, lo que puede llevar a comprometer la calidad del trabajo para innovar y mejorar la eficiencia. Esto puede generar conflictos entre los gerentes de proyectos,",17.03,Administración y Estrategia de Proyectos I,MC1203,
llama3.1-8b-f16,open_ended,¿Qué elementos integran el marco filosófico de un negocio necesario para la planificación?,"En el curso Planificación Estratégica de TI de la Maestría en Gerencia de Tecnologías de la Información, ¿Qué elementos integran el marco filosófico de un negocio necesario para la planificación?

Da una respuesta completa y explicativa.","Análisis FODA, misión, visión, valores, objetivos, estrategias, políticas y metas.","Según el documento MC2301-Planificación Estratégica de Tecnología de Información, el marco filosófico de un negocio necesario para la planificación estratégica de TI incluye los siguientes elementos:

1. Análisis FODA (Fortalezas, Debilidades, Oportunidades y Amenazas): Este análisis ayuda a identificar las fortalezas y debilidades internas del negocio, así como las oportunidades y amenazas externas que pueden afectar la organización.
2. Misión: La misión define el propósito y la dirección del negocio, y es fundamental para la planificación estratégica de TI.
3. Visión: La visión describe el futuro que se quiere lograr y es un elemento clave para la planificación estratégica de TI.
4. Valores: Los valores definen la cultura y la identidad de la organización y son fundamentales para la planificación estratégica de TI.
5. Objetivos: Los objetivos son específicos, medibles, alcanzables, relevantes y temporales (SMART) y se alinean con la misión y visión de la organización.
6. Estrategias: Las estrategias son planes de acción que se implementan para lograr los objetivos y se alinean con la misión y visión de la organización.
7. Políticas: Las polít",17.06,Planificación Estratégica de TI,MC2301,
llama3.1-8b-f16,open_ended,¿Qué factores se consideran para derivar el plan de información desde el modelo de negocio?,"En el curso Planificación Estratégica de TI de la Maestría en Gerencia de Tecnologías de la Información, ¿Qué factores se consideran para derivar el plan de información desde el modelo de negocio?

Da una respuesta completa y explicativa.","Tendencias tecnológicas, procesos de negocio, arquitectura de aplicaciones y proyección de inversión.","Según el documento del curso Planificación Estratégica de TI de la Maestría en Gerencia de Tecnologías de la Información, para derivar el plan de información desde el modelo de negocio se consideran varios factores, entre ellos:

1. Tendencias de la tecnología de Información: Se analiza la evolución de las tecnologías de información y su impacto en la organización.
2. Principios básicos de operación: Se consideran los principios básicos que guían la operación de la organización y cómo se pueden apoyar con la tecnología.
3. Procesos de negocio: Se analiza cómo se realizan los procesos de negocio y cómo se pueden mejorar con la tecnología.
4. Arquitectura tecnológica: Se considera la arquitectura tecnológica actual y cómo se puede mejorar para apoyar los procesos de negocio.
5. Portafolio de aplicaciones: Se analiza el portafolio de aplicaciones existentes y cómo se pueden mejorar o reemplazar con nuevas tecnologías.
6. Modelo organizativo: Se considera el modelo organizativo actual y cómo se puede mejorar para apoyar la toma de decisiones y la gestión de la información.
7. Análisis de riesgo: Se identifican los riesgos asociados con la implementación de la tecnología y se desarrollan estrategias",16.95,Planificación Estratégica de TI,MC2301,
llama3.1-8b-f16,open_ended,¿Qué capacidad específica adquiere el estudiante al finalizar este programa?,"En el curso Planificación Estratégica de TI de la Maestría en Gerencia de Tecnologías de la Información, ¿Qué capacidad específica adquiere el estudiante al finalizar este programa?

Da una respuesta completa y explicativa.",La capacidad de desarrollar un plan estratégico de TI basado en lineamientos del negocio y mecanismos de priorización.,"Al finalizar el curso de Planificación Estratégica de TI de la Maestría en Gerencia de Tecnologías de la Información, el estudiante adquiere la capacidad de desarrollar un plan estratégico de TI a partir de las bases técnicas derivadas de los lineamientos estratégicos del negocio, las tendencias de tecnología de Información, el modelo organizacional, los factores críticos de éxito, los procesos de negocio, mecanismos de priorización y la definición de un presupuesto.",9.4,Planificación Estratégica de TI,MC2301,
llama3.1-8b-f16,open_ended,¿Cómo se define el liderazgo y la administración desde la perspectiva del CIO?,"En el curso Planificación Estratégica de TI de la Maestría en Gerencia de Tecnologías de la Información, ¿Cómo se define el liderazgo y la administración desde la perspectiva del CIO?

Da una respuesta completa y explicativa.",Se analiza como la gestión de expectativas para lograr una empresa habilitada por TI bajo un gobierno sólido.,"Según el documento MC2301-Planificación Estratégica de Tecnología de la Información, el liderazgo y la administración desde la perspectiva del CIO se definen en el tema ""Liderazgo y Administración desde la perspectiva del CIO"" como:

""El liderazgo y la administración desde la perspectiva del CIO se refiere a la capacidad del director de tecnología de información para liderar y administrar la función de tecnología de la información de la organización, tomando decisiones estratégicas y tácticas para asegurar que la tecnología de la información se alinee con los objetivos y estrategias de la organización. El CIO debe tener una visión clara de la función de tecnología de la información y ser capaz de comunicarla de manera efectiva a los stakeholders de la organización. También debe ser capaz de gestionar los recursos y la infraestructura de tecnología de la información de manera eficiente y efectiva, y asegurarse de que la organización esté preparada para las oportunidades y desafíos del futuro.""

En este sentido, el liderazgo y la administración desde la perspectiva del CIO se enfoca en la capacidad de liderar y administrar la función de tecnología de la información de manera estratégica y efectiva, asegurando que la tecnología de la información",17.07,Planificación Estratégica de TI,MC2301,
llama3.1-8b-f16,open_ended,¿Cómo se aborda el diagnóstico de la situación actual de TI?,"En el curso Planificación Estratégica de TI de la Maestría en Gerencia de Tecnologías de la Información, ¿Cómo se aborda el diagnóstico de la situación actual de TI?

Da una respuesta completa y explicativa.","Mediante el análisis de brecha, tendencias de organización de la función de TI y análisis de la industria.","En el curso Planificación Estratégica de TI de la Maestría en Gerencia de Tecnologías de la Información, el diagnóstico de la situación actual de TI se aborda a través de varios pasos y actividades. A continuación, se presentan los detalles de cómo se aborda este tema en el curso:

1. **Análisis de la visión del negocio y sus procesos**: En este paso, se analiza la visión del negocio y sus procesos para entender cómo la tecnología de información (TI) se relaciona con los objetivos y estrategias de la organización.
2. **Entendimiento y análisis de la industria y el negocio**: En este paso, se analiza la industria y el negocio para entender las tendencias y desafíos que enfrenta la organización en términos de TI.
3. **Análisis de la función de TI (Diagnóstico de la Función de la Información)**: En este paso, se analiza la función de TI para entender cómo se está utilizando la tecnología para apoyar los procesos y objetivos de la organización.
4. **Tendencias actuales de la organización de la Función de TI**: En este paso, se analiza las tendencias actuales de la organización de la función de TI para entender cómo se está evolucionando la función y cómo se está utilizando la tecn",16.94,Planificación Estratégica de TI,MC2301,
llama3.1-8b-f16,open_ended,¿Bajo qué condiciones específicas un estudiante puede reprobar el curso por asistencia?,"En el curso Planificación Estratégica de TI de la Maestría en Gerencia de Tecnologías de la Información, ¿Bajo qué condiciones específicas un estudiante puede reprobar el curso por asistencia?

Da una respuesta completa y explicativa.",Si acumula 4 faltas de asistencia injustificadas durante el semestre.,"Según el documento MC2301-Planificación Estratégica de Tecnología de Información, el curso se reprueba con 4 faltas de asistencia injustificadas. Además, se establece que los estudiantes tienen 30 minutos después de la hora oficial de entrada para llegar, luego de lo cual se considerará como ausencia. La justificación de ausencias tanto a lecciones como a evaluaciones queda a criterio del profesor.",8.44,Planificación Estratégica de TI,MC2301,
llama3.1-8b-f16,open_ended,¿Cuál es el concepto fundamental que modela este curso por encima de la tecnología física?,"En el curso Teoría de Autómatas de la Maestría en Computación, ¿Cuál es el concepto fundamental que modela este curso por encima de la tecnología física?

Da una respuesta completa y explicativa.","El concepto de cómputo, definido a través de mecanismos abstractos independientes de computadoras específicas.","El concepto fundamental que modela el curso de Teoría de Autómatas de la Maestría en Computación es el de cómputo, no el de computadora. Según el documento, ""Contrario a la creencia popular, el concepto fundamental de las ‘Ciencias de la Computación’ es el de cómputo, no el de computadora. Para modelar este concepto, debemos recurrir a la definición de mecanismos abstractos que capturen la esencia del proceso de cómputo sin apelar por ejemplo a lenguajes de programación o computadoras específicas"".

En otras palabras, el curso se enfoca en entender y modelar el proceso de cómputo de manera abstracta, sin necesidad de referirse a la tecnología física específica que lo implementa. Esto permite a los estudiantes comprender las relaciones entre la computación teórica y la construcción de compiladores, la lingüística computacional, el manejo de bases de datos textuales, y el análisis de complejidad y computabilidad de algoritmos y problemas.",14.6,Teoría de Autómatas,MC6003,
llama3.1-8b-f16,open_ended,¿Cómo se relaciona la computación teórica con la construcción práctica de compiladores?,"En el curso Teoría de Autómatas de la Maestría en Computación, ¿Cómo se relaciona la computación teórica con la construcción práctica de compiladores?

Da una respuesta completa y explicativa.",Brinda los modelos formales necesarios para el reconocimiento y generación de lenguajes formales usados en compilación.,"La computación teórica y la construcción práctica de compiladores están estrechamente relacionadas en el curso Teoría de Autómatas de la Maestría en Computación. La computación teórica se enfoca en el estudio de los modelos formales que subyacen en el análisis y diseño de algoritmos, mientras que la construcción práctica de compiladores implica la aplicación de estos modelos para crear herramientas que traduzcan código fuente en código máquina.

En el curso, se estudian los modelos clásicos de computación abstracta, como los autómatas de estados finitos, las gramáticas regulares y las gramáticas libres de contexto, que son fundamentales para la comprensión de la computación teórica. Estos modelos se utilizan para analizar y diseñar algoritmos, y también se aplican en la construcción de compiladores.

La relación entre la computación teórica y la construcción práctica de compiladores se puede ver en la siguiente forma:

1. **Análisis de lenguajes formales**: La computación teórica estudia los lenguajes formales, que son lenguajes que pueden ser generados y reconocidos por máquinas. Los compiladores necesitan analizar el código fuente para determinar su estructura y sintaxis, lo que requiere la aplicación de conceptos de lengu",16.99,Teoría de Autómatas,MC6003,
llama3.1-8b-f16,open_ended,¿Qué jerarquía se utiliza para clasificar gramáticas según su estructura de frase?,"En el curso Teoría de Autómatas de la Maestría en Computación, ¿Qué jerarquía se utiliza para clasificar gramáticas según su estructura de frase?

Da una respuesta completa y explicativa.",La jerarquía de Chomsky.,"La jerarquía utilizada para clasificar gramáticas según su estructura de frase en el curso Teoría de Autómatas de la Maestría en Computación es la jerarquía de Chomsky. Esta jerarquía clasifica las gramáticas en cuatro categorías según su complejidad:

1. Gramáticas regulares (Type 3): Son las gramáticas más simples y se pueden reconocer mediante un autómata finito.
2. Gramáticas contextuales (Type 2): Son gramáticas que permiten la recursividad en el lado izquierdo de las reglas, pero no en el lado derecho.
3. Gramáticas libres de contexto (Type 1): Son gramáticas que permiten la recursividad en ambos lados de las reglas.
4. Gramáticas no contextuales (Type 0): Son gramáticas que no tienen restricciones en la recursividad y pueden reconocer cualquier lenguaje.

La jerarquía de Chomsky es importante en la teoría de autómatas y lenguajes formales porque permite clasificar las gramáticas según su complejidad y determinar la complejidad del lenguaje que reconocen.",15.22,Teoría de Autómatas,MC6003,
llama3.1-8b-f16,open_ended,¿Qué herramienta matemática se estudia para demostrar que un lenguaje no es regular?,"En el curso Teoría de Autómatas de la Maestría en Computación, ¿Qué herramienta matemática se estudia para demostrar que un lenguaje no es regular?

Da una respuesta completa y explicativa.",El Pumping Lemma.,"La herramienta matemática que se estudia para demostrar que un lenguaje no es regular en el curso Teoría de Autómatas de la Maestría en Computación es el Teorema de la No-regularidad de Rabin y Scott, también conocido como el Teorema de la No-regularidad de Rabin. Este teorema establece que si un lenguaje no puede ser reconocido por un autómata de estados finitos (FA), entonces no es regular.

Sin embargo, en el curso se estudia una herramienta más específica y poderosa para demostrar que un lenguaje no es regular, que es el Teorema de la No-regularidad de Pumping. Este teorema establece que si un lenguaje es regular, entonces existe una longitud mágica (p) tal que para cualquier palabra w en el lenguaje, si la longitud de w es mayor o igual a p, entonces w puede ser dividida en tres partes: x, y, y z, de modo que:

1. x y z son palabras en el lenguaje.
2. y no es vacía.
3. Para cualquier i ≥ 0, la palabra xy^i z también está en el lenguaje.

Si un lenguaje no satisface esta propiedad, entonces se puede demostrar que no es regular utilizando el Teorema de la No-regular",17.09,Teoría de Autómatas,MC6003,
llama3.1-8b-f16,open_ended,¿Qué modelos matemáticos se analizan para el reconocimiento de lenguajes formales?,"En el curso Teoría de Autómatas de la Maestría en Computación, ¿Qué modelos matemáticos se analizan para el reconocimiento de lenguajes formales?

Da una respuesta completa y explicativa.",Desde los autómatas de estados finitos hasta las máquinas de Turing.,"En el curso Teoría de Autómatas de la Maestría en Computación, se analizan modelos matemáticos básicos para el reconocimiento de lenguajes formales, desde los autómatas de estados finitos hasta las máquinas de Turing.",7.19,Teoría de Autómatas,MC6003,
llama3.1-8b-f16,open_ended,¿Qué formación matemática previa se asume en los estudiantes de este curso de postgrado?,"En el curso Teoría de Autómatas de la Maestría en Computación, ¿Qué formación matemática previa se asume en los estudiantes de este curso de postgrado?

Da una respuesta completa y explicativa.",Conocimientos sólidos de matemática discreta adquiridos durante el bachillerato.,"Según el documento del curso Teoría de Autómatas de la Maestría en Computación, se asume que los estudiantes han aprobado a nivel de bachillerato dos o más cursos de matemática discreta, los cuales brindan herramientas para resolver los problemas de teoría de autómatas y lenguajes formales discutidos en clase.",8.06,Teoría de Autómatas,MC6003,
llama3.1-8b-f16,open_ended,¿Qué tipo de material se revisa para estudiar las tendencias actuales de investigación?,"En el curso Sistemas Operativos Avanzados de la Maestría en Computación, ¿Qué tipo de material se revisa para estudiar las tendencias actuales de investigación?

Da una respuesta completa y explicativa.",Diferentes papers y artículos científicos seleccionados por el profesor en lugar de un libro de texto único.,"En el curso Sistemas Operativos Avanzados de la Maestría en Computación, se revisan múltiples papers de investigación tomados de una amplia antología seleccionada por el profesor. Algunos serán explicados en clase de manera explícita, otros serán presentados por estudiantes (ver detalles más adelante), y otros deberán ser leídos y estudiados en forma individual. En cualquier caso, se espera que los estudiantes obtengan un sólido entendimiento del problema estudiado y de la solución propuesta por los autores.",9.74,Sistemas Operativos Avanzados,MC6004,
llama3.1-8b-f16,open_ended,¿Qué requisitos de calidad deben cumplir los apuntes oficiales realizados por los estudiantes?,"En el curso Sistemas Operativos Avanzados de la Maestría en Computación, ¿Qué requisitos de calidad deben cumplir los apuntes oficiales realizados por los estudiantes?

Da una respuesta completa y explicativa.","Deben ser reportes detallados con imágenes, gráficos y datos adicionales, evitando ser simples resúmenes ejecutivos.","Según el documento MC-6004-Sistemas Operativos Avanzados, los apuntes oficiales realizados por los estudiantes deben cumplir con los siguientes requisitos de calidad:

1. Ser detallados y enriquecidos con portada, tabla de contenido, imágenes, gráficos, datos adicionales, etc.
2. Ser presentados en un archivo PDF con un nombre específico (SOA16mmdd-k.pdf, donde mm es el mes y dd la fecha del día, y k un número secuencial para distinguir entre los apuntes de la misma clase).
3. Ser debidamente identificados para saber quién fue la persona que los hizo.
4. No ser transcripciones o un montón de fotografías, sino un resumen ejecutivo del material de la clase.
5. Ser presentados en el foro del curso, bajo el thread de “Apuntes”, antes de cinco días de la siguiente lección.

En resumen, los apuntes oficiales deben ser detallados, enriquecidos y presentados de manera clara y organizada, con un nombre específico y debidamente identificados.",14.81,Sistemas Operativos Avanzados,MC6004,
llama3.1-8b-f16,open_ended,¿Qué cinco preguntas clave deben responderse al entregar los resúmenes de los artículos científicos?,"En el curso Sistemas Operativos Avanzados de la Maestría en Computación, ¿Qué cinco preguntas clave deben responderse al entregar los resúmenes de los artículos científicos?

Da una respuesta completa y explicativa.","Problema planteado, importancia, soluciones previas, propuesta de los autores y éxito de la misma.","Según el documento del curso Sistemas Operativos Avanzados de la Maestría en Computación, los estudiantes deben entregar resúmenes de los artículos científicos que incluyan las siguientes cinco preguntas clave:

1. ¿Cuál es el problema que plantea el paper?
2. ¿Por qué es un problema interesante o importante?
3. ¿Qué otras soluciones se han intentado para resolver este problema?
4. ¿Cuál es la solución propuesta por los autores?
5. ¿Qué tan exitosa es esta solución?

Estas preguntas permiten a los estudiantes demostrar su comprensión del contenido del artículo científico y su capacidad para analizar y resumir la información de manera efectiva.",11.29,Sistemas Operativos Avanzados,MC6004,
llama3.1-8b-f16,open_ended,¿Cómo se evalúa la capacidad de comunicación científica de los estudiantes?,"En el curso Sistemas Operativos Avanzados de la Maestría en Computación, ¿Cómo se evalúa la capacidad de comunicación científica de los estudiantes?

Da una respuesta completa y explicativa.",Mediante una presentación oral obligatoria que sigue el formato de una conferencia científica.,"En el curso Sistemas Operativos Avanzados de la Maestría en Computación, la capacidad de comunicación científica de los estudiantes se evalúa a través de varias actividades y tareas, como se describe en el documento del curso.

Una de las formas en que se evalúa la capacidad de comunicación científica es a través de la presentación oral de un paper asignado por el profesor. Los estudiantes deben preparar y presentar su trabajo de manera clara y concisa, siguiendo el formato de una conferencia científica. La presentación es evaluada por el grupo y el profesor, y se consideran aspectos como la claridad del lenguaje, la estructura lógica del argumento, la presentación visual y la capacidad de responder a preguntas.

Además, los estudiantes deben entregar un resumen escrito de su trabajo, que debe ser claro, conciso y bien estructurado. Este resumen es evaluado por el profesor y se consideran aspectos como la claridad del lenguaje, la precisión de la información y la capacidad de resumir el trabajo de manera efectiva.

La capacidad de comunicación científica también se evalúa a través de la participación en discusiones y debates en clase. Los estudiantes deben ser capaces de expresar sus ideas y opiniones de manera clara y respetuosa, y de escuchar y",17.06,Sistemas Operativos Avanzados,MC6004,
llama3.1-8b-f16,open_ended,¿Qué experiencia técnica previa es indispensable para el éxito en los proyectos programados?,"En el curso Sistemas Operativos Avanzados de la Maestría en Computación, ¿Qué experiencia técnica previa es indispensable para el éxito en los proyectos programados?

Da una respuesta completa y explicativa.","Programación en C, lenguaje ensamblador y dominio de ambientes UNIX o Linux.","Según el documento MC-6004-Sistemas Operativos Avanzados, se menciona que ""Es indispensable tener amplia experiencia en programación (particularmente en lenguaje C, lenguaje ensamblador, y ambientes UNIX o Linux)"". Esto sugiere que los estudiantes deben tener una sólida base en programación, especialmente en lenguajes como C y ensamblador, y experiencia en entornos de desarrollo como UNIX o Linux. Además, se menciona que los proyectos deben ejecutarse estrictamente en las condiciones establecidas por el profesor, lo que implica que los estudiantes deben ser capaces de seguir instrucciones y trabajar en un entorno de desarrollo específico. En resumen, la experiencia técnica previa indispensable para el éxito en los proyectos programados en el curso de Sistemas Operativos Avanzados incluye:

* Amplia experiencia en programación en lenguajes como C y ensamblador
* Experiencia en entornos de desarrollo como UNIX o Linux
* Capacidad para seguir instrucciones y trabajar en un entorno de desarrollo específico",14.4,Sistemas Operativos Avanzados,MC6004,
llama3.1-8b-f16,open_ended,¿Qué temas de computación moderna se incluyen en los contenidos técnicos?,"En el curso Sistemas Operativos Avanzados de la Maestría en Computación, ¿Qué temas de computación moderna se incluyen en los contenidos técnicos?

Da una respuesta completa y explicativa.","Cloud Computing, High Performance Computing, dispositivos móviles y sistemas de tiempo real.","En el curso Sistemas Operativos Avanzados de la Maestría en Computación, se incluyen temas de computación moderna como:

* Monitores de Máquinas Virtuales
* Mecanismo de Comunicación en Sistemas Distribuidos
* Sincronización
* Scheduling
* Sistemas distribuidos: Conceptos
* File Systems
* Distributed Shared Memory (DSM)
* Memoria Virtual Recuperable –Atomicidad
* Sistemas de Tiempo Real: Conceptos Básicos y Scheduling
* Conceptos de High Performance Computing
* Dispositivos Móviles
* Internet, Computación Distribuida y Cloud Computing

Estos temas abordan aspectos avanzados de la computación, como la gestión de recursos en sistemas distribuidos, la sincronización y el scheduling, la gestión de archivos y memoria compartida, y la computación en tiempo real y de alto rendimiento. Además, se incluyen temas relacionados con la computación en la nube y la computación móvil, lo que refleja la evolución de la industria hacia la computación en la nube y la movilidad.",15.03,Sistemas Operativos Avanzados,MC6004,
llama3.1-8b-f16,open_ended,¿Por qué el diseño de algoritmos se considera la actividad fundamental de la computación?,"En el curso Análisis de Algoritmos de la Maestría en Computación, ¿Por qué el diseño de algoritmos se considera la actividad fundamental de la computación?

Da una respuesta completa y explicativa.","Porque toda computación es, por definición, el resultado de la ejecución de un algoritmo.","La respuesta a la pregunta es que el diseño de algoritmos se considera la actividad fundamental de la computación porque una computación es el resultado de la ejecución de un algoritmo. En otras palabras, la computación es el proceso de seguir un conjunto de instrucciones o pasos para resolver un problema o realizar una tarea, y el algoritmo es el conjunto de instrucciones o pasos que se siguen para lograr ese objetivo.

En este sentido, el diseño de algoritmos es la actividad fundamental de la computación porque es la forma en que se crean y se implementan los algoritmos que permiten a las computadoras realizar tareas y resolver problemas. El diseño de algoritmos implica la creación de soluciones eficientes y efectivas para problemas complejos, y es una habilidad fundamental para cualquier persona que desee trabajar en el campo de la computación.

En el curso de Análisis de Algoritmos, se enseña a los estudiantes las técnicas y herramientas necesarias para diseñar y analizar algoritmos, incluyendo la teoría de la complejidad de algoritmos, la teoría de la computabilidad y la teoría de la probabilidad. Los estudiantes aprenden a analizar la complejidad de algoritmos utilizando herramientas como funciones recurrentes, notación ""o grande"" e inducción, y a determinar la(s) solución",16.98,Análisis de Algoritmos,MC6102,
llama3.1-8b-f16,open_ended,¿Cuál es la diferencia crítica entre la efectividad y la eficiencia de un algoritmo?,"En el curso Análisis de Algoritmos de la Maestría en Computación, ¿Cuál es la diferencia crítica entre la efectividad y la eficiencia de un algoritmo?

Da una respuesta completa y explicativa.",La efectividad asegura que resuelva el problema; la eficiencia asegura que lo haga usando pocos recursos de tiempo y espacio.,"La diferencia crítica entre la efectividad y la eficiencia de un algoritmo se refiere a dos aspectos fundamentales en el diseño y análisis de algoritmos.

La efectividad de un algoritmo se refiere a su capacidad para resolver un problema concreto. Un algoritmo es efectivo si puede encontrar la solución correcta para el problema que se le presenta. La efectividad se mide por la cantidad de problemas que el algoritmo puede resolver correctamente, y no por el tiempo o la cantidad de recursos que se necesitan para resolverlos.

Por otro lado, la eficiencia de un algoritmo se refiere a la cantidad de recursos (tiempo, memoria, etc.) que se necesitan para resolver un problema. Un algoritmo es eficiente si puede resolver un problema en un tiempo y con una cantidad de recursos mínimos. La eficiencia se mide por la complejidad del algoritmo, que se expresa en términos de la cantidad de operaciones que se necesitan para resolver el problema.

En otras palabras, la efectividad se refiere a la capacidad del algoritmo para encontrar la solución correcta, mientras que la eficiencia se refiere a la cantidad de recursos que se necesitan para encontrar esa solución.

Por ejemplo, un algoritmo que resuelve un problema en 10 segundos pero que requiere 100 GB de memoria para hacerlo",16.95,Análisis de Algoritmos,MC6102,
llama3.1-8b-f16,open_ended,¿Qué tres componentes son necesarios para lograr algoritmos eficientes?,"En el curso Análisis de Algoritmos de la Maestría en Computación, ¿Qué tres componentes son necesarios para lograr algoritmos eficientes?

Da una respuesta completa y explicativa.","Técnicas de diseño, técnicas de análisis y la creatividad intuitiva.","Según el documento del curso Análisis de Algoritmos de la Maestría en Computación, los tres componentes necesarios para lograr algoritmos eficientes son:

1. **Técnicas de diseño**: Estas técnicas sugieren las maneras de abordar el problema y cuáles son las estructuras de datos apropiadas para apoyar el algoritmo.
2. **Técnicas de análisis**: Estas técnicas ayudan a determinar la complejidad del algoritmo y, por lo tanto, a compararlo con otros.
3. **Creatividad**: La creatividad es necesaria para enfocar el problema usando las técnicas de diseño y análisis, y para encontrar soluciones innovadoras y eficientes.

Es importante destacar que la creatividad es un componente importante, pero no tan ameno al tratamiento formal, por lo que se ilustrará con ejemplos clásicos de algoritmos creativos e inspiradores.",13.26,Análisis de Algoritmos,MC6102,
llama3.1-8b-f16,open_ended,"¿Qué herramientas se utilizan para analizar la complejidad de ""peor caso""?","En el curso Análisis de Algoritmos de la Maestría en Computación, ¿Qué herramientas se utilizan para analizar la complejidad de ""peor caso""?

Da una respuesta completa y explicativa.","Funciones recurrentes, notación asintótica (""O grande"") y pruebas por inducción.","Según el contenido del curso Análisis de Algoritmos de la Maestría en Computación, se menciona que se utilizarán herramientas como funciones recurrentes, notación ""o grande"" e inducción para analizar la complejidad de ""peor caso"" de algoritmos.",7.33,Análisis de Algoritmos,MC6102,
llama3.1-8b-f16,open_ended,¿Qué tipos de algoritmos se estudian dentro de la categoría probabilista?,"En el curso Análisis de Algoritmos de la Maestría en Computación, ¿Qué tipos de algoritmos se estudian dentro de la categoría probabilista?

Da una respuesta completa y explicativa.","Algoritmos numéricos, de Monte Carlo y de Las Vegas.","En el curso Análisis de Algoritmos de la Maestría en Computación, se estudian varios tipos de algoritmos dentro de la categoría probabilista. Algunos de los ejemplos incluyen:

1. Algoritmos de Monte Carlo: Estos algoritmos utilizan la simulación aleatoria para resolver problemas complejos. Se utilizan para estimar la probabilidad de eventos y para tomar decisiones en situaciones de incertidumbre.
2. Algoritmos de Las Vegas: Estos algoritmos también utilizan la simulación aleatoria, pero se caracterizan por su capacidad para proporcionar respuestas precisas con una probabilidad garantizada.
3. Algoritmos numéricos probabilistas: Estos algoritmos utilizan la probabilidad para resolver problemas numéricos, como la aproximación de raíces de ecuaciones o la integración de funciones.
4. Algoritmos de búsqueda probabilista: Estos algoritmos utilizan la probabilidad para buscar elementos en una base de datos o en un grafo.
5. Algoritmos de ordenamiento probabilista: Estos algoritmos utilizan la probabilidad para ordenar elementos en una lista o en un grafo.

Algunos ejemplos específicos de algoritmos probabilistas que se estudian en el curso incluyen:

* El algoritmo de búsqueda de Monte Carlo para encontrar un elemento en una",17.05,Análisis de Algoritmos,MC6102,
llama3.1-8b-f16,open_ended,¿Cómo se clasifican los problemas según su complejidad en este programa?,"En el curso Análisis de Algoritmos de la Maestría en Computación, ¿Cómo se clasifican los problemas según su complejidad en este programa?

Da una respuesta completa y explicativa.","En las clases P, NP, NP-completos y NP-difíciles.","Según el contenido del curso Análisis de Algoritmos de la Maestría en Computación, los problemas se clasifican según su complejidad en las siguientes categorías:

1. Problemas en P: Son problemas que pueden ser resueltos en un tiempo polinómico, es decir, en un tiempo que crece al cuadrado o al cubo de la entrada, pero no de manera exponencial. Ejemplos de problemas en P incluyen la búsqueda binaria, la búsqueda de un elemento en una lista ordenada y la suma de dos números enteros.
2. Problemas en NP: Son problemas que pueden ser resueltos en un tiempo polinómico si se tiene acceso a una solución previa, pero no necesariamente en un tiempo polinómico sin acceso a una solución previa. Ejemplos de problemas en NP incluyen la verificación de la solución de un problema en P, la búsqueda de un patrón en una cadena de texto y la resolución de un rompecabezas.
3. Problemas NP-completos: Son problemas en NP que son tan difíciles que no se cree que puedan ser resueltos en un tiempo polinómico, incluso con acceso a una solución previa. Ejemplos de problemas NP-completos incluyen la resolución del problema del viajante, la resolución del problema de",16.94,Análisis de Algoritmos,MC6102,
llama3.1-8b-f16,open_ended,"¿Por qué la Ciencia de la Computación ha sido considerada históricamente ""débil"" en sus procedimientos?","En el curso Diseño de Experimentos de la Maestría en Computación, ¿Por qué la Ciencia de la Computación ha sido considerada históricamente ""débil"" en sus procedimientos?

Da una respuesta completa y explicativa.",Debido a la falta de uso sistemático de técnicas experimentales clásicas para validar o refutar hipótesis.,"La Ciencia de la Computación ha sido considerada históricamente ""débil"" en sus procedimientos experimentales debido a varias razones. Una de las principales razones es que la Ciencia de la Computación se enfoca en la creación de algoritmos y la resolución de problemas computacionales, lo que a menudo requiere un enfoque teórico y analítico más que experimental. Además, la Ciencia de la Computación ha sido influenciada por la filosofía de la computabilidad de Alan Turing, que enfatiza la importancia de la teoría y la lógica en la comprensión de la computación.

Además, la Ciencia de la Computación ha sido dominada por la teoría de la computabilidad y la complejidad computacional, que se enfoca en la capacidad de los algoritmos para resolver problemas y la complejidad de los problemas computacionales. Esto ha llevado a una falta de énfasis en la experimentación y la verificación de los resultados en la Ciencia de la Computación.

Sin embargo, en los últimos años, ha habido un creciente interés en la experimentación y la verificación en la Ciencia de la Computación, particularmente en áreas como la computación cuántica y la inteligencia artificial. Esto se debe en parte a la necesidad de validar los resultados de los algoritmos y modelos",17.04,Diseño de Experimentos,MC6104,
llama3.1-8b-f16,open_ended,¿Qué utilidad tiene el Diseño de Experimentos (DoE) en la industria del software?,"En el curso Diseño de Experimentos de la Maestría en Computación, ¿Qué utilidad tiene el Diseño de Experimentos (DoE) en la industria del software?

Da una respuesta completa y explicativa.",Permite ejercer controles de calidad rigurosos durante el desarrollo de productos de software.,"El Diseño de Experimentos (DoE) es una herramienta fundamental en la industria del software para garantizar la calidad y eficiencia de los productos y procesos. A continuación, se presentan algunas de las utilidades del DoE en la industria del software:

1. **Control de calidad**: El DoE permite identificar y controlar los factores que influyen en la calidad del software, reduciendo la probabilidad de errores y defectos.
2. **Optimización de procesos**: El DoE ayuda a identificar las variables que afectan la eficiencia de los procesos de desarrollo y entrega de software, permitiendo optimizarlos y mejorar la productividad.
3. **Reducir costos**: Al identificar y controlar los factores que influyen en la calidad y eficiencia del software, se pueden reducir los costos asociados con la corrección de errores y la reiteración de procesos.
4. **Mejorar la comunicación**: El DoE facilita la comunicación entre los equipos de desarrollo, testing y calidad, asegurando que todos estén alineados con los objetivos y metas del proyecto.
5. **Aumentar la confiabilidad**: El DoE permite identificar y controlar los factores que influyen en la confiabilidad del software, reduciendo la probabilidad de fallos y errores.
6. **Me",16.99,Diseño de Experimentos,MC6104,
llama3.1-8b-f16,open_ended,¿Qué capacidades adquiere el estudiante para manejar datos experimentales?,"En el curso Diseño de Experimentos de la Maestría en Computación, ¿Qué capacidades adquiere el estudiante para manejar datos experimentales?

Da una respuesta completa y explicativa.",El uso de software estadístico para analizar resultados con niveles de confianza y certeza científica.,"Según el documento MC6104-Diseño de Experimentos, el estudiante adquiere las siguientes capacidades para manejar datos experimentales:

1. **Establecer hipótesis**: El estudiante puede establecer hipótesis respecto a sistemas computacionales que pueden ser verificadas experimentalmente.
2. **Diseñar experimentos**: El estudiante puede diseñar experimentos científicos aplicados a la Ciencia de la Computación.
3. **Analizar resultados**: El estudiante puede usar software apropiado para analizar los resultados obtenidos de los experimentos y dar niveles de confianza de la certeza de sus conclusiones.
4. **Control de calidad**: El estudiante puede aplicar técnicas de Diseño de Experimentos para el control de calidad en el desarrollo de productos de software.
5. **Uso de técnicas experimentales**: El estudiante puede usar las técnicas experimentales aprendidas en este curso en su propuesta de tesis, en el desarrollo de su tesis, y en investigaciones científicas en general.

En resumen, el estudiante adquiere la capacidad de diseñar, ejecutar y analizar experimentos científicos, lo que le permite manejar datos experimentales de manera efectiva y tomar decisiones informadas en el desarrollo de su investigación.",16.17,Diseño de Experimentos,MC6104,
llama3.1-8b-f16,open_ended,¿Cuál es la estructura metodológica que siguen los proyectos en este curso?,"En el curso Diseño de Experimentos de la Maestría en Computación, ¿Cuál es la estructura metodológica que siguen los proyectos en este curso?

Da una respuesta completa y explicativa.","Realización de experimentos, recolección de datos, análisis de resultados y redacción de reportes técnicos.","La estructura metodológica que siguen los proyectos en el curso Diseño de Experimentos de la Maestría en Computación es la siguiente:

1. **Aprobación del tema**: Los estudiantes deben enviar un párrafo al profesor para aprobar el tema de su proyecto. El párrafo debe incluir los elementos: a) ¿Cuál es el problema en el que va a trabajar?, b) ¿Por qué es un problema interesante o importante?, c) ¿Qué otras soluciones se han intentado para resolver este problema?, d) ¿Cuál es la solución que usted propone? y e) ¿De ser exitosa su solución, qué efectos habría?
2. **Abstract y referencias**: Los estudiantes deben entregar un abstract y referencias de su proyecto. El abstract debe ser impreso y enviado por correo electrónico, junto con las fuentes de LATEX y PDF.
3. **Versión preliminar**: Los estudiantes deben entregar una versión preliminar de su proyecto. La versión preliminar debe ser impresa y enviada por correo electrónico, junto con las fuentes de LATEX y PDF.
4. **Versión final**: Los estudiantes deben entregar la versión final de su proyecto. La versión final debe ser impresa y enviada por correo electrónico, junto con las fuentes de LATEX y PDF.

Además, los proyectos deben seguir las siguientes condiciones:

*",16.96,Diseño de Experimentos,MC6104,
llama3.1-8b-f16,open_ended,¿Qué formación técnica previa es requerida para el uso de herramientas en este curso?,"En el curso Diseño de Experimentos de la Maestría en Computación, ¿Qué formación técnica previa es requerida para el uso de herramientas en este curso?

Da una respuesta completa y explicativa.","Conocimiento de UNIX, programación en C y dominio del entorno estadístico R.","Según el documento MC6104-Diseño de Experimentos, se requiere un buen conocimiento de UNIX, del lenguaje de programación C, y de R para el uso de herramientas en este curso.",6.58,Diseño de Experimentos,MC6104,
llama3.1-8b-f16,open_ended,¿Cómo influye este curso en el desarrollo de la tesis de maestría del estudiante?,"En el curso Diseño de Experimentos de la Maestría en Computación, ¿Cómo influye este curso en el desarrollo de la tesis de maestría del estudiante?

Da una respuesta completa y explicativa.",Entrena al estudiante para establecer hipótesis verificables experimentalmente en su propuesta de tesis.,"El curso Diseño de Experimentos de la Maestría en Computación tiene un impacto significativo en el desarrollo de la tesis de maestría del estudiante. A continuación, se presentan algunos de los aspectos clave en los que este curso influye en el desarrollo de la tesis:

1. **Desarrollo de habilidades en diseño de experimentos**: El curso enseña a los estudiantes a diseñar experimentos científicos aplicados a la Ciencia de la Computación, lo que les permite desarrollar habilidades en la planificación y ejecución de investigaciones. Estas habilidades son fundamentales para la elaboración de una tesis de maestría.
2. **Análisis de datos y estadística**: El curso cubre temas como la estadística y el análisis de datos, lo que permite a los estudiantes comprender cómo analizar y interpretar los resultados de sus experimentos. Esto es crucial para la elaboración de una tesis de maestría, donde es necesario presentar resultados de investigación y analizar sus implicaciones.
3. **Comunicación de resultados**: El curso enseña a los estudiantes a comunicar sus resultados de manera efectiva, lo que es fundamental para la elaboración de una tesis de maestría. Los estudiantes deben ser capaces de presentar sus hallazgos de manera clara y concisa, y de discutir las implicaciones de sus resultados.
4. **Desar",17.0,Diseño de Experimentos,MC6104,
llama3.1-8b-f16,open_ended,¿Qué criterios separan la ciencia de la pseudociencia según los contenidos del curso?,"En el curso Introducción a la Investigación de la Maestría en Computación, ¿Qué criterios separan la ciencia de la pseudociencia según los contenidos del curso?

Da una respuesta completa y explicativa.","Los conceptos de historia y filosofía de la ciencia, aplicados a través de un exigente escepticismo científico.","Según los contenidos del curso Introducción a la Investigación de la Maestría en Computación, los criterios que separan la ciencia de la pseudociencia se basan en la Filosofía de la Ciencia. Algunos de los criterios mencionados son:

1. Irracionalidad: La ciencia se basa en la razón y la lógica, mientras que la pseudociencia se basa en la creencia y la superstición.
2. Método Científico: La ciencia se basa en el método científico, que implica la observación, la hipótesis, la experimentación y la verificación, mientras que la pseudociencia no sigue este método.
3. Observación: La ciencia se basa en la observación de fenómenos naturales y la recopilación de datos, mientras que la pseudociencia se basa en la creencia y la especulación.
4. Falacias lógicas: La ciencia evita las falacias lógicas y se basa en la lógica y la razón, mientras que la pseudociencia se basa en la creencia y la superstición.
5. Hipótesis científicas: La ciencia se basa en hipótesis científicas que pueden ser verificadas o refutadas, mientras que la pseudociencia se bas",16.96,Introducción a la Investigación,MC7201,
llama3.1-8b-f16,open_ended,¿Cuál es el deber esencial de un científico según este programa académico?,"En el curso Introducción a la Investigación de la Maestría en Computación, ¿Cuál es el deber esencial de un científico según este programa académico?

Da una respuesta completa y explicativa.",Generar y comunicar conocimiento nuevo a la comunidad.,"Según el curso Introducción a la Investigación de la Maestría en Computación, el deber esencial de un científico es generar y comunicar conocimiento nuevo, obtenido a través de un exigente escepticismo.",6.85,Introducción a la Investigación,MC7201,
llama3.1-8b-f16,open_ended,"¿Qué habilidades de ""infraestructura"" se desarrollan para maximizar el éxito del investigador?","En el curso Introducción a la Investigación de la Maestría en Computación, ¿Qué habilidades de ""infraestructura"" se desarrollan para maximizar el éxito del investigador?

Da una respuesta completa y explicativa.","Cómo dar presentaciones, leer y escribir papers, y administrar efectivamente el tiempo.","En el curso Introducción a la Investigación de la Maestría en Computación, se desarrollan varias habilidades de ""infraestructura"" para maximizar el éxito del investigador. Algunas de estas habilidades incluyen:

1. **Conocimiento de la metodología de la investigación científica**: El curso brinda a los estudiantes una comprensión profunda de la metodología de la investigación científica, incluyendo la formulación de hipótesis, la diseño de experimentos y la recolección de datos.
2. **Habilidad para leer y analizar papers científicos**: Los estudiantes aprenden a leer y analizar papers científicos de manera crítica, lo que les permite evaluar la calidad de la investigación y identificar áreas de mejora.
3. **Escritura de documentos científicos**: El curso enseña a los estudiantes a escribir documentos científicos de manera clara y concisa, incluyendo la estructura de un artículo científico y la presentación de resultados.
4. **Presentación de investigaciones**: Los estudiantes aprenden a presentar sus investigaciones de manera efectiva, incluyendo la creación de diapositivas y la práctica de presentaciones orales.
5. **Administración del tiempo**: El curso enseña a los estudiantes a administrar su tiempo de manera efectiva, lo que les permite completar sus investigaciones",17.08,Introducción a la Investigación,MC7201,
llama3.1-8b-f16,open_ended,¿Qué aspectos administrativos se revisan para orientar al estudiante en su posgrado?,"En el curso Introducción a la Investigación de la Maestría en Computación, ¿Qué aspectos administrativos se revisan para orientar al estudiante en su posgrado?

Da una respuesta completa y explicativa.",Los reglamentos y lineamientos del programa de maestría para la presentación de propuestas y tesis.,"En el curso Introducción a la Investigación de la Maestría en Computación, se revisan varios aspectos administrativos para orientar al estudiante en su posgrado. Algunos de estos aspectos incluyen:

1. **Presentación de propuestas de investigación**: Se revisa el proceso de presentación de propuestas de investigación y se proporcionan orientaciones sobre cómo escribir y juzgar propuestas de investigación.
2. **Desarrollo de tesis de investigación**: Se revisa el proceso de desarrollo de tesis de investigación y se proporcionan orientaciones sobre cómo escribir y presentar una tesis de investigación.
3. **Administración del tiempo**: Se revisa la importancia de la administración del tiempo en el desarrollo de la investigación y se proporcionan orientaciones sobre cómo gestionar el tiempo de manera efectiva.
4. **Reglamentos y lineamientos del Programa de Maestría en Computación**: Se revisan los reglamentos y lineamientos del Programa de Maestría en Computación y se proporcionan orientaciones sobre cómo cumplir con ellos.

Además, se revisan aspectos relacionados con la investigación científica en computación, como:

1. **Diseño de experimentos**: Se revisa la importancia de diseñar experimentos y se proporcionan orientaciones sobre cómo diseñar experimentos efectivos.
2. **Análisis estadístico**: Se revisa la",16.99,Introducción a la Investigación,MC7201,
llama3.1-8b-f16,open_ended,¿Qué elementos debe contener la propuesta de un artículo científico para ser aprobada?,"En el curso Introducción a la Investigación de la Maestría en Computación, ¿Qué elementos debe contener la propuesta de un artículo científico para ser aprobada?

Da una respuesta completa y explicativa.","Definición del problema, su importancia, soluciones previas, propuesta original y efectos esperados.","Según el documento, la propuesta de un artículo científico para ser aprobada en el curso Introducción a la Investigación de la Maestría en Computación debe contener los siguientes elementos:

1. ¿Cuál es el problema en el que va a trabajar?
2. ¿Por qué es un problema interesante o importante?
3. ¿Qué otras soluciones se han intentado para resolver este problema?
4. ¿Cuál es la solución que usted propone?
5. ¿De ser exitosa su solución, qué efectos habría?

Estos elementos deben estar escritos en inglés y deben ser enviados por correo electrónico al profesor para su aprobación.",10.78,Introducción a la Investigación,MC7201,
llama3.1-8b-f16,open_ended,¿Cuál es la herramienta tecnológica obligatoria para la elaboración de presentaciones?,"En el curso Introducción a la Investigación de la Maestría en Computación, ¿Cuál es la herramienta tecnológica obligatoria para la elaboración de presentaciones?

Da una respuesta completa y explicativa.",Beamer.,La herramienta tecnológica obligatoria para la elaboración de presentaciones en el curso Introducción a la Investigación de la Maestría en Computación es Beamer.,6.23,Introducción a la Investigación,MC7201,
