model_key,category,question,composed_question,expected_answer,predicted_answer,generation_time_s,curso,codigo,error
qwen2.5-3b,binary,¿Es la asistencia obligatoria?,"En el curso Análisis de Datos en Ciberseguridad de la Maestría en Ciberseguridad, ¿Es la asistencia obligatoria?

Responde únicamente con 'Sí' o 'No'.",Sí,Sí,4.73,Análisis de Datos en Ciberseguridad,MC1001,
qwen2.5-3b,binary,¿Tiene el curso requisitos previos?,"En el curso Análisis de Datos en Ciberseguridad de la Maestría en Ciberseguridad, ¿Tiene el curso requisitos previos?

Responde únicamente con 'Sí' o 'No'.",No,No,2.29,Análisis de Datos en Ciberseguridad,MC1001,
qwen2.5-3b,binary,¿Es un curso electivo?,"En el curso Análisis de Datos en Ciberseguridad de la Maestría en Ciberseguridad, ¿Es un curso electivo?

Responde únicamente con 'Sí' o 'No'.",No,No,2.27,Análisis de Datos en Ciberseguridad,MC1001,
qwen2.5-3b,binary,¿Existe la posibilidad de ganar el curso por suficiencia?,"En el curso Análisis de Datos en Ciberseguridad de la Maestría en Ciberseguridad, ¿Existe la posibilidad de ganar el curso por suficiencia?

Responde únicamente con 'Sí' o 'No'.",Sí,No,2.24,Análisis de Datos en Ciberseguridad,MC1001,
qwen2.5-3b,binary,¿Es posible el reconocimiento del curso?,"En el curso Análisis de Datos en Ciberseguridad de la Maestría en Ciberseguridad, ¿Es posible el reconocimiento del curso?

Responde únicamente con 'Sí' o 'No'.",Sí,No,2.22,Análisis de Datos en Ciberseguridad,MC1001,
qwen2.5-3b,binary,¿Los laboratorios representan el 75% de la nota final?,"En el curso Análisis de Datos en Ciberseguridad de la Maestría en Ciberseguridad, ¿Los laboratorios representan el 75% de la nota final?

Responde únicamente con 'Sí' o 'No'.",Sí,Sí,2.24,Análisis de Datos en Ciberseguridad,MC1001,
qwen2.5-3b,binary,¿Es la asistencia obligatoria?,"En el curso Seguridad y Criptografía de la Maestría en Ciberseguridad, ¿Es la asistencia obligatoria?

Responde únicamente con 'Sí' o 'No'.",Sí,No,2.22,Seguridad y Criptografía,MC1003,
qwen2.5-3b,binary,¿Es este un curso electivo?,"En el curso Seguridad y Criptografía de la Maestría en Ciberseguridad, ¿Es este un curso electivo?

Responde únicamente con 'Sí' o 'No'.",No,No,2.22,Seguridad y Criptografía,MC1003,
qwen2.5-3b,binary,¿Tiene correquisitos establecidos?,"En el curso Seguridad y Criptografía de la Maestría en Ciberseguridad, ¿Tiene correquisitos establecidos?

Responde únicamente con 'Sí' o 'No'.",No,No,2.26,Seguridad y Criptografía,MC1003,
qwen2.5-3b,binary,"¿Es este curso requisito para ""Blockchain y Ledger Distribuidos""?","En el curso Seguridad y Criptografía de la Maestría en Ciberseguridad, ¿Es este curso requisito para ""Blockchain y Ledger Distribuidos""?

Responde únicamente con 'Sí' o 'No'.",Sí,No,2.24,Seguridad y Criptografía,MC1003,
qwen2.5-3b,binary,¿Se permite el reconocimiento del curso?,"En el curso Seguridad y Criptografía de la Maestría en Ciberseguridad, ¿Se permite el reconocimiento del curso?

Responde únicamente con 'Sí' o 'No'.",Sí,No,2.26,Seguridad y Criptografía,MC1003,
qwen2.5-3b,binary,¿El examen final tiene un valor del 30%?,"En el curso Seguridad y Criptografía de la Maestría en Ciberseguridad, ¿El examen final tiene un valor del 30%?

Responde únicamente con 'Sí' o 'No'.",Sí,No,2.28,Seguridad y Criptografía,MC1003,
qwen2.5-3b,binary,¿Es el curso de tipo electivo?,"En el curso Políticas y Gobernanza en Ciberseguridad de la Maestría en Ciberseguridad, ¿Es el curso de tipo electivo?

Responde únicamente con 'Sí' o 'No'.",No,No,2.27,Políticas y Gobernanza en Ciberseguridad,MC1006,
qwen2.5-3b,binary,¿Es la asistencia obligatoria?,"En el curso Políticas y Gobernanza en Ciberseguridad de la Maestría en Ciberseguridad, ¿Es la asistencia obligatoria?

Responde únicamente con 'Sí' o 'No'.",Sí,Sí,2.27,Políticas y Gobernanza en Ciberseguridad,MC1006,
qwen2.5-3b,binary,¿Se permite el reconocimiento de este curso?,"En el curso Políticas y Gobernanza en Ciberseguridad de la Maestría en Ciberseguridad, ¿Se permite el reconocimiento de este curso?

Responde únicamente con 'Sí' o 'No'.",No,No,2.27,Políticas y Gobernanza en Ciberseguridad,MC1006,
qwen2.5-3b,binary,¿Existe la posibilidad de suficiencia?,"En el curso Políticas y Gobernanza en Ciberseguridad de la Maestría en Ciberseguridad, ¿Existe la posibilidad de suficiencia?

Responde únicamente con 'Sí' o 'No'.",Sí,No,2.23,Políticas y Gobernanza en Ciberseguridad,MC1006,
qwen2.5-3b,binary,¿Se ubica el curso en el primer trimestre del plan de estudios?,"En el curso Políticas y Gobernanza en Ciberseguridad de la Maestría en Ciberseguridad, ¿Se ubica el curso en el primer trimestre del plan de estudios?

Responde únicamente con 'Sí' o 'No'.",Sí,No,2.28,Políticas y Gobernanza en Ciberseguridad,MC1006,
qwen2.5-3b,binary,¿El estudio de casos vale un 40% de la calificación?,"En el curso Políticas y Gobernanza en Ciberseguridad de la Maestría en Ciberseguridad, ¿El estudio de casos vale un 40% de la calificación?

Responde únicamente con 'Sí' o 'No'.",Sí,No,2.26,Políticas y Gobernanza en Ciberseguridad,MC1006,
qwen2.5-3b,binary,¿Es un curso electivo?,"En el curso Seguridad de Software Avanzado de la Maestría en Ciberseguridad, ¿Es un curso electivo?

Responde únicamente con 'Sí' o 'No'.",No,No,2.3,Seguridad de Software Avanzado,MC3001,
qwen2.5-3b,binary,¿Es obligatoria la asistencia?,"En el curso Seguridad de Software Avanzado de la Maestría en Ciberseguridad, ¿Es obligatoria la asistencia?

Responde únicamente con 'Sí' o 'No'.",Sí,No,2.31,Seguridad de Software Avanzado,MC3001,
qwen2.5-3b,binary,¿Tiene requisitos previos?,"En el curso Seguridad de Software Avanzado de la Maestría en Ciberseguridad, ¿Tiene requisitos previos?

Responde únicamente con 'Sí' o 'No'.",No,No,2.31,Seguridad de Software Avanzado,MC3001,
qwen2.5-3b,binary,¿Es requisito para el curso de Seguridad en la Nube?,"En el curso Seguridad de Software Avanzado de la Maestría en Ciberseguridad, ¿Es requisito para el curso de Seguridad en la Nube?

Responde únicamente con 'Sí' o 'No'.",Sí,No,2.28,Seguridad de Software Avanzado,MC3001,
qwen2.5-3b,binary,¿Se permite la suficiencia?,"En el curso Seguridad de Software Avanzado de la Maestría en Ciberseguridad, ¿Se permite la suficiencia?

Responde únicamente con 'Sí' o 'No'.",No,No,2.29,Seguridad de Software Avanzado,MC3001,
qwen2.5-3b,binary,¿El examen final vale el 30% de la nota?,"En el curso Seguridad de Software Avanzado de la Maestría en Ciberseguridad, ¿El examen final vale el 30% de la nota?

Responde únicamente con 'Sí' o 'No'.",Sí,No,2.3,Seguridad de Software Avanzado,MC3001,
qwen2.5-3b,binary,¿Es el curso de tipo electivo?,"En el curso Cibercrimen de la Maestría en Ciberseguridad, ¿Es el curso de tipo electivo?

Responde únicamente con 'Sí' o 'No'.",Sí,No,2.31,Cibercrimen,MC3010,
qwen2.5-3b,binary,¿Es obligatoria la asistencia?,"En el curso Cibercrimen de la Maestría en Ciberseguridad, ¿Es obligatoria la asistencia?

Responde únicamente con 'Sí' o 'No'.",Sí,No,2.31,Cibercrimen,MC3010,
qwen2.5-3b,binary,¿Tiene requisitos o correquisitos?,"En el curso Cibercrimen de la Maestría en Ciberseguridad, ¿Tiene requisitos o correquisitos?

Responde únicamente con 'Sí' o 'No'.",No,No,2.32,Cibercrimen,MC3010,
qwen2.5-3b,binary,¿Se permite la suficiencia para este curso?,"En el curso Cibercrimen de la Maestría en Ciberseguridad, ¿Se permite la suficiencia para este curso?

Responde únicamente con 'Sí' o 'No'.",No,No,2.32,Cibercrimen,MC3010,
qwen2.5-3b,binary,¿Existe la posibilidad de reconocimiento?,"En el curso Cibercrimen de la Maestría en Ciberseguridad, ¿Existe la posibilidad de reconocimiento?

Responde únicamente con 'Sí' o 'No'.",No,No,2.34,Cibercrimen,MC3010,
qwen2.5-3b,binary,¿La investigación social aplicada tiene un peso del 40%?,"En el curso Cibercrimen de la Maestría en Ciberseguridad, ¿La investigación social aplicada tiene un peso del 40%?

Responde únicamente con 'Sí' o 'No'.",Sí,Sí,2.36,Cibercrimen,MC3010,
qwen2.5-3b,binary,¿Es un curso obligatorio?,"En el curso Sistemas Estratégicos Empresariales de la Maestría en Gerencia de Tecnologías de la Información, ¿Es un curso obligatorio?

Responde únicamente con 'Sí' o 'No'.",Sí,No,2.33,Sistemas Estratégicos Empresariales,MC1101,
qwen2.5-3b,binary,¿Tiene requisitos o correquisitos previos?,"En el curso Sistemas Estratégicos Empresariales de la Maestría en Gerencia de Tecnologías de la Información, ¿Tiene requisitos o correquisitos previos?

Responde únicamente con 'Sí' o 'No'.",No,No,2.35,Sistemas Estratégicos Empresariales,MC1101,
qwen2.5-3b,binary,¿Es la asistencia obligatoria?,"En el curso Sistemas Estratégicos Empresariales de la Maestría en Gerencia de Tecnologías de la Información, ¿Es la asistencia obligatoria?

Responde únicamente con 'Sí' o 'No'.",Sí,Sí,2.38,Sistemas Estratégicos Empresariales,MC1101,
qwen2.5-3b,binary,¿Existe la posibilidad de suficiencia?,"En el curso Sistemas Estratégicos Empresariales de la Maestría en Gerencia de Tecnologías de la Información, ¿Existe la posibilidad de suficiencia?

Responde únicamente con 'Sí' o 'No'.",No,No,2.37,Sistemas Estratégicos Empresariales,MC1101,
qwen2.5-3b,binary,¿Es posible el reconocimiento del curso?,"En el curso Sistemas Estratégicos Empresariales de la Maestría en Gerencia de Tecnologías de la Información, ¿Es posible el reconocimiento del curso?

Responde únicamente con 'Sí' o 'No'.",No,No,2.38,Sistemas Estratégicos Empresariales,MC1101,
qwen2.5-3b,binary,¿La investigación en sistema empresarial vale un 40%?,"En el curso Sistemas Estratégicos Empresariales de la Maestría en Gerencia de Tecnologías de la Información, ¿La investigación en sistema empresarial vale un 40%?

Responde únicamente con 'Sí' o 'No'.",Sí,No,2.38,Sistemas Estratégicos Empresariales,MC1101,
qwen2.5-3b,binary,¿Es la asistencia obligatoria?,"En el curso Gerencia de Tecnología de Información de la Maestría en Gerencia de Tecnologías de la Información, ¿Es la asistencia obligatoria?

Responde únicamente con 'Sí' o 'No'.",Sí,Sí,2.4,Gerencia de Tecnología de Información,MC1103,
qwen2.5-3b,binary,¿Tiene el curso requisitos previos?,"En el curso Gerencia de Tecnología de Información de la Maestría en Gerencia de Tecnologías de la Información, ¿Tiene el curso requisitos previos?

Responde únicamente con 'Sí' o 'No'.",No,No,2.39,Gerencia de Tecnología de Información,MC1103,
qwen2.5-3b,binary,¿Se permite la suficiencia?,"En el curso Gerencia de Tecnología de Información de la Maestría en Gerencia de Tecnologías de la Información, ¿Se permite la suficiencia?

Responde únicamente con 'Sí' o 'No'.",No,No,2.39,Gerencia de Tecnología de Información,MC1103,
qwen2.5-3b,binary,¿Es posible el reconocimiento del curso?,"En el curso Gerencia de Tecnología de Información de la Maestría en Gerencia de Tecnologías de la Información, ¿Es posible el reconocimiento del curso?

Responde únicamente con 'Sí' o 'No'.",No,Sí,2.4,Gerencia de Tecnología de Información,MC1103,
qwen2.5-3b,binary,¿El estudio de casos vale un 40% de la nota?,"En el curso Gerencia de Tecnología de Información de la Maestría en Gerencia de Tecnologías de la Información, ¿El estudio de casos vale un 40% de la nota?

Responde únicamente con 'Sí' o 'No'.",Sí,No,2.38,Gerencia de Tecnología de Información,MC1103,
qwen2.5-3b,binary,¿Requiere el curso la elaboración de una investigación bibliográfica?,"En el curso Gerencia de Tecnología de Información de la Maestría en Gerencia de Tecnologías de la Información, ¿Requiere el curso la elaboración de una investigación bibliográfica?

Responde únicamente con 'Sí' o 'No'.",Sí,No,2.38,Gerencia de Tecnología de Información,MC1103,
qwen2.5-3b,binary,¿Es este un curso obligatorio?,"En el curso Administración Financiera de TI de la Maestría en Gerencia de Tecnologías de la Información, ¿Es este un curso obligatorio?

Responde únicamente con 'Sí' o 'No'.",Sí,No,2.38,Administración Financiera de TI,MC1201,
qwen2.5-3b,binary,¿Se permite el reconocimiento del curso?,"En el curso Administración Financiera de TI de la Maestría en Gerencia de Tecnologías de la Información, ¿Se permite el reconocimiento del curso?

Responde únicamente con 'Sí' o 'No'.",Sí,No,2.38,Administración Financiera de TI,MC1201,
qwen2.5-3b,binary,¿Existe la posibilidad de suficiencia?,"En el curso Administración Financiera de TI de la Maestría en Gerencia de Tecnologías de la Información, ¿Existe la posibilidad de suficiencia?

Responde únicamente con 'Sí' o 'No'.",No,No,2.36,Administración Financiera de TI,MC1201,
qwen2.5-3b,binary,¿Es la asistencia obligatoria?,"En el curso Administración Financiera de TI de la Maestría en Gerencia de Tecnologías de la Información, ¿Es la asistencia obligatoria?

Responde únicamente con 'Sí' o 'No'.",Sí,Sí,2.38,Administración Financiera de TI,MC1201,
qwen2.5-3b,binary,¿Se ubica en el segundo semestre del programa?,"En el curso Administración Financiera de TI de la Maestría en Gerencia de Tecnologías de la Información, ¿Se ubica en el segundo semestre del programa?

Responde únicamente con 'Sí' o 'No'.",Sí,No,2.36,Administración Financiera de TI,MC1201,
qwen2.5-3b,binary,¿Los dos exámenes parciales valen un 50% en total?,"En el curso Administración Financiera de TI de la Maestría en Gerencia de Tecnologías de la Información, ¿Los dos exámenes parciales valen un 50% en total?

Responde únicamente con 'Sí' o 'No'.",Sí,No,2.35,Administración Financiera de TI,MC1201,
qwen2.5-3b,binary,¿Es un curso obligatorio?,"En el curso Administración y Estrategia de Proyectos I de la Maestría en Gerencia de Tecnologías de la Información, ¿Es un curso obligatorio?

Responde únicamente con 'Sí' o 'No'.",No,No,2.35,Administración y Estrategia de Proyectos I,MC1203,
qwen2.5-3b,binary,¿Es la asistencia obligatoria?,"En el curso Administración y Estrategia de Proyectos I de la Maestría en Gerencia de Tecnologías de la Información, ¿Es la asistencia obligatoria?

Responde únicamente con 'Sí' o 'No'.",Sí,Sí,2.37,Administración y Estrategia de Proyectos I,MC1203,
qwen2.5-3b,binary,¿Es requisito para el curso de Administración y Estrategia de Proyectos II?,"En el curso Administración y Estrategia de Proyectos I de la Maestría en Gerencia de Tecnologías de la Información, ¿Es requisito para el curso de Administración y Estrategia de Proyectos II?

Responde únicamente con 'Sí' o 'No'.",Sí,No,2.35,Administración y Estrategia de Proyectos I,MC1203,
qwen2.5-3b,binary,¿Permite el curso la suficiencia?,"En el curso Administración y Estrategia de Proyectos I de la Maestría en Gerencia de Tecnologías de la Información, ¿Permite el curso la suficiencia?

Responde únicamente con 'Sí' o 'No'.",No,No,2.35,Administración y Estrategia de Proyectos I,MC1203,
qwen2.5-3b,binary,¿Existe la posibilidad de reconocimiento?,"En el curso Administración y Estrategia de Proyectos I de la Maestría en Gerencia de Tecnologías de la Información, ¿Existe la posibilidad de reconocimiento?

Responde únicamente con 'Sí' o 'No'.",Sí,Sí,2.39,Administración y Estrategia de Proyectos I,MC1203,
qwen2.5-3b,binary,¿La resolución de casos prácticos vale un 25%?,"En el curso Administración y Estrategia de Proyectos I de la Maestría en Gerencia de Tecnologías de la Información, ¿La resolución de casos prácticos vale un 25%?

Responde únicamente con 'Sí' o 'No'.",Sí,No,2.37,Administración y Estrategia de Proyectos I,MC1203,
qwen2.5-3b,binary,¿Es un curso obligatorio?,"En el curso Planificación Estratégica de TI de la Maestría en Gerencia de Tecnologías de la Información, ¿Es un curso obligatorio?

Responde únicamente con 'Sí' o 'No'.",Sí,No,2.39,Planificación Estratégica de TI,MC2301,
qwen2.5-3b,binary,¿Es la asistencia obligatoria?,"En el curso Planificación Estratégica de TI de la Maestría en Gerencia de Tecnologías de la Información, ¿Es la asistencia obligatoria?

Responde únicamente con 'Sí' o 'No'.",Sí,Sí,2.41,Planificación Estratégica de TI,MC2301,
qwen2.5-3b,binary,¿Se reprueba el curso con 4 faltas de asistencia injustificadas?,"En el curso Planificación Estratégica de TI de la Maestría en Gerencia de Tecnologías de la Información, ¿Se reprueba el curso con 4 faltas de asistencia injustificadas?

Responde únicamente con 'Sí' o 'No'.",Sí,No,2.4,Planificación Estratégica de TI,MC2301,
qwen2.5-3b,binary,¿Existe la posibilidad de suficiencia?,"En el curso Planificación Estratégica de TI de la Maestría en Gerencia de Tecnologías de la Información, ¿Existe la posibilidad de suficiencia?

Responde únicamente con 'Sí' o 'No'.",No,No,2.41,Planificación Estratégica de TI,MC2301,
qwen2.5-3b,binary,¿Se permite el reconocimiento del curso?,"En el curso Planificación Estratégica de TI de la Maestría en Gerencia de Tecnologías de la Información, ¿Se permite el reconocimiento del curso?

Responde únicamente con 'Sí' o 'No'.",No,No,2.4,Planificación Estratégica de TI,MC2301,
qwen2.5-3b,binary,¿La resolución de casos vale un 40% de la nota?,"En el curso Planificación Estratégica de TI de la Maestría en Gerencia de Tecnologías de la Información, ¿La resolución de casos vale un 40% de la nota?

Responde únicamente con 'Sí' o 'No'.",Sí,No,2.39,Planificación Estratégica de TI,MC2301,
qwen2.5-3b,binary,¿Es un curso electivo?,"En el curso Teoría de Autómatas de la Maestría en Computación, ¿Es un curso electivo?

Responde únicamente con 'Sí' o 'No'.",No,No,2.39,Teoría de Autómatas,MC6003,
qwen2.5-3b,binary,¿Es la asistencia obligatoria?,"En el curso Teoría de Autómatas de la Maestría en Computación, ¿Es la asistencia obligatoria?

Responde únicamente con 'Sí' o 'No'.",Sí,Sí,2.41,Teoría de Autómatas,MC6003,
qwen2.5-3b,binary,¿Se permite la suficiencia?,"En el curso Teoría de Autómatas de la Maestría en Computación, ¿Se permite la suficiencia?

Responde únicamente con 'Sí' o 'No'.",Sí,No,2.38,Teoría de Autómatas,MC6003,
qwen2.5-3b,binary,¿Es posible el reconocimiento del curso?,"En el curso Teoría de Autómatas de la Maestría en Computación, ¿Es posible el reconocimiento del curso?

Responde únicamente con 'Sí' o 'No'.",Sí,Sí,2.41,Teoría de Autómatas,MC6003,
qwen2.5-3b,binary,¿Tiene requisitos previos?,"En el curso Teoría de Autómatas de la Maestría en Computación, ¿Tiene requisitos previos?

Responde únicamente con 'Sí' o 'No'.",No,No,2.38,Teoría de Autómatas,MC6003,
qwen2.5-3b,binary,¿El examen final vale el 30%?,"En el curso Teoría de Autómatas de la Maestría en Computación, ¿El examen final vale el 30%?

Responde únicamente con 'Sí' o 'No'.",Sí,No,2.37,Teoría de Autómatas,MC6003,
qwen2.5-3b,binary,¿Es un curso electivo?,"En el curso Sistemas Operativos Avanzados de la Maestría en Computación, ¿Es un curso electivo?

Responde únicamente con 'Sí' o 'No'.",No,Sí,2.38,Sistemas Operativos Avanzados,MC6004,
qwen2.5-3b,binary,¿Es la asistencia obligatoria?,"En el curso Sistemas Operativos Avanzados de la Maestría en Computación, ¿Es la asistencia obligatoria?

Responde únicamente con 'Sí' o 'No'.",Sí,Sí,2.37,Sistemas Operativos Avanzados,MC6004,
qwen2.5-3b,binary,"¿Es requisito para ""Redes de Computadores Avanzadas""?","En el curso Sistemas Operativos Avanzados de la Maestría en Computación, ¿Es requisito para ""Redes de Computadores Avanzadas""?

Responde únicamente con 'Sí' o 'No'.",Sí,No,2.35,Sistemas Operativos Avanzados,MC6004,
qwen2.5-3b,binary,¿Permite el curso la suficiencia?,"En el curso Sistemas Operativos Avanzados de la Maestría en Computación, ¿Permite el curso la suficiencia?

Responde únicamente con 'Sí' o 'No'.",Sí,No,2.35,Sistemas Operativos Avanzados,MC6004,
qwen2.5-3b,binary,¿Se permite el reconocimiento?,"En el curso Sistemas Operativos Avanzados de la Maestría en Computación, ¿Se permite el reconocimiento?

Responde únicamente con 'Sí' o 'No'.",Sí,No,2.34,Sistemas Operativos Avanzados,MC6004,
qwen2.5-3b,binary,¿Los proyectos programados valen un 30%?,"En el curso Sistemas Operativos Avanzados de la Maestría en Computación, ¿Los proyectos programados valen un 30%?

Responde únicamente con 'Sí' o 'No'.",Sí,Sí,2.37,Sistemas Operativos Avanzados,MC6004,
qwen2.5-3b,binary,¿Es un curso electivo?,"En el curso Análisis de Algoritmos de la Maestría en Computación, ¿Es un curso electivo?

Responde únicamente con 'Sí' o 'No'.",No,Sí,2.36,Análisis de Algoritmos,MC6102,
qwen2.5-3b,binary,¿Es la asistencia obligatoria?,"En el curso Análisis de Algoritmos de la Maestría en Computación, ¿Es la asistencia obligatoria?

Responde únicamente con 'Sí' o 'No'.",Sí,Sí,2.36,Análisis de Algoritmos,MC6102,
qwen2.5-3b,binary,¿Existe la posibilidad de suficiencia?,"En el curso Análisis de Algoritmos de la Maestría en Computación, ¿Existe la posibilidad de suficiencia?

Responde únicamente con 'Sí' o 'No'.",Sí,No,2.34,Análisis de Algoritmos,MC6102,
qwen2.5-3b,binary,¿Se permite el reconocimiento del curso?,"En el curso Análisis de Algoritmos de la Maestría en Computación, ¿Se permite el reconocimiento del curso?

Responde únicamente con 'Sí' o 'No'.",Sí,No,2.34,Análisis de Algoritmos,MC6102,
qwen2.5-3b,binary,¿Las tareas e investigaciones valen el 50% de la nota?,"En el curso Análisis de Algoritmos de la Maestría en Computación, ¿Las tareas e investigaciones valen el 50% de la nota?

Responde únicamente con 'Sí' o 'No'.",Sí,No,2.35,Análisis de Algoritmos,MC6102,
qwen2.5-3b,binary,¿Se imparte el curso los martes por la noche?,"En el curso Análisis de Algoritmos de la Maestría en Computación, ¿Se imparte el curso los martes por la noche?

Responde únicamente con 'Sí' o 'No'.",Sí,No,2.35,Análisis de Algoritmos,MC6102,
qwen2.5-3b,binary,¿Es este un curso electivo?,"En el curso Diseño de Experimentos de la Maestría en Computación, ¿Es este un curso electivo?

Responde únicamente con 'Sí' o 'No'.",Sí,Sí,2.38,Diseño de Experimentos,MC6104,
qwen2.5-3b,binary,¿Es la asistencia obligatoria?,"En el curso Diseño de Experimentos de la Maestría en Computación, ¿Es la asistencia obligatoria?

Responde únicamente con 'Sí' o 'No'.",Sí,Sí,2.38,Diseño de Experimentos,MC6104,
qwen2.5-3b,binary,¿Se permite la suficiencia?,"En el curso Diseño de Experimentos de la Maestría en Computación, ¿Se permite la suficiencia?

Responde únicamente con 'Sí' o 'No'.",No,No,2.37,Diseño de Experimentos,MC6104,
qwen2.5-3b,binary,¿Es posible el reconocimiento del curso?,"En el curso Diseño de Experimentos de la Maestría en Computación, ¿Es posible el reconocimiento del curso?

Responde únicamente con 'Sí' o 'No'.",No,No,2.38,Diseño de Experimentos,MC6104,
qwen2.5-3b,binary,¿Requiere conocimientos previos de Probabilidades?,"En el curso Diseño de Experimentos de la Maestría en Computación, ¿Requiere conocimientos previos de Probabilidades?

Responde únicamente con 'Sí' o 'No'.",Sí,Sí,2.4,Diseño de Experimentos,MC6104,
qwen2.5-3b,binary,¿La presentación oral tiene un valor del 5%?,"En el curso Diseño de Experimentos de la Maestría en Computación, ¿La presentación oral tiene un valor del 5%?

Responde únicamente con 'Sí' o 'No'.",Sí,No,2.4,Diseño de Experimentos,MC6104,
qwen2.5-3b,binary,¿Es un curso electivo?,"En el curso Introducción a la Investigación de la Maestría en Computación, ¿Es un curso electivo?

Responde únicamente con 'Sí' o 'No'.",No,Sí,2.42,Introducción a la Investigación,MC7201,
qwen2.5-3b,binary,¿Es la asistencia obligatoria?,"En el curso Introducción a la Investigación de la Maestría en Computación, ¿Es la asistencia obligatoria?

Responde únicamente con 'Sí' o 'No'.",Sí,Sí,2.42,Introducción a la Investigación,MC7201,
qwen2.5-3b,binary,¿Permite el curso la suficiencia?,"En el curso Introducción a la Investigación de la Maestría en Computación, ¿Permite el curso la suficiencia?

Responde únicamente con 'Sí' o 'No'.",Sí,No,2.4,Introducción a la Investigación,MC7201,
qwen2.5-3b,binary,¿Es posible el reconocimiento?,"En el curso Introducción a la Investigación de la Maestría en Computación, ¿Es posible el reconocimiento?

Responde únicamente con 'Sí' o 'No'.",Sí,No,2.41,Introducción a la Investigación,MC7201,
qwen2.5-3b,binary,"¿Es ""Tema Selecto de Investigación"" un correquisito?","En el curso Introducción a la Investigación de la Maestría en Computación, ¿Es ""Tema Selecto de Investigación"" un correquisito?

Responde únicamente con 'Sí' o 'No'.",Sí,No,2.4,Introducción a la Investigación,MC7201,
qwen2.5-3b,binary,¿La presentación tiene un valor del 25%?,"En el curso Introducción a la Investigación de la Maestría en Computación, ¿La presentación tiene un valor del 25%?

Responde únicamente con 'Sí' o 'No'.",Sí,Sí,2.41,Introducción a la Investigación,MC7201,
qwen2.5-3b,short_answer,¿Cuántos créditos tiene el curso?,"En el curso Análisis de Datos en Ciberseguridad de la Maestría en Ciberseguridad, ¿Cuántos créditos tiene el curso?

Da una respuesta breve y directa, en una sola frase.",4 créditos,El curso Análisis de Datos en Ciberseguridad tiene 4 créditos.,2.67,Análisis de Datos en Ciberseguridad,MC1001,
qwen2.5-3b,short_answer,¿En qué trimestre del plan de estudios se ubica?,"En el curso Análisis de Datos en Ciberseguridad de la Maestría en Ciberseguridad, ¿En qué trimestre del plan de estudios se ubica?

Da una respuesta breve y directa, en una sola frase.",Tercer trimestre,El curso Análisis de Datos en Ciberseguridad se ubica en el tercer trimestre del plan de estudios de la Maestría en Ciberseguridad.,2.95,Análisis de Datos en Ciberseguridad,MC1001,
qwen2.5-3b,short_answer,¿Qué porcentaje de la nota final representan los laboratorios?,"En el curso Análisis de Datos en Ciberseguridad de la Maestría en Ciberseguridad, ¿Qué porcentaje de la nota final representan los laboratorios?

Da una respuesta breve y directa, en una sola frase.",75%,Los laboratorios representan 75% de la nota final en el curso Análisis de Datos en Ciberseguridad.,2.82,Análisis de Datos en Ciberseguridad,MC1001,
qwen2.5-3b,short_answer,¿Permite el curso la modalidad de suficiencia?,"En el curso Análisis de Datos en Ciberseguridad de la Maestría en Ciberseguridad, ¿Permite el curso la modalidad de suficiencia?

Da una respuesta breve y directa, en una sola frase.",Sí,"El curso permite la modalidad de suficiencia, sí.",2.57,Análisis de Datos en Ciberseguridad,MC1001,
qwen2.5-3b,short_answer,¿Cuál es la vigencia del programa?,"En el curso Análisis de Datos en Ciberseguridad de la Maestría en Ciberseguridad, ¿Cuál es la vigencia del programa?

Da una respuesta breve y directa, en una sola frase.",2023,La vigencia del programa para el curso Análisis de Datos en Ciberseguridad es 2023.,2.77,Análisis de Datos en Ciberseguridad,MC1001,
qwen2.5-3b,short_answer,¿Qué porcentaje de la evaluación corresponde a la resolución de casos de estudio?,"En el curso Análisis de Datos en Ciberseguridad de la Maestría en Ciberseguridad, ¿Qué porcentaje de la evaluación corresponde a la resolución de casos de estudio?

Da una respuesta breve y directa, en una sola frase.",20%,40% corresponde a la resolución de casos de estudio.,2.59,Análisis de Datos en Ciberseguridad,MC1001,
qwen2.5-3b,short_answer,¿En qué trimestre se imparte esta materia?,"En el curso Seguridad y Criptografía de la Maestría en Ciberseguridad, ¿En qué trimestre se imparte esta materia?

Da una respuesta breve y directa, en una sola frase.",Cuarto trimestre,El curso Seguridad y Criptografía se imparte en el cuarto trimestre de la Maestría en Ciberseguridad.,2.82,Seguridad y Criptografía,MC1003,
qwen2.5-3b,short_answer,¿De qué curso de Blockchain es requisito esta materia?,"En el curso Seguridad y Criptografía de la Maestría en Ciberseguridad, ¿De qué curso de Blockchain es requisito esta materia?

Da una respuesta breve y directa, en una sola frase.",MC4001 Blockchain y Ledger Distribuidos,"El curso de Seguridad y Criptografía no es requisito de ningún curso específico, incluido el de Blockchain y Ledger Distribuidos.",2.82,Seguridad y Criptografía,MC1003,
qwen2.5-3b,short_answer,¿Qué porcentaje de la nota corresponde al examen final?,"En el curso Seguridad y Criptografía de la Maestría en Ciberseguridad, ¿Qué porcentaje de la nota corresponde al examen final?

Da una respuesta breve y directa, en una sola frase.",30%,30%,2.41,Seguridad y Criptografía,MC1003,
qwen2.5-3b,short_answer,¿Cuántas horas de clase por semana tiene el curso?,"En el curso Seguridad y Criptografía de la Maestría en Ciberseguridad, ¿Cuántas horas de clase por semana tiene el curso?

Da una respuesta breve y directa, en una sola frase.",4 horas,El curso Seguridad y Criptografía tiene 4 horas de clase por semana.,2.64,Seguridad y Criptografía,MC1003,
qwen2.5-3b,short_answer,"¿Quiénes son los autores del ""Handbook of applied cryptography"" incluido en la bibliografía?","En el curso Seguridad y Criptografía de la Maestría en Ciberseguridad, ¿Quiénes son los autores del ""Handbook of applied cryptography"" incluido en la bibliografía?

Da una respuesta breve y directa, en una sola frase.","Menezes, Van Oorschot y Vanstone","A.J. Menezes, P.C. van Oorschot, e S.A. Vanstone são os autores do ""Handbook of applied cryptography"" citado na bibliografia do curso.",3.02,Seguridad y Criptografía,MC1003,
qwen2.5-3b,short_answer,¿Qué porcentaje de la calificación representan las tareas?,"En el curso Seguridad y Criptografía de la Maestría en Ciberseguridad, ¿Qué porcentaje de la calificación representan las tareas?

Da una respuesta breve y directa, en una sola frase.",50%,50% da la representación de tareas en la calificación del curso Seguridad y Criptografía.,2.73,Seguridad y Criptografía,MC1003,
qwen2.5-3b,short_answer,¿Permite este curso la posibilidad de reconocimiento?,"En el curso Políticas y Gobernanza en Ciberseguridad de la Maestría en Ciberseguridad, ¿Permite este curso la posibilidad de reconocimiento?

Da una respuesta breve y directa, en una sola frase.",No,"Sí, permite la posibilidad de reconocimiento.",2.55,Políticas y Gobernanza en Ciberseguridad,MC1006,
qwen2.5-3b,short_answer,¿Qué porcentaje de la nota final representa el estudio de casos?,"En el curso Políticas y Gobernanza en Ciberseguridad de la Maestría en Ciberseguridad, ¿Qué porcentaje de la nota final representa el estudio de casos?

Da una respuesta breve y directa, en una sola frase.",40%,40%,2.43,Políticas y Gobernanza en Ciberseguridad,MC1006,
qwen2.5-3b,short_answer,¿En qué trimestre se ubica el curso?,"En el curso Políticas y Gobernanza en Ciberseguridad de la Maestría en Ciberseguridad, ¿En qué trimestre se ubica el curso?

Da una respuesta breve y directa, en una sola frase.",Primer trimestre,El curso Políticas y Gobernanza en Ciberseguridad se ubica en el primer trimestre del programa de Maestría en Ciberseguridad.,2.95,Políticas y Gobernanza en Ciberseguridad,MC1006,
qwen2.5-3b,short_answer,¿Qué porcentaje de la nota corresponde a la investigación bibliográfica?,"En el curso Políticas y Gobernanza en Ciberseguridad de la Maestría en Ciberseguridad, ¿Qué porcentaje de la nota corresponde a la investigación bibliográfica?

Da una respuesta breve y directa, en una sola frase.",20%,40%,2.44,Políticas y Gobernanza en Ciberseguridad,MC1006,
qwen2.5-3b,short_answer,¿Cuál es la vigencia de este programa?,"En el curso Políticas y Gobernanza en Ciberseguridad de la Maestría en Ciberseguridad, ¿Cuál es la vigencia de este programa?

Da una respuesta breve y directa, en una sola frase.",2023,La vigencia del programa para el curso Políticas y Gobernanza en Ciberseguridad es 2023.,2.85,Políticas y Gobernanza en Ciberseguridad,MC1006,
qwen2.5-3b,short_answer,¿Cuántas horas extraclase por semana se requieren?,"En el curso Políticas y Gobernanza en Ciberseguridad de la Maestría en Ciberseguridad, ¿Cuántas horas extraclase por semana se requieren?

Da una respuesta breve y directa, en una sola frase.",14 horas,14 horas extraclase por semana,2.54,Políticas y Gobernanza en Ciberseguridad,MC1006,
qwen2.5-3b,short_answer,¿En qué área del plan de estudios se ubica este curso?,"En el curso Seguridad de Software Avanzado de la Maestría en Ciberseguridad, ¿En qué área del plan de estudios se ubica este curso?

Da una respuesta breve y directa, en una sola frase.",Área de tópicos electivos profesionalizantes,El curso Seguridad de Software Avanzado se ubica en el área de tópicos electivos profesionales del plan de estudios de la Maestría en Ciberseguridad.,3.05,Seguridad de Software Avanzado,MC3001,
qwen2.5-3b,short_answer,¿Permite el curso la modalidad de suficiencia?,"En el curso Seguridad de Software Avanzado de la Maestría en Ciberseguridad, ¿Permite el curso la modalidad de suficiencia?

Da una respuesta breve y directa, en una sola frase.",No,"No, el curso no permite la modalidad de suficiencia.",2.62,Seguridad de Software Avanzado,MC3001,
qwen2.5-3b,short_answer,¿Qué porcentaje de la nota valen las tareas programadas?,"En el curso Seguridad de Software Avanzado de la Maestría en Ciberseguridad, ¿Qué porcentaje de la nota valen las tareas programadas?

Da una respuesta breve y directa, en una sola frase.",40%,40% del total de la nota vale asimismo la participação en tareas programadas.,2.72,Seguridad de Software Avanzado,MC3001,
qwen2.5-3b,short_answer,¿De qué curso de defensa y ataque es requisito esta materia?,"En el curso Seguridad de Software Avanzado de la Maestría en Ciberseguridad, ¿De qué curso de defensa y ataque es requisito esta materia?

Da una respuesta breve y directa, en una sola frase.",MC3006 Defensa y Ataque de Sistemas,El curso de Defensa y Ataque de Sistemas es requisito de Seguridad de Software Avanzado en la Maestría en Ciberseguridad.,2.94,Seguridad de Software Avanzado,MC3001,
qwen2.5-3b,short_answer,¿Qué porcentaje de la nota final corresponde al examen final?,"En el curso Seguridad de Software Avanzado de la Maestría en Ciberseguridad, ¿Qué porcentaje de la nota final corresponde al examen final?

Da una respuesta breve y directa, en una sola frase.",30%,30%,2.45,Seguridad de Software Avanzado,MC3001,
qwen2.5-3b,short_answer,¿Cuál es el valor porcentual del reporte de lecturas?,"En el curso Seguridad de Software Avanzado de la Maestría en Ciberseguridad, ¿Cuál es el valor porcentual del reporte de lecturas?

Da una respuesta breve y directa, en una sola frase.",10%,20%,2.45,Seguridad de Software Avanzado,MC3001,
qwen2.5-3b,short_answer,¿Es este curso obligatorio o electivo?,"En el curso Cibercrimen de la Maestría en Ciberseguridad, ¿Es este curso obligatorio o electivo?

Da una respuesta breve y directa, en una sola frase.",Electivo,El curso Cibercrimen es electivo en la Maestría en Ciberseguridad.,2.74,Cibercrimen,MC3010,
qwen2.5-3b,short_answer,¿Permite la posibilidad de reconocimiento?,"En el curso Cibercrimen de la Maestría en Ciberseguridad, ¿Permite la posibilidad de reconocimiento?

Da una respuesta breve y directa, en una sola frase.",No,No,2.42,Cibercrimen,MC3010,
qwen2.5-3b,short_answer,¿Qué porcentaje de la nota final representa la investigación?,"En el curso Cibercrimen de la Maestría en Ciberseguridad, ¿Qué porcentaje de la nota final representa la investigación?

Da una respuesta breve y directa, en una sola frase.",40%,25% representa la nota final de la pesquisa para el curso Cibercrimen.,2.68,Cibercrimen,MC3010,
qwen2.5-3b,short_answer,¿Qué porcentaje de la evaluación corresponde al estudio de casos?,"En el curso Cibercrimen de la Maestría en Ciberseguridad, ¿Qué porcentaje de la evaluación corresponde al estudio de casos?

Da una respuesta breve y directa, en una sola frase.",40%,20% corresponde al estudio de casos en la evaluación del curso Cibercrimen.,2.7,Cibercrimen,MC3010,
qwen2.5-3b,short_answer,¿Qué software específico se menciona en los contenidos para el análisis de datos?,"En el curso Cibercrimen de la Maestría en Ciberseguridad, ¿Qué software específico se menciona en los contenidos para el análisis de datos?

Da una respuesta breve y directa, en una sola frase.",SPSS,No se menciona ningún software específico para el análisis de datos en los contenidos del curso Cibercrimen.,2.74,Cibercrimen,MC3010,
qwen2.5-3b,short_answer,¿Qué porcentaje de la nota representan las pruebas cortas o comprobaciones?,"En el curso Cibercrimen de la Maestría en Ciberseguridad, ¿Qué porcentaje de la nota representan las pruebas cortas o comprobaciones?

Da una respuesta breve y directa, en una sola frase.",20%,Las pruebas cortas o comprobaciones representan 20% da la nota.,2.67,Cibercrimen,MC3010,
qwen2.5-3b,short_answer,¿En qué año se aprobó y actualizó este programa?,"En el curso Sistemas Estratégicos Empresariales de la Maestría en Gerencia de Tecnologías de la Información, ¿En qué año se aprobó y actualizó este programa?

Da una respuesta breve y directa, en una sola frase.",2025,El programa se aprobó y actualizó en el año 2025.,2.66,Sistemas Estratégicos Empresariales,MC1101,
qwen2.5-3b,short_answer,¿Qué porcentaje de la nota final es la investigación en sistema empresarial?,"En el curso Sistemas Estratégicos Empresariales de la Maestría en Gerencia de Tecnologías de la Información, ¿Qué porcentaje de la nota final es la investigación en sistema empresarial?

Da una respuesta breve y directa, en una sola frase.",40%,40%,2.4,Sistemas Estratégicos Empresariales,MC1101,
qwen2.5-3b,short_answer,¿En qué semestre del programa se ubica este curso?,"En el curso Sistemas Estratégicos Empresariales de la Maestría en Gerencia de Tecnologías de la Información, ¿En qué semestre del programa se ubica este curso?

Da una respuesta breve y directa, en una sola frase.",I semestre,El curso Sistemas Estratégicos Empresariales se ubica en el primer semestre del programa de Maestría en Gerencia de Tecnologías de la Información.,2.98,Sistemas Estratégicos Empresariales,MC1101,
qwen2.5-3b,short_answer,¿Qué porcentaje total suman los dos exámenes parciales?,"En el curso Sistemas Estratégicos Empresariales de la Maestría en Gerencia de Tecnologías de la Información, ¿Qué porcentaje total suman los dos exámenes parciales?

Da una respuesta breve y directa, en una sola frase.",40%,40% suman los dos exámenes parciales en el curso Sistemas Estratégicos Empresariales.,2.81,Sistemas Estratégicos Empresariales,MC1101,
qwen2.5-3b,short_answer,¿Cuántas horas de clase por semana tiene la materia?,"En el curso Sistemas Estratégicos Empresariales de la Maestría en Gerencia de Tecnologías de la Información, ¿Cuántas horas de clase por semana tiene la materia?

Da una respuesta breve y directa, en una sola frase.",3 horas,El curso Sistemas Estratégicos Empresariales tiene 3 horas de clase por semana para la Maestría en Gerencia de Tecnologías de la Información.,2.97,Sistemas Estratégicos Empresariales,MC1101,
qwen2.5-3b,short_answer,¿Quién es el autor de los artículos sobre las cinco fuerzas competitivas citados?,"En el curso Sistemas Estratégicos Empresariales de la Maestría en Gerencia de Tecnologías de la Información, ¿Quién es el autor de los artículos sobre las cinco fuerzas competitivas citados?

Da una respuesta breve y directa, en una sola frase.",Michael Porter,Los artículos sobre las cinco fuerzas competitivas citados no mencionan un autor específico en el documento proporcionado.,2.77,Sistemas Estratégicos Empresariales,MC1101,
qwen2.5-3b,short_answer,¿Permite este curso la suficiencia?,"En el curso Gerencia de Tecnología de Información de la Maestría en Gerencia de Tecnologías de la Información, ¿Permite este curso la suficiencia?

Da una respuesta breve y directa, en una sola frase.",No,Permitir la suficiencia no es mencionado en los requisitos del curso MC1103.,2.78,Gerencia de Tecnología de Información,MC1103,
qwen2.5-3b,short_answer,¿En qué semestre del programa se ubica (indicado como código)?,"En el curso Gerencia de Tecnología de Información de la Maestría en Gerencia de Tecnologías de la Información, ¿En qué semestre del programa se ubica (indicado como código)?

Da una respuesta breve y directa, en una sola frase.",P4 semestre,"El curso Gerencia de Tecnología de Información está en el código p4, lo que indica que se ubica en el cuarto semestre del programa.",2.92,Gerencia de Tecnología de Información,MC1103,
qwen2.5-3b,short_answer,¿Qué porcentaje de la evaluación corresponde al estudio de casos?,"En el curso Gerencia de Tecnología de Información de la Maestría en Gerencia de Tecnologías de la Información, ¿Qué porcentaje de la evaluación corresponde al estudio de casos?

Da una respuesta breve y directa, en una sola frase.",40%,40% corresponde al estudio de casos en el curso Gerencia de Tecnología de Información.,2.74,Gerencia de Tecnología de Información,MC1103,
qwen2.5-3b,short_answer,¿Qué porcentaje de la nota es la investigación bibliográfica y exposición?,"En el curso Gerencia de Tecnología de Información de la Maestría en Gerencia de Tecnologías de la Información, ¿Qué porcentaje de la nota es la investigación bibliográfica y exposición?

Da una respuesta breve y directa, en una sola frase.",20%,20%,2.45,Gerencia de Tecnología de Información,MC1103,
qwen2.5-3b,short_answer,¿Cuántas horas extraclase se requieren semanalmente?,"En el curso Gerencia de Tecnología de Información de la Maestría en Gerencia de Tecnologías de la Información, ¿Cuántas horas extraclase se requieren semanalmente?

Da una respuesta breve y directa, en una sola frase.",9 horas,9 horas extraclase semanalmente,2.53,Gerencia de Tecnología de Información,MC1103,
qwen2.5-3b,short_answer,¿Es posible el reconocimiento del curso?,"En el curso Gerencia de Tecnología de Información de la Maestría en Gerencia de Tecnologías de la Información, ¿Es posible el reconocimiento del curso?

Da una respuesta breve y directa, en una sola frase.",No,"Sí, es posible el reconocimiento del curso.",2.57,Gerencia de Tecnología de Información,MC1103,
qwen2.5-3b,short_answer,¿Permite este curso la posibilidad de reconocimiento?,"En el curso Administración Financiera de TI de la Maestría en Gerencia de Tecnologías de la Información, ¿Permite este curso la posibilidad de reconocimiento?

Da una respuesta breve y directa, en una sola frase.",Sí,"Sí, permite la posibilidad de reconocimiento.",2.57,Administración Financiera de TI,MC1201,
qwen2.5-3b,short_answer,¿En qué semestre se ubica la materia?,"En el curso Administración Financiera de TI de la Maestría en Gerencia de Tecnologías de la Información, ¿En qué semestre se ubica la materia?

Da una respuesta breve y directa, en una sola frase.",2do semestre,El curso Administración Financiera de TI se ubica en el segundo semestre del programa de Maestría en Gerencia de Tecnologías de la Información.,2.98,Administración Financiera de TI,MC1201,
qwen2.5-3b,short_answer,¿Qué porcentaje total de la nota suman los dos exámenes parciales?,"En el curso Administración Financiera de TI de la Maestría en Gerencia de Tecnologías de la Información, ¿Qué porcentaje total de la nota suman los dos exámenes parciales?

Da una respuesta breve y directa, en una sola frase.",50%,20% + 25% = 45%,2.6,Administración Financiera de TI,MC1201,
qwen2.5-3b,short_answer,¿Qué porcentaje de la evaluación corresponde a la investigación bibliográfica?,"En el curso Administración Financiera de TI de la Maestría en Gerencia de Tecnologías de la Información, ¿Qué porcentaje de la evaluación corresponde a la investigación bibliográfica?

Da una respuesta breve y directa, en una sola frase.",20%,20%,2.43,Administración Financiera de TI,MC1201,
qwen2.5-3b,short_answer,¿Qué porcentaje de la nota representan las comprobaciones de lectura?,"En el curso Administración Financiera de TI de la Maestría en Gerencia de Tecnologías de la Información, ¿Qué porcentaje de la nota representan las comprobaciones de lectura?

Da una respuesta breve y directa, en una sola frase.",15%,40% representa las comprobaciones de lectura en la nota total.,2.64,Administración Financiera de TI,MC1201,
qwen2.5-3b,short_answer,¿Permite el curso la suficiencia?,"En el curso Administración Financiera de TI de la Maestría en Gerencia de Tecnologías de la Información, ¿Permite el curso la suficiencia?

Da una respuesta breve y directa, en una sola frase.",No,El curso de Administración Financiera de TI en la Maestría en Gerencia de Tecnologías de la Información no permite suficiencia.,2.9,Administración Financiera de TI,MC1201,
qwen2.5-3b,short_answer,¿De qué curso de nivel II es requisito esta materia?,"En el curso Administración y Estrategia de Proyectos I de la Maestría en Gerencia de Tecnologías de la Información, ¿De qué curso de nivel II es requisito esta materia?

Da una respuesta breve y directa, en una sola frase.",MC-6204 Administración y estrategia de proyectos II,El curso de Administración y Estrategia de Proyectos I es requisito de MC-6204 Administración y Estrategia de Proyectos II.,2.92,Administración y Estrategia de Proyectos I,MC1203,
qwen2.5-3b,short_answer,¿Cuál es el tipo de curso según los datos generales?,"En el curso Administración y Estrategia de Proyectos I de la Maestría en Gerencia de Tecnologías de la Información, ¿Cuál es el tipo de curso según los datos generales?

Da una respuesta breve y directa, en una sola frase.",Teórico,El tipo de curso en Administración y Estrategia de Proyectos I es Teórico - Práctico.,2.77,Administración y Estrategia de Proyectos I,MC1203,
qwen2.5-3b,short_answer,¿En qué semestre del programa se ubica?,"En el curso Administración y Estrategia de Proyectos I de la Maestría en Gerencia de Tecnologías de la Información, ¿En qué semestre del programa se ubica?

Da una respuesta breve y directa, en una sola frase.",3er semestre,El curso Administración y Estrategia de Proyectos I se ubica en el tercer semestre del programa de Maestría en Gerencia de Tecnologías de la Información.,2.98,Administración y Estrategia de Proyectos I,MC1203,
qwen2.5-3b,short_answer,¿Qué porcentaje de la nota final corresponde a la escritura de dos ensayos individuales?,"En el curso Administración y Estrategia de Proyectos I de la Maestría en Gerencia de Tecnologías de la Información, ¿Qué porcentaje de la nota final corresponde a la escritura de dos ensayos individuales?

Da una respuesta breve y directa, en una sola frase.",30%,20%,2.4,Administración y Estrategia de Proyectos I,MC1203,
qwen2.5-3b,short_answer,¿Qué porcentaje de la evaluación es la resolución de casos prácticos?,"En el curso Administración y Estrategia de Proyectos I de la Maestría en Gerencia de Tecnologías de la Información, ¿Qué porcentaje de la evaluación es la resolución de casos prácticos?

Da una respuesta breve y directa, en una sola frase.",25%,20%,2.4,Administración y Estrategia de Proyectos I,MC1203,
qwen2.5-3b,short_answer,¿Qué porcentaje de la nota vale la investigación sobre un tema seleccionado?,"En el curso Administración y Estrategia de Proyectos I de la Maestría en Gerencia de Tecnologías de la Información, ¿Qué porcentaje de la nota vale la investigación sobre un tema seleccionado?

Da una respuesta breve y directa, en una sola frase.",25%,25%,2.4,Administración y Estrategia de Proyectos I,MC1203,
qwen2.5-3b,short_answer,¿Con cuántas faltas de asistencia injustificadas se reprueba el curso?,"En el curso Planificación Estratégica de TI de la Maestría en Gerencia de Tecnologías de la Información, ¿Con cuántas faltas de asistencia injustificadas se reprueba el curso?

Da una respuesta breve y directa, en una sola frase.",4 faltas,El curso se reprueba con 4 faltas de asistencia injustificadas.,2.66,Planificación Estratégica de TI,MC2301,
qwen2.5-3b,short_answer,¿Qué porcentaje de la nota final representa la resolución de casos?,"En el curso Planificación Estratégica de TI de la Maestría en Gerencia de Tecnologías de la Información, ¿Qué porcentaje de la nota final representa la resolución de casos?

Da una respuesta breve y directa, en una sola frase.",40%,20%,2.41,Planificación Estratégica de TI,MC2301,
qwen2.5-3b,short_answer,¿Cuántos minutos después de la hora oficial de entrada se consideran para marcar ausencia?,"En el curso Planificación Estratégica de TI de la Maestría en Gerencia de Tecnologías de la Información, ¿Cuántos minutos después de la hora oficial de entrada se consideran para marcar ausencia?

Da una respuesta breve y directa, en una sola frase.",30 minutos,30 minutos después da lugar à ausência.,2.52,Planificación Estratégica de TI,MC2301,
qwen2.5-3b,short_answer,¿Qué porcentaje de la evaluación corresponde a la investigación bibliográfica?,"En el curso Planificación Estratégica de TI de la Maestría en Gerencia de Tecnologías de la Información, ¿Qué porcentaje de la evaluación corresponde a la investigación bibliográfica?

Da una respuesta breve y directa, en una sola frase.",20%,20%,2.41,Planificación Estratégica de TI,MC2301,
qwen2.5-3b,short_answer,¿Permite el curso la suficiencia?,"En el curso Planificación Estratégica de TI de la Maestría en Gerencia de Tecnologías de la Información, ¿Permite el curso la suficiencia?

Da una respuesta breve y directa, en una sola frase.",No,"El curso permite suficiencia, aunque no se especifica si es necesaria.",2.63,Planificación Estratégica de TI,MC2301,
qwen2.5-3b,short_answer,"¿Qué porcentaje de la nota representan las pruebas cortas, comprobaciones y ensayos?","En el curso Planificación Estratégica de TI de la Maestría en Gerencia de Tecnologías de la Información, ¿Qué porcentaje de la nota representan las pruebas cortas, comprobaciones y ensayos?

Da una respuesta breve y directa, en una sola frase.",40%,"Las pruebas cortas, comprobaciones y ensayos representan 40% de la nota.",2.74,Planificación Estratégica de TI,MC2301,
qwen2.5-3b,short_answer,¿En qué periodo del plan de estudios se ubica?,"En el curso Teoría de Autómatas de la Maestría en Computación, ¿En qué periodo del plan de estudios se ubica?

Da una respuesta breve y directa, en una sola frase.",II Periodo,El curso Teoría de Autómatas se ubica en el II Periodo del Plan de Estudios de Maestría en Computación con énfasis en Ciencias de la Computación.,3.05,Teoría de Autómatas,MC6003,
qwen2.5-3b,short_answer,¿Quién es el profesor titular del curso?,"En el curso Teoría de Autómatas de la Maestría en Computación, ¿Quién es el profesor titular del curso?

Da una respuesta breve y directa, en una sola frase.",Erick Mata Montero,El profesor titular del curso Teoría de Autómatas es Dr. Erick Mata Montero.,2.73,Teoría de Autómatas,MC6003,
qwen2.5-3b,short_answer,¿Qué porcentaje de la nota final representa el examen final?,"En el curso Teoría de Autómatas de la Maestría en Computación, ¿Qué porcentaje de la nota final representa el examen final?

Da una respuesta breve y directa, en una sola frase.",30%,30%,2.43,Teoría de Autómatas,MC6003,
qwen2.5-3b,short_answer,¿Cuál es el porcentaje asignado al examen parcial?,"En el curso Teoría de Autómatas de la Maestría en Computación, ¿Cuál es el porcentaje asignado al examen parcial?

Da una respuesta breve y directa, en una sola frase.",20%,20%,2.45,Teoría de Autómatas,MC6003,
qwen2.5-3b,short_answer,¿Permite el curso la modalidad de suficiencia?,"En el curso Teoría de Autómatas de la Maestría en Computación, ¿Permite el curso la modalidad de suficiencia?

Da una respuesta breve y directa, en una sola frase.",Sí,"No, el curso no permite la modalidad de suficiencia.",2.63,Teoría de Autómatas,MC6003,
qwen2.5-3b,short_answer,¿Quiénes son los autores principales del libro de texto base?,"En el curso Teoría de Autómatas de la Maestría en Computación, ¿Quiénes son los autores principales del libro de texto base?

Da una respuesta breve y directa, en una sola frase.",Hopcroft et al.,"Los autores principales del libro de texto base son Hopcroft, Motwani y Ullman.",2.75,Teoría de Autómatas,MC6003,
qwen2.5-3b,short_answer,¿De qué curso de redes es requisito esta materia?,"En el curso Sistemas Operativos Avanzados de la Maestría en Computación, ¿De qué curso de redes es requisito esta materia?

Da una respuesta breve y directa, en una sola frase.",MC-6006 Redes de Computadores Avanzadas,El curso de Sistemas Operativos Avanzados es requisito para el curso de Redes de Computadores Avanzadas en la Maestría en Computación.,2.96,Sistemas Operativos Avanzados,MC6004,
qwen2.5-3b,short_answer,¿Cuál es la duración mínima exigida para la presentación oral?,"En el curso Sistemas Operativos Avanzados de la Maestría en Computación, ¿Cuál es la duración mínima exigida para la presentación oral?

Da una respuesta breve y directa, en una sola frase.",16 minutos,La apresentação oral deve durar entre 16 a 20 minutos.,2.66,Sistemas Operativos Avanzados,MC6004,
qwen2.5-3b,short_answer,¿En qué formato deben confeccionarse los reportes de proyectos y el paper?,"En el curso Sistemas Operativos Avanzados de la Maestría en Computación, ¿En qué formato deben confeccionarse los reportes de proyectos y el paper?

Da una respuesta breve y directa, en una sola frase.",IEEE Transactions,Los reportes de proyectos y el paper deben confeccionarse con LaTeX (formato de IEEE Transactions).,2.75,Sistemas Operativos Avanzados,MC6004,
qwen2.5-3b,short_answer,¿En qué idioma debe estar escrito el paper de investigación?,"En el curso Sistemas Operativos Avanzados de la Maestría en Computación, ¿En qué idioma debe estar escrito el paper de investigación?

Da una respuesta breve y directa, en una sola frase.",Inglés,El paper de investigación debe estar escrito en inglés.,2.56,Sistemas Operativos Avanzados,MC6004,
qwen2.5-3b,short_answer,¿Qué porcentaje total de la nota suman los tres proyectos programados?,"En el curso Sistemas Operativos Avanzados de la Maestría en Computación, ¿Qué porcentaje total de la nota suman los tres proyectos programados?

Da una respuesta breve y directa, en una sola frase.",30%,30%,2.42,Sistemas Operativos Avanzados,MC6004,
qwen2.5-3b,short_answer,¿Quién es el profesor titular del curso?,"En el curso Sistemas Operativos Avanzados de la Maestría en Computación, ¿Quién es el profesor titular del curso?

Da una respuesta breve y directa, en una sola frase.",Dr. Francisco J. Torres-Rojas,Dr. Francisco J. Torres-Rojas,2.51,Sistemas Operativos Avanzados,MC6004,
qwen2.5-3b,short_answer,¿En qué periodo del plan de estudios se imparte?,"En el curso Análisis de Algoritmos de la Maestría en Computación, ¿En qué periodo del plan de estudios se imparte?

Da una respuesta breve y directa, en una sola frase.",I Periodo,El curso Análisis de Algoritmos se imparte en el I Periodo del Plan de Estudios de Maestría en Computación con Énfasis en Ciencias de la Computación.,3.02,Análisis de Algoritmos,MC6102,
qwen2.5-3b,short_answer,¿En qué horario se dictan las clases los martes?,"En el curso Análisis de Algoritmos de la Maestría en Computación, ¿En qué horario se dictan las clases los martes?

Da una respuesta breve y directa, en una sola frase.",6:00 p. m. a 8:50 p. m.,"Así lo indica el cronograma detallado en oito partes del programa do curso MC-6102, donde se especifica que asistencias se considerarán obligatorias e incluirán en la nota final, con calendario de 3 horas lectivas por semana.",3.36,Análisis de Algoritmos,MC6102,
qwen2.5-3b,short_answer,¿Quién es el profesor del curso?,"En el curso Análisis de Algoritmos de la Maestría en Computación, ¿Quién es el profesor del curso?

Da una respuesta breve y directa, en una sola frase.",José E. Araya,El profesor del curso Análisis de Algoritmos es Dr. José E. Araya,2.67,Análisis de Algoritmos,MC6102,
qwen2.5-3b,short_answer,¿Qué porcentaje de la nota final representan las tareas e investigaciones?,"En el curso Análisis de Algoritmos de la Maestría en Computación, ¿Qué porcentaje de la nota final representan las tareas e investigaciones?

Da una respuesta breve y directa, en una sola frase.",50%,50%,2.4,Análisis de Algoritmos,MC6102,
qwen2.5-3b,short_answer,¿Qué porcentaje de la evaluación corresponde a los exámenes parciales?,"En el curso Análisis de Algoritmos de la Maestría en Computación, ¿Qué porcentaje de la evaluación corresponde a los exámenes parciales?

Da una respuesta breve y directa, en una sola frase.",50%,50% corresponde a los exámenes parciales.,2.61,Análisis de Algoritmos,MC6102,
qwen2.5-3b,short_answer,¿Cuál es el libro de texto de carácter obligatorio?,"En el curso Análisis de Algoritmos de la Maestría en Computación, ¿Cuál es el libro de texto de carácter obligatorio?

Da una respuesta breve y directa, en una sola frase.",Fundamentos de Algoritmia de Brassard y Bratley,"El libro de texto obligatorio es ""Fundamentos de Algoritmia"" de Brassard y Bratley.",2.76,Análisis de Algoritmos,MC6102,
qwen2.5-3b,short_answer,¿Es este curso obligatorio o electivo?,"En el curso Diseño de Experimentos de la Maestría en Computación, ¿Es este curso obligatorio o electivo?

Da una respuesta breve y directa, en una sola frase.",Electivo,Este curso es electivo.,2.49,Diseño de Experimentos,MC6104,
qwen2.5-3b,short_answer,¿De qué curso de Seminario de Investigación es requisito?,"En el curso Diseño de Experimentos de la Maestría en Computación, ¿De qué curso de Seminario de Investigación es requisito?

Da una respuesta breve y directa, en una sola frase.",MC-7203 – Seminario de Investigación - Tesis II,El curso Diseño de Experimentos es requisito de Seminario de Investigación - Tesis II na Maestría en Computación.,2.87,Diseño de Experimentos,MC6104,
qwen2.5-3b,short_answer,¿Qué porcentaje de la nota final representan los proyectos?,"En el curso Diseño de Experimentos de la Maestría en Computación, ¿Qué porcentaje de la nota final representan los proyectos?

Da una respuesta breve y directa, en una sola frase.",35%,35% (5% - 10% - 10% - 10%),2.74,Diseño de Experimentos,MC6104,
qwen2.5-3b,short_answer,¿En qué idioma deben escribirse los reportes de los proyectos?,"En el curso Diseño de Experimentos de la Maestría en Computación, ¿En qué idioma deben escribirse los reportes de los proyectos?

Da una respuesta breve y directa, en una sola frase.",Inglés,Los reportes de los proyectos deben escribirse en inglés.,2.61,Diseño de Experimentos,MC6104,
qwen2.5-3b,short_answer,¿Permite el curso la suficiencia?,"En el curso Diseño de Experimentos de la Maestría en Computación, ¿Permite el curso la suficiencia?

Da una respuesta breve y directa, en una sola frase.",No,"No, el curso no permite la suficiencia.",2.58,Diseño de Experimentos,MC6104,
qwen2.5-3b,short_answer,¿Qué porcentaje de la nota corresponde al segundo examen parcial?,"En el curso Diseño de Experimentos de la Maestría en Computación, ¿Qué porcentaje de la nota corresponde al segundo examen parcial?

Da una respuesta breve y directa, en una sola frase.",25%,50%,2.44,Diseño de Experimentos,MC6104,
qwen2.5-3b,short_answer,¿Cuál es el correquisito obligatorio de este curso?,"En el curso Introducción a la Investigación de la Maestría en Computación, ¿Cuál es el correquisito obligatorio de este curso?

Da una respuesta breve y directa, en una sola frase.",MC-7205 Tema Selecto de Investigación,El correquisito obligatorio para este curso es MC-7205 Tema Selecto de Investigación,2.78,Introducción a la Investigación,MC7201,
qwen2.5-3b,short_answer,¿Qué porcentaje de la nota final representa la presentación?,"En el curso Introducción a la Investigación de la Maestría en Computación, ¿Qué porcentaje de la nota final representa la presentación?

Da una respuesta breve y directa, en una sola frase.",25%,25%,2.43,Introducción a la Investigación,MC7201,
qwen2.5-3b,short_answer,¿Qué herramienta es obligatoria para preparar las presentaciones?,"En el curso Introducción a la Investigación de la Maestría en Computación, ¿Qué herramienta es obligatoria para preparar las presentaciones?

Da una respuesta breve y directa, en una sola frase.",Beamer,El Beamer es la herramienta obligatoria para preparar las presentaciones en el curso Introducción a la Investigación.,2.8,Introducción a la Investigación,MC7201,
qwen2.5-3b,short_answer,¿En qué idioma debe escribirse el paper de investigación?,"En el curso Introducción a la Investigación de la Maestría en Computación, ¿En qué idioma debe escribirse el paper de investigación?

Da una respuesta breve y directa, en una sola frase.",Inglés,El paper de investigación debe escribirse en inglés.,2.55,Introducción a la Investigación,MC7201,
qwen2.5-3b,short_answer,¿Quién es el profesor titular del curso?,"En el curso Introducción a la Investigación de la Maestría en Computación, ¿Quién es el profesor titular del curso?

Da una respuesta breve y directa, en una sola frase.",Dr. Francisco J. Torres-Rojas,Dr. Francisco J. Torres-Rojas,2.51,Introducción a la Investigación,MC7201,
qwen2.5-3b,short_answer,¿Permite el curso la posibilidad de reconocimiento?,"En el curso Introducción a la Investigación de la Maestría en Computación, ¿Permite el curso la posibilidad de reconocimiento?

Da una respuesta breve y directa, en una sola frase.",Sí,"Sí, permite la posibilidad de reconocimiento.",2.55,Introducción a la Investigación,MC7201,
qwen2.5-3b,open_ended,¿Cuál es el propósito principal de integrar inteligencia artificial en un Centro de Operaciones en Seguridad (SOC)?,"En el curso Análisis de Datos en Ciberseguridad de la Maestría en Ciberseguridad, ¿Cuál es el propósito principal de integrar inteligencia artificial en un Centro de Operaciones en Seguridad (SOC)?

Da una respuesta completa y explicativa.",Facilitar la distinción de vectores de ataque y permitir una toma de decisiones más precisa en la respuesta a incidentes.,"En el curso Análisis de Datos en Ciberseguridad, el propósito principal de integrar inteligencia artificial (IA) en un Centro de Operaciones en Seguridad (SOC) es mejorar la eficiencia y precisión en la detección y respuesta a amenazas cibernéticas. Aquí se detallan los aspectos clave:

1. Detección de anomalías: La IA puede analizar grandes volúmenes de datos de forma rápida y precisa, detectando patrones anómalos que podrían indicar un ataque. Esto incluye análisis de bitácoras de sistemas, tráfico de red, y otros datos de ciberseguridad.

2. Descubrimiento de conocimiento: La IA puede identificar patrones y relaciones en los datos, permitiendo a los analistas cibernéticos descubrir información valiosa que podría no ser evidente a simple vista.

3. Optimización de controles de seguridad: La IA puede ayudar a optimizar los controles de seguridad existentes, identificando áreas de fortaleza y debilidad en la implementación de políticas y procedimientos.

4. Automatización de procesos: La IA puede automatizar tareas repetitivas y rutinarias, liberando tiempo para análisis más complejos y estratégicos.

5. Respuesta a incidentes: La IA puede ayudar a responder a incidentes de seguridad de manera más",7.19,Análisis de Datos en Ciberseguridad,MC1001,
qwen2.5-3b,open_ended,¿Qué temas matemáticos específicos debe dominar el estudiante para tener un buen desempeño?,"En el curso Análisis de Datos en Ciberseguridad de la Maestría en Ciberseguridad, ¿Qué temas matemáticos específicos debe dominar el estudiante para tener un buen desempeño?

Da una respuesta completa y explicativa.","Conceptos de estadística y cálculo diferencial integral, como distribuciones de probabilidad, regresiones y optimización.","Para tener un buen desempeño en el curso Análisis de Datos en Ciberseguridad de la Maestría en Ciberseguridad, el estudiante debe dominar los siguientes conceptos matemáticos:

1. Distribuciones de Probabilidad: Entender cómo se distribuyen los datos es crucial en ciberseguridad, ya que muchas amenazas se basan en la probabilidad de eventos raros.

2. Regresión Lineal Simple y Logarítmica: Estas técnicas son fundamentales para modelar relaciones entre variables y predecir comportamientos futuros, lo que es vital en la detección de anomalías y amenazas.

3. Validación Cruzada: Esta técnica es crucial para evaluar la precisión de modelos de aprendizaje automático y asegurar que no estamos sobreajustando nuestros modelos.

4. Árboles de Regresión y Decisión: Estos modelos son fundamentales para la detección de anomalías y la clasificación de datos en ciberseguridad.

5. Clustering: Este concepto es esencial para agrupar datos similares y detectar patrones ocultos, lo que es útil para la identificación de comportamientos sospechosos.

6. Optimización (de funciones): La optimización es crucial para encontrar los mejores ajustes de modelos y para resolver problemas de optimización que surgen en la ciberseg",7.22,Análisis de Datos en Ciberseguridad,MC1001,
qwen2.5-3b,open_ended,¿Cómo contribuye este curso a la perfilación del comportamiento humano y de software?,"En el curso Análisis de Datos en Ciberseguridad de la Maestría en Ciberseguridad, ¿Cómo contribuye este curso a la perfilación del comportamiento humano y de software?

Da una respuesta completa y explicativa.","Provee técnicas de detección de anomalías, minería de datos en tiempo real y procesamiento distribuido para analizar grandes volúmenes de datos.","El curso Análisis de Datos en Ciberseguridad (MC1001) juega un papel crucial en la perfilación del comportamiento humano y de software, proporcionando herramientas y conocimientos fundamentales para la ciberseguridad. Aquí se explica cómo contribuye a esta área:

1. **Perfilación de Comportamiento Humano**:
   - **Análisis de Datos**: Este curso enseña técnicas de análisis de datos para identificar patrones y tendencias en el comportamiento humano. Esto incluye técnicas como regresión, clustering y validación cruzada.
   - **Análisis de Anomalías**: Utiliza métodos para detectar comportamientos inusuales o sospechosos, que pueden indicar actividades maliciosas.
   - **Perfilación Estadística**: Permite construir perfiles de comportamiento basados en datos, lo que ayuda a identificar comportamientos sospechosos o patrones de riesgo.

2. **Perfilación de Comportamiento de Software**:
   - **Análisis de Anomalías**: Implementa técnicas para identificar y responder a anomalías en el comportamiento del software, lo que puede indicar intentos de ataque.
   - **Minería de Datos en Tiempo Real (Data Stream Mining)**: Permite la detección de patrones de comportamiento en tiempo real, lo que es crucial",7.22,Análisis de Datos en Ciberseguridad,MC1001,
qwen2.5-3b,open_ended,¿Qué capacidades desarrolla el estudiante respecto al diagnóstico de software?,"En el curso Análisis de Datos en Ciberseguridad de la Maestría en Ciberseguridad, ¿Qué capacidades desarrolla el estudiante respecto al diagnóstico de software?

Da una respuesta completa y explicativa.",La capacidad de desarrollar soluciones para el descubrimiento de conocimiento y análisis de amenazas mediante herramientas de análisis de datos.,"En el curso Análisis de Datos en Ciberseguridad (MC1001) de la Maestría en Ciberseguridad, el estudiante desarrolla capacidades específicas en el diagnóstico de software, aunque la descripción del curso no menciona directamente este aspecto. Sin embargo, podemos inferir y deducir algunas capacidades que el estudiante desarrollaría en este ámbito:

1. Detección de anomalías en software: El curso aborda técnicas para identificar anomalías en bitácoras de sistemas, lo que implica la capacidad de detectar comportamientos inusuales en el software que puedan indicar amenazas.

2. Minería de datos en tiempo real: Aunque el curso se enfoca en el análisis de datos en ciberseguridad, técnicas de minería de datos en tiempo real pueden ser aplicadas al análisis de software, permitiendo la detección de amenazas en tiempo real.

3. Procesamiento de datos distribuidos: El curso aborda técnicas de procesamiento de datos distribuidos, lo que podría ser útil para analizar grandes conjuntos de datos de software en entornos distribuidos.

4. Ingeniería inversa automatizada: Este aspecto del curso implica la capacidad de analizar y entender el comportamiento de software, lo que es crucial para el diagnóstico y análisis de amenazas.

5.",7.22,Análisis de Datos en Ciberseguridad,MC1001,
qwen2.5-3b,open_ended,¿En qué consiste la metodología de evaluación práctica del curso?,"En el curso Análisis de Datos en Ciberseguridad de la Maestría en Ciberseguridad, ¿En qué consiste la metodología de evaluación práctica del curso?

Da una respuesta completa y explicativa.",Se basa principalmente en laboratorios (75% de la nota) y la resolución de casos de estudio (20%).,"En el curso Análisis de Datos en Ciberseguridad, la metodología de evaluación práctica se divide en tres componentes principales:

1. **Laboratorios**: Representan el 75% de la evaluación total. Los estudiantes deben completar un conjunto de tareas prácticas en laboratorio que se relacionan directamente con los conceptos teóricos aprendidos en clase. Estas tareas pueden incluir la implementación de algoritmos de análisis de datos, la exploración de conjuntos de datos cibernéticos, y la aplicación de técnicas de minería de datos en tiempo real.

2. **Resolución de Casos de Estudio**: Representan el 20% de la evaluación total. Los estudiantes deben abordar casos de estudio prácticos que requieren la aplicación de los conceptos y técnicas aprendidos en el curso. Estos casos pueden simular situaciones reales de ciberseguridad, donde los estudiantes deben utilizar sus habilidades de análisis de datos para identificar amenazas, descubrir patrones y tomar decisiones informadas.

3. **Reporte de Lecturas**: Representan el 5% de la evaluación total. Los estudiantes deben leer y analizar un conjunto de artículos o documentos relacionados con el curso, y luego elaborar un reporte que explique y discuta sus hallazgos. Este componente busca evaluar la capacidad de",7.21,Análisis de Datos en Ciberseguridad,MC1001,
qwen2.5-3b,open_ended,¿Qué técnicas de minería de datos se aplican específicamente para el procesamiento en tiempo real?,"En el curso Análisis de Datos en Ciberseguridad de la Maestría en Ciberseguridad, ¿Qué técnicas de minería de datos se aplican específicamente para el procesamiento en tiempo real?

Da una respuesta completa y explicativa.","Se estudian los filtros de Bloom, hashes localmente sensibles y árboles de Hoeffding.","En el curso Análisis de Datos en Ciberseguridad (MC1001) de la Maestría en Ciberseguridad, no se específica directamente en los documentos proporcionados que técnicas de minería de datos se aplican específicamente para el procesamiento en tiempo real. Sin embargo, podemos inferir y deducir algunas técnicas que se mencionan en el curso que podrían ser aplicadas en este contexto:

1. Minería de Datos en Tiempo Real (Data Stream Mining): Este es un tema específico que se menciona en el contenido del curso. La minería de datos en tiempo real es crucial en ciberseguridad para detectar y responder rápidamente a amenazas emergentes. Los métodos de filtrado de Bloom, hashes localesmente sensibles (LSH), y árboles de Hoeffding son técnicas que se pueden utilizar en este contexto.

2. Técnicas para Sobremuestreo Sintético de Minorías (SMOTE): Esta técnica es comúnmente utilizada en la minería de datos para manejar datos de minorías. En ciberseguridad, podría ser útil para identificar y analizar comportamientos sospechosos en datos de usuarios o sistemas.

3. Técnicas de Detección de Anomalías: Como se menciona en el curso, se aplican técnicas de detección de anomalías para identificar comportamientos fraudulent",7.2,Análisis de Datos en Ciberseguridad,MC1001,
qwen2.5-3b,open_ended,¿Qué rol desempeña la criptografía en la infraestructura de Internet actual?,"En el curso Seguridad y Criptografía de la Maestría en Ciberseguridad, ¿Qué rol desempeña la criptografía en la infraestructura de Internet actual?

Da una respuesta completa y explicativa.","Actúa como el medio para asegurar la confidencialidad, autenticidad e integridad de las comunicaciones y los datos almacenados.","En el curso de Seguridad y Criptografía de la Maestría en Ciberseguridad, la criptografía juega un papel crucial en la infraestructura de Internet actual. Aquí se detallan algunos roles fundamentales de la criptografía:

1. Protección de Datos Sensibles: La criptografía permite la transmisión segura de datos sensibles como contraseñas, credenciales bancarias, y otros datos personales. Esto se logra mediante la codificación de estos datos, lo que los hace indecipherables para aquellos que no poseen la llave de descifrado.

2. Autenticación y Autorización: La criptografía es esencial para garantizar que solo los usuarios autorizados puedan acceder a recursos y servicios. Esto se logra mediante la firma digital, donde un mensaje o documento se cifra con una clave privada, lo que demuestra que el mensaje proviene de quien afirma ser.

3. Confidencialidad: La criptografía permite mantener la confidencialidad de los datos, asegurando que solo los destinatarios elegidos puedan leerlos. Esto es especialmente importante en entornos donde la información puede ser comprometida por ataques de interceptación.

4. Integridad de Datos: La criptografía también garantiza la integridad de los datos, asegurando que no han sido modificados durante su transmisión.",7.2,Seguridad y Criptografía,MC1003,
qwen2.5-3b,open_ended,¿Qué aspectos avanzados de la matemática se exploran para entender los cifrados modernos?,"En el curso Seguridad y Criptografía de la Maestría en Ciberseguridad, ¿Qué aspectos avanzados de la matemática se exploran para entender los cifrados modernos?

Da una respuesta completa y explicativa.","El estudio de curvas elípticas, ataques diferenciales y lineales, y el protocolo Diffie-Hellman.","En el curso Seguridad y Criptografía de la Maestría en Ciberseguridad, se exploran varios aspectos avanzados de la matemática para entender los cifrados modernos. Algunos de estos aspectos incluyen:

1. Matemática detrás de los cifrados simétricos y asimétricos: Se estudian los principios matemáticos detrás de los métodos de cifrado simétrico y asimétrico, que son fundamentales para entender cómo se crean y se usan estos sistemas de cifrado.

2. Técnicas de cifrado asimétrico: Se estudian en detalle métodos como RSA, Curvas Elípticas, y otros algoritmos de cifrado asimétrico. Se explora cómo estos algoritmos funcionan matemáticamente para asegurar la seguridad de la información.

3. Técnicas de cifrado simétrico: Se examinan técnicas como el cifrado por bloques (como AES) y el cifrado por líneas (como DES). Se analizan las matemáticas detrás de estos métodos y cómo se utilizan para cifrar y descifrar datos.

4. Técnicas de cifrado por bloques: Se estudian en profundidad métodos como AES (Advanced Encryption Standard), que utiliza técnicas matemáticas avanzadas para cifrar datos de manera segura.

5",7.23,Seguridad y Criptografía,MC1003,
qwen2.5-3b,open_ended,¿Qué diferencias conceptuales se analizan entre las primitivas de criptografía simétrica y asimétrica?,"En el curso Seguridad y Criptografía de la Maestría en Ciberseguridad, ¿Qué diferencias conceptuales se analizan entre las primitivas de criptografía simétrica y asimétrica?

Da una respuesta completa y explicativa.","Se estudia el rol de las funciones hash, las firmas digitales y la infraestructura de llave pública y privada (PKI).","En el curso Seguridad y Criptografía de la Maestría en Ciberseguridad, se analizan varios conceptos clave de criptografía, entre ellos las primitivas de criptografía simétrica y asimétrica. Aquí se presentan las diferencias conceptuales principales entre estas dos:

1. Simetría vs. Asimetrisa:
   - Primitivas de criptografía simétrica usan la misma clave para cifrar y descifrar el mensaje. Por ejemplo, AES (Advanced Encryption Standard).
   - Primitivas de criptografía asimétrica usan dos claves diferentes: una pública para cifrar y una privada para descifrar. Por ejemplo, RSA (Rivest-Shamir-Adleman).

2. Eficiencia:
   - Las primitivas simétricas suelen ser más rápidas y eficientes en términos de tiempo de ejecución, especialmente para grandes bloques de datos.
   - Las primitivas asimétricas pueden ser más lentas, pero ofrecen una gran seguridad contra ataques de fuerza bruta.

3. Uso:
   - Las primitivas simétricas son ideales para cifrar grandes cantidades de datos de manera eficiente.
   - Las primitivas asimétricas son más adecuadas para transferir claves simétricas seguras entre partes desconocidas",7.22,Seguridad y Criptografía,MC1003,
qwen2.5-3b,open_ended,¿Sobre qué tendencias futuras en el campo de la seguridad se discute en clase?,"En el curso Seguridad y Criptografía de la Maestría en Ciberseguridad, ¿Sobre qué tendencias futuras en el campo de la seguridad se discute en clase?

Da una respuesta completa y explicativa.",Sobre los avances y desafíos que presenta la criptografía cuántica.,"En el curso Seguridad y Criptografía de la Maestría en Ciberseguridad, no se menciona específicamente ninguna tendencia futura en el campo de la seguridad. El curso se enfoca en la teoría y la aplicación de criptografía y seguridad de la información, con un enfoque en tecnologías y conceptos tradicionales y avanzados. 

Sin embargo, dado el contexto del curso y la naturaleza de la ciberseguridad, se pueden inferir algunas tendencias futuras que probablemente se discutan:

1. Seguridad de la Nube: Con el aumento de la movilidad y la necesidad de almacenamiento en la nube, se discutiría cómo las tecnologías de criptografía y seguridad pueden adaptarse a este nuevo entorno.

2. Inteligencia Artificial y Machine Learning: Se exploraría cómo estas tecnologías pueden ser utilizadas para mejorar la seguridad, desde la detección de amenazas hasta la prevención de ataques.

3. Seguridad de la Red 5G: Con el lanzamiento de redes 5G, se discutiría cómo se puede mejorar la seguridad de estas nuevas tecnologías.

4. Seguridad de la Inteligencia Artificial: Se exploraría cómo las IA y la inteligencia artificial pueden ser usadas para mejorar la seguridad, pero también cómo pueden ser vulnerables a ataques.

5. Seguridad Quantum",7.22,Seguridad y Criptografía,MC1003,
qwen2.5-3b,open_ended,¿Qué elementos históricos sirven de base para comprender la evolución del cifrado?,"En el curso Seguridad y Criptografía de la Maestría en Ciberseguridad, ¿Qué elementos históricos sirven de base para comprender la evolución del cifrado?

Da una respuesta completa y explicativa.","El estudio del Cifrado César, la máquina Enigma y el cifrado por permutación, entre otros.","En el curso Seguridad y Criptografía de la Maestría en Ciberseguridad, aunque no se menciona específicamente la historia del cifrado como un elemento histórico directo, se puede inferir que el curso probablemente aborda la evolución del cifrado a través de la historia de la criptografía. Aquí hay algunos elementos históricos que probablemente sirven de base para comprender la evolución del cifrado:

1. Cifrado César: Este es el primer método de cifrado conocido, que consiste en desplazar cada letra del alfabeto una cantidad fija de lugares. Aunque simple, este método marcó el comienzo de la criptografía.

2. Cifrado por sustitución: Este método reemplaza cada letra del alfabeto con otra letra diferente, generalmente de manera aleatoria. Fue un paso importante en la evolución del cifrado.

3. Cifrado por permutación: Este método reorganiza las letras del mensaje original para crear un nuevo mensaje. Fue un paso hacia la complejidad en el cifrado.

4. Cifrado por transposición: Este método cambia la posición de las letras en el mensaje original para crear un nuevo mensaje. Fue un paso hacia la complejidad en el cifrado.

5. La máquina Enigma: Este fue un dispositivo de cifrado utilizado durante la Segunda Guerra Mund",7.2,Seguridad y Criptografía,MC1003,
qwen2.5-3b,open_ended,¿Cómo se estructura el sistema de evaluación del aprendizaje en esta materia?,"En el curso Seguridad y Criptografía de la Maestría en Ciberseguridad, ¿Cómo se estructura el sistema de evaluación del aprendizaje en esta materia?

Da una respuesta completa y explicativa.","Se compone de tareas para asimilación de materia (50%), laboratorios prácticos (20%) y un examen final (30%).","En el curso Seguridad y Criptografía de la Maestría en Ciberseguridad, el sistema de evaluación del aprendizaje se estructura de la siguiente manera:

1. Tareas: Representan el 50% de la evaluación total. Estas tareas se enfocan en la asimilación de la materia vista en clase y se realizan a lo largo del semestre.

2. Laboratorios: Representan el 20% de la evaluación total. Se enfocan en la aplicación práctica de los conceptos teóricos aprendidos.

3. Examen: Representa el 30% de la evaluación total. Es un examen final que se realiza al final del semestre para evaluar el conocimiento general adquirido.

El sistema de evaluación se basa en tres componentes principales, lo que asegura una evaluación integral del aprendizaje tanto teórico como práctico.",5.6,Seguridad y Criptografía,MC1003,
qwen2.5-3b,open_ended,¿Por qué es fundamental la gestión de procesos ante la vulnerabilidad tecnológica de los negocios?,"En el curso Políticas y Gobernanza en Ciberseguridad de la Maestría en Ciberseguridad, ¿Por qué es fundamental la gestión de procesos ante la vulnerabilidad tecnológica de los negocios?

Da una respuesta completa y explicativa.","Porque permite minimizar riesgos y amenazas de manera efectiva, asegurando la continuidad del negocio y el ahorro en costos.","En el curso Políticas y Gobernanza en Ciberseguridad de la Maestría en Ciberseguridad, la gestión de procesos ante la vulnerabilidad tecnológica de los negocios es fundamental por varias razones:

1. Minimización de Riesgos: La gestión de procesos permite identificar y mitigar los riesgos cibernéticos. Al establecer y seguir procesos claros, se pueden detectar rápidamente anomalías y amenazas, lo que reduce la probabilidad de que estas se conviertan en eventos catastróficos.

2. Compliance Legal: Muchas regulaciones y leyes requieren que las organizaciones implementen procesos de ciberseguridad. La gestión de procesos ayuda a asegurar que estas normativas se cumplan, evitando sanciones y pérdidas financieras.

3. Eficiencia Operativa: Los procesos bien definidos permiten operar de manera más eficiente. Al identificar y gestionar eficazmente los procesos críticos, se pueden minimizar los tiempos de inactividad y los costos asociados a los incidentes cibernéticos.

4. Continuidad del Negocio: En caso de incidentes cibernéticos, los procesos de gestión de crisis ayudan a mantener la operación de la empresa, minimizando la pérdida de tiempo y recursos.

5. Mejora Continua",7.19,Políticas y Gobernanza en Ciberseguridad,MC1006,
qwen2.5-3b,open_ended,¿Qué áreas de especialización se utilizan como marco de referencia para el conocimiento en este curso?,"En el curso Políticas y Gobernanza en Ciberseguridad de la Maestría en Ciberseguridad, ¿Qué áreas de especialización se utilizan como marco de referencia para el conocimiento en este curso?

Da una respuesta completa y explicativa.",El Framework NICE y las áreas de conocimiento en ciberseguridad según la ACM.,"En el curso Políticas y Gobernanza en Ciberseguridad de la Maestría en Ciberseguridad, no se menciona específicamente ninguna área de especialización como marco de referencia para el conocimiento. El curso se enfoca en la aplicación de políticas y gobernanza en ciberseguridad en un entorno organizacional, tanto internos como externos, sin mencionar áreas de especialización específicas como marco de referencia.

Sin embargo, cabe señalar que el curso hace referencia a varios marcos y modelos de gobernanza y política en ciberseguridad, como:

1. El Modelo ACM (Association for Computing Machinery) de áreas de conocimiento en ciberseguridad.
2. El Modelo NICE (National Initiative for Cybersecurity Education) de áreas de especialización en ciberseguridad.
3. Estándares de ciberseguridad y el Sistema de Gestión de la Seguridad de la Información (SGSI).

Estos marcos y modelos son utilizados como herramientas para entender y aplicar políticas y gobernanza en ciberseguridad, pero no se menciona que sean áreas de especialización en sí mismas.",6.44,Políticas y Gobernanza en Ciberseguridad,MC1006,
qwen2.5-3b,open_ended,¿Cómo se aborda el diagnóstico del riesgo organizacional en este programa?,"En el curso Políticas y Gobernanza en Ciberseguridad de la Maestría en Ciberseguridad, ¿Cómo se aborda el diagnóstico del riesgo organizacional en este programa?

Da una respuesta completa y explicativa.",Mediante el uso de métricas de seguridad para la toma de decisiones estratégicas y modelos de evaluación de riesgo.,"En el curso Políticas y Gobernanza en Ciberseguridad de la Maestría en Ciberseguridad, el diagnóstico del riesgo organizacional se aborda de manera integral y estratégica. Este curso se centra en la aplicación de políticas y gobernanza en ciberseguridad en un entorno organizacional, tanto internamente como externamente. 

El diagnóstico del riesgo organizacional es un aspecto crucial de este curso, y se aborda de la siguiente manera:

1. Diagnóstico de Riesgo: Se analiza cómo identificar y evaluar los riesgos que afectan a la organización. Esto incluye el uso de métricas para la toma de decisiones, el planeamiento estratégico, táctico y operacional, y la evaluación de programas de seguridad, auditorías y rendimiento.

2. Análisis de Riesgo: Se discute cómo analizar y evaluar los riesgos identificados. Esto incluye el uso de modelos y metodologías de evaluación y medición de riesgos, así como el análisis y aseguramiento del riesgo.

3. Control de Riesgo: Se aborda cómo controlar y mitigar los riesgos identificados. Esto incluye la implementación de controles de seguridad y la gestión de los riesgos.

4. Análisis de Capacidad: Se examinan las capacidades de",7.2,Políticas y Gobernanza en Ciberseguridad,MC1006,
qwen2.5-3b,open_ended,"¿Qué importancia tiene el principio de ""Seguridad por diseño"" en el ciclo de vida del software?","En el curso Políticas y Gobernanza en Ciberseguridad de la Maestría en Ciberseguridad, ¿Qué importancia tiene el principio de ""Seguridad por diseño"" en el ciclo de vida del software?

Da una respuesta completa y explicativa.",Es un criterio clave para el aprovisionamiento de soluciones tecnológicas seguras y la planificación de requerimientos.,"En el curso Políticas y Gobernanza en Ciberseguridad de la Maestría en Ciberseguridad, el principio de ""Seguridad por diseño"" es crucial en el ciclo de vida del software debido a su papel en la minimización de riesgos de seguridad. Este principio se enfoca en incorporar la seguridad como una parte integral del proceso de diseño y desarrollo del software, en lugar de añadir seguridad como una tarea adicional o una característica opcional.

El principio de Seguridad por diseño tiene varias implicaciones importantes:

1. Reducción de vulnerabilidades: Al considerar la seguridad desde el principio, se pueden identificar y mitigar vulnerabilidades antes de que el software sea lanzado al mercado, lo que reduce el riesgo de ataques y exposición a amenazas.

2. Costos de seguridad: Implementar seguridad en el diseño y desarrollo del software puede reducir los costos de seguridad en el largo plazo, ya que minimiza la necesidad de parches y actualizaciones posteriores para corregir vulnerabilidades.

3. Eficiencia: Incorporar la seguridad desde el diseño puede hacer que el software sea más eficiente y fácil de mantener, ya que las decisiones de diseño se basan en criterios de seguridad desde el principio.

4. Compatibilidad con estándares: El principio de Seguridad por diseño ayuda a asegurar que el software cumpla con los estánd",7.19,Políticas y Gobernanza en Ciberseguridad,MC1006,
qwen2.5-3b,open_ended,¿Qué elementos legales se analizan respecto a la protección de datos en Costa Rica?,"En el curso Políticas y Gobernanza en Ciberseguridad de la Maestría en Ciberseguridad, ¿Qué elementos legales se analizan respecto a la protección de datos en Costa Rica?

Da una respuesta completa y explicativa.",La legislación sobre delitos informáticos y la Ley 8968 de Protección de los Datos.,"En el curso Políticas y Gobernanza en Ciberseguridad de la Maestría en Ciberseguridad, no se específica directamente qué elementos legales se analizan respecto a la protección de datos en Costa Rica. Sin embargo, podemos inferir y deducir algunos aspectos legales relacionados con la protección de datos en Costa Rica basándonos en la información proporcionada y en conocimientos generales sobre la legislación en este ámbito.

Costa Rica, como cualquier país, tiene leyes y regulaciones específicas para proteger la privacidad y la seguridad de los datos personales. Algunos de los elementos legales que se podrían abordar en este curso podrían incluir:

1. Ley 8968 de Protección de Datos Personales: Esta ley establece principios y derechos para la protección de datos personales en Costa Rica. Podría ser un tema central en el curso.

2. Principios de la Ley 8968: Estos podrían ser analizados en relación con cómo se aplican en diferentes situaciones de ciberseguridad.

3. Ley de Transparencia y Acceso a la Información Pública: Aunque no es específicamente sobre protección de datos, esta ley podría influir en cómo se manejan y protegen datos públicos.

4. Ley de Telecomunicaciones: Esta ley podría abordar aspectos relacionados con la privacidad",7.2,Políticas y Gobernanza en Ciberseguridad,MC1006,
qwen2.5-3b,open_ended,¿Cuál es el objetivo de integrar los KPI de ciberseguridad con la visión de la empresa?,"En el curso Políticas y Gobernanza en Ciberseguridad de la Maestría en Ciberseguridad, ¿Cuál es el objetivo de integrar los KPI de ciberseguridad con la visión de la empresa?

Da una respuesta completa y explicativa.",Lograr una alineación estratégica que permita gestionar el portafolio de proyectos de seguridad según la misión organizacional.,"En el curso Políticas y Gobernanza en Ciberseguridad de la Maestría en Ciberseguridad, el objetivo de integrar los KPI (Key Performance Indicators) de ciberseguridad con la visión de la empresa es crucial para asegurar que la gestión de la seguridad de la información esté alineada con los objetivos estratégicos de la organización. Aquí se detallan los aspectos clave:

1. **Mejora de la Eficiencia y Eficacia**: Integrar KPI de ciberseguridad con la visión de la empresa permite medir y mejorar continuamente la eficiencia y eficacia de la gestión de la seguridad de la información. Esto ayuda a identificar áreas de mejora y optimizar recursos.

2. **Alineación con Objetivos Estratégicos**: Los KPI deben estar alineados con los objetivos estratégicos de la empresa. Integrarlos en el marco de la gobernanza de ciberseguridad asegura que la gestión de la seguridad esté en sintonía con los demás aspectos de la estrategia empresarial.

3. **Decisiones Informadas**: Los KPI proporcionan métricas objetivas para evaluar el desempeño de la gestión de la seguridad. Esto permite a los líderes tomar decisiones informadas basadas en datos, en lugar de suposiciones o intuiciones",7.22,Políticas y Gobernanza en Ciberseguridad,MC1006,
qwen2.5-3b,open_ended,¿Desde qué perspectiva se analizan vulnerabilidades como el Buffer Overflow?,"En el curso Seguridad de Software Avanzado de la Maestría en Ciberseguridad, ¿Desde qué perspectiva se analizan vulnerabilidades como el Buffer Overflow?

Da una respuesta completa y explicativa.",Desde una perspectiva avanzada que estudia vectores de ataque utilizados para violentar el software creado.,"En el curso Seguridad de Software Avanzado de la Maestría en Ciberseguridad, se analizan vulnerabilidades como el Buffer Overflow desde una perspectiva avanzada y técnica. Este curso se enfoca en el estudio de la seguridad del software, y como parte de ese estudio, se examinan vulnerabilidades específicas como el Buffer Overflow.

El Buffer Overflow es un tipo de vulnerabilidad común en sistemas de software que se puede analizar desde la perspectiva de la teoría de autómatas y lenguajes formales, como se describe en el contenido del curso. Sin embargo, en el contexto específico del curso de Seguridad de Software Avanzado, se probablemente se analizará desde una perspectiva más técnica y práctica.

Algunos aspectos específicos que se podrían abordar en el curso para analizar el Buffer Overflow podrían incluir:

1. Definición y explicación de cómo funciona el Buffer Overflow.
2. Cómo se produce y cómo se puede explotar.
3. Tipos de Buffer Overflow (por ejemplo, overflow de buffers de bytes, de enteros, etc.).
4. Cómo se detecta y cómo se puede prevenir.
5. Técnicas de mitigación y defensas contra el Buffer Overflow.
6. Ejemplos prácticos y casos de estudio.

El curso probablemente utilizará herramientas y técnicas de análisis de",7.23,Seguridad de Software Avanzado,MC3001,
qwen2.5-3b,open_ended,¿Qué estrategias de defensa se consideran para prevenir ataques a las aplicaciones?,"En el curso Seguridad de Software Avanzado de la Maestría en Ciberseguridad, ¿Qué estrategias de defensa se consideran para prevenir ataques a las aplicaciones?

Da una respuesta completa y explicativa.","Técnicas de programación segura, modelado de vulnerabilidades y técnicas avanzadas de pruebas de seguridad.","En el curso Seguridad de Software Avanzado de la Maestría en Ciberseguridad, se consideran diversas estrategias de defensa para prevenir y mitigar ataques a las aplicaciones. Algunas de estas estrategias incluyen:

1. **Buffer Overflows**: Se discute cómo estos ataques ocurren y cómo se pueden prevenir mediante técnicas de programación segura y la implementación de mecanismos de protección como el uso de punteros seguros y la limpieza de buffers.

2. **Inyección de Código (SQL, XSS)**: Se analiza cómo estos ataques ocurren y cómo se pueden prevenir mediante la implementación de técnicas de programación segura como la sanitización de entrada y la validación de datos.

3. **Condicionales de carrera**: Se discute cómo estos ataques ocurren y cómo se pueden prevenir mediante la implementación de técnicas de programación segura como la sincronización de recursos y la eliminación de condicionales críticos.

4. **Exposición de información**: Se discute cómo estos ataques ocurren y cómo se pueden prevenir mediante la implementación de técnicas de programación segura como la encapsulación de datos y la limitación del acceso a la información sensible.

5. **Aleatoriedad y determinismo**: Se discute cómo estos conceptos pueden ser utilizados",7.24,Seguridad de Software Avanzado,MC3001,
qwen2.5-3b,open_ended,"¿Cómo influye el concepto de ""Seguridad por Diseño"" en el estudiante?","En el curso Seguridad de Software Avanzado de la Maestría en Ciberseguridad, ¿Cómo influye el concepto de ""Seguridad por Diseño"" en el estudiante?

Da una respuesta completa y explicativa.","Lo capacita para diseñar soluciones que garanticen la tríada de la seguridad (confidencialidad, integridad y disponibilidad) desde el inicio del desarrollo.","En el curso Seguridad de Software Avanzado de la Maestría en Ciberseguridad, el concepto de ""Seguridad por Diseño"" juega un papel crucial en la formación del estudiante. Este concepto se enfoca en la incorporación de medidas de seguridad desde el principio del diseño del software, en lugar de añadir seguridad como una característica adicional después de la implementación. Aquí se explica cómo influye:

1. Enfoque Preventivo: La Seguridad por Diseño se centra en prevenir problemas de seguridad en lugar de simplemente corregirlos después. Esto reduce el riesgo de vulnerabilidades y ataques potenciales.

2. Mejora de la Eficiencia: Al incorporar seguridad desde el diseño, se puede evitar la redundancia y la duplicación de esfuerzos. Esto resulta en un software más eficiente y optimizado.

3. Mejora de la Confidencialidad: Al diseñar con seguridad en mente, se puede garantizar que el software proteja la información sensible de los usuarios, lo que contribuye a la confidencialidad.

4. Mejora de la Integridad: La Seguridad por Diseño ayuda a asegurar que el software no pueda ser modificado de manera ilegal o no autorizada, manteniendo su integridad.

5. Mejora de la Disponibilidad: Al diseñar con seguridad en mente",7.24,Seguridad de Software Avanzado,MC3001,
qwen2.5-3b,open_ended,¿Qué temas abarca la administración de riesgo aplicada específicamente al software?,"En el curso Seguridad de Software Avanzado de la Maestría en Ciberseguridad, ¿Qué temas abarca la administración de riesgo aplicada específicamente al software?

Da una respuesta completa y explicativa.","Identificación de riesgos técnicos y de negocio, priorización de riesgos y validación de correcciones.","En el curso Seguridad de Software Avanzado de la Maestría en Ciberseguridad, la administración de riesgo aplicada al software se enfoca en varios aspectos clave. Este tema se encuentra en el contenido general del curso, aunque no se especifica explícitamente en el documento proporcionado. Sin embargo, podemos inferir que se abordan los siguientes aspectos:

1. Comprender el contexto del negocio: Se analiza cómo las decisiones de negocio influyen en la seguridad del software.

2. Identificación de riesgos técnicos y de negocio: Se identifican los riesgos específicos asociados al desarrollo y uso del software.

3. Sintetización y priorización del riesgo: Se clasifican y priorizan los riesgos identificados para determinar cuáles son los más importantes.

4. Definición de estrategias de mitigación: Se desarrollan planes para reducir el impacto de los riesgos identificados.

5. Creación de correcciones y validación: Se implementan soluciones para mitigar los riesgos y se valida su efectividad.

Estos aspectos son fundamentales para entender cómo se administra el riesgo en el desarrollo y uso del software, y cómo se asegura que los sistemas de software sean seguros y confiables.",6.86,Seguridad de Software Avanzado,MC3001,
qwen2.5-3b,open_ended,¿Qué se entiende por seguridad basada en el lenguaje de programación en este contexto?,"En el curso Seguridad de Software Avanzado de la Maestría en Ciberseguridad, ¿Qué se entiende por seguridad basada en el lenguaje de programación en este contexto?

Da una respuesta completa y explicativa.","El estudio del tipado seguro, el aseguramiento de memoria y el control de acceso en ambientes abiertos.","En el curso Seguridad de Software Avanzado de la Maestría en Ciberseguridad, la seguridad basada en el lenguaje de programación se refiere a una serie de principios y técnicas que se utilizan para fortalecer la seguridad de los sistemas de software a través del diseño y la implementación del lenguaje de programación. Este concepto se enfoca en cómo el lenguaje de programación puede ser utilizado como una herramienta para mejorar la seguridad, en lugar de ser un factor que pueda comprometerla.

En este contexto, la seguridad basada en el lenguaje de programación se aborda desde varios aspectos:

1. Tipado seguro: Los lenguajes de programación con tipado seguro pueden evitar errores de tipado que pueden ser vulnerabilidades. Por ejemplo, si un lenguaje no permite que se utilice una variable de un tipo diferente al que se esperaba, se reduce la posibilidad de que se produzcan errores de tipado que puedan ser explotados.

2. Estándares de codificación para aseguramiento de fallos y estados por defecto: Muchos lenguajes de programación tienen estándares de codificación que se diseñaron con la seguridad en mente. Estos pueden incluir prácticas como evitar la utilización de variables globales, limitar la accesibilidad de ciertos métodos, o utilizar bucles for en lugar",7.21,Seguridad de Software Avanzado,MC3001,
qwen2.5-3b,open_ended,¿Cómo se aplican las técnicas de análisis estático para mejorar la calidad del código?,"En el curso Seguridad de Software Avanzado de la Maestría en Ciberseguridad, ¿Cómo se aplican las técnicas de análisis estático para mejorar la calidad del código?

Da una respuesta completa y explicativa.","Mediante el análisis de flujo de datos, la ejecución simbólica y la ofuscación.","En el curso Seguridad de Software Avanzado de la Maestría en Ciberseguridad, se aplican técnicas de análisis estático para mejorar la calidad del código de la siguiente manera:

1. Análisis de Flujo de Datos e Información: Este método examina el código fuente para detectar patrones de acceso a datos que puedan ser vulnerables. Se busca identificar posibles ataques de inyección de código, manipulación de datos y otros riesgos relacionados con la transferencia de información.

2. Ofuscación: Este es un proceso de obfuscación que cambia el código fuente para dificultar su comprensión y análisis. Se utiliza para ocultar patrones de código que podrían ser vulnerables y hacer más difícil la explotación de vulnerabilidades.

3. Pruebas de Penetración en Análisis Estático: Estas pruebas buscan detectar vulnerabilidades en el código antes de que se ejecute. Utilizan técnicas de exploración automática para identificar posibles puntos de entrada para ataques.

4. Ejecución Simbólica: Este método simula la ejecución del código en un nivel abstracto, permitiendo la detección de patrones de acceso a datos y otros riesgos. Se utiliza para identificar posibles ataques de inyección de código y otros riesgos relacionados con la ejecución del",7.22,Seguridad de Software Avanzado,MC3001,
qwen2.5-3b,open_ended,¿Por qué el cibercrimen se estudia también desde la perspectiva de las ciencias sociales?,"En el curso Cibercrimen de la Maestría en Ciberseguridad, ¿Por qué el cibercrimen se estudia también desde la perspectiva de las ciencias sociales?

Da una respuesta completa y explicativa.","Porque muchos problemas, como el phishing, ocurren por motivadores conductuales y debilidades en el comportamiento humano, no solo por fallas técnicas.","En el curso de Cibercrimen de la Maestría en Ciberseguridad, se estudia también desde la perspectiva de las ciencias sociales debido a que muchos aspectos del cibercrimen no son técnicos sino sociales. Aquí te explico por qué:

1. Perspectiva de la Psicología Social: Muchos cibercriminosos actúan impulsados por motivos psicológicos y sociales. Por ejemplo, pueden ser motivados por la necesidad de dinero, la búsqueda de atención, o incluso la necesidad de sentirse superior a otros. Los investigadores sociales pueden analizar estos factores para entender mejor el comportamiento del cibercrimen.

2. Análisis de Contexto Cultural: Los cibercrimenes a menudo operan en contextos culturales específicos. Esto puede influir en su comportamiento y estrategias. Por ejemplo, en ciertas culturas, la idea de ""honor"" puede motivar a alguien a cometer actos cibernéticos. Los investigadores sociales pueden analizar estos contextos para entender mejor el cibercrimen.

3. Análisis de Relaciones Sociales: Muchos cibercrimenes interactúan con otros individuos en redes sociales, grupos de chat, o incluso en foros dedicados al cibercrimen. Los investigadores sociales pueden analizar estas inter",7.22,Cibercrimen,MC3010,
qwen2.5-3b,open_ended,¿Qué objetivos persiguen los criminales al manipular a usuarios legítimos?,"En el curso Cibercrimen de la Maestría en Ciberseguridad, ¿Qué objetivos persiguen los criminales al manipular a usuarios legítimos?

Da una respuesta completa y explicativa.","Obtener información confidencial mediante ingeniería social, espionaje industrial e investigación de recopilación de datos.","En el curso de Cibercrimen de la Maestría en Ciberseguridad, los objetivos que persiguen los criminales al manipular a usuarios legítimos se enfocan en varios aspectos. Los objetivos principales son:

1. Obtención de Información Confidencial: Los criminales buscan acceder a información sensible y confidencial de los usuarios legítimos. Esto puede incluir credenciales de acceso a cuentas bancarias, información personal, contraseñas, y otros datos confidenciales que puedan ser útiles para actividades ilegales.

2. Manipulación de Conducta: Los criminales utilizan tácticas de ingeniería social para manipular la conducta de los usuarios legítimos. Esto puede incluir engañar a los usuarios para que compartan información, caigan en phishing, o realicen acciones que resulten en pérdida de control sobre sus propios datos.

3. Exploit de Vulnerabilidades: Los criminales aprovechan las vulnerabilidades conocidas en sistemas y aplicaciones para explotarlas y acceder a información o sistemas. Esto puede implicar ataques de phishing, inyección de SQL, robo de sesiones, entre otros.

4. Robo de Identidad: Los criminales buscan robar la identidad de los usuarios legítimos para crear cuentas falsas o realizar trans",7.22,Cibercrimen,MC3010,
qwen2.5-3b,open_ended,¿Cómo ayudan los motivadores sociales a identificar la naturaleza de las amenazas?,"En el curso Cibercrimen de la Maestría en Ciberseguridad, ¿Cómo ayudan los motivadores sociales a identificar la naturaleza de las amenazas?

Da una respuesta completa y explicativa.",Permiten valorar las acciones de los individuos y potenciar la identificación temprana de actos delictivos.,"En el curso de Cibercrimen de la Maestría en Ciberseguridad, los motivadores sociales juegan un papel crucial en la identificación de la naturaleza de las amenazas. Este curso se enfoca en el estudio de las acciones de individuos involucrados en el cibercrimen, y cómo estos actos se explican a través de motivadores sociales y perspectivas legales. Aquí te explico cómo los motivadores sociales ayudan a identificar la naturaleza de las amenazas:

1. Comprender el contexto social:
Los motivadores sociales permiten al estudiante entender el entorno social en el que operan los cibercriminales. Esto incluye factores como la cultura, la economía, la política y las normas sociales que pueden influir en las decisiones de los individuos.

2. Identificar el perfil del cibercriminario:
Los motivadores sociales ayudan a identificar características comunes en los individuos que se vuelven cibercriminales. Esto puede incluir factores como la edad, el género, la educación, el nivel socioeconómico y las experiencias personales.

3. Analizar el impacto emocional:
Los motivadores sociales permiten explorar cómo los individuos sienten y se ven afectados por las amenazas cibernéticas. Esto puede ayudar a identificar",7.2,Cibercrimen,MC3010,
qwen2.5-3b,open_ended,¿Qué métodos de investigación social se aplican para entender el fenómeno criminal?,"En el curso Cibercrimen de la Maestría en Ciberseguridad, ¿Qué métodos de investigación social se aplican para entender el fenómeno criminal?

Da una respuesta completa y explicativa.","La teorización, el diseño experimental, la validación de hipótesis y el análisis de datos con SPSS.","En el curso de Cibercrimen de la Maestría en Ciberseguridad, se aplican métodos de investigación social para entender el fenómeno criminal de la siguiente manera:

1. Teorización: Se utiliza la teorización para definir y estructurar la investigación. Esto implica identificar y describir las variables clave relacionadas con el cibercrimen y cómo interactúan entre sí.

2. Hipótesis: Se establecen hipótesis sobre los factores que influyen en el cibercrimen, como el comportamiento humano, las tendencias tecnológicas y las políticas legales.

3. Recolección de Datos: Se recopilan datos a través de encuestas, entrevistas y observación directa. Estos datos proporcionan información sobre cómo las personas interactúan con el cibercrimen y cómo perciben y responden a él.

4. Diseño Experimental: Se diseñan experimentos controlados para investigar la efectividad de diferentes estrategias de prevención y mitigación del cibercrimen. Esto ayuda a entender cómo cambian las conductas ante diferentes situaciones.

5. Causalidad versus Correlación: Se analizan las relaciones entre diferentes factores para determinar si hay causas y efectos claros. Esto ayuda a entender cómo los factores sociales y tecnológicos están relacionados con el ciberc",7.17,Cibercrimen,MC3010,
qwen2.5-3b,open_ended,"¿Qué aspectos analiza la ""Ciencia del Crimen"" respecto a los actos delictivos?","En el curso Cibercrimen de la Maestría en Ciberseguridad, ¿Qué aspectos analiza la ""Ciencia del Crimen"" respecto a los actos delictivos?

Da una respuesta completa y explicativa.","La elección racional del criminal, las actividades de rutina y los estudios de victimización y autoreporte.","En el curso de Cibercrimen de la Maestría en Ciberseguridad, la ""Ciencia del Crimen"" se utiliza para analizar los actos delictivos desde una perspectiva más profunda y científica. Este enfoque se centra en varios aspectos clave:

1. Orígenes del Crimen: Se estudian los factores que llevan a alguien a cometer delitos, incluyendo factores biológicos, psicológicos y ambientales. Esto ayuda a entender la motivación y el contexto subyacente de los actos delictivos.

2. Elección racional: Se examinan las decisiones que llevan a una persona a cometer un crimen, considerando factores como el beneficio percibido y el riesgo calculado.

3. Actividades de rutina: Se analizan las actividades cotidianas que llevan a una persona a cometer crímenes, como el uso de redes sociales o dispositivos móviles para cometer fraudes.

4. Estudios de autoreporte: Se examinan las declaraciones de las víctimas sobre cómo fueron engañadas o abusadas, proporcionando una perspectiva directa de los actos delictivos.

5. Estudios de victimización: Se estudian los efectos de los actos delictivos en las víctimas, incluyendo el daño emoc",7.2,Cibercrimen,MC3010,
qwen2.5-3b,open_ended,¿En qué consiste la teoría de prevención del crimen en situación según el curso?,"En el curso Cibercrimen de la Maestría en Ciberseguridad, ¿En qué consiste la teoría de prevención del crimen en situación según el curso?

Da una respuesta completa y explicativa.","Analiza la oportunidad del crimen, el triángulo del crimen y el desplazamiento del beneficio delictivo.","En el curso de Cibercrimen de la Maestría en Ciberseguridad, la teoría de prevención del crimen en situación se enfoca en entender cómo las tácticas de prevención se aplican en diferentes escenarios de criminalidad. Este tema se encuentra en el apartado 4. Contenidos del curso, específicamente en el punto 1. Introducción a la Teoría de Autómatas y a la Teoría de Lenguajes Formales.

El contenido de esta sección se centra en la comprensión de las técnicas y estrategias utilizadas para prevenir y mitigar el crimen en diferentes situaciones. En particular, se aborda la teoría de la prevención del crimen en situaciones de emergencia o crisis, que es una parte importante de la prevención del crimen en situación.

Algunos aspectos clave de esta teoría incluyen:

1. **Teoría de la Oportunidad**: Esta teoría sugiere que el crimen es más probable cuando las oportunidades para cometerlo son mayores y las barreras para evitarlo son menores. Por lo tanto, la prevención del crimen en situaciones de emergencia puede centrarse en reducir las oportunidades para el crimen.

2. **Triángulo del Crimen**: Este concepto describe tres factores clave que influyen en el cr",7.18,Cibercrimen,MC3010,
qwen2.5-3b,open_ended,¿Cómo se articulan las TI con la propuesta de valor de un negocio?,"En el curso Sistemas Estratégicos Empresariales de la Maestría en Gerencia de Tecnologías de la Información, ¿Cómo se articulan las TI con la propuesta de valor de un negocio?

Da una respuesta completa y explicativa.",Se integran coherentemente dentro de un sistema de actividades para fortalecer la posición estratégica de la empresa.,"En el curso Sistemas Estratégicos Empresariales de la Maestría en Gerencia de Tecnologías de la Información, las Tecnologías de la Información (TI) se articulan de manera integral con la propuesta de valor de un negocio a través de varios aspectos clave:

1. **Caracterización de las Fuerzas Competitivas**: El curso destaca la importancia de entender las fuerzas competitivas que influyen en un negocio, como la amenaza de nuevos entrantes, el poder de los compradores, el poder de los proveedores, la amenaza de sustitutos y la competencia entre rivales. Estas fuerzas competitivas son cruciales para definir la propuesta de valor del negocio.

2. **Cadena de Valor y Sistemas Estratégicos**: Se enfatiza la importancia de entender cómo las TI pueden ayudar a la empresa a crear, transmitir y capturar valor en la cadena de valor. Esto implica la implementación de sistemas estratégicos que puedan optimizar la eficiencia operativa y mejorar la competitividad del negocio.

3. **Modelos de Arquitectura de Información**: El curso aborda la necesidad de entender cómo las TI pueden ser integradas en la arquitectura de información de una empresa para apoyar la creación de la propuesta de valor. Esto incluye la comprensión de cómo las",7.21,Sistemas Estratégicos Empresariales,MC1101,
qwen2.5-3b,open_ended,¿Qué tipos de sistemas de información se estudian como referentes de manejo interno y externo?,"En el curso Sistemas Estratégicos Empresariales de la Maestría en Gerencia de Tecnologías de la Información, ¿Qué tipos de sistemas de información se estudian como referentes de manejo interno y externo?

Da una respuesta completa y explicativa.","Los sistemas ERP, CRM y SCM.","En el curso Sistemas Estratégicos Empresariales de la Maestría en Gerencia de Tecnologías de la Información, se estudian varios tipos de sistemas de información como referentes tanto para el manejo interno como externo de la empresa. Estos sistemas incluyen:

1. Sistemas de Planificación de Recursos (ERP): Estos sistemas se utilizan para planificar y administrar los recursos de la empresa, incluyendo recursos humanos, materiales y financieros. Se consideran referentes para el manejo interno de la empresa.

2. Administradores de Relaciones con el Cliente (CRM): Estos sistemas se utilizan para gestionar las relaciones con los clientes, incluyendo la captación, atención y fidelización de clientes. Se consideran referentes para el manejo interno de la empresa.

3. Administradores de la Cadena de Suministro (SCM): Estos sistemas se utilizan para gestionar la cadena de suministro, incluyendo la logística y la distribución de productos. Se consideran referentes para el manejo interno de la empresa.

4. Sistemas de Administración de la Cadena de Abastecimiento: Estos sistemas se utilizan para gestionar la cadena de abastecimiento, incluyendo la logística y la distribución de productos. Se consideran referentes para el manejo interno de",7.23,Sistemas Estratégicos Empresariales,MC1101,
qwen2.5-3b,open_ended,¿Qué fuerzas competitivas influyen en la dinámica de una industria según Michael Porter?,"En el curso Sistemas Estratégicos Empresariales de la Maestría en Gerencia de Tecnologías de la Información, ¿Qué fuerzas competitivas influyen en la dinámica de una industria según Michael Porter?

Da una respuesta completa y explicativa.","La amenaza de nuevos entrantes, el poder de compradores y proveedores, los sustitutos y la rivalidad entre competidores.","En el curso Sistemas Estratégicos Empresariales de la Maestría en Gerencia de Tecnologías de la Información, según el enfoque de Michael Porter, las fuerzas competitivas que influyen en la dinámica de una industria se dividen en cinco categorías:

1. **Fuerza de los nuevos entrantes**: Esta fuerza se refiere a la facilidad con la que nuevos competidores pueden entrar en la industria. Si es fácil para nuevos competidores entrar, esto puede reducir la rentabilidad de los actuales competidores.

2. **Poder de los compradores**: Esta fuerza se refiere a la capacidad de los clientes de influir en los precios y las condiciones de compra. Si los clientes tienen mucho poder, los precios pueden ser bajos y los términos de compra pueden ser difíciles.

3. **Poder de los proveedores**: Esta fuerza se refiere a la capacidad de los proveedores de influir en los precios y las condiciones de venta. Si los proveedores tienen mucho poder, los precios pueden ser altos y los términos de venta pueden ser difíciles.

4. **Amenaza de los sustitutos**: Esta fuerza se refiere a la capacidad de los consumidores de abandonar una empresa y comprar productos o servicios de una competencia. Si es fácil para los consumidores encontrar alternativas, esto puede reducir la rentabilidad",7.23,Sistemas Estratégicos Empresariales,MC1101,
qwen2.5-3b,open_ended,¿Qué papel desempeña la investigación en la metodología de enseñanza de este curso?,"En el curso Sistemas Estratégicos Empresariales de la Maestría en Gerencia de Tecnologías de la Información, ¿Qué papel desempeña la investigación en la metodología de enseñanza de este curso?

Da una respuesta completa y explicativa.",Permite al estudiante profundizar en fundamentos y tendencias mediante la creación de un estado del arte de sistemas empresariales.,"En el curso Sistemas Estratégicos Empresariales de la Maestría en Gerencia de Tecnologías de la Información, la investigación juega un papel fundamental en la metodología de enseñanza. La investigación se integra de manera significativa en la estructura del curso para proporcionar una experiencia de aprendizaje más completa y aplicada. Aquí se detallan los aspectos clave:

1. Integración de teoría y práctica: La investigación permite que los estudiantes apliquen los conceptos teóricos aprendidos en situaciones prácticas, lo que mejora su comprensión y retención de la información.

2. Desarrollo de habilidades de investigación: El curso impulsa la capacidad de los estudiantes para investigar y analizar problemas empresariales utilizando métodos científicos y técnicas de investigación.

3. Enfoque socio-constructivista: Se utiliza la metodología de casos para que los estudiantes desarrollen habilidades de investigación y análisis crítica, trabajando en equipo para resolver problemas empresariales.

4. Integración de conceptos teóricos y casos prácticos: Los estudiantes exploran y discuten casos de estudio que ilustran los conceptos teóricos, permitiendo una comprensión más profunda y aplicada de los temas.

5. Desarrollo de habilidades de escritura académica: La investigación en este curso ayuda a",7.24,Sistemas Estratégicos Empresariales,MC1101,
qwen2.5-3b,open_ended,¿Cómo se vincula el conocimiento teórico con la práctica real en este programa?,"En el curso Sistemas Estratégicos Empresariales de la Maestría en Gerencia de Tecnologías de la Información, ¿Cómo se vincula el conocimiento teórico con la práctica real en este programa?

Da una respuesta completa y explicativa.",A través de una investigación aplicada donde el estudiante enfrenta un problema real de una empresa utilizando los conocimientos adquiridos.,"En el curso Sistemas Estratégicos Empresariales de la Maestría en Gerencia de Tecnologías de la Información, el vínculo entre el conocimiento teórico y la práctica real se realiza de manera significativa a través de una metodología de enseñanza y aprendizaje que combina clases magistrales con actividades prácticas y casos de estudio. Esta combinación permite que los estudiantes no solo adquieran conocimientos teóricos, sino también puedan aplicarlos en situaciones prácticas, lo que es crucial para su desarrollo como futuros líderes en la gestión de tecnologías de la información.

1. **Clases Magistrales**: Las exposiciones magistrales ofrecen una base teórica sólida sobre los temas del curso, proporcionando a los estudiantes una comprensión profunda de los conceptos y principios fundamentales de los sistemas estratégicos empresariales. Estas sesiones sirven como punto de partida para entender cómo los sistemas de información pueden ser utilizados para impulsar la estrategia empresarial.

2. **Casos de Estudio**: Durante el curso, los estudiantes tendrán la oportunidad de analizar y discutir casos de estudio que ilustran cómo los sistemas estratégicos empresariales se aplican en diferentes escenarios empresariales. Estos casos de estudio permiten a los estudiantes ver cómo los conceptos teó",7.23,Sistemas Estratégicos Empresariales,MC1101,
qwen2.5-3b,open_ended,¿Qué modelos complementarios a las fuerzas de Porter se analizan para el uso estratégico de TI?,"En el curso Sistemas Estratégicos Empresariales de la Maestría en Gerencia de Tecnologías de la Información, ¿Qué modelos complementarios a las fuerzas de Porter se analizan para el uso estratégico de TI?

Da una respuesta completa y explicativa.",El modelo basado en recursos (Resource Based View) y la competencia por capacidades.,"En el curso Sistemas Estratégicos Empresariales de la Maestría en Gerencia de Tecnologías de la Información, no se analizan modelos complementarios a las fuerzas de Porter para el uso estratégico de TI. El curso se enfoca principalmente en la gestión de sistemas estratégicos empresariales y no aborda modelos adicionales para el uso estratégico de la tecnología de información.

El curso se centra en temas como:

1. Gobernanza de TI
2. Desarrollo organizacional de TI
3. Sistemas de planificación de recursos empresariales
4. Sistemas de administración de la cadena de suministro
5. Sistema de administración de relación con el cliente
6. Sistemas de administración del conocimiento
7. Tendencias tecnológicas y sus impactos en los sistemas empresariales y los negocios

Los modelos de Porter, como la ""Análisis de las Cinco Fuerzas"" y la ""Misión y Visión"", son considerados en el contexto de la gestión estratégica de la información y los sistemas empresariales, pero no se presentan modelos adicionales para el uso estratégico de la tecnología de información.

Para el uso estratégico de la tecnología de información, el curso probablemente se refiere a la aplicación de modelos como el Modelo de Capa de Negocios (Business Architecture Model) o el Modelo",7.19,Sistemas Estratégicos Empresariales,MC1101,
qwen2.5-3b,open_ended,¿Qué elementos componen el enfoque integrado del proceso de gestión de TI?,"En el curso Gerencia de Tecnología de Información de la Maestría en Gerencia de Tecnologías de la Información, ¿Qué elementos componen el enfoque integrado del proceso de gestión de TI?

Da una respuesta completa y explicativa.","La combinación de cuatro factores clave: personas, procesos, herramientas y proveedores.","En el curso Gerencia de Tecnología de Información de la Maestría en Gerencia de Tecnologías de la Información, el enfoque integrado del proceso de gestión de TI se basa en cuatro elementos clave:

1. **Personas**: Incluye a los empleados y equipos involucrados en la gestión de TI, desde los gerentes hasta los desarrolladores y operadores.

2. **Procesos**: Se refiere a los flujos de trabajo y procedimientos que se utilizan para gestionar la tecnología de información. Esto incluye la planificación, la implementación, el mantenimiento y la eliminación de sistemas de TI.

3. **Herramientas**: Se refiere a las tecnologías y software específicos que se utilizan para llevar a cabo la gestión de TI. Esto puede incluir sistemas de gestión de TI, herramientas de monitoreo y supervisión, y software de gestión de proyectos.

4. **Proveedores**: Se refiere a los socios y contratistas que proporcionan servicios de TI, como proveedores de software, servicios de hosting, y consultores de TI.

Este enfoque integrado permite que los gerentes de TI puedan manejar eficazmente la complejidad y la variedad de las responsabilidades y tareas asociadas con la gestión de TI, asegurando que todas las partes involucradas estén trabajando",7.18,Gerencia de Tecnología de Información,MC1103,
qwen2.5-3b,open_ended,¿Cuáles son los equilibrios críticos que un líder de TI debe buscar permanentemente?,"En el curso Gerencia de Tecnología de Información de la Maestría en Gerencia de Tecnologías de la Información, ¿Cuáles son los equilibrios críticos que un líder de TI debe buscar permanentemente?

Da una respuesta completa y explicativa.","El balance entre innovación y gestión de riesgos, y entre ser agente de cambio y mantener la operación impecable.","En el curso Gerencia de Tecnología de Información (MC1103) de la Maestría en Gerencia de Tecnologías de la Información, los líderes de TI deben buscar equilibrios permanentes entre varias fuerzas contradictorias. Según el contenido del curso, estos equilibrios críticos incluyen:

1. Innovación vs. Gestión de Riesgos:
   - Innovar constantemente para mantener la relevancia y competitividad de la organización.
   - Manejar los riesgos inherentes a la implementación de nuevas tecnologías y estrategias.

2. Cambio vs. Estabilidad:
   - Promover el cambio para adaptarse a las cambiantes necesidades del negocio.
   - Mantener la operación de los sistemas existentes de manera impecable.

3. Inversión en Tecnología vs. Reducción de Costos:
   - Incorporar nuevas tecnologías para mejorar la eficiencia y competitividad.
   - Reducir costos de TI manteniendo un equilibrio adecuado.

4. Desarrollo vs. Implementación:
   - Desarrollar soluciones tecnológicas innovadoras.
   - Implementar estas soluciones de manera efectiva y escalable.

5. Desarrollo vs. Operación:
   - Desarrollar nuevas tecnologías y estrategias.
   - Mantener y operar eficientemente los sistemas",7.19,Gerencia de Tecnología de Información,MC1103,
qwen2.5-3b,open_ended,¿Qué diferencia establece el curso entre administración y gobernanza de TI?,"En el curso Gerencia de Tecnología de Información de la Maestría en Gerencia de Tecnologías de la Información, ¿Qué diferencia establece el curso entre administración y gobernanza de TI?

Da una respuesta completa y explicativa.","Se analizan como conceptos distintos, estudiando la gobernanza a través de arquetipos y mecanismos de la matriz de Weill.","En el curso Gerencia de Tecnología de Información de la Maestría en Gerencia de Tecnologías de la Información, la diferencia entre administración y gobernanza de TI se establece de la siguiente manera:

1. Concepto de Gobernanza de TI:
- El curso define gobernanza de TI como ""el proceso de establecer y mantener un marco de referencia para la gestión de TI, con el fin de asegurar que los objetivos de la organización se cumplan de manera eficiente y efectiva"".
- Esto implica la creación de políticas, procedimientos y estándares que guían la gestión de TI.

2. Concepto de Administración de TI:
- La administración de TI se refiere a la gestión operativa y cotidiana de los sistemas y recursos tecnológicos de una organización.
- Incluye funciones como la planificación, dirección, control y ejecución de procesos TI.

3. Importancia y Beneficios:
- El curso destaca que la gobernanza de TI es crucial para la estrategia de la organización y la gestión de riesgos.
- En contraste, la administración de TI se enfoca más en la operación y control de sistemas existentes.

4. Marco de Referencia:
- La gobernanza de TI se basa en marcos como COBIT 5.0 y ITIL, que proporcionan estructuras",7.19,Gerencia de Tecnología de Información,MC1103,
qwen2.5-3b,open_ended,¿Qué modelos de tercerización de servicios se introducen en el contenido?,"En el curso Gerencia de Tecnología de Información de la Maestría en Gerencia de Tecnologías de la Información, ¿Qué modelos de tercerización de servicios se introducen en el contenido?

Da una respuesta completa y explicativa.","SaaS, IaaS y PaaS, junto con los factores críticos de éxito para su gestión.","En el curso Gerencia de Tecnología de Información (MC1103) de la Maestría en Gerencia de Tecnologías de la Información, se introduce el concepto de tercerización de servicios de tecnología de información. En particular, se menciona la introducción de los siguientes modelos de tercerización de servicios:

1. Servicios de Tecnología de la Información (IT Services):
   - Se describe cómo los servicios de TI pueden ser tercerizados, destacando la necesidad de considerar aspectos como la calidad, la seguridad y la eficiencia en el proceso.

2. Servicios de Tecnología de la Información de Alto Nivel (High-Level IT Services):
   - Se menciona la posibilidad de tercerizar servicios de alto nivel de TI, aunque no se detalla específicamente qué servicios se incluyen en este nivel.

3. Servicios de Tecnología de la Información de Bajo Nivel (Low-Level IT Services):
   - Se menciona la posibilidad de tercerizar servicios de bajo nivel de TI, aunque no se detalla específicamente qué servicios se incluyen en este nivel.

4. Servicios de Tecnología de la Información de Medio Nivel (Mid-Level IT Services):
   - Se menciona la posibilidad de tercerizar servicios de medio nivel de TI, aunque no se detalla específicamente qué servicios se incluyen en este nivel.

5. Servicios de Tecnología de la Inform",7.21,Gerencia de Tecnología de Información,MC1103,
qwen2.5-3b,open_ended,¿Cómo se utiliza la metodología de casos para fomentar el aprendizaje socio-constructivista?,"En el curso Gerencia de Tecnología de Información de la Maestría en Gerencia de Tecnologías de la Información, ¿Cómo se utiliza la metodología de casos para fomentar el aprendizaje socio-constructivista?

Da una respuesta completa y explicativa.","Mediante estudio individual, análisis grupal y sesiones plenarias de discusión sobre casos comprensivos.","En el curso Gerencia de Tecnología de Información de la Maestría en Gerencia de Tecnologías de la Información, la metodología de casos es utilizada de manera significativa para fomentar un aprendizaje socio-constructivista. Este enfoque se basa en la creencia de que el conocimiento se construye a través de la interacción social y el diálogo entre los estudiantes y el profesor, así como entre los estudiantes entre sí. Aquí se detalla cómo se utiliza la metodología de casos en este curso:

1. **Resolución de Casos**: Los estudiantes deben resolver casos prácticos relacionados con la gerencia de tecnología de información. Estos casos son diseñados para simular situaciones reales que los estudiantes podrían enfrentar en su futuro trabajo. Al resolver estos casos, los estudiantes deben aplicar los conceptos teóricos aprendidos en clase a situaciones concretas.

2. **Análisis y Discusión de Casos**: Después de resolver los casos, los estudiantes deben presentar sus soluciones y argumentos en clase. Este proceso de exposición y debate permite que los estudiantes compartan sus ideas, discutan sus puntos de vista y aprendan de los demás. Esto fomenta el aprendizaje socio-constructivista porque los estudiantes no solo están absorbiendo información, sino que también están construyendo su propio conocimiento a través de la inter",7.22,Gerencia de Tecnología de Información,MC1103,
qwen2.5-3b,open_ended,¿Qué herramientas pedagógicas deben elaborar los estudiantes para demostrar la asimilación semanal de la teoría?,"En el curso Gerencia de Tecnología de Información de la Maestría en Gerencia de Tecnologías de la Información, ¿Qué herramientas pedagógicas deben elaborar los estudiantes para demostrar la asimilación semanal de la teoría?

Da una respuesta completa y explicativa.","Mapas mentales, conceptuales, infografías o cuadros sinópticos basados en la bibliografía.","En el curso Gerencia de Tecnología de Información (MC1103) de la Maestría en Gerencia de Tecnologías de la Información, los estudiantes deben elaborar mapas mentales, mapas conceptuales, esquemas de ideas, infografías o cuadros sinópticos para demostrar la asimilación semanal de la teoría. Estas herramientas son una forma de visualizar y estructurar la información teórica que se estudia, lo que ayuda a consolidar el conocimiento y facilita la comprensión y retención de los conceptos.

Esta metodología se basa en la teoría de la cognición y la educación, que sostiene que la representación visual de la información puede mejorar la comprensión y retención de los estudiantes. Al crear estos mapas y diagramas, los estudiantes no solo están repitiendo la información, sino que están procesando y organizando la información de manera activa, lo que contribuye a un mejor aprendizaje.

Es importante señalar que estas herramientas deben ser elaboradas de manera regular y no solo al final de la semana, sino que deben ser revisadas y actualizadas periódicamente para asegurar que el conocimiento se mantenga fresco y actualizado.",6.79,Gerencia de Tecnología de Información,MC1103,
qwen2.5-3b,open_ended,¿Qué abarca la gestión de recursos financieros invertidos en TI?,"En el curso Administración Financiera de TI de la Maestría en Gerencia de Tecnologías de la Información, ¿Qué abarca la gestión de recursos financieros invertidos en TI?

Da una respuesta completa y explicativa.","La planificación, operación, control, evaluación y toma de decisiones fundamentadas en información financiera.","En el curso de Administración Financiera de TI de la Maestría en Gerencia de Tecnologías de la Información, se abordan los aspectos financieros relacionados con la inversión en Tecnología de Información (TI). El curso se enfoca en la gestión de los recursos financieros que las organizaciones destinan a sus objetivos estratégicos en TI. Aquí está un resumen de lo que se aborda:

1. **Concepto de Administración Financiera de TI**: Se presenta una introducción a cómo las organizaciones gestionan los recursos financieros dedicados a la TI, enfocándose en la optimización de estos recursos.

2. **Conceptos de Contabilidad y Finanzas**: Se estudian los fundamentos de la contabilidad y las finanzas, incluyendo conceptos básicos como activos, pasivos, ingresos y gastos.

3. **Normas Internacionales de Información Financiera (NIIF)**: Se examinan las normas internacionales que rigen la información financiera, proporcionando un marco para la gestión financiera.

4. **Registro Contable de la Operación de TI**: Se analiza cómo registrar y reportar los costos y beneficios de la TI en el registro contable de la organización.

5. **Análisis Financiero**: Se estudian las herramientas y métodos para analizar y interpretar la información financiera",7.21,Administración Financiera de TI,MC1201,
qwen2.5-3b,open_ended,¿Cuál es el objetivo final de aplicar finanzas a los proyectos y servicios de TI?,"En el curso Administración Financiera de TI de la Maestría en Gerencia de Tecnologías de la Información, ¿Cuál es el objetivo final de aplicar finanzas a los proyectos y servicios de TI?

Da una respuesta completa y explicativa.",Optimizar los recursos asignados y gestionar los riesgos inherentes a las inversiones tecnológicas.,"El objetivo final de aplicar finanzas a los proyectos y servicios de TI en el curso Administración Financiera de TI de la Maestría en Gerencia de Tecnologías de la Información es desarrollar soluciones de TI efectivas y viables a partir de una perspectiva financiera. 

Este curso tiene como objetivo principal que los estudiantes desarrollen un plan estratégico de TI que considere aspectos financieros, como la planificación, operación, control, evaluación y toma de decisiones fundamentadas en información financiera. 

Al aplicar finanzas a los proyectos y servicios de TI, el estudiante finalmente tiene la capacidad de diseñar soluciones de TI que no solo satisfacen las necesidades técnicas, sino que también son viables financieramente. Esto implica considerar aspectos como la rentabilidad, el costo-beneficio, la inversión y la recuperación de los costos, entre otros.

En términos más específicos, el objetivo es:

1. Desarrollar la capacidad para aplicar distintas propuestas, modelos y marcos de referencia para la gestión de tecnología de información.
2. Conocer los fundamentos teóricos de contabilidad, finanzas, presupuesto, costos y evaluación de proyectos para la administración financiera de proyectos y servicios de tecnología de información.
3. Comprender estudios formales generados a partir de los proces",7.2,Administración Financiera de TI,MC1201,
qwen2.5-3b,open_ended,¿Qué áreas de la contabilidad se estudian para respaldar la operación técnica?,"En el curso Administración Financiera de TI de la Maestría en Gerencia de Tecnologías de la Información, ¿Qué áreas de la contabilidad se estudian para respaldar la operación técnica?

Da una respuesta completa y explicativa.","Contabilidad financiera (activos, pasivos, capital), análisis financiero (razones financieras) y contabilidad de costos.","En el curso de Administración Financiera de TI de la Maestría en Gerencia de Tecnologías de la Información, se estudian varias áreas de la contabilidad para respaldar la operación técnica. Los contenidos específicos que abordan este tema incluyen:

1. Contabilidad financiera: Se estudian conceptos básicos de contabilidad financiera, como la definición de activos, pasivos, ingresos y gastos, ecuación contable y estados financieros principales. También se abordan normas internacionales de información financiera y el registro contable de operaciones de TI.

2. Contabilidad de costos: Se examinan los conceptos introductorios a la contabilidad de costos, el sistema de costeo para productos y servicios, elementos de costeo de productos y servicios, y el sistema de costeo para la operación de TI.

Estos temas de contabilidad financiera y de costos son cruciales para respaldar la operación técnica de TI, ya que permiten:

- Medir y reportar los costos de la TI de manera precisa.
- Comparar los costos de TI con los beneficios esperados.
- Identificar y mitigar costos innecesarios o ineficientes.
- Aplicar técnicas de control de costos y optimización de recursos.

Al estudiar estos aspectos de la contabilidad, los estudiantes de este curso",7.18,Administración Financiera de TI,MC1201,
qwen2.5-3b,open_ended,¿Cómo se integra el presupuesto en la administración de la función de información?,"En el curso Administración Financiera de TI de la Maestría en Gerencia de Tecnologías de la Información, ¿Cómo se integra el presupuesto en la administración de la función de información?

Da una respuesta completa y explicativa.",Mediante el estudio de metodologías de elaboración presupuestaria específicas para la operación de TI.,"En el curso de Administración Financiera de TI de la Maestría en Gerencia de Tecnologías de la Información, el presupuesto juega un papel crucial en la administración de la función de información. Según el programa del curso MC1201, el objetivo principal es presentar una introducción a la gestión de los recursos financieros invertidos por organizaciones para lograr sus objetivos estratégicos en tecnología de información. 

Uno de los aspectos fundamentales que se abordan en este curso es la formulación y evaluación financiera de proyectos. Este componente incluye la creación de presupuestos para proyectos de TI, lo que implica la asignación de recursos financieros para diferentes actividades y actividades de TI. 

El curso destaca la importancia de la formulación de proyectos y su relación con el presupuesto, destacando la necesidad de dimensionar y priorizar los proyectos de acuerdo con los recursos disponibles. Además, se enfatiza la importancia de la estimación de recursos y la definición de prioridades en la formulación de proyectos, todo ello con el fin de asegurar que los proyectos de TI se implementen de manera eficiente y efectiva.

En términos más específicos, el curso aborda la formulación de proyectos, la evaluación financiera de proyectos y la creación de casos de negocio para proyectos de TI. Estos temas implican la creación de presupuestos y la asign",7.21,Administración Financiera de TI,MC1201,
qwen2.5-3b,open_ended,¿Qué estándares internacionales se referencian para la gestión de costos?,"En el curso Administración Financiera de TI de la Maestría en Gerencia de Tecnologías de la Información, ¿Qué estándares internacionales se referencian para la gestión de costos?

Da una respuesta completa y explicativa.",El dominio APO06 de COBIT 5.0 y los procesos de estrategia de servicios de ITIL 2011.,"En el curso Administración Financiera de TI de la Maestría en Gerencia de Tecnologías de la Información (MC1201), se menciona un estándar internacional para la administración financiera de tecnología de información. Este estándar se refiere a los Objetivos de Control de Tecnología de Información (COBIT 5.0), específicamente el estándar APO06: Gestionar el presupuesto y los costos de tecnología de información.

Este estándar COBIT 5.0 es un conjunto de principios y prácticas para la gestión de la tecnología de información, diseñado para ayudar a las organizaciones a mejorar la eficiencia y la efectividad en la gestión de la tecnología de información. APO06 es un de los estándares específicos dentro de COBIT 5.0 que se enfoca en la gestión de presupuestos y costos relacionados con la tecnología de información.

Por lo tanto, el estándar internacional que se menciona para la gestión de costos en el curso MC1201 es el APO06 de COBIT 5.0.",6.36,Administración Financiera de TI,MC1201,
qwen2.5-3b,open_ended,¿En qué tipo de actividades se concentra la evaluación del curso?,"En el curso Administración Financiera de TI de la Maestría en Gerencia de Tecnologías de la Información, ¿En qué tipo de actividades se concentra la evaluación del curso?

Da una respuesta completa y explicativa.","En exámenes parciales, investigación bibliográfica, comprobaciones de lectura y trabajo en clase.","En el curso Administración Financiera de TI de la Maestría en Gerencia de Tecnologías de la Información, la evaluación del curso se concentra principalmente en cuatro componentes específicos:

1. **Investigación práctica aplicada 1**: Representa 50% de la evaluación total del curso.

2. **Investigación práctica aplicada 2**: Representa otro 50% de la evaluación total del curso.

Estos dos componentes representan la mayor parte de la evaluación del curso, con cada uno valiendo 50% del total. 

Además, la evaluación incluye otros componentes menores pero aún relevantes:

- **Reporte de lecturas y ejercicios individuales**: Representa 20% de la evaluación total.
- **Escritura de dos ensayos individuales**: Representa 30% de la evaluación total.
- **Investigación sobre un tema seleccionado**: Representa 25% de la evaluación total.
- **Resolución de casos prácticos**: Representa 25% de la evaluación total.

Estos componentes, aunque menores en peso, son igualmente importantes para completar la evaluación del curso.",6.67,Administración Financiera de TI,MC1201,
qwen2.5-3b,open_ended,¿Por qué la gestión de proyectos es una competencia indispensable para un gerente de TI?,"En el curso Administración y Estrategia de Proyectos I de la Maestría en Gerencia de Tecnologías de la Información, ¿Por qué la gestión de proyectos es una competencia indispensable para un gerente de TI?

Da una respuesta completa y explicativa.",Porque las transformaciones modernas de las organizaciones se ejecutan a través de proyectos tecnológicos exitosos.,"En el curso Administración y Estrategia de Proyectos I de la Maestría en Gerencia de Tecnologías de la Información, la gestión de proyectos se considera una competencia indispensable para un gerente de TI debido a varias razones fundamentales:

1. Transformación Digital: En la era digital, las organizaciones modernas dependen cada vez más de proyectos tecnológicos para alcanzar sus objetivos estratégicos. La gestión eficaz de estos proyectos es crucial para la implementación exitosa de nuevas tecnologías y la mejora continua de los sistemas existentes.

2. Competencia en el Mercado: En un mercado cada vez más competitivo, las empresas buscan líderes de TI que puedan manejar proyectos de manera efectiva. La gestión de proyectos es una habilidad crítica que permite a los gerentes de TI liderar iniciativas tecnológicas y asegurar que estas se implementen de manera óptima.

3. Evolución Continua: Las tecnologías de información cambian rápidamente, y los proyectos tecnológicos son parte integral de este cambio. Un gerente de TI que puede gestionar proyectos de manera efectiva puede adaptarse a estas transformaciones y aprovecharlas para mejorar la eficiencia y la productividad de la organización.

4. Valor Estratégico: La gestión de proyectos es una herramienta fundamental para el desarrollo de estrategias tecnológicas que aporten valor estratég",7.21,Administración y Estrategia de Proyectos I,MC1203,
qwen2.5-3b,open_ended,¿Qué componentes estratégicos se analizan en las fases iniciales de un proyecto?,"En el curso Administración y Estrategia de Proyectos I de la Maestría en Gerencia de Tecnologías de la Información, ¿Qué componentes estratégicos se analizan en las fases iniciales de un proyecto?

Da una respuesta completa y explicativa.","El análisis de factibilidad, las condiciones de inicio y la planificación de alcance, calidad y costos.","En el curso Administración y Estrategia de Proyectos I de la Maestría en Gerencia de Tecnologías de la Información, se analizan varios componentes estratégicos en las fases iniciales de un proyecto. En particular, en el tema ""Proyectos y entorno organizacional"" se menciona que se analiza el enlace estratégico de los proyectos en las organizaciones. 

Además, en el tema ""Proyectos y entorno organizacional"" se detalla cómo se analiza el entorno en proyectos, incluyendo la gestión de portafolios y programas, el modelo OPM3, la oficina de proyectos y su papel en las organizaciones proyectizadas, y la visión procesal de la gestión de proyectos. 

En el tema ""Proyecto y entorno organizacional"" se menciona que se entienden y analizan las industrias y el negocio, lo que incluye el análisis de la función de TI (diagnóstico de la función de la información). 

Por lo tanto, aunque no se menciona directamente las fases iniciales de un proyecto, se abordan varios aspectos estratégicos que se consideran cruciales en el inicio de un proyecto, como el enlace estratégico de los proyectos, el análisis del entorno en proyectos, y la gestión de portafolios y programas. Estos elementos estratégicos son fundamentales para entender cómo",7.19,Administración y Estrategia de Proyectos I,MC1203,
qwen2.5-3b,open_ended,¿Cómo ha evolucionado la orientación de la gestión de proyectos según el curso?,"En el curso Administración y Estrategia de Proyectos I de la Maestría en Gerencia de Tecnologías de la Información, ¿Cómo ha evolucionado la orientación de la gestión de proyectos según el curso?

Da una respuesta completa y explicativa.",Ha pasado de una orientación basada exclusivamente en planes hacia una orientación ágil.,"En el curso Administración y Estrategia de Proyectos I de la Maestría en Gerencia de Tecnologías de la Información, se ha destacado una evolución en la orientación de la gestión de proyectos hacia una perspectiva más holística y estratégica. Este cambio se evidencia en varios aspectos:

1. Enfoque en la Estrategia: El curso destaca la importancia de entender la estrategia del negocio y cómo se implementa a través de la gestión de proyectos. Esto implica una mayor integración entre la estrategia empresarial y la gestión de proyectos.

2. Análisis de Factibilidad: Se incluye un análisis detallado de la factibilidad de proyectos, considerando aspectos estratégicos y operativos. Esto implica una mayor reflexión sobre la relevancia estratégica de los proyectos.

3. Modelos y Marco de Trabajo: El curso presenta diferentes modelos y marcos de trabajo para la gestión de proyectos, como PMBOK, PRINCE2, IPMA, CMMI, entre otros. Esto muestra una evolución hacia la utilización de modelos más estructurados y reconocidos en la industria.

4. Análisis de Riesgos: Se enfatiza la importancia del análisis de riesgos en la gestión de proyectos, considerando aspectos estratégicos y operativos. Esto implica una mayor atención a la gestión de riesgos estratégicos.",7.18,Administración y Estrategia de Proyectos I,MC1203,
qwen2.5-3b,open_ended,¿Qué papel desempeña la Oficina de Proyectos (PMO) en las organizaciones modernas?,"En el curso Administración y Estrategia de Proyectos I de la Maestría en Gerencia de Tecnologías de la Información, ¿Qué papel desempeña la Oficina de Proyectos (PMO) en las organizaciones modernas?

Da una respuesta completa y explicativa.",Actúa como soporte estratégico para la gestión de portafolios y programas bajo modelos como OPM3.,"En el curso Administración y Estrategia de Proyectos I de la Maestría en Gerencia de Tecnologías de la Información, se destaca el papel crucial de la Oficina de Proyectos (PMO) en las organizaciones modernas. La Oficina de Proyectos (PMO) juega un papel fundamental en la gestión de proyectos y la estrategia de la organización, especialmente en el contexto de la tecnología de la información. Aquí se detalla cómo se desempeña este papel:

1. Gestión de Portafolios de Proyectos: La PMO es responsable de gestionar y priorizar los proyectos de la organización, asegurando que los recursos se utilicen de manera óptima y que los proyectos más estratégicos se ejecuten primero. Esto incluye la evaluación y selección de proyectos, así como la asignación de recursos.

2. Planeación y Priorización de Proyectos: La PMO ayuda a la organización a definir y priorizar proyectos estratégicos, asegurando que los proyectos se alineen con los objetivos de la organización. Esto implica la identificación de oportunidades de mejora y la evaluación de riesgos.

3. Control de Proyectos: La PMO supervisa y monitorea los proyectos, asegurando que se cumplan los plazos, presupuestos y objetivos. Esto incluye la realización de seguimiento y reportes",7.21,Administración y Estrategia de Proyectos I,MC1203,
qwen2.5-3b,open_ended,¿En qué consiste el proceso de formulación de un caso de negocio efectivo?,"En el curso Administración y Estrategia de Proyectos I de la Maestría en Gerencia de Tecnologías de la Información, ¿En qué consiste el proceso de formulación de un caso de negocio efectivo?

Da una respuesta completa y explicativa.",En el desarrollo de herramientas y dimensiones de decisión para presentar resultados sólidos de una idea de proyecto.,"En el curso Administración y Estrategia de Proyectos I de la Maestría en Gerencia de Tecnologías de la Información, el proceso de formulación de un caso de negocio efectivo se enfoca en varios aspectos clave. Este proceso es fundamental para asegurar que el proyecto esté bien definido y tenga un enfoque claro y orientado a la creación de valor para la organización. Aquí te explico los elementos principales:

1. **Identificación de Objetivos y Beneficios**: El primer paso es identificar los objetivos del proyecto y los beneficios que traerá para la organización. Esto implica entender cómo el proyecto contribuirá a los objetivos estratégicos de la empresa.

2. **Análisis de Necesidades y Demanda**: Se debe analizar las necesidades y demandas del negocio. Esto implica entender qué problemas o oportunidades existen que el proyecto pueda resolver o aprovechar.

3. **Definición de Productos o Servicios**: Se debe definir claramente qué productos o servicios se crearán o mejorarán a través del proyecto. Esto incluye especificar las características y funcionalidades del producto o servicio.

4. **Análisis de Costos y Beneficios**: Se debe realizar un análisis detallado de los costos y beneficios del proyecto. Esto implica calcular los costos directos e indirectos, y compararlos con los benef",7.2,Administración y Estrategia de Proyectos I,MC1203,
qwen2.5-3b,open_ended,¿Qué dilemas se presentan comúnmente en la gestión de la calidad de proyectos de TI?,"En el curso Administración y Estrategia de Proyectos I de la Maestría en Gerencia de Tecnologías de la Información, ¿Qué dilemas se presentan comúnmente en la gestión de la calidad de proyectos de TI?

Da una respuesta completa y explicativa.",La aplicación del concepto de deuda técnica y el equilibrio entre procesos de gestión e ingeniería.,"En el curso Administración y Estrategia de Proyectos I de la Maestría en Gerencia de Tecnologías de la Información, se abordan varios dilemas comunes en la gestión de la calidad de proyectos de TI. Algunos de estos dilemas incluyen:

1. **Determinar la calidad deseada**: Uno de los primeros dilemas es definir qué nivel de calidad es aceptable para un proyecto de TI. Esto puede variar según el contexto del negocio y las expectativas del cliente.

2. **Balance entre costos y calidad**: Un dilema recurrente es encontrar el equilibrio entre mantener un alto nivel de calidad y controlar los costos del proyecto. Esto puede implicar elegir entre implementar soluciones más caras pero de mejor calidad o optar por opciones más económicas pero con un riesgo de baja calidad.

3. **Manejo de la complejidad**: Los proyectos de TI a menudo son complejos y están sujetos a cambios. Esto puede hacer difícil mantener la calidad del proyecto, ya que los cambios pueden afectar la calidad de la implementación.

4. **Control de la calidad**: Determinar cómo y cuándo monitorear la calidad del proyecto puede ser un desafío. Esto puede implicar elegir qué aspectos de la calidad deben ser monitoreados y cuándo hacerlo.

5. **Influencia de la cultura organizacional**: La cultura",7.18,Administración y Estrategia de Proyectos I,MC1203,
qwen2.5-3b,open_ended,¿Qué elementos integran el marco filosófico de un negocio necesario para la planificación?,"En el curso Planificación Estratégica de TI de la Maestría en Gerencia de Tecnologías de la Información, ¿Qué elementos integran el marco filosófico de un negocio necesario para la planificación?

Da una respuesta completa y explicativa.","Análisis FODA, misión, visión, valores, objetivos, estrategias, políticas y metas.","En el curso Planificación Estratégica de TI de la Maestría en Gerencia de Tecnologías de la Información, el marco filosófico de un negocio es fundamental para la planificación estratégica de TI. Este marco se basa en varios elementos clave que son necesarios para entender y desarrollar una estrategia efectiva. Aquí te explico los elementos que integran este marco filosófico:

1. Análisis FODA (Fortalezas, Debilidades, Oportunidades y Amenazas):
   - Fortalezas: Características positivas del negocio que pueden ser aprovechadas.
   - Debilidades: Deficiencias o limitaciones del negocio que pueden ser fortalecidas.
   - Oportunidades: Posibilidades de crecimiento o mejora que el negocio puede aprovechar.
   - Amenazas: Factores externos que pueden afectar negativamente al negocio.

2. Tendencias de la TI:
   - Evolución de las tecnologías y su impacto en el negocio.
   - Cambios en la industria y mercado.

3. Modelo Organizacional:
   - Organización interna del negocio.
   - Roles y responsabilidades de diferentes departamentos.

4. Análisis de Riesgos:
   - Identificación de riesgos específicos para el negocio.
   - Evaluación de la probabilidad y",7.19,Planificación Estratégica de TI,MC2301,
qwen2.5-3b,open_ended,¿Qué factores se consideran para derivar el plan de información desde el modelo de negocio?,"En el curso Planificación Estratégica de TI de la Maestría en Gerencia de Tecnologías de la Información, ¿Qué factores se consideran para derivar el plan de información desde el modelo de negocio?

Da una respuesta completa y explicativa.","Tendencias tecnológicas, procesos de negocio, arquitectura de aplicaciones y proyección de inversión.","En el curso Planificación Estratégica de TI de la Maestría en Gerencia de Tecnologías de la Información, los factores clave para derivar el plan estratégico de TI desde el modelo de negocio incluyen:

1. Análisis de la función de TI: Este paso implica un diagnóstico detallado de la función de información en la organización, identificando sus fortalezas, debilidades, oportunidades y amenazas.

2. Tendencias de la TI: Se consideran las últimas tendencias en tecnología de información que pueden influir en la función de TI y la organización en su conjunto.

3. Modelo organizacional: Se analiza cómo la estructura organizacional y la cultura de la organización afectan la gestión de TI.

4. Factores críticos de éxito: Se identifican los factores que son cruciales para el éxito de la función de TI y la organización en su conjunto.

5. Procesos de negocio: Se consideran los procesos clave de la organización y cómo la TI puede apoyar y mejorar estos procesos.

6. Prioridades: Se establecen prioridades para la inversión en TI, teniendo en cuenta los objetivos estratégicos de la organización.

7. Calendario de inversión: Se establece un calendario para la implementación de proyectos y soluciones TI.

8. Proyección de inversión: Se proyecta el gasto",7.21,Planificación Estratégica de TI,MC2301,
qwen2.5-3b,open_ended,¿Qué capacidad específica adquiere el estudiante al finalizar este programa?,"En el curso Planificación Estratégica de TI de la Maestría en Gerencia de Tecnologías de la Información, ¿Qué capacidad específica adquiere el estudiante al finalizar este programa?

Da una respuesta completa y explicativa.",La capacidad de desarrollar un plan estratégico de TI basado en lineamientos del negocio y mecanismos de priorización.,"Al finalizar el curso Planificación Estratégica de TI (MC2301) de la Maestría en Gerencia de Tecnologías de la Información, el estudiante adquiere una capacidad específica que se destaca en la gestión estratégica de la tecnología de información. Este curso tiene como objetivo principal desarrollar la capacidad del estudiante para desarrollar un plan estratégico de TI a partir de las bases técnicas derivadas de los lineamientos estratégicos del negocio, las tendencias de tecnología de información, el modelo organizacional, los factores críticos de éxito, los procesos de negocio, mecanismos de priorización y la definición de un presupuesto.

Al concluir este curso, el estudiante estará en capacidad de:

1. **Desarrollar un plan estratégico de TI**: Conocerá cómo formular y implementar un plan estratégico de TI que se alinee con los objetivos estratégicos del negocio.

2. **Analizar y diagnosticar la función de información en la organización**: Será capaz de entender cómo la función de información se relaciona con los procesos de negocio y cómo se puede mejorar a través de la planificación estratégica.

3. **Aplicar principios de gestión estratégica**: Sabrá cómo aplicar principios de gestión estratégica a la planificación y ejecución de proyectos de TI.

4. **Priorizar y definir prioridades**: Será",7.21,Planificación Estratégica de TI,MC2301,
qwen2.5-3b,open_ended,¿Cómo se define el liderazgo y la administración desde la perspectiva del CIO?,"En el curso Planificación Estratégica de TI de la Maestría en Gerencia de Tecnologías de la Información, ¿Cómo se define el liderazgo y la administración desde la perspectiva del CIO?

Da una respuesta completa y explicativa.",Se analiza como la gestión de expectativas para lograr una empresa habilitada por TI bajo un gobierno sólido.,"En el curso Planificación Estratégica de TI de la Maestría en Gerencia de Tecnologías de la Información, el liderazgo y la administración desde la perspectiva del CIO se abordan de la siguiente manera:

1. Concepto de Liderazgo y Administración desde la Perspectiva del CIO:
   - El curso destaca que el CIO (Chief Information Officer) es un líder clave en la organización, responsable de la dirección y gestión de la tecnología de información.
   - Se enfatiza que el CIO debe liderar y administrar la tecnología de información de manera estratégica, considerando la visión y objetivos de la organización.

2. Concepto de Gobierno de TI:
   - El curso introduce el concepto de Gobierno de TI, que se refiere a la gestión y dirección de la tecnología de información en una organización.
   - Se destaca que el CIO es responsable de este gobierno, asegurando que la tecnología de información esté alineada con los objetivos estratégicos de la organización.

3. Gestión Estratégica de TI:
   - El curso enfatiza la importancia de la gestión estratégica de TI, donde el CIO debe diseñar y implementar estrategias que beneficien a la organización.
   - Se discute cómo el CIO debe trabajar en estrecha colaboración con otros líderes de la organización para asegurar que la tecnología",7.19,Planificación Estratégica de TI,MC2301,
qwen2.5-3b,open_ended,¿Cómo se aborda el diagnóstico de la situación actual de TI?,"En el curso Planificación Estratégica de TI de la Maestría en Gerencia de Tecnologías de la Información, ¿Cómo se aborda el diagnóstico de la situación actual de TI?

Da una respuesta completa y explicativa.","Mediante el análisis de brecha, tendencias de organización de la función de TI y análisis de la industria.","En el curso Planificación Estratégica de TI (MC2301) de la Maestría en Gerencia de Tecnologías de la Información, el diagnóstico de la situación actual de TI se aborda de manera integral y estructurada. Este proceso se divide en varios pasos para proporcionar una visión completa y detallada de la situación actual de la TI en una organización. Aquí te explico cómo se aborda este tema:

1. Análisis de la Función de TI: Este paso implica un diagnóstico detallado de la función de TI en la organización. Se examinan aspectos como la estructura de TI, la arquitectura tecnológica, la gestión de proyectos, la calidad de los servicios, entre otros.

2. Análisis de Riesgos: Se identifican y clasifican los riesgos asociados a la TI, tanto de naturaleza técnica como de negocio. Esto ayuda a entender los peligros potenciales y cómo pueden afectar a la organización.

3. Análisis de Rendimiento: Se evalúa el rendimiento de la TI en términos de eficiencia, productividad y satisfacción del cliente. Esto puede incluir métricas como la tasa de fallas, el tiempo de respuesta, la disponibilidad del servicio, entre otros.

4. Análisis de Costos: Se examinan los costos asoci",7.18,Planificación Estratégica de TI,MC2301,
qwen2.5-3b,open_ended,¿Bajo qué condiciones específicas un estudiante puede reprobar el curso por asistencia?,"En el curso Planificación Estratégica de TI de la Maestría en Gerencia de Tecnologías de la Información, ¿Bajo qué condiciones específicas un estudiante puede reprobar el curso por asistencia?

Da una respuesta completa y explicativa.",Si acumula 4 faltas de asistencia injustificadas durante el semestre.,"Según el documento del curso MC2301-Planificación Estratégica de TI, un estudiante puede reprobar el curso por asistencia bajo las siguientes condiciones específicas:

1. El curso se reprueba con 4 faltas de asistencia injustificadas.

2. Los estudiantes tienen 30 minutos después de la hora oficial de entrada para llegar, luego de esto se considerará como ausencia.

3. Queda a criterio del profesor la justificación de ausencias tanto a lecciones como a evaluaciones.

Estas condiciones indican que la asistencia es obligatoria y que el curso se reprueba si el estudiante no registra más de 4 faltas injustificadas. Las ausencias justificadas dentro de los 30 minutos posteriores a la hora oficial de entrada no cuentan para el conteo de faltas. Además, el profesor tiene el poder de determinar si las ausencias no justificadas son realmente justificadas, lo que puede variar de un estudiante a otro.",5.94,Planificación Estratégica de TI,MC2301,
qwen2.5-3b,open_ended,¿Cuál es el concepto fundamental que modela este curso por encima de la tecnología física?,"En el curso Teoría de Autómatas de la Maestría en Computación, ¿Cuál es el concepto fundamental que modela este curso por encima de la tecnología física?

Da una respuesta completa y explicativa.","El concepto de cómputo, definido a través de mecanismos abstractos independientes de computadoras específicas.","En el curso Teoría de Autómatas de la Maestría en Computación, el concepto fundamental que modela este curso por encima de la tecnología física es el concepto de cómputo. Este curso se centra en la modelización abstracta de procesos de cómputo, independientemente de la tecnología específica utilizada. 

El concepto de cómputo es fundamental porque:

1. Captura la esencia del proceso de cómputo: A pesar de que la computación moderna se realiza en dispositivos físicos como computadoras, el curso se centra en los modelos abstractos que capturan la naturaleza del proceso de cómputo, independientemente de cómo se implementa en hardware.

2. Permite comparar y contrastar diferentes tecnologías: Los modelos de cómputo abstractos permiten comparar y contrastar diferentes tecnologías de cómputo, ya que se centran en las capacidades y limitaciones del proceso de cómputo en sí, no en las implementaciones físicas.

3. Facilita la comprensión de la relación entre la teoría y la práctica: Aunque los modelos de cómputo abstractos se basan en conceptos matemáticos, permiten entender cómo estos conceptos se aplican en la práctica, desde el diseño de algoritmos hasta la implementación en sistemas",7.23,Teoría de Autómatas,MC6003,
qwen2.5-3b,open_ended,¿Cómo se relaciona la computación teórica con la construcción práctica de compiladores?,"En el curso Teoría de Autómatas de la Maestría en Computación, ¿Cómo se relaciona la computación teórica con la construcción práctica de compiladores?

Da una respuesta completa y explicativa.",Brinda los modelos formales necesarios para el reconocimiento y generación de lenguajes formales usados en compilación.,"En el curso Teoría de Autómatas, se establecen las bases teóricas fundamentales que son cruciales para la construcción práctica de compiladores. Esta relación se puede entender a través de varios conceptos y temas que se abordan en el curso:

1. **Modelos de Computación**: Los modelos de autómatas y lenguajes formales son fundamentales para entender cómo funciona la computación. Los autómatas de estados finitos (FA's) y los gramáticas regulares son modelos de computación que se utilizan en la construcción de compiladores. Por ejemplo, los FA's son utilizados en la fase de análisis léxico, donde se identifican los tokens en el código fuente.

2. **Gramáticas y Lenguajes Formales**: Los gramáticas regulares y las gramáticas generales (como las gramáticas contextuales y las gramáticas generales) son utilizados para definir los lenguajes de entrada de los compiladores. Estos lenguajes son necesarios para determinar qué partes del código fuente son válidas y qué partes no lo son.

3. **Análisis de Flujo de Tokens**: En el análisis léxico, los FA's son utilizados para identificar los tokens en el código fuente. Esto es crucial para la construcción de un analizador léxico, que es una parte fundamental de un compilador.

4. **Análisis S",7.23,Teoría de Autómatas,MC6003,
qwen2.5-3b,open_ended,¿Qué jerarquía se utiliza para clasificar gramáticas según su estructura de frase?,"En el curso Teoría de Autómatas de la Maestría en Computación, ¿Qué jerarquía se utiliza para clasificar gramáticas según su estructura de frase?

Da una respuesta completa y explicativa.",La jerarquía de Chomsky.,"En el curso de Teoría de Autómatas de la Maestría en Computación, se utiliza la jerarquía de Chomsky para clasificar las gramáticas según su estructura de frase. Esta jerarquía divide las gramáticas en cuatro categorías principales, que se clasifican de manera descendente en términos de su complejidad y capacidad de generación de lenguajes. Aquí está la jerarquía:

1. Gramáticas Generativas (o Gramáticas Generales):
Esta es la categoría más general y abarca todas las gramáticas. No tienen restricciones específicas y pueden generar cualquier tipo de lenguaje.

2. Gramáticas Regularizadas (o Gramáticas de Chomsky I):
Estas gramáticas pueden generar lenguajes regulares. Tienen la propiedad de que cada producción tiene un solo terminal y un solo símbolo de producción.

3. Gramáticas Contextuales (o Gramáticas de Chomsky II):
Estas gramáticas pueden generar lenguajes contextuales. Tienen la propiedad de que cada producción tiene un solo terminal y un solo símbolo de producción, pero pueden tener múltiples símbolos de producción.

4. Gramáticas Contextos-independientes (o Gramáticas de Chomsky III):
Estas gramáticas pueden generar lenguajes contextos-independientes. Tienen la propiedad de que cada producción tiene un solo terminal",7.22,Teoría de Autómatas,MC6003,
qwen2.5-3b,open_ended,¿Qué herramienta matemática se estudia para demostrar que un lenguaje no es regular?,"En el curso Teoría de Autómatas de la Maestría en Computación, ¿Qué herramienta matemática se estudia para demostrar que un lenguaje no es regular?

Da una respuesta completa y explicativa.",El Pumping Lemma.,"En el curso Teoría de Autómatas de la Maestría en Computación, no se estudia directamente la demostración de que un lenguaje no es regular utilizando una herramienta matemática específica. Sin embargo, se utiliza un teorema fundamental para demostrar que un lenguaje no es regular. Este teorema se conoce como el Teorema de Pumping.

El Teorema de Pumping es una herramienta crucial en la teoría de autómatas y lenguajes formales. Este teorema establece que si un lenguaje es regular, entonces existe un número entero n (llamado número de pumping) tal que cualquier cadena de longitud al menos n en el lenguaje puede ser dividida en tres partes, x, y, z, de tal manera que:

1. x y z están vacías o no vacías
2. y contiene al menos una letra
3. xy^iz está en el lenguaje para todo i ≥ 0

Este teorema se utiliza para demostrar que un lenguaje no es regular. Si se puede encontrar una cadena en el lenguaje que no pueda ser dividida de esa manera, entonces el lenguaje no es regular.

Por ejemplo, si se prueba que un lenguaje L no puede ser generado por un autómata de pila (ya que los autómatas de p",7.19,Teoría de Autómatas,MC6003,
qwen2.5-3b,open_ended,¿Qué modelos matemáticos se analizan para el reconocimiento de lenguajes formales?,"En el curso Teoría de Autómatas de la Maestría en Computación, ¿Qué modelos matemáticos se analizan para el reconocimiento de lenguajes formales?

Da una respuesta completa y explicativa.",Desde los autómatas de estados finitos hasta las máquinas de Turing.,"En el curso Teoría de Autómatas de la Maestría en Computación, se analizan varios modelos matemáticos para el reconocimiento de lenguajes formales. En particular, se estudian los siguientes:

1. **Autómatas de Estados Finitos (FA's)**: Se analizan los autómatas de estados finitos, que son los primeros modelos de computación abstracta. Estos autómatas son capaces de reconocer un conjunto de cadenas de caracteres (lenguaje formal) si y solo si pueden estar en un estado final después de leer toda la cadena.

2. **Gramáticas Regulares**: Se estudian las gramáticas regulares, que son una representación formal de los lenguajes regulares. Estas gramáticas definen un conjunto de reglas que permiten generar todas las cadenas del lenguaje formal.

3. **Autómatas de Pila (PDA's)**: Se analizan los autómatas de pila, que son un tipo de autómata que tienen una pila adicional para almacenar información temporalmente. Estos autómatas son capaces de reconocer un conjunto de lenguajes que los autómatas de estados finitos no pueden reconocer.

4. **Gramáticas Libres de Contexto**: Se estudian las gramáticas libres de contexto, que son una",7.19,Teoría de Autómatas,MC6003,
qwen2.5-3b,open_ended,¿Qué formación matemática previa se asume en los estudiantes de este curso de postgrado?,"En el curso Teoría de Autómatas de la Maestría en Computación, ¿Qué formación matemática previa se asume en los estudiantes de este curso de postgrado?

Da una respuesta completa y explicativa.",Conocimientos sólidos de matemática discreta adquiridos durante el bachillerato.,"En el curso de Teoría de Autómatas (MC-6003) de la Maestría en Computación, se asume que los estudiantes han aprobado a nivel de bachillerato dos o más cursos de matemática discreta. Este asumen de conocimientos matemáticos se hace para garantizar que los estudiantes tengan las herramientas necesarias para abordar y resolver los problemas de teoría de autómatas y lenguajes formales que se discuten en clase.

Esta formación matemática discreta suele incluir conceptos como:

1. Conjuntos y funciones
2. Lógica proposicional y matemática
3. Teoría de conjuntos
4. Teoría de números
5. Álgebra lineal básica
6. Teoría de grafos
7. Teoría de grafos y estructuras de datos
8. Teoría de probabilidad y estadística básica

Estos temas son fundamentales para entender y resolver problemas en teoría de autómatas, como:

- Modelos de autómatas finitos y de pila
- Gramáticas regulares y libres de contexto
- Lenguajes regulares y libres de contexto
- Sistemas de estados finitos y máquinas de Turing
- Propiedades de los lenguajes regulares y libres de contexto",7.21,Teoría de Autómatas,MC6003,
qwen2.5-3b,open_ended,¿Qué tipo de material se revisa para estudiar las tendencias actuales de investigación?,"En el curso Sistemas Operativos Avanzados de la Maestría en Computación, ¿Qué tipo de material se revisa para estudiar las tendencias actuales de investigación?

Da una respuesta completa y explicativa.",Diferentes papers y artículos científicos seleccionados por el profesor en lugar de un libro de texto único.,"En el curso Sistemas Operativos Avanzados (MC-6004), el material para estudiar las tendencias actuales de investigación se compone principalmente de papers de investigación seleccionados por el profesor. Este material se revisa y se estudia en forma individual por parte de los estudiantes. 

El profesor proporciona una selección de papers de investigación que los estudiantes deben leer y analizar para entender las últimas tendencias y avances en el campo de los sistemas operativos. Estos papers pueden provenir de diversas fuentes, incluyendo revistas académicas, conferencias y publicaciones recientes.

Algunos de estos papers pueden ser explicados en clase de manera explícita, mientras que otros pueden ser presentados por estudiantes en grupos. Los estudiantes deben entender y discutir los problemas que plantean los papers, por qué son importantes, qué otras soluciones se han intentado para resolver estos problemas, qué solución propone el autor y cómo exitosa es esa solución.

Esta estrategia de enseñanza permite que los estudiantes se familiaricen con los últimos hallazgos y desarrollos en el campo de los sistemas operativos, y cómo estos contribuyen a las tendencias actuales de investigación en el área.",6.62,Sistemas Operativos Avanzados,MC6004,
qwen2.5-3b,open_ended,¿Qué requisitos de calidad deben cumplir los apuntes oficiales realizados por los estudiantes?,"En el curso Sistemas Operativos Avanzados de la Maestría en Computación, ¿Qué requisitos de calidad deben cumplir los apuntes oficiales realizados por los estudiantes?

Da una respuesta completa y explicativa.","Deben ser reportes detallados con imágenes, gráficos y datos adicionales, evitando ser simples resúmenes ejecutivos.","En el curso Sistemas Operativos Avanzados, los apuntes oficiales realizados por los estudiantes deben cumplir con varios requisitos de calidad para garantizar que cumplan con los estándares pedagógicos del curso. Estos requisitos incluyen:

1. Calidad y Detalle: Los apuntes deben ser de alta calidad, detallados y bien estructurados. No se aceptarán simples transcripciones o montones de fotografías. Se espera que los apuntes sean elaborados con cuidado y enriquecidos con imágenes, gráficos y datos adicionales.

2. Nombre Correcto: Los apuntes deben tener un nombre de archivo específico que incluya el mes, el día y un número secuencial para distinguir entre los apuntes de una misma clase. Si el nombre del archivo no cumple con este formato, la nota será 0.

3. Presentación: Los apuntes deben ser presentados en formato PDF y subidos al foro del curso antes de la siguiente clase. Los archivos deben ser de alta calidad y presentables.

4. Identificación: Los apuntes deben estar debidamente identificados con el nombre del estudiante y el tema de la clase.

5. Originalidad: Los apuntes deben ser realizados por el propio estudiante y no pueden ser copiados de otros. Se prohibe usar la cuenta de usuario de otra",7.2,Sistemas Operativos Avanzados,MC6004,
qwen2.5-3b,open_ended,¿Qué cinco preguntas clave deben responderse al entregar los resúmenes de los artículos científicos?,"En el curso Sistemas Operativos Avanzados de la Maestría en Computación, ¿Qué cinco preguntas clave deben responderse al entregar los resúmenes de los artículos científicos?

Da una respuesta completa y explicativa.","Problema planteado, importancia, soluciones previas, propuesta de los autores y éxito de la misma.","En el curso Sistemas Operativos Avanzados, los estudiantes deben responder cinco preguntas clave al entregar los resúmenes de los artículos científicos. Estas preguntas son:

1. ¿Cuál es el problema que plantea el paper?
2. ¿Por qué es un problema interesante o importante?
3. ¿Qué otras soluciones se han intentado para resolver este problema?
4. ¿Cuál es la solución propuesta por los autores?
5. ¿Qué tan exitosa es esta solución?

Estas preguntas se diseñaron para asegurar que los estudiantes no solo resuman el contenido del artículo, sino que también puedan analizar y evaluar el trabajo científico de manera crítica. Respondiendo a estas preguntas, los estudiantes demuestran su comprensión profunda del problema que se aborda, la relevancia del mismo, las alternativas consideradas y la eficacia de la solución propuesta.",5.55,Sistemas Operativos Avanzados,MC6004,
qwen2.5-3b,open_ended,¿Cómo se evalúa la capacidad de comunicación científica de los estudiantes?,"En el curso Sistemas Operativos Avanzados de la Maestría en Computación, ¿Cómo se evalúa la capacidad de comunicación científica de los estudiantes?

Da una respuesta completa y explicativa.",Mediante una presentación oral obligatoria que sigue el formato de una conferencia científica.,"En el curso Sistemas Operativos Avanzados de la Maestría en Computación, la capacidad de comunicación científica de los estudiantes se evalúa a través de la presentación oral de un paper asignado por el profesor. Este componente es crucial para desarrollar las habilidades de los estudiantes en la comunicación de sus hallazgos y argumentos en un formato científico.

Aquí están los detalles específicos:

1. **Formato de la Presentación**: Los estudiantes deben seguir el formato de una conferencia científica. Esto implica presentar sus hallazgos de manera estructurada y clara, utilizando un formato que incluya introducción, cuerpo y conclusión.

2. **Duración de la Presentación**: La duración de la presentación está limitada a 20 minutos, aunque se recomienda que se prepare para durar 16 minutos. Esto ayuda a asegurar que la presentación sea concisa y efectiva.

3. **Reglas de Presentación**: Hay reglas específicas para la presentación, incluyendo que todas las presentaciones deben prepararse con Beamer, que es un software de presentación de diapositivas. Además, se les recomienda que no improvisen elementos no ensayados durante la presentación.

4. **Evaluación**: La presentación es evaluada no solo por el contenido del paper, sino también por la claridad, la estructura, la presentación",7.19,Sistemas Operativos Avanzados,MC6004,
qwen2.5-3b,open_ended,¿Qué experiencia técnica previa es indispensable para el éxito en los proyectos programados?,"En el curso Sistemas Operativos Avanzados de la Maestría en Computación, ¿Qué experiencia técnica previa es indispensable para el éxito en los proyectos programados?

Da una respuesta completa y explicativa.","Programación en C, lenguaje ensamblador y dominio de ambientes UNIX o Linux.","Para el éxito en los proyectos programados del curso Sistemas Operativos Avanzados, es indispensable que los estudiantes tengan amplia experiencia en programación, particularmente en lenguajes de programación C, ensamblador y ambientes UNIX o Linux. Este nivel de experiencia técnica es crucial porque los proyectos programados en este curso requieren que los estudiantes trabajen en grupos de tres personas y deben ejecutarse estrictamente en las condiciones establecidas por el profesor. 

El hecho de que los proyectos sean programados y ejecutados en un entorno específico, y que cualquier modificación de las reglas pueda resultar en una calificación de 0, indica que la experiencia técnica en estos lenguajes y entornos es fundamental. Además, el curso requiere habilidades de programación avanzadas, lo que sugiere que los estudiantes deben tener una sólida base en programación y experiencia en el manejo de sistemas operativos y arquitecturas de computadoras avanzadas.

Por lo tanto, aunque no se especifica directamente en el documento, la experiencia técnica previa en programación avanzada y en entornos de sistemas operativos es un requisito importante para tener éxito en los proyectos programados del curso Sistemas Operativos Avanzados.",6.7,Sistemas Operativos Avanzados,MC6004,
qwen2.5-3b,open_ended,¿Qué temas de computación moderna se incluyen en los contenidos técnicos?,"En el curso Sistemas Operativos Avanzados de la Maestría en Computación, ¿Qué temas de computación moderna se incluyen en los contenidos técnicos?

Da una respuesta completa y explicativa.","Cloud Computing, High Performance Computing, dispositivos móviles y sistemas de tiempo real.","En el curso Sistemas Operativos Avanzados de la Maestría en Computación, los contenidos técnicos abordan varios temas de computación moderna y avanzada. Algunos de los temas clave incluyen:

1. **Sistemas Operativos Distribuidos**: Se estudian conceptos y técnicas para diseñar sistemas operativos que puedan ejecutarse en múltiples nodos conectados por una red. Esto incluye temas como sincronización, coordinación y comunicación en sistemas distribuidos.

2. **Memoria Virtual Recuperable**: Se discuten técnicas para manejar la memoria virtual de manera eficiente, incluyendo la recuperación de memoria y la gestión de la memoria física y virtual.

3. **Tiempo Real**: Se exploran los sistemas operativos diseñados para manejar tareas con requisitos de tiempo crítico, como sistemas de control industrial y sistemas de videojuegos.

4. **High Performance Computing (HPC)**: Se discuten técnicas para mejorar el rendimiento de computadoras en grandes tareas de cálculo, incluyendo la gestión de recursos y la optimización de algoritmos.

5. **Dispositivos Móviles**: Se estudian sistemas operativos para dispositivos móviles y tablets, incluyendo temas como la gestión de recursos, la seguridad y la compatibilidad con diferentes tipos de dispositivos.

6. **Internet,",7.21,Sistemas Operativos Avanzados,MC6004,
qwen2.5-3b,open_ended,¿Por qué el diseño de algoritmos se considera la actividad fundamental de la computación?,"En el curso Análisis de Algoritmos de la Maestría en Computación, ¿Por qué el diseño de algoritmos se considera la actividad fundamental de la computación?

Da una respuesta completa y explicativa.","Porque toda computación es, por definición, el resultado de la ejecución de un algoritmo.","En el curso de Análisis de Algoritmos de la Maestría en Computación, se considera que el diseño de algoritmos es la actividad fundamental de la computación debido a varias razones fundamentales:

1. Efectividad y Eficiencia: Un algoritmo debe ser efectivo, es decir, resolver el problema concreto para el cual fue diseñado. Esto significa que debe producir los resultados correctos. Además, debe ser eficiente, utilizando ""pocos"" recursos de almacenamiento o ""poco"" tiempo. La eficiencia se define en términos de complejidad de tiempo de ejecución.

2. Fundamento de la Computación: Como menciona el curso, ""Un computación es el resultado de la ejecución de un algoritmo"". Por lo tanto, el diseño de algoritmos es esencial para la realización de cualquier tipo de computación.

3. Diseño de Sistemas Operativos y Tecnologías: Los algoritmos son fundamentales para diseñar sistemas operativos, tecnologías de la información y comunicación, y otros sistemas computacionales. Por ejemplo, los algoritmos de búsqueda y clasificación son cruciales para la gestión de bases de datos y la indexación de información.

4. Optimización de Recursos: Los algoritmos permiten optimizar el uso de recursos limitados, como memoria y tiempo de CPU, lo que es crucial en sistemas",7.2,Análisis de Algoritmos,MC6102,
qwen2.5-3b,open_ended,¿Cuál es la diferencia crítica entre la efectividad y la eficiencia de un algoritmo?,"En el curso Análisis de Algoritmos de la Maestría en Computación, ¿Cuál es la diferencia crítica entre la efectividad y la eficiencia de un algoritmo?

Da una respuesta completa y explicativa.",La efectividad asegura que resuelva el problema; la eficiencia asegura que lo haga usando pocos recursos de tiempo y espacio.,"En el curso de Análisis de Algoritmos, una de las diferencias críticas entre la efectividad y la eficiencia de un algoritmo radica en cómo se miden y evalúan estos conceptos:

1. Efectividad vs. Eficiencia:

- Efectividad: Se refiere a la capacidad de un algoritmo para resolver un problema específico. Es una medida de si el algoritmo cumple con las especificaciones del problema que se le asigna. Un algoritmo es efectivo si, y solo si, produce la salida correcta para todos los casos de prueba válidos.

- Eficiencia: Se refiere a la capacidad de un algoritmo para manejar los recursos de computación (tiempo y espacio) de manera óptima. Es una medida de la cantidad de recursos que consume el algoritmo para resolver un problema.

2. Diferencia Crítica:

La diferencia crítica es que la efectividad se refiere a la capacidad del algoritmo para resolver el problema, mientras que la eficiencia se refiere a la capacidad del algoritmo para manejar los recursos de manera óptima. Un algoritmo puede ser efectivo pero ineficiente si consume muchos recursos innecesarios. Por otro lado, un algoritmo puede ser ineficiente pero efectivo si produce la salida correcta para todos los casos de prueba.

3. Importancia en",7.2,Análisis de Algoritmos,MC6102,
qwen2.5-3b,open_ended,¿Qué tres componentes son necesarios para lograr algoritmos eficientes?,"En el curso Análisis de Algoritmos de la Maestría en Computación, ¿Qué tres componentes son necesarios para lograr algoritmos eficientes?

Da una respuesta completa y explicativa.","Técnicas de diseño, técnicas de análisis y la creatividad intuitiva.","En el curso de Análisis de Algoritmos de la Maestría en Computación, para lograr algoritmos eficientes, son necesarios tres componentes principales:

1. **Técnicas de diseño**: Estas técnicas sugieren las maneras de abordar el problema y cuáles son las estructuras de datos apropiadas para apoyar el algoritmo. Algunas técnicas de diseño incluyen:
   - Algoritmos avariciosos o voraces
   - Algoritmos divide y vencerás
   - Programación dinámica
   - Algoritmos genéticos
   - Algoritmos probabilistas
   - Algoritmos paralelos

2. **Técnicas de análisis**: Estas técnicas ayudan a determinar la complejidad del algoritmo y, por lo tanto, a compararlo con otros. Algunas técnicas de análisis incluyen:
   - Notación asintótica
   - Pruebas por inducción
   - Análisis de funciones recurrentes
   - Notación ""O grande""
   - Pruebas de corriente de tiempo

3. **Creatividad**: Es necesario enfocar el problema usando estas técnicas y la intuición. Esto implica pensar creativamente y encontrar soluciones innovadoras para resolver problemas específicos.

Estos tres componentes son esenciales para diseñar al",7.2,Análisis de Algoritmos,MC6102,
qwen2.5-3b,open_ended,"¿Qué herramientas se utilizan para analizar la complejidad de ""peor caso""?","En el curso Análisis de Algoritmos de la Maestría en Computación, ¿Qué herramientas se utilizan para analizar la complejidad de ""peor caso""?

Da una respuesta completa y explicativa.","Funciones recurrentes, notación asintótica (""O grande"") y pruebas por inducción.","En el curso de Análisis de Algoritmos de la Maestría en Computación, se utilizan varias herramientas para analizar la complejidad de ""peor caso"" de los algoritmos. Según el contenido proporcionado en el documento, las herramientas principales utilizadas son:

1. Notación asintótica: Esta es una forma de describir la complejidad de un algoritmo en términos de su comportamiento para valores muy grandes de la entrada. Se utiliza para clasificar algoritmos según su comportamiento en el peor de los casos.

2. Pruebas por inducción: Esta técnica se utiliza para demostrar que ciertas propiedades de un algoritmo se mantienen para valores más grandes de la entrada, basándose en su comportamiento para valores menores.

3. Funciones recurrentes: Se utilizan para resolver problemas de recursividad y analizar la complejidad de ciertos algoritmos que involucran llamadas recursivas.

4. Notación ""O grande"": Esta notación describe la complejidad de un algoritmo en términos de su comportamiento en el peor de los casos, utilizando la notación de Landau para describir la relación entre la complejidad del algoritmo y la entrada.

5. Pruebas de correción: Aunque no se menciona explícitamente, la prueba de correción de algoritmos",7.18,Análisis de Algoritmos,MC6102,
qwen2.5-3b,open_ended,¿Qué tipos de algoritmos se estudian dentro de la categoría probabilista?,"En el curso Análisis de Algoritmos de la Maestría en Computación, ¿Qué tipos de algoritmos se estudian dentro de la categoría probabilista?

Da una respuesta completa y explicativa.","Algoritmos numéricos, de Monte Carlo y de Las Vegas.","En el curso de Análisis de Algoritmos de la Maestría en Computación, dentro de la categoría de algoritmos probabilistas se estudian los siguientes tipos:

1. Algoritmos de Monte Carlo: Estos algoritmos utilizan la probabilidad para realizar cálculos y tomar decisiones. Los resultados obtenidos pueden ser aproximados, pero generalmente son más rápidos que los métodos exactos.

2. Algoritmos de Las Vegas: Estos algoritmos siempre producen resultados correctos, pero pueden tardar más tiempo que los algoritmos de Monte Carlo. Los resultados son siempre correctos, pero la cantidad de tiempo puede variar.

3. Algoritmos de Monte Carlo y Las Vegas: Estos algoritmos combinan las ventajas de los algoritmos de Monte Carlo y Las Vegas. Pueden ser más rápidos que los algoritmos de Monte Carlo y siempre producen resultados correctos, pero pueden tardar más tiempo que los algoritmos de Las Vegas.

En el contenido del curso, se encuentra el tema ""Algoritmos probabilistas"" que abarca estos tipos de algoritmos, aunque no se detalla en profundidad cada uno de ellos. Los estudiantes aprenderían sobre cómo funcionan estos algoritmos y cómo se pueden aplicar en situaciones específicas para obtener resultados eficientes y precisos.",7.04,Análisis de Algoritmos,MC6102,
qwen2.5-3b,open_ended,¿Cómo se clasifican los problemas según su complejidad en este programa?,"En el curso Análisis de Algoritmos de la Maestría en Computación, ¿Cómo se clasifican los problemas según su complejidad en este programa?

Da una respuesta completa y explicativa.","En las clases P, NP, NP-completos y NP-difíciles.","En el curso Análisis de Algoritmos de la Maestría en Computación, los problemas se clasifican según su complejidad en términos de complejidad temporal y espacio de memoria. Este curso aborda la complejidad de algoritmos desde dos perspectivas principales:

1. Complejidad en el peor caso (worst-case complexity):
   - Se utiliza la notación asintótica (Big O, Omega, Theta) para describir la complejidad de un algoritmo en el peor escenario posible.
   - Se estudian funciones recurrentes para resolver problemas de complejidad recursiva.
   - Se utilizan pruebas por inducción para demostrar la complejidad de ciertos algoritmos.

2. Complejidad en el mejor caso (best-case complexity):
   - Menos comúnmente se estudia, pero se puede considerar para un análisis más completo.

3. Complejidad en el caso promedio (average-case complexity):
   - Se estudian para entender la complejidad en situaciones reales, pero no es el foco principal del curso.

4. Complejidad en tiempo amortizado (average time complexity):
   - Se estudia para algoritmos que pueden tener diferentes tiempos de ejecución para diferentes entradas, pero se calcula promediando esos tiempos.

5. Complejidad en espacio de memoria (space complexity):",7.21,Análisis de Algoritmos,MC6102,
qwen2.5-3b,open_ended,"¿Por qué la Ciencia de la Computación ha sido considerada históricamente ""débil"" en sus procedimientos?","En el curso Diseño de Experimentos de la Maestría en Computación, ¿Por qué la Ciencia de la Computación ha sido considerada históricamente ""débil"" en sus procedimientos?

Da una respuesta completa y explicativa.",Debido a la falta de uso sistemático de técnicas experimentales clásicas para validar o refutar hipótesis.,"En el curso de Diseño de Experimentos, se destaca que la Ciencia de la Computación ha sido históricamente considerada débil en sus procedimientos experimentales. Esto se debe a varias razones:

1. Limitaciones de la naturaleza de la Ciencia de la Computación: La Ciencia de la Computación, como cualquier otra ciencia, requiere de procedimientos rigurosos y sistemáticos para validar o refutar hipótesis. Sin embargo, la naturaleza abstraccional y abstracta de los sistemas computacionales puede hacer que la Ciencia de la Computación se vea a menudo como una disciplina que no necesita tanto rigor experimental como ciencias físicas o biológicas.

2. Falta de tradición en la Ciencia de la Computación: A diferencia de otras disciplinas científicas que han desarrollado largas tradiciones de experimentación y observación, la Ciencia de la Computación ha surgido más recientemente y ha evolucionado a partir de la ingeniería y la programación. Esto ha llevado a que no haya desarrollado una cultura de experimentación y validación experimental como parte de su proceso de investigación.

3. Dificultades técnicas: Los sistemas computacionales son complejos y dinámicos, lo que puede hacer que diseñar y ejecutar experimentos científicos sea más difícil que en otras disciplinas. Además, los resultados de los experiment",7.21,Diseño de Experimentos,MC6104,
qwen2.5-3b,open_ended,¿Qué utilidad tiene el Diseño de Experimentos (DoE) en la industria del software?,"En el curso Diseño de Experimentos de la Maestría en Computación, ¿Qué utilidad tiene el Diseño de Experimentos (DoE) en la industria del software?

Da una respuesta completa y explicativa.",Permite ejercer controles de calidad rigurosos durante el desarrollo de productos de software.,"El Diseño de Experimentos (DoE) juega un papel crucial en la industria del software, ofreciendo varias utilidades significativas:

1. Mejora de la Calidad del Producto: DoE permite diseñar y ejecutar experimentos para identificar los factores que afectan negativamente la calidad del software. Esto ayuda a los desarrolladores a entender cómo ajustar estos factores para mejorar la calidad del producto final.

2. Optimización de Recursos: DoE puede ser utilizado para optimizar el uso de recursos, como tiempo de desarrollo, recursos humanos y hardware, para maximizar la eficiencia del proceso de desarrollo de software.

3. Reducción de Errores y Fallos: Mediante el diseño de experimentos, se pueden identificar y corregir problemas potenciales antes de que se implementen en el producto final, lo que reduce el número de errores y fallos en el software.

4. Mejora de la Productividad: DoE puede ayudar a identificar las mejores prácticas y métodos para maximizar la productividad en el desarrollo de software, lo que puede resultar en un lanzamiento más rápido y eficiente de nuevos productos.

5. Mejora de la Innovación: DoE puede ser utilizado para explorar nuevas ideas y métodos de desarrollo de software, lo que puede llevar a la innovación y a la creación de productos más innovadores y únicos.

6. Mej",7.17,Diseño de Experimentos,MC6104,
qwen2.5-3b,open_ended,¿Qué capacidades adquiere el estudiante para manejar datos experimentales?,"En el curso Diseño de Experimentos de la Maestría en Computación, ¿Qué capacidades adquiere el estudiante para manejar datos experimentales?

Da una respuesta completa y explicativa.",El uso de software estadístico para analizar resultados con niveles de confianza y certeza científica.,"En el curso Diseño de Experimentos de la Maestría en Computación, el estudiante adquiere una serie de capacidades cruciales para manejar datos experimentales de manera efectiva y científicamente rigurosa. Aquí te presento las principales habilidades que se desarrollan:

1. **Conocimiento de Diseño Experimental**: El estudiante aprende sobre técnicas y métodos para diseñar experimentos que permitan obtener resultados confiables y válidos. Esto incluye conceptos como diseño aleatorio, replicación, aleatorización, y selección de variables.

2. **Análisis de Datos**: Los estudiantes adquieren habilidades para analizar datos experimentales utilizando técnicas estadísticas. Esto incluye el uso de herramientas como la prueba de hipótesis, análisis de varianza (ANOVA), y técnicas de inferencia estadística.

3. **Interpretación de Resultados**: El curso enseña a los estudiantes cómo interpretar los resultados de experimentos, identificando patrones y tendencias en los datos. También enseña a los estudiantes a comunicar sus hallazgos de manera clara y precisa.

4. **Control de Calidad**: Los estudiantes aprenden a utilizar técnicas de diseño experimental para controlar la calidad de los datos y minimizar el error sistemático. Esto incluye técnicas como la eliminación de confusión de variables y la implementación de trat",7.2,Diseño de Experimentos,MC6104,
qwen2.5-3b,open_ended,¿Cuál es la estructura metodológica que siguen los proyectos en este curso?,"En el curso Diseño de Experimentos de la Maestría en Computación, ¿Cuál es la estructura metodológica que siguen los proyectos en este curso?

Da una respuesta completa y explicativa.","Realización de experimentos, recolección de datos, análisis de resultados y redacción de reportes técnicos.","En el curso Diseño de Experimentos de la Maestría en Computación, la estructura metodológica que siguen los proyectos es bastante rigurosa y bien definida. Aquí se detallan los aspectos clave:

1. **Formación de Grupos**: Los proyectos deben ser trabajados en grupos de 2 o 3 personas, dependiendo de la cantidad de estudiantes disponibles. Esto permite un intercambio de ideas y una división de tareas efectiva.

2. **Aprobación del Grupo**: Los grupos de trabajo deben obtener la aprobación del profesor antes de comenzar el proyecto. Esto asegura que los grupos estén conformados por estudiantes que tienen las habilidades y conocimientos necesarios para llevar a cabo el proyecto.

3. **Secuencia de Proyectos**: Hay una secuencia de 4 proyectos que los estudiantes deben completar durante el semestre. Esto proporciona un cronograma claro y estructurado para el desarrollo de los proyectos.

4. **Proceso de Proyectos**:
   - **Diseño de Experimento**: Los estudiantes deben diseñar un experimento científico aplicado a la Ciencia de la Computación. Esto implica entender y aplicar los principios del Diseño de Experimentos.
   - **Recolección de Datos**: Los estudiantes deben recolectar los datos de su experimento.
   - **Análisis de Resultados**: Los estudiantes deben analizar los",7.19,Diseño de Experimentos,MC6104,
qwen2.5-3b,open_ended,¿Qué formación técnica previa es requerida para el uso de herramientas en este curso?,"En el curso Diseño de Experimentos de la Maestría en Computación, ¿Qué formación técnica previa es requerida para el uso de herramientas en este curso?

Da una respuesta completa y explicativa.","Conocimiento de UNIX, programación en C y dominio del entorno estadístico R.","Para el curso Diseño de Experimentos (MC-6104) de la Maestría en Ciencias de la Computación, se requiere un nivel de formación técnica previa específica en áreas como álgebra lineal, cálculo y probabilidad. Estas materias son mencionadas explícitamente como requisitos para el curso en la sección ""Requisitos"" del programa del curso:

""Requisitos: Álgebra Lineal, Cálculo, Probabilidades""

Estas materias proporcionan las herramientas matemáticas y estadísticas necesarias para entender y aplicar los conceptos del Diseño de Experimentos. Sin embargo, no se menciona específicamente ningún otro nivel de formación técnica previa en el documento proporcionado.

Es importante notar que aunque no se menciona un nivel de formación técnica más avanzada, el curso se enfoca en técnicas de diseño y análisis de experimentos, lo que probablemente requiere un nivel de comprensión y habilidad en álgebra lineal, cálculo y probabilidad. Estas habilidades son fundamentales para poder entender y aplicar los conceptos más avanzados del Diseño de Experimentos.

Además, el curso también requiere un buen conocimiento de Unix, del lenguaje de programación C y de R, como se menciona en la sección ""Requisitos"":

""Requisitos: Es necesario",7.22,Diseño de Experimentos,MC6104,
qwen2.5-3b,open_ended,¿Cómo influye este curso en el desarrollo de la tesis de maestría del estudiante?,"En el curso Diseño de Experimentos de la Maestría en Computación, ¿Cómo influye este curso en el desarrollo de la tesis de maestría del estudiante?

Da una respuesta completa y explicativa.",Entrena al estudiante para establecer hipótesis verificables experimentalmente en su propuesta de tesis.,"El curso Diseño de Experimentos (MC-6104) juega un papel crucial en el desarrollo de la tesis de maestría del estudiante en la Maestría en Ciencias de la Computación. Aquí se detallan las influencias principales:

1. Herramientas y técnicas de diseño experimental: Este curso proporciona a los estudiantes herramientas y técnicas para diseñar experimentos científicos, lo que es esencial para el desarrollo de una tesis de investigación. Los estudiantes aprenderán cómo diseñar experimentos efectivos para validar o refutar hipótesis, y cómo controlar variables para obtener resultados confiables.

2. Análisis estadístico: El curso incluye un repaso de estadística, lo que permite a los estudiantes aplicar técnicas estadísticas para analizar datos y evaluar resultados. Esto es crucial para la validación de sus hallazgos y para presentar evidencia sólida en su tesis.

3. Diseño de bloques y multifactorial: Los estudiantes aprenderán técnicas avanzadas de diseño de experimentos, como el diseño de bloques y multifactorial, que son útiles para diseñar experimentos complejos y controlar variables de manera efectiva.

4. Control de calidad: El curso enseña técnicas para controlar la calidad en el desarrollo de productos de software, lo que es relevante para la investigación de software y puede ser aplic",7.22,Diseño de Experimentos,MC6104,
qwen2.5-3b,open_ended,¿Qué criterios separan la ciencia de la pseudociencia según los contenidos del curso?,"En el curso Introducción a la Investigación de la Maestría en Computación, ¿Qué criterios separan la ciencia de la pseudociencia según los contenidos del curso?

Da una respuesta completa y explicativa.","Los conceptos de historia y filosofía de la ciencia, aplicados a través de un exigente escepticismo científico.","Según los contenidos del curso Introducción a la Investigación de la Maestría en Computación, los criterios que separan la ciencia de la pseudociencia se basan en varios aspectos filosóficos y metodológicos. Los principales criterios que se destacan son:

1. Método Científico: El curso enfatiza que el método científico es el principal criterio para distinguir la ciencia de la pseudociencia. Esto implica que la ciencia debe ser:

   - Empírica: Basada en observaciones y experimentos reales.
   - Testable: Podrá ser probada y rechazada mediante pruebas.
   - Replicable: Resultados deben poder ser reproducidos por otros investigadores.
   - Sustentada por evidencia: Se apoya en datos y pruebas sólidas.

2. Observación: La ciencia se basa en observaciones sistemáticas y objetivas, mientras que la pseudociencia suele basarse en suposiciones o teorías que no pueden ser probadas.

3. Falacias lógicas: El curso enseña a identificar y evitar falacias lógicas que a menudo se usan en argumentos pseudocientíficos.

4. Hipótesis científicas: Las hipótesis científicas deben ser testables y ajustables a la evidencia.

5. Virtudes explic",7.24,Introducción a la Investigación,MC7201,
qwen2.5-3b,open_ended,¿Cuál es el deber esencial de un científico según este programa académico?,"En el curso Introducción a la Investigación de la Maestría en Computación, ¿Cuál es el deber esencial de un científico según este programa académico?

Da una respuesta completa y explicativa.",Generar y comunicar conocimiento nuevo a la comunidad.,"Según el programa académico de Introducción a la Investigación para la Maestría en Computación, el deber esencial de un científico, según este programa, es generar y comunicar conocimiento nuevo obtenido a través de un exigente escepticismo. Este concepto se basa en la comprensión de la filosofía de la ciencia y la metodología de la investigación científica.

El programa destaca que el trabajo fundamental de un científico es generar y comunicar conocimiento nuevo, obtenido a través de un proceso riguroso y crítico. Esto implica:

1. Generar conocimiento nuevo: El científico debe buscar y descubrir nuevas ideas, teorías o métodos que puedan explicar fenómenos o resolver problemas en su campo de estudio.

2. Comunicar el conocimiento: El científico debe poder explicar y compartir su descubrimiento de manera clara y convincente, utilizando métodos de comunicación científica precisos y rigurosos.

3. Escepticismo: El científico debe mantener un alto nivel de escepticismo, lo que significa estar dispuesto a revisar y rechazar teorías o métodos que no se ajusten a los datos observados.

4. Rigurosidad: El científico debe seguir procedimientos y métodos científicos rigurosos para asegurar que sus conclusiones sean válidas y confiables.

5",7.2,Introducción a la Investigación,MC7201,
qwen2.5-3b,open_ended,"¿Qué habilidades de ""infraestructura"" se desarrollan para maximizar el éxito del investigador?","En el curso Introducción a la Investigación de la Maestría en Computación, ¿Qué habilidades de ""infraestructura"" se desarrollan para maximizar el éxito del investigador?

Da una respuesta completa y explicativa.","Cómo dar presentaciones, leer y escribir papers, y administrar efectivamente el tiempo.","En el curso de Introducción a la Investigación de la Maestría en Computación, se desarrollan varias habilidades de infraestructura para maximizar el éxito del investigador. Estas habilidades se agrupan en tres grandes temas principales:

1. **Cómo dar presentaciones científicas**: Se enseña cómo preparar y dar presentaciones de investigación de manera efectiva, incluyendo el uso de herramientas como Beamer para la presentación visual.

2. **Cómo leer papers**: Se proporciona formación en cómo analizar y entender los artículos científicos, lo que es crucial para la investigación y la revisión de literatura.

3. **Cómo escribir documentos científicos**: Se enseña cómo estructurar y escribir artículos y tesis de investigación de manera adecuada, incluyendo la redacción de abstracts, conclusiones y discusiones.

4. **Cómo escribir papers**: Se proporciona formación en la estructura y redacción de los propios artículos científicos, lo que es fundamental para la publicación y difusión de los resultados de la investigación.

Estas habilidades de infraestructura son cruciales para el éxito del investigador en la Maestría en Computación. Permiten a los estudiantes no solo entender y analizar los resultados de otros investigadores, sino también comunicar sus propios hallazgos de manera efectiva. Esto incluye no solo la capacidad de escri",7.18,Introducción a la Investigación,MC7201,
qwen2.5-3b,open_ended,¿Qué aspectos administrativos se revisan para orientar al estudiante en su posgrado?,"En el curso Introducción a la Investigación de la Maestría en Computación, ¿Qué aspectos administrativos se revisan para orientar al estudiante en su posgrado?

Da una respuesta completa y explicativa.",Los reglamentos y lineamientos del programa de maestría para la presentación de propuestas y tesis.,"En el curso ""Introducción a la Investigación"" de la Maestría en Computación, se revisan varios aspectos administrativos y de proceso para orientar al estudiante en su posgrado. Algunos de estos aspectos son:

1. Historia y Filosofía de la Ciencia: Se estudian conceptos como la diferencia entre ciencia y pseudociencia, el método científico, observación, falacias lógicas, hipótesis científicas, inferencia a la mejor explicación (I.B.E.), virtudes explicativas, y análisis estadístico (D.O.E.).

2. Metodología de la Investigación: Se abordan técnicas y herramientas para el diseño y desarrollo de proyectos de investigación, incluyendo el diseño de experimentos con tratamiento estadístico.

3. Publicación de Resultados: Se revisan aspectos técnicos y formales para la publicación de artículos científicos.

4. Proyecto de Tesis: Se abordan los procesos de presentación de propuestas de investigación y desarrollo de tesis de investigación, relacionados con los reglamentos y lineamientos del Programa de Maestría en Computación del ITCR.

5. Administración del Tiempo: Se discuten estrategias para gestionar el tiempo y planificar proyectos de investigación.

6. Presentación de Resultados: Se abordan las habilidades y técnicas para dar presentaciones",7.17,Introducción a la Investigación,MC7201,
qwen2.5-3b,open_ended,¿Qué elementos debe contener la propuesta de un artículo científico para ser aprobada?,"En el curso Introducción a la Investigación de la Maestría en Computación, ¿Qué elementos debe contener la propuesta de un artículo científico para ser aprobada?

Da una respuesta completa y explicativa.","Definición del problema, su importancia, soluciones previas, propuesta original y efectos esperados.","En el curso de Introducción a la Investigación de la Maestría en Computación, para que una propuesta de artículo científico sea aprobada, debe cumplir con los siguientes elementos:

1. **Título**: Debe ser claro, conciso y informativo, reflejando el tema del artículo.

2. **Resumen**: Debe resumir el objetivo, métodos, resultados y conclusiones del estudio. Debe ser breve (generalmente no más de 200 palabras).

3. **Abstract**: Debe ser escrito en inglés y debe incluir los siguientes elementos:
   - **Objetivo**: Explicar el problema que se está tratando.
   - **Importancia**: Explique por qué es un problema interesante o importante.
   - **Solución Propuesta**: Describe la solución que se propone.
   - **Efectos Posibles**: Indique qué efectos habría si la solución fuera exitosa.

4. **Introducción**: Debe presentar el problema, su relevancia y la importancia de la investigación.

5. **Método**: Debe describir detalladamente cómo se realizó la investigación, incluyendo los métodos, técnicas y herramientas utilizadas.

6. **Resultados**: Debe presentar los hallazgos de la investigación de manera clara y precisa.

7. **Discusión**: Debe interpretar los resultados",7.18,Introducción a la Investigación,MC7201,
qwen2.5-3b,open_ended,¿Cuál es la herramienta tecnológica obligatoria para la elaboración de presentaciones?,"En el curso Introducción a la Investigación de la Maestría en Computación, ¿Cuál es la herramienta tecnológica obligatoria para la elaboración de presentaciones?

Da una respuesta completa y explicativa.",Beamer.,"En el curso Introducción a la Investigación de la Maestría en Computación, la herramienta tecnológica obligatoria para la elaboración de presentaciones es Beamer. 

Este detalle se encuentra en el apartado de la metodología de enseñanza y aprendizaje del programa del curso, específicamente en la sección dedicada a la práctica de presentaciones científicas. 

El curso busca que los estudiantes aprendan a utilizar Beamer para preparar sus presentaciones, lo cual es una herramienta de presentación de diapositivas que se usa comúnmente en conferencias y presentaciones académicas. Utilizar Beamer es una habilidad valiosa que los estudiantes adquieren durante el curso, y es considerada como una herramienta obligatoria para la elaboración de sus presentaciones.",5.09,Introducción a la Investigación,MC7201,
